latitude,longitude,acq_date,acq_time,satellite,instrument,source_dataset,frp,bright_ti4,bright_ti5,confidence,daynight,distance_to_industry_m,distance_to_refinery_m,distance_to_oil_gas_m,distance_to_mining_m,distance_to_agriculture_m,distance_to_forest_m,distance_to_power_plant_m,dist_factory,dist_industrial_zone,dist_refinery,dist_oil_gas,dist_mining,dist_agriculture,dist_forest,dist_powerplant,has_refinery_5km,has_powerplant_5km,has_factory_5km,has_industrial_2km,has_forest_5km,has_agriculture_5km,count_ind_5km,count_ref_5km,src_industry,src_refinery,src_oil_gas,src_mining,src_agriculture,src_forest,src_power_plant
27.98973,94.2222,2026-08-30,652,N,VIIRS,VIIRS_SNPP_NRT,18.02,336.75,297.24,n,D,45000.0,45000.0,45000.0,45000.0,45000.0,21486.6,45000.0,45.0,45.0,45.0,45.0,45.0,45.0,21.487,45.0,0,0,0,0,0,0,0,0,none,none,none,none,none,cache,none
29.55473,90.99751,2026-08-30,652,N,VIIRS,VIIRS_SNPP_NRT,4.5,325.18,296.37,l,D,45000.0,45000.0,45000.0,45000.0,45000.0,45000.0,45000.0,45.0,45.0,45.0,45.0,45.0,45.0,45.0,45.0,0,0,0,0,0,0,0,0,none,none,none,none,none,none,none
29.55749,90.99095,2026-08-30,652,N,VIIRS,VIIRS_SNPP_NRT,5.61,328.38,290.57,n,D,45000.0,45000.0,45000.0,45000.0,45000.0,45000.0,45000.0,45.0,45.0,45.0,45.0,45.0,45.0,45.0,45.0,0,0,0,0,0,0,0,0,none,none,none,none,none,none,none
29.65337,90.98225,2026-08-30,652,N,VIIRS,VIIRS_SNPP_NRT,3.42,327.32,292.56,n,D,45000.0,45000.0,45000.0,45000.0,45000.0,45000.0,45000.0,45.0,45.0,45.0,45.0,45.0,45.0,45.0,45.0,0,0,0,0,0,0,0,0,none,none,none,none,none,none,none
6.24721,80.86079,2026-08-30,826,N,VIIRS,VIIRS_SNPP_NRT,2.37,335.72,299.28,n,D,45000.0,45000.0,45000.0,45000.0,45000.0,45000.0,45000.0,45.0,45.0,45.0,45.0,45.0,45.0,45.0,45.0,0,0,0,0,0,0,0,0,none,none,none,none,none,none,none
6.26749,81.05721,2026-08-30,826,N,VIIRS,VIIRS_SNPP_NRT,13.47,334.91,295.72,n,D,45000.0,45000.0,45000.0,45000.0,45000.0,45000.0,45000.0,45.0,45.0,45.0,45.0,45.0,45.0,45.0,45.0,0,0,0,0,0,0,0,0,none,none,none,none,none,none,none
6.45618,81.09254,2026-08-30,826,N,VIIRS,VIIRS_SNPP_NRT,7.3,345.43,300.75,n,D,45000.0,45000.0,45000.0,45000.0,45000.0,45000.0,45000.0,45.0,45.0,45.0,45.0,45.0,45.0,45.0,45.0,0,0,0,0,0,0,0,0,none,none,none,none,none,none,none
6.45692,81.09754,2026-08-30,826,N,VIIRS,VIIRS_SNPP_NRT,19.19,349.51,301.59,n,D,45000.0,45000.0,45000.0,45000.0,45000.0,45000.0,45000.0,45.0,45.0,45.0,45.0,45.0,45.0,45.0,45.0,0,0,0,0,0,0,0,0,none,none,none,none,none,none,none
6.45926,81.09015,2026-08-30,826,N,VIIRS,VIIRS_SNPP_NRT,8.32,346.16,299.67,n,D,45000.0,45000.0,45000.0,45000.0,45000.0,45000.0,45000.0,45.0,45.0,45.0,45.0,45.0,45.0,45.0,45.0,0,0,0,0,0,0,0,0,none,none,none,none,none,none,none
6.45996,81.09512,2026-08-30,826,N,VIIRS,VIIRS_SNPP_NRT,8.32,348.18,299.92,n,D,45000.0,45000.0,45000.0,45000.0,45000.0,45000.0,45000.0,45.0,45.0,45.0,45.0,45.0,45.0,45.0,45.0,0,0,0,0,0,0,0,0,none,none,none,none,none,none,none
6.46012,81.09199,2026-08-30,826,N,VIIRS,VIIRS_SNPP_NRT,7.3,341.66,299.41,n,D,45000.0,45000.0,45000.0,45000.0,45000.0,45000.0,45000.0,45.0,45.0,45.0,45.0,45.0,45.0,45.0,45.0,0,0,0,0,0,0,0,0,none,none,none,none,none,none,none
6.55183,80.87236,2026-08-30,826,N,VIIRS,VIIRS_SNPP_NRT,11.61,346.14,291.28,n,D,45000.0,45000.0,45000.0,45000.0,45000.0,45000.0,45000.0,45.0,45.0,45.0,45.0,45.0,45.0,45.0,45.0,0,0,0,0,0,0,0,0,none,none,none,none,none,none,none
6.55189,80.87561,2026-08-30,826,N,VIIRS,VIIRS_SNPP_NRT,8.33,334.36,292.72,n,D,45000.0,45000.0,45000.0,45000.0,45000.0,45000.0,45000.0,45.0,45.0,45.0,45.0,45.0,45.0,45.0,45.0,0,0,0,0,0,0,0,0,none,none,none,none,none,none,none
6.56987,81.05585,2026-08-30,826,N,VIIRS,VIIRS_SNPP_NRT,39.3,349.19,292.28,n,D,45000.0,45000.0,45000.0,45000.0,45000.0,45000.0,45000.0,45.0,45.0,45.0,45.0,45.0,45.0,45.0,45.0,0,0,0,0,0,0,0,0,none,none,none,none,none,none,none
6.57044,81.05381,2026-08-30,826,N,VIIRS,VIIRS_SNPP_NRT,18.25,336.92,290.95,n,D,45000.0,45000.0,45000.0,45000.0,45000.0,45000.0,45000.0,45.0,45.0,45.0,45.0,45.0,45.0,45.0,45.0,0,0,0,0,0,0,0,0,none,none,none,none,none,none,none
6.57118,81.0588,2026-08-30,826,N,VIIRS,VIIRS_SNPP_NRT,18.25,337.67,289.64,n,D,45000.0,45000.0,45000.0,45000.0,45000.0,45000.0,45000.0,45.0,45.0,45.0,45.0,45.0,45.0,45.0,45.0,0,0,0,0,0,0,0,0,none,none,none,none,none,none,none
6.71188,81.53472,2026-08-30,826,N,VIIRS,VIIRS_SNPP_NRT,3.03,341.78,300.87,n,D,45000.0,45000.0,45000.0,45000.0,45000.0,45000.0,45000.0,45.0,45.0,45.0,45.0,45.0,45.0,45.0,45.0,0,0,0,0,0,0,0,0,none,none,none,none,none,none,none
6.72053,81.5371,2026-08-30,826,N,VIIRS,VIIRS_SNPP_NRT,5.65,342.87,299.79,n,D,45000.0,45000.0,45000.0,45000.0,45000.0,45000.0,45000.0,45.0,45.0,45.0,45.0,45.0,45.0,45.0,45.0,0,0,0,0,0,0,0,0,none,none,none,none,none,none,none
6.72105,81.5407,2026-08-30,826,N,VIIRS,VIIRS_SNPP_NRT,5.65,343.31,300.12,n,D,45000.0,45000.0,45000.0,45000.0,45000.0,45000.0,45000.0,45.0,45.0,45.0,45.0,45.0,45.0,45.0,45.0,0,0,0,0,0,0,0,0,none,none,none,none,none,none,none
6.72933,81.16361,2026-08-30,826,N,VIIRS,VIIRS_SNPP_NRT,4.87,339.18,291.13,n,D,45000.0,45000.0,45000.0,45000.0,45000.0,45000.0,45000.0,45.0,45.0,45.0,45.0,45.0,45.0,45.0,45.0,0,0,0,0,0,0,0,0,none,none,none,none,none,none,none
6.7333,81.16302,2026-08-30,826,N,VIIRS,VIIRS_SNPP_NRT,19.5,349.54,291.31,n,D,45000.0,45000.0,45000.0,45000.0,45000.0,45000.0,45000.0,45.0,45.0,45.0,45.0,45.0,45.0,45.0,45.0,0,0,0,0,0,0,0,0,none,none,none,none,none,none,none
6.7412,81.50845,2026-08-30,826,N,VIIRS,VIIRS_SNPP_NRT,4.05,342.02,306.51,n,D,45000.0,45000.0,45000.0,45000.0,45000.0,45000.0,45000.0,45.0,45.0,45.0,45.0,45.0,45.0,45.0,45.0,0,0,0,0,0,0,0,0,none,none,none,none,none,none,none
6.74123,81.50769,2026-08-30,826,N,VIIRS,VIIRS_SNPP_NRT,3.86,340.69,306.26,n,D,45000.0,45000.0,45000.0,45000.0,45000.0,45000.0,45000.0,45.0,45.0,45.0,45.0,45.0,45.0,45.0,45.0,0,0,0,0,0,0,0,0,none,none,none,none,none,none,none
6.74882,81.53226,2026-08-30,826,N,VIIRS,VIIRS_SNPP_NRT,3.11,335.77,306.41,l,D,45000.0,45000.0,45000.0,45000.0,45000.0,45000.0,45000.0,45.0,45.0,45.0,45.0,45.0,45.0,45.0,45.0,0,0,0,0,0,0,0,0,none,none,none,none,none,none,none
6.74896,81.53299,2026-08-30,826,N,VIIRS,VIIRS_SNPP_NRT,3.24,336.66,306.47,n,D,45000.0,45000.0,45000.0,45000.0,45000.0,45000.0,45000.0,45.0,45.0,45.0,45.0,45.0,45.0,45.0,45.0,0,0,0,0,0,0,0,0,none,none,none,none,none,none,none
6.77788,81.78619,2026-08-30,826,N,VIIRS,VIIRS_SNPP_NRT,4.91,338.04,302.1,n,D,45000.0,45000.0,45000.0,45000.0,45000.0,45000.0,45000.0,45.0,45.0,45.0,45.0,45.0,45.0,45.0,45.0,0,0,0,0,0,0,0,0,none,none,none,none,none,none,none
6.7977,81.55489,2026-08-30,826,N,VIIRS,VIIRS_SNPP_NRT,6.68,349.29,305.52,n,D,45000.0,45000.0,45000.0,45000.0,45000.0,45000.0,45000.0,45.0,45.0,45.0,45.0,45.0,45.0,45.0,45.0,0,0,0,0,0,0,0,0,none,none,none,none,none,none,none
6.81451,81.55614,2026-08-30,826,N,VIIRS,VIIRS_SNPP_NRT,3.16,340.43,305.15,n,D,45000.0,45000.0,45000.0,45000.0,45000.0,45000.0,45000.0,45.0,45.0,45.0,45.0,45.0,45.0,45.0,45.0,0,0,0,0,0,0,0,0,none,none,none,none,none,none,none
6.81849,81.5262,2026-08-30,826,N,VIIRS,VIIRS_SNPP_NRT,2.63,339.07,303.18,n,D,45000.0,45000.0,45000.0,45000.0,45000.0,45000.0,45000.0,45.0,45.0,45.0,45.0,45.0,45.0,45.0,45.0,0,0,0,0,0,0,0,0,none,none,none,none,none,none,none
6.863,81.43449,2026-08-30,826,N,VIIRS,VIIRS_SNPP_NRT,3.02,332.96,297.4,n,D,45000.0,45000.0,45000.0,45000.0,45000.0,45000.0,45000.0,45.0,45.0,45.0,45.0,45.0,45.0,45.0,45.0,0,0,0,0,0,0,0,0,none,none,none,none,none,none,none
6.89576,81.66621,2026-08-30,826,N,VIIRS,VIIRS_SNPP_NRT,3.31,331.54,301.71,l,D,45000.0,45000.0,45000.0,45000.0,45000.0,45000.0,45000.0,45.0,45.0,45.0,45.0,45.0,45.0,45.0,45.0,0,0,0,0,0,0,0,0,none,none,none,none,none,none,none
6.96385,81.61536,2026-08-30,826,N,VIIRS,VIIRS_SNPP_NRT,6.91,336.56,304.75,n,D,45000.0,45000.0,45000.0,45000.0,45000.0,45000.0,45000.0,45.0,45.0,45.0,45.0,45.0,45.0,45.0,45.0,0,0,0,0,0,0,0,0,none,none,none,none,none,none,none
7.01565,81.40194,2026-08-30,826,N,VIIRS,VIIRS_SNPP_NRT,3.69,344.36,303.03,n,D,45000.0,45000.0,45000.0,45000.0,45000.0,45000.0,45000.0,45.0,45.0,45.0,45.0,45.0,45.0,45.0,45.0,0,0,0,0,0,0,0,0,none,none,none,none,none,none,none
7.01929,81.60059,2026-08-30,826,N,VIIRS,VIIRS_SNPP_NRT,2.25,332.84,302.79,n,D,45000.0,45000.0,45000.0,45000.0,45000.0,45000.0,45000.0,45.0,45.0,45.0,45.0,45.0,45.0,45.0,45.0,0,0,0,0,0,0,0,0,none,none,none,none,none,none,none
7.10918,81.68468,2026-08-30,826,N,VIIRS,VIIRS_SNPP_NRT,4.05,335.1,305.92,l,D,45000.0,45000.0,45000.0,45000.0,45000.0,45000.0,45000.0,45.0,45.0,45.0,45.0,45.0,45.0,45.0,45.0,0,0,0,0,0,0,0,0,none,none,none,none,none,none,none
7.13256,81.41004,2026-08-30,826,N,VIIRS,VIIRS_SNPP_NRT,2.12,330.14,297.2,n,D,45000.0,45000.0,45000.0,45000.0,45000.0,45000.0,45000.0,45.0,45.0,45.0,45.0,45.0,45.0,45.0,45.0,0,0,0,0,0,0,0,0,none,none,none,none,none,none,none
7.21619,81.59032,2026-08-30,826,N,VIIRS,VIIRS_SNPP_NRT,5.44,337.99,306.07,n,D,45000.0,45000.0,45000.0,45000.0,45000.0,45000.0,45000.0,45.0,45.0,45.0,45.0,45.0,45.0,45.0,45.0,0,0,0,0,0,0,0,0,none,none,none,none,none,none,none
7.27317,81.1773,2026-08-30,826,N,VIIRS,VIIRS_SNPP_NRT,2.91,330.44,303.55,l,D,45000.0,45000.0,45000.0,45000.0,45000.0,45000.0,45000.0,45.0,45.0,45.0,45.0,45.0,45.0,45.0,45.0,0,0,0,0,0,0,0,0,none,none,none,none,none,none,none
7.27678,81.14547,2026-08-30,826,N,VIIRS,VIIRS_SNPP_NRT,4.38,337.26,305.53,n,D,45000.0,45000.0,45000.0,45000.0,45000.0,45000.0,45000.0,45.0,45.0,45.0,45.0,45.0,45.0,45.0,45.0,0,0,0,0,0,0,0,0,none,none,none,none,none,none,none
7.27753,81.15067,2026-08-30,826,N,VIIRS,VIIRS_SNPP_NRT,4.38,337.79,306.06,n,D,45000.0,45000.0,45000.0,45000.0,45000.0,45000.0,45000.0,45.0,45.0,45.0,45.0,45.0,45.0,45.0,45.0,0,0,0,0,0,0,0,0,none,none,none,none,none,none,none
7.27994,81.59621,2026-08-30,826,N,VIIRS,VIIRS_SNPP_NRT,5.24,340.82,306.6,n,D,45000.0,45000.0,45000.0,45000.0,45000.0,45000.0,45000.0,45.0,45.0,45.0,45.0,45.0,45.0,45.0,45.0,0,0,0,0,0,0,0,0,none,none,none,none,none,none,none
7.29368,81.80795,2026-08-30,826,N,VIIRS,VIIRS_SNPP_NRT,2.34,332.54,303.12,l,D,45000.0,45000.0,45000.0,45000.0,45000.0,45000.0,45000.0,45.0,45.0,45.0,45.0,45.0,45.0,45.0,45.0,0,0,0,0,0,0,0,0,none,none,none,none,none,none,none
7.31546,81.10326,2026-08-30,826,N,VIIRS,VIIRS_SNPP_NRT,6.49,334.42,304.81,l,D,45000.0,45000.0,45000.0,45000.0,45000.0,45000.0,45000.0,45.0,45.0,45.0,45.0,45.0,45.0,45.0,45.0,0,0,0,0,0,0,0,0,none,none,none,none,none,none,none
7.31621,81.10839,2026-08-30,826,N,VIIRS,VIIRS_SNPP_NRT,9.05,336.91,305.81,n,D,45000.0,45000.0,45000.0,45000.0,45000.0,45000.0,45000.0,45.0,45.0,45.0,45.0,45.0,45.0,45.0,45.0,0,0,0,0,0,0,0,0,none,none,none,none,none,none,none
7.31681,81.76224,2026-08-30,826,N,VIIRS,VIIRS_SNPP_NRT,5.41,344.78,299.4,n,D,45000.0,45000.0,45000.0,45000.0,45000.0,45000.0,45000.0,45.0,45.0,45.0,45.0,45.0,45.0,45.0,45.0,0,0,0,0,0,0,0,0,none,none,none,none,none,none,none
7.32021,81.10786,2026-08-30,826,N,VIIRS,VIIRS_SNPP_NRT,2.2,336.09,306.09,n,D,45000.0,45000.0,45000.0,45000.0,45000.0,45000.0,45000.0,45.0,45.0,45.0,45.0,45.0,45.0,45.0,45.0,0,0,0,0,0,0,0,0,none,none,none,none,none,none,none
7.32289,81.80387,2026-08-30,826,N,VIIRS,VIIRS_SNPP_NRT,2.59,340.57,303.84,n,D,45000.0,45000.0,45000.0,45000.0,45000.0,45000.0,45000.0,45.0,45.0,45.0,45.0,45.0,45.0,45.0,45.0,0,0,0,0,0,0,0,0,none,none,none,none,none,none,none
7.3236,81.80315,2026-08-30,826,N,VIIRS,VIIRS_SNPP_NRT,2.14,331.97,303.42,l,D,45000.0,45000.0,45000.0,45000.0,45000.0,45000.0,45000.0,45.0,45.0,45.0,45.0,45.0,45.0,45.0,45.0,0,0,0,0,0,0,0,0,none,none,none,none,none,none,none
7.32474,81.2229,2026-08-30,826,N,VIIRS,VIIRS_SNPP_NRT,5.09,344.58,307.22,n,D,45000.0,45000.0,45000.0,45000.0,45000.0,45000.0,45000.0,45.0,45.0,45.0,45.0,45.0,45.0,45.0,45.0,0,0,0,0,0,0,0,0,none,none,none,none,none,none,none
7.33473,81.20717,2026-08-30,826,N,VIIRS,VIIRS_SNPP_NRT,10.19,357.22,311.78,n,D,45000.0,45000.0,45000.0,45000.0,45000.0,45000.0,45000.0,45.0,45.0,45.0,45.0,45.0,45.0,45.0,45.0,0,0,0,0,0,0,0,0,none,none,none,none,none,none,none
7.34377,81.73465,2026-08-30,826,N,VIIRS,VIIRS_SNPP_NRT,3.47,336.86,300.35,n,D,45000.0,45000.0,45000.0,45000.0,45000.0,45000.0,45000.0,45.0,45.0,45.0,45.0,45.0,45.0,45.0,45.0,0,0,0,0,0,0,0,0,none,none,none,none,none,none,none
7.35118,81.19792,2026-08-30,826,N,VIIRS,VIIRS_SNPP_NRT,3.8,336.49,309.58,l,D,45000.0,45000.0,45000.0,45000.0,45000.0,45000.0,45000.0,45.0,45.0,45.0,45.0,45.0,45.0,45.0,45.0,0,0,0,0,0,0,0,0,none,none,none,none,none,none,none
7.35132,81.81868,2026-08-30,826,N,VIIRS,VIIRS_SNPP_NRT,2.2,335.23,303.61,n,D,45000.0,45000.0,45000.0,45000.0,45000.0,45000.0,45000.0,45.0,45.0,45.0,45.0,45.0,45.0,45.0,45.0,0,0,0,0,0,0,0,0,none,none,none,none,none,none,none
7.35166,81.2014,2026-08-30,826,N,VIIRS,VIIRS_SNPP_NRT,3.8,348.5,310.47,n,D,45000.0,45000.0,45000.0,45000.0,45000.0,45000.0,45000.0,45.0,45.0,45.0,45.0,45.0,45.0,45.0,45.0,0,0,0,0,0,0,0,0,none,none,none,none,none,none,none
7.35215,81.2049,2026-08-30,826,N,VIIRS,VIIRS_SNPP_NRT,6.09,344.63,310.14,n,D,45000.0,45000.0,45000.0,45000.0,45000.0,45000.0,45000.0,45.0,45.0,45.0,45.0,45.0,45.0,45.0,45.0,0,0,0,0,0,0,0,0,none,none,none,none,none,none,none
7.35264,81.2084,2026-08-30,826,N,VIIRS,VIIRS_SNPP_NRT,6.09,348.0,307.54,n,D,45000.0,45000.0,45000.0,45000.0,45000.0,45000.0,45000.0,45.0,45.0,45.0,45.0,45.0,45.0,45.0,45.0,0,0,0,0,0,0,0,0,none,none,none,none,none,none,none
7.35635,81.76369,2026-08-30,826,N,VIIRS,VIIRS_SNPP_NRT,4.46,340.63,304.1,n,D,45000.0,45000.0,45000.0,45000.0,45000.0,45000.0,45000.0,45.0,45.0,45.0,45.0,45.0,45.0,45.0,45.0,0,0,0,0,0,0,0,0,none,none,none,none,none,none,none
7.36431,81.55346,2026-08-30,826,N,VIIRS,VIIRS_SNPP_NRT,4.19,330.83,303.42,l,D,45000.0,45000.0,45000.0,45000.0,45000.0,45000.0,45000.0,45.0,45.0,45.0,45.0,45.0,45.0,45.0,45.0,0,0,0,0,0,0,0,0,none,none,none,none,none,none,none
7.36655,81.24904,2026-08-30,826,N,VIIRS,VIIRS_SNPP_NRT,19.27,343.12,306.31,n,D,45000.0,45000.0,45000.0,45000.0,45000.0,45000.0,45000.0,45.0,45.0,45.0,45.0,45.0,45.0,45.0,45.0,0,0,0,0,0,0,0,0,none,none,none,none,none,none,none
7.36683,81.77773,2026-08-30,826,N,VIIRS,VIIRS_SNPP_NRT,5.08,338.06,304.2,n,D,45000.0,45000.0,45000.0,45000.0,45000.0,45000.0,45000.0,45.0,45.0,45.0,45.0,45.0,45.0,45.0,45.0,0,0,0,0,0,0,0,0,none,none,none,none,none,none,none
7.36748,81.57545,2026-08-30,826,N,VIIRS,VIIRS_SNPP_NRT,2.71,332.45,303.73,l,D,45000.0,45000.0,45000.0,45000.0,45000.0,45000.0,45000.0,45.0,45.0,45.0,45.0,45.0,45.0,45.0,45.0,0,0,0,0,0,0,0,0,none,none,none,none,none,none,none
7.37411,81.56326,2026-08-30,826,N,VIIRS,VIIRS_SNPP_NRT,5.71,342.4,303.29,n,D,45000.0,45000.0,45000.0,45000.0,45000.0,45000.0,45000.0,45.0,45.0,45.0,45.0,45.0,45.0,45.0,45.0,0,0,0,0,0,0,0,0,none,none,none,none,none,none,none
7.37766,81.24046,2026-08-30,826,N,VIIRS,VIIRS_SNPP_NRT,3.11,336.16,306.84,l,D,45000.0,45000.0,45000.0,45000.0,45000.0,45000.0,45000.0,45.0,45.0,45.0,45.0,45.0,45.0,45.0,45.0,0,0,0,0,0,0,0,0,none,none,none,none,none,none,none
7.37768,81.55894,2026-08-30,826,N,VIIRS,VIIRS_SNPP_NRT,3.86,331.05,302.66,l,D,45000.0,45000.0,45000.0,45000.0,45000.0,45000.0,45000.0,45.0,45.0,45.0,45.0,45.0,45.0,45.0,45.0,0,0,0,0,0,0,0,0,none,none,none,none,none,none,none
7.3884,81.54617,2026-08-30,826,N,VIIRS,VIIRS_SNPP_NRT,4.46,340.43,299.81,n,D,45000.0,45000.0,45000.0,45000.0,45000.0,45000.0,45000.0,45.0,45.0,45.0,45.0,45.0,45.0,45.0,45.0,0,0,0,0,0,0,0,0,none,none,none,none,none,none,none
7.38893,81.54981,2026-08-30,826,N,VIIRS,VIIRS_SNPP_NRT,4.08,338.13,298.51,n,D,45000.0,45000.0,45000.0,45000.0,45000.0,45000.0,45000.0,45.0,45.0,45.0,45.0,45.0,45.0,45.0,45.0,0,0,0,0,0,0,0,0,none,none,none,none,none,none,none
7.39143,81.54616,2026-08-30,826,N,VIIRS,VIIRS_SNPP_NRT,4.74,342.88,300.33,n,D,45000.0,45000.0,45000.0,45000.0,45000.0,45000.0,45000.0,45.0,45.0,45.0,45.0,45.0,45.0,45.0,45.0,0,0,0,0,0,0,0,0,none,none,none,none,none,none,none
7.39302,81.54917,2026-08-30,826,N,VIIRS,VIIRS_SNPP_NRT,5.04,343.05,300.78,n,D,45000.0,45000.0,45000.0,45000.0,45000.0,45000.0,45000.0,45.0,45.0,45.0,45.0,45.0,45.0,45.0,45.0,0,0,0,0,0,0,0,0,none,none,none,none,none,none,none
7.39604,81.54919,2026-08-30,826,N,VIIRS,VIIRS_SNPP_NRT,8.59,349.53,303.82,n,D,45000.0,45000.0,45000.0,45000.0,45000.0,45000.0,45000.0,45.0,45.0,45.0,45.0,45.0,45.0,45.0,45.0,0,0,0,0,0,0,0,0,none,none,none,none,none,none,none
7.39712,81.54854,2026-08-30,826,N,VIIRS,VIIRS_SNPP_NRT,5.04,336.74,302.96,n,D,45000.0,45000.0,45000.0,45000.0,45000.0,45000.0,45000.0,45.0,45.0,45.0,45.0,45.0,45.0,45.0,45.0,0,0,0,0,0,0,0,0,none,none,none,none,none,none,none
7.4049,81.77624,2026-08-30,826,N,VIIRS,VIIRS_SNPP_NRT,3.36,342.42,303.84,n,D,45000.0,45000.0,45000.0,45000.0,45000.0,45000.0,45000.0,45.0,45.0,45.0,45.0,45.0,45.0,45.0,45.0,0,0,0,0,0,0,0,0,none,none,none,none,none,none,none
7.4156,81.56924,2026-08-30,826,N,VIIRS,VIIRS_SNPP_NRT,2.32,341.29,302.85,n,D,45000.0,45000.0,45000.0,45000.0,45000.0,45000.0,45000.0,45.0,45.0,45.0,45.0,45.0,45.0,45.0,45.0,0,0,0,0,0,0,0,0,none,none,none,none,none,none,none
7.43686,81.39532,2026-08-30,826,N,VIIRS,VIIRS_SNPP_NRT,4.3,337.73,307.01,n,D,45000.0,45000.0,45000.0,45000.0,45000.0,45000.0,45000.0,45.0,45.0,45.0,45.0,45.0,45.0,45.0,45.0,0,0,0,0,0,0,0,0,none,none,none,none,none,none,none
7.43925,81.32561,2026-08-30,826,N,VIIRS,VIIRS_SNPP_NRT,4.43,340.99,309.94,n,D,45000.0,45000.0,45000.0,45000.0,45000.0,45000.0,45000.0,45.0,45.0,45.0,45.0,45.0,45.0,45.0,45.0,0,0,0,0,0,0,0,0,none,none,none,none,none,none,none
7.45403,81.34198,2026-08-30,826,N,VIIRS,VIIRS_SNPP_NRT,4.67,340.72,308.95,n,D,45000.0,45000.0,45000.0,45000.0,45000.0,45000.0,45000.0,45.0,45.0,45.0,45.0,45.0,45.0,45.0,45.0,0,0,0,0,0,0,0,0,none,none,none,none,none,none,none
7.4743,81.05003,2026-08-30,826,N,VIIRS,VIIRS_SNPP_NRT,3.44,337.26,305.58,n,D,45000.0,45000.0,45000.0,45000.0,45000.0,45000.0,45000.0,45.0,45.0,45.0,45.0,45.0,45.0,45.0,45.0,0,0,0,0,0,0,0,0,none,none,none,none,none,none,none
7.48906,81.38728,2026-08-30,826,N,VIIRS,VIIRS_SNPP_NRT,3.0,338.59,306.08,n,D,45000.0,45000.0,45000.0,45000.0,45000.0,45000.0,45000.0,45.0,45.0,45.0,45.0,45.0,45.0,45.0,45.0,0,0,0,0,0,0,0,0,none,none,none,none,none,none,none
7.51956,81.30991,2026-08-30,826,N,VIIRS,VIIRS_SNPP_NRT,2.27,334.71,305.47,l,D,45000.0,45000.0,45000.0,45000.0,45000.0,45000.0,45000.0,45.0,45.0,45.0,45.0,45.0,45.0,45.0,45.0,0,0,0,0,0,0,0,0,none,none,none,none,none,none,none
7.61757,81.15485,2026-08-30,826,N,VIIRS,VIIRS_SNPP_NRT,15.47,356.38,313.13,n,D,45000.0,45000.0,45000.0,45000.0,45000.0,45000.0,45000.0,45.0,45.0,45.0,45.0,45.0,45.0,45.0,45.0,0,0,0,0,0,0,0,0,none,none,none,none,none,none,none
7.61807,81.15833,2026-08-30,826,N,VIIRS,VIIRS_SNPP_NRT,34.65,367.0,311.16,h,D,45000.0,45000.0,45000.0,45000.0,45000.0,45000.0,45000.0,45.0,45.0,45.0,45.0,45.0,45.0,45.0,45.0,0,0,0,0,0,0,0,0,none,none,none,none,none,none,none
7.62159,81.15429,2026-08-30,826,N,VIIRS,VIIRS_SNPP_NRT,15.47,335.61,306.78,n,D,45000.0,45000.0,45000.0,45000.0,45000.0,45000.0,45000.0,45.0,45.0,45.0,45.0,45.0,45.0,45.0,45.0,0,0,0,0,0,0,0,0,none,none,none,none,none,none,none
7.67645,81.44918,2026-08-30,826,N,VIIRS,VIIRS_SNPP_NRT,6.52,347.74,308.37,n,D,45000.0,45000.0,45000.0,45000.0,45000.0,45000.0,45000.0,45.0,45.0,45.0,45.0,45.0,45.0,45.0,45.0,0,0,0,0,0,0,0,0,none,none,none,none,none,none,none
7.69219,81.52925,2026-08-30,826,N,VIIRS,VIIRS_SNPP_NRT,2.33,336.39,305.85,n,D,45000.0,45000.0,45000.0,45000.0,45000.0,45000.0,45000.0,45.0,45.0,45.0,45.0,45.0,45.0,45.0,45.0,0,0,0,0,0,0,0,0,none,none,none,none,none,none,none
7.78376,81.21587,2026-08-30,826,N,VIIRS,VIIRS_SNPP_NRT,9.22,341.02,306.64,n,D,45000.0,45000.0,45000.0,45000.0,45000.0,45000.0,45000.0,45.0,45.0,45.0,45.0,45.0,45.0,45.0,45.0,0,0,0,0,0,0,0,0,none,none,none,none,none,none,none
7.78425,81.21941,2026-08-30,826,N,VIIRS,VIIRS_SNPP_NRT,7.08,334.77,303.53,n,D,45000.0,45000.0,45000.0,45000.0,45000.0,45000.0,45000.0,45.0,45.0,45.0,45.0,45.0,45.0,45.0,45.0,0,0,0,0,0,0,0,0,none,none,none,none,none,none,none
7.80813,81.45168,2026-08-30,826,N,VIIRS,VIIRS_SNPP_NRT,4.97,339.35,308.72,n,D,45000.0,45000.0,45000.0,45000.0,45000.0,45000.0,45000.0,45.0,45.0,45.0,45.0,45.0,45.0,45.0,45.0,0,0,0,0,0,0,0,0,none,none,none,none,none,none,none
7.80942,81.45202,2026-08-30,826,N,VIIRS,VIIRS_SNPP_NRT,4.33,342.3,308.39,n,D,45000.0,45000.0,45000.0,45000.0,45000.0,45000.0,45000.0,45.0,45.0,45.0,45.0,45.0,45.0,45.0,45.0,0,0,0,0,0,0,0,0,none,none,none,none,none,none,none
7.81643,81.36108,2026-08-30,826,N,VIIRS,VIIRS_SNPP_NRT,7.87,338.02,308.95,l,D,45000.0,45000.0,45000.0,45000.0,45000.0,45000.0,45000.0,45.0,45.0,45.0,45.0,45.0,45.0,45.0,45.0,0,0,0,0,0,0,0,0,none,none,none,none,none,none,none
7.87288,81.46512,2026-08-30,826,N,VIIRS,VIIRS_SNPP_NRT,4.66,336.09,308.48,l,D,45000.0,45000.0,45000.0,45000.0,45000.0,45000.0,45000.0,45.0,45.0,45.0,45.0,45.0,45.0,45.0,45.0,0,0,0,0,0,0,0,0,none,none,none,none,none,none,none
7.87428,81.41622,2026-08-30,826,N,VIIRS,VIIRS_SNPP_NRT,9.46,347.81,308.64,n,D,45000.0,45000.0,45000.0,45000.0,45000.0,45000.0,45000.0,45.0,45.0,45.0,45.0,45.0,45.0,45.0,45.0,0,0,0,0,0,0,0,0,none,none,none,none,none,none,none
8.60875,77.83811,2026-08-30,826,N,VIIRS,VIIRS_SNPP_NRT,2.3,330.12,284.72,n,D,16975.0,45000.0,45000.0,3916.4,10633.5,6725.6,8161.1,16.975,16.975,45.0,45.0,3.916,10.634,6.726,8.161,0,0,0,0,0,0,0,0,cache,none,none,cache,cache,cache,cache
8.78732,78.01003,2026-08-30,828,N,VIIRS,VIIRS_SNPP_NRT,4.32,339.42,301.37,n,D,5747.4,45000.0,45000.0,11640.5,14835.0,16400.0,4047.2,5.747,5.747,45.0,45.0,11.641,14.835,16.4,4.047,0,1,0,0,0,0,0,0,cache,none,none,cache,cache,cache,cache
8.80542,78.10815,2026-08-30,828,N,VIIRS,VIIRS_SNPP_NRT,2.62,335.36,296.09,n,D,1134.6,45000.0,45000.0,10030.0,4403.3,12511.3,2381.8,1.135,1.135,45.0,45.0,10.03,4.403,12.511,2.382,0,1,1,1,0,1,3,0,cache,none,none,cache,cache,cache,cache
8.88687,77.78855,2026-08-30,828,N,VIIRS,VIIRS_SNPP_NRT,3.0,336.67,297.2,n,D,5360.0,45000.0,45000.0,1419.5,16647.4,8409.0,730.5,5.36,5.36,45.0,45.0,1.42,16.647,8.409,0.73,0,1,0,0,0,0,0,0,cache,none,none,cache,cache,cache,cache
8.91,77.59529,2026-08-30,828,N,VIIRS,VIIRS_SNPP_NRT,1.37,335.65,296.51,n,D,15359.2,45000.0,45000.0,5557.1,16613.7,5549.8,3795.7,15.359,15.359,45.0,45.0,5.557,16.614,5.55,3.796,0,1,0,0,0,0,0,0,cache,none,none,cache,cache,cache,cache
8.93239,77.96133,2026-08-30,828,N,VIIRS,VIIRS_SNPP_NRT,2.9,333.2,296.5,n,D,7598.4,45000.0,45000.0,4670.5,25658.4,28023.5,8159.1,7.598,7.598,45.0,45.0,4.671,25.658,28.023,8.159,0,0,0,0,0,0,0,0,cache,none,none,cache,cache,cache,cache
8.93294,77.9651,2026-08-30,828,N,VIIRS,VIIRS_SNPP_NRT,2.9,349.29,296.81,n,D,7276.3,45000.0,45000.0,4614.7,25372.2,27239.7,8481.3,7.276,7.276,45.0,45.0,4.615,25.372,27.24,8.481,0,0,0,0,0,0,0,0,cache,none,none,cache,cache,cache,cache
9.11369,77.77237,2026-08-30,828,N,VIIRS,VIIRS_SNPP_NRT,1.37,334.29,298.66,n,D,11280.3,45000.0,45000.0,16871.8,9135.0,4745.2,2433.9,11.28,11.28,45.0,45.0,16.872,9.135,4.745,2.434,0,1,0,0,1,0,0,0,cache,none,none,cache,cache,cache,cache
9.15121,78.32916,2026-08-30,828,N,VIIRS,VIIRS_SNPP_NRT,1.56,331.35,293.35,n,D,18582.2,45000.0,13024.0,25762.6,19761.5,19554.0,4969.4,18.582,18.582,45.0,13.024,25.763,19.762,19.554,4.969,0,1,0,0,0,0,0,0,cache,none,cache,cache,cache,cache,cache
9.32007,77.4914,2026-08-30,828,N,VIIRS,VIIRS_SNPP_NRT,2.53,333.17,290.35,n,D,6651.6,45000.0,45000.0,6013.7,6436.9,17172.8,7361.3,6.652,6.652,45.0,45.0,6.014,6.437,17.173,7.361,0,0,0,0,0,0,0,0,cache,none,none,cache,cache,cache,cache
9.40266,80.43048,2026-08-30,828,N,VIIRS,VIIRS_SNPP_NRT,4.05,328.22,295.28,n,D,19647.8,45000.0,45000.0,20600.8,4330.5,9204.9,45000.0,19.648,19.648,45.0,45.0,20.601,4.33,9.205,45.0,0,0,0,0,0,1,0,0,cache,none,none,cache,cache,cache,none
9.42778,80.38101,2026-08-30,828,N,VIIRS,VIIRS_SNPP_NRT,1.83,331.15,292.84,n,D,16553.6,45000.0,45000.0,17385.3,419.9,3608.4,45000.0,16.554,16.554,45.0,45.0,17.385,0.42,3.608,45.0,0,0,0,0,1,1,0,0,cache,none,none,cache,cache,cache,none
9.44417,77.66956,2026-08-30,828,N,VIIRS,VIIRS_SNPP_NRT,5.42,357.05,290.55,n,D,2436.7,45000.0,45000.0,3491.4,7406.7,7972.7,15226.5,2.437,2.437,45.0,45.0,3.491,7.407,7.973,15.227,0,0,1,0,0,0,1,0,cache,none,none,cache,cache,cache,cache
9.44472,77.67329,2026-08-30,828,N,VIIRS,VIIRS_SNPP_NRT,5.42,339.12,287.31,n,D,2841.3,45000.0,45000.0,3091.1,7815.8,8119.0,15484.1,2.841,2.841,45.0,45.0,3.091,7.816,8.119,15.484,0,0,1,0,0,0,1,0,cache,none,none,cache,cache,cache,cache
9.49209,77.66238,2026-08-30,828,N,VIIRS,VIIRS_SNPP_NRT,7.59,342.98,299.79,n,D,3584.3,45000.0,45000.0,7077.1,3056.6,3402.9,15845.6,3.584,3.584,45.0,45.0,7.077,3.057,3.403,15.846,0,0,1,0,1,1,1,0,cache,none,none,cache,cache,cache,cache
9.51278,78.066,2026-08-30,828,N,VIIRS,VIIRS_SNPP_NRT,10.29,343.56,303.22,n,D,4376.8,45000.0,45000.0,9959.3,8384.5,15152.8,5656.8,4.377,4.377,45.0,45.0,9.959,8.385,15.153,5.657,0,0,1,0,0,0,1,0,cache,none,none,cache,cache,cache,cache
9.82619,77.39869,2026-08-30,828,N,VIIRS,VIIRS_SNPP_NRT,1.05,331.44,303.27,l,D,14161.0,45000.0,45000.0,19925.3,4137.3,3462.4,25986.1,14.161,14.161,45.0,45.0,19.925,4.137,3.462,25.986,0,0,0,0,1,1,0,0,cache,none,none,cache,cache,cache,cache
9.86126,78.18573,2026-08-30,828,N,VIIRS,VIIRS_SNPP_NRT,4.18,338.34,303.91,n,D,607.6,45000.0,45000.0,3210.1,5015.8,7881.6,11529.2,0.608,0.608,45.0,45.0,3.21,5.016,7.882,11.529,0,0,1,1,0,0,3,0,cache,none,none,cache,cache,cache,cache
9.87797,78.03197,2026-08-30,828,N,VIIRS,VIIRS_SNPP_NRT,1.97,336.6,294.37,n,D,1724.5,45000.0,45000.0,4902.0,3279.8,5297.6,6835.1,1.724,1.724,45.0,45.0,4.902,3.28,5.298,6.835,0,0,1,1,0,1,3,0,cache,none,none,cache,cache,cache,cache
10.00316,76.4542,2026-08-30,828,N,VIIRS,VIIRS_SNPP_NRT,0.94,333.81,298.59,n,D,135.3,7647.2,10940.5,970.4,384.1,3000.3,8181.3,0.135,0.135,7.647,10.94,0.97,0.384,3.0,8.181,0,0,1,1,1,1,3,0,cache,cache,cache,cache,cache,cache,cache
11.80984,77.21425,2026-08-30,828,N,VIIRS,VIIRS_SNPP_NRT,61.33,335.6,301.41,n,D,45000.0,45000.0,45000.0,45000.0,4884.0,3569.0,45000.0,45.0,45.0,45.0,45.0,45.0,4.884,3.569,45.0,0,0,0,0,1,1,0,0,none,none,none,none,cache,cache,none
12.07999,76.99017,2026-08-30,828,N,VIIRS,VIIRS_SNPP_NRT,3.7,338.02,303.8,n,D,14222.2,45000.0,45000.0,45000.0,28197.5,24012.6,4324.6,14.222,14.222,45.0,45.0,45.0,28.198,24.013,4.325,0,1,0,0,0,0,0,0,cache,none,none,none,cache,cache,cache
12.48661,76.3177,2026-08-30,828,N,VIIRS,VIIRS_SNPP_NRT,3.61,336.89,298.79,n,D,14686.4,45000.0,45000.0,45000.0,14634.2,18574.5,3160.5,14.686,14.686,45.0,45.0,45.0,14.634,18.574,3.16,0,1,0,0,0,0,0,0,cache,none,none,none,cache,cache,cache
12.81456,78.60983,2026-08-30,828,N,VIIRS,VIIRS_SNPP_NRT,2.64,333.07,291.11,n,D,11518.9,45000.0,45000.0,13450.2,7493.0,15020.0,26172.2,11.519,11.519,45.0,45.0,13.45,7.493,15.02,26.172,0,0,0,0,0,0,0,0,cache,none,none,cache,cache,cache,cache
13.9402,78.66064,2026-08-30,828,N,VIIRS,VIIRS_SNPP_NRT,2.81,331.18,299.53,n,D,17635.1,45000.0,45000.0,20836.1,45000.0,3888.1,15843.2,17.635,17.635,45.0,45.0,20.836,45.0,3.888,15.843,0,0,0,0,1,0,0,0,cache,none,none,cache,none,cache,cache
13.99587,79.86121,2026-08-30,828,N,VIIRS,VIIRS_SNPP_NRT,3.16,330.58,297.69,n,D,1751.1,45000.0,45000.0,14387.4,3552.2,4630.4,45000.0,1.751,1.751,45.0,45.0,14.387,3.552,4.63,45.0,0,0,1,1,1,1,3,0,cache,none,none,cache,cache,cache,none
14.18999,77.3446,2026-08-30,828,N,VIIRS,VIIRS_SNPP_NRT,3.06,342.86,298.23,n,D,45000.0,45000.0,45000.0,10741.6,45000.0,11459.9,538.5,45.0,45.0,45.0,45.0,10.742,45.0,11.46,0.538,0,1,0,0,0,0,0,0,none,none,none,cache,none,cache,cache
14.29174,77.98407,2026-08-30,828,N,VIIRS,VIIRS_SNPP_NRT,3.76,337.34,294.69,n,D,24178.2,45000.0,45000.0,7057.8,25872.8,13373.2,12294.4,24.178,24.178,45.0,45.0,7.058,25.873,13.373,12.294,0,0,0,0,0,0,0,0,cache,none,none,cache,cache,cache,cache
14.3499,77.63499,2026-08-30,828,N,VIIRS,VIIRS_SNPP_NRT,3.47,335.71,300.01,n,D,10905.2,45000.0,45000.0,11482.5,11495.9,19598.1,12092.7,10.905,10.905,45.0,45.0,11.483,11.496,19.598,12.093,0,0,0,0,0,0,0,0,cache,none,none,cache,cache,cache,cache
14.4991,79.69765,2026-08-30,828,N,VIIRS,VIIRS_SNPP_NRT,1.87,330.15,297.16,n,D,7866.9,45000.0,45000.0,45000.0,5627.0,45000.0,11321.2,7.867,7.867,45.0,45.0,45.0,5.627,45.0,11.321,0,0,0,0,0,0,0,0,cache,none,none,none,cache,none,cache
14.50312,79.69711,2026-08-30,828,N,VIIRS,VIIRS_SNPP_NRT,1.54,336.85,296.91,n,D,8090.2,45000.0,45000.0,45000.0,5223.7,45000.0,11284.7,8.09,8.09,45.0,45.0,45.0,5.224,45.0,11.285,0,0,0,0,0,0,0,0,cache,none,none,none,cache,none,cache
14.67836,76.89172,2026-08-30,828,N,VIIRS,VIIRS_SNPP_NRT,2.11,333.67,291.89,n,D,3995.7,45000.0,45000.0,45000.0,15057.4,9057.3,11271.0,3.996,3.996,45.0,45.0,45.0,15.057,9.057,11.271,0,0,1,0,0,0,1,0,cache,none,none,none,cache,cache,cache
14.69206,79.62556,2026-08-30,828,N,VIIRS,VIIRS_SNPP_NRT,2.12,331.61,295.71,n,D,7491.0,45000.0,45000.0,45000.0,16905.5,13635.7,6372.3,7.491,7.491,45.0,45.0,45.0,16.905,13.636,6.372,0,0,0,0,0,0,0,0,cache,none,none,none,cache,cache,cache
14.71446,79.98879,2026-08-30,828,N,VIIRS,VIIRS_SNPP_NRT,7.26,342.4,295.02,n,D,2034.5,45000.0,45000.0,45000.0,12281.0,16215.9,45000.0,2.034,2.034,45.0,45.0,45.0,12.281,16.216,45.0,0,0,1,0,0,0,1,0,cache,none,none,none,cache,cache,none
14.84624,78.37249,2026-08-30,828,N,VIIRS,VIIRS_SNPP_NRT,2.01,332.45,299.84,n,D,1618.0,45000.0,45000.0,13157.5,1249.8,45000.0,12870.6,1.618,1.618,45.0,45.0,13.158,1.25,45.0,12.871,0,0,1,1,0,1,3,0,cache,none,none,cache,cache,none,cache
15.43925,77.664,2026-08-30,828,N,VIIRS,VIIRS_SNPP_NRT,2.43,333.31,291.37,n,D,18573.2,45000.0,45000.0,17569.8,45000.0,45000.0,20388.0,18.573,18.573,45.0,45.0,17.57,45.0,45.0,20.388,0,0,0,0,0,0,0,0,cache,none,none,cache,none,none,cache
15.93384,79.5267,2026-08-30,828,N,VIIRS,VIIRS_SNPP_NRT,4.06,343.13,289.76,n,D,45000.0,45000.0,45000.0,19662.8,45000.0,45000.0,45000.0,45.0,45.0,45.0,45.0,19.663,45.0,45.0,45.0,0,0,0,0,0,0,0,0,none,none,none,cache,none,none,none
19.7772,73.79005,2026-08-30,830,N,VIIRS,VIIRS_SNPP_NRT,2.03,333.97,293.26,n,D,4564.4,45000.0,45000.0,9767.9,5189.8,9236.5,23159.5,4.564,4.564,45.0,45.0,9.768,5.19,9.237,23.16,0,0,1,0,0,0,1,0,cache,none,none,cache,cache,cache,cache
21.17639,74.58324,2026-08-30,830,N,VIIRS,VIIRS_SNPP_NRT,1.91,334.94,291.83,n,D,10987.1,45000.0,45000.0,45000.0,45000.0,11596.6,1428.1,10.987,10.987,45.0,45.0,45.0,45.0,11.597,1.428,0,1,0,0,0,0,0,0,cache,none,none,none,none,cache,cache
30.02923,71.74337,2026-08-30,835,N,VIIRS,VIIRS_SNPP_NRT,0.57,332.13,304.36,l,D,26551.5,45000.0,45000.0,45000.0,6871.8,45000.0,8249.3,26.551,26.551,45.0,45.0,45.0,6.872,45.0,8.249,0,0,0,0,0,0,0,0,cache,none,none,none,cache,none,cache
30.08648,71.7243,2026-08-30,835,N,VIIRS,VIIRS_SNPP_NRT,1.66,334.33,303.89,n,D,20809.0,45000.0,45000.0,45000.0,3820.6,45000.0,10330.1,20.809,20.809,45.0,45.0,45.0,3.821,45.0,10.33,0,0,0,0,0,1,0,0,cache,none,none,none,cache,none,cache
30.11638,73.26059,2026-08-30,835,N,VIIRS,VIIRS_SNPP_NRT,3.03,335.4,305.78,l,D,11707.2,45000.0,45000.0,45000.0,18871.3,11638.9,15517.5,11.707,11.707,45.0,45.0,45.0,18.871,11.639,15.517,0,0,0,0,0,0,0,0,cache,none,none,none,cache,cache,cache
30.11697,73.26498,2026-08-30,835,N,VIIRS,VIIRS_SNPP_NRT,5.74,336.37,305.23,n,D,11746.4,45000.0,45000.0,45000.0,19261.4,11661.6,15503.9,11.746,11.746,45.0,45.0,45.0,19.261,11.662,15.504,0,0,0,0,0,0,0,0,cache,none,none,none,cache,cache,cache
30.16407,74.51582,2026-08-30,835,N,VIIRS,VIIRS_SNPP_NRT,3.35,331.57,302.09,l,D,4793.5,45000.0,45000.0,45000.0,45000.0,45000.0,16183.9,4.793,4.793,45.0,45.0,45.0,45.0,45.0,16.184,0,0,1,0,0,0,1,0,cache,none,none,none,none,none,cache
30.35123,73.65195,2026-08-30,835,N,VIIRS,VIIRS_SNPP_NRT,1.82,334.44,300.2,n,D,22807.1,45000.0,45000.0,45000.0,45000.0,45000.0,45000.0,22.807,22.807,45.0,45.0,45.0,45.0,45.0,45.0,0,0,0,0,0,0,0,0,cache,none,none,none,none,none,none
30.51386,73.90864,2026-08-30,835,N,VIIRS,VIIRS_SNPP_NRT,2.87,335.57,299.41,n,D,13735.2,45000.0,45000.0,45000.0,45000.0,45000.0,20533.7,13.735,13.735,45.0,45.0,45.0,45.0,45.0,20.534,0,0,0,0,0,0,0,0,cache,none,none,none,none,none,cache
31.10913,74.49384,2026-08-30,835,N,VIIRS,VIIRS_SNPP_NRT,9.69,345.2,299.84,n,D,7774.3,45000.0,45000.0,45000.0,8881.4,1462.2,2052.4,7.774,7.774,45.0,45.0,45.0,8.881,1.462,2.052,0,1,0,0,1,0,0,0,cache,none,none,none,cache,cache,cache
31.12675,74.30208,2026-08-30,835,N,VIIRS,VIIRS_SNPP_NRT,4.14,342.96,300.91,n,D,5257.9,45000.0,45000.0,45000.0,18505.5,18264.7,5165.0,5.258,5.258,45.0,45.0,45.0,18.505,18.265,5.165,0,0,0,0,0,0,0,0,cache,none,none,none,cache,cache,cache
31.2082,73.91856,2026-08-30,835,N,VIIRS,VIIRS_SNPP_NRT,3.87,337.22,300.68,n,D,1199.9,45000.0,45000.0,21535.2,17418.7,6190.6,681.2,1.2,1.2,45.0,45.0,21.535,17.419,6.191,0.681,0,1,1,1,0,0,3,0,cache,none,none,cache,cache,cache,cache
31.2118,73.91795,2026-08-30,835,N,VIIRS,VIIRS_SNPP_NRT,2.3,331.16,299.86,n,D,1475.6,45000.0,45000.0,21919.2,17721.2,5959.6,1057.0,1.476,1.476,45.0,45.0,21.919,17.721,5.96,1.057,0,1,1,1,0,0,3,0,cache,none,none,cache,cache,cache,cache
31.39489,72.12487,2026-08-30,835,N,VIIRS,VIIRS_SNPP_NRT,1.87,333.23,300.88,n,D,45000.0,45000.0,45000.0,45000.0,45000.0,45000.0,45000.0,45.0,45.0,45.0,45.0,45.0,45.0,45.0,45.0,0,0,0,0,0,0,0,0,none,none,none,none,none,none,none
31.4235,72.12935,2026-08-30,835,N,VIIRS,VIIRS_SNPP_NRT,3.19,331.22,300.79,n,D,45000.0,45000.0,45000.0,45000.0,45000.0,45000.0,45000.0,45.0,45.0,45.0,45.0,45.0,45.0,45.0,45.0,0,0,0,0,0,0,0,0,none,none,none,none,none,none,none
31.46879,72.1555,2026-08-30,835,N,VIIRS,VIIRS_SNPP_NRT,3.6,335.84,301.51,n,D,45000.0,45000.0,45000.0,45000.0,45000.0,45000.0,45000.0,45.0,45.0,45.0,45.0,45.0,45.0,45.0,45.0,0,0,0,0,0,0,0,0,none,none,none,none,none,none,none
31.56918,72.22474,2026-08-30,835,N,VIIRS,VIIRS_SNPP_NRT,2.25,334.87,302.29,n,D,45000.0,45000.0,45000.0,45000.0,45000.0,45000.0,45000.0,45.0,45.0,45.0,45.0,45.0,45.0,45.0,45.0,0,0,0,0,0,0,0,0,none,none,none,none,none,none,none
31.56943,72.27724,2026-08-30,835,N,VIIRS,VIIRS_SNPP_NRT,1.98,340.52,301.32,n,D,45000.0,45000.0,45000.0,45000.0,45000.0,45000.0,45000.0,45.0,45.0,45.0,45.0,45.0,45.0,45.0,45.0,0,0,0,0,0,0,0,0,none,none,none,none,none,none,none
31.58139,72.28816,2026-08-30,835,N,VIIRS,VIIRS_SNPP_NRT,2.12,337.8,299.58,n,D,45000.0,45000.0,45000.0,45000.0,45000.0,45000.0,45000.0,45.0,45.0,45.0,45.0,45.0,45.0,45.0,45.0,0,0,0,0,0,0,0,0,none,none,none,none,none,none,none
32.05318,73.38254,2026-08-30,835,N,VIIRS,VIIRS_SNPP_NRT,3.08,337.5,301.33,n,D,45000.0,45000.0,45000.0,45000.0,45000.0,45000.0,45000.0,45.0,45.0,45.0,45.0,45.0,45.0,45.0,45.0,0,0,0,0,0,0,0,0,none,none,none,none,none,none,none
32.09223,73.23719,2026-08-30,835,N,VIIRS,VIIRS_SNPP_NRT,2.2,330.89,299.99,n,D,45000.0,45000.0,45000.0,45000.0,45000.0,45000.0,45000.0,45.0,45.0,45.0,45.0,45.0,45.0,45.0,45.0,0,0,0,0,0,0,0,0,none,none,none,none,none,none,none
32.30693,73.28819,2026-08-30,835,N,VIIRS,VIIRS_SNPP_NRT,3.64,337.47,297.34,n,D,45000.0,45000.0,45000.0,45000.0,45000.0,45000.0,45000.0,45.0,45.0,45.0,45.0,45.0,45.0,45.0,45.0,0,0,0,0,0,0,0,0,none,none,none,none,none,none,none
32.8883,71.61584,2026-08-30,835,N,VIIRS,VIIRS_SNPP_NRT,1.77,331.99,303.18,l,D,45000.0,45000.0,45000.0,45000.0,45000.0,45000.0,45000.0,45.0,45.0,45.0,45.0,45.0,45.0,45.0,45.0,0,0,0,0,0,0,0,0,none,none,none,none,none,none,none
33.58202,69.2417,2026-08-30,835,N,VIIRS,VIIRS_SNPP_NRT,3.52,340.44,315.16,l,D,45000.0,45000.0,45000.0,45000.0,45000.0,45000.0,45000.0,45.0,45.0,45.0,45.0,45.0,45.0,45.0,45.0,0,0,0,0,0,0,0,0,none,none,none,none,none,none,none
33.84936,72.20547,2026-08-30,835,N,VIIRS,VIIRS_SNPP_NRT,3.38,340.8,297.4,n,D,45000.0,45000.0,45000.0,45000.0,45000.0,45000.0,45000.0,45.0,45.0,45.0,45.0,45.0,45.0,45.0,45.0,0,0,0,0,0,0,0,0,none,none,none,none,none,none,none
7.13631,81.13902,2026-08-30,1921,N,VIIRS,VIIRS_SNPP_NRT,1.72,296.16,280.67,n,N,45000.0,45000.0,45000.0,45000.0,45000.0,45000.0,45000.0,45.0,45.0,45.0,45.0,45.0,45.0,45.0,45.0,0,0,0,0,0,0,0,0,none,none,none,none,none,none,none
7.14013,81.1341,2026-08-30,1921,N,VIIRS,VIIRS_SNPP_NRT,3.59,297.7,283.35,n,N,45000.0,45000.0,45000.0,45000.0,45000.0,45000.0,45000.0,45.0,45.0,45.0,45.0,45.0,45.0,45.0,45.0,0,0,0,0,0,0,0,0,none,none,none,none,none,none,none
7.28379,81.16539,2026-08-30,1921,N,VIIRS,VIIRS_SNPP_NRT,1.34,304.2,288.27,n,N,45000.0,45000.0,45000.0,45000.0,45000.0,45000.0,45000.0,45.0,45.0,45.0,45.0,45.0,45.0,45.0,45.0,0,0,0,0,0,0,0,0,none,none,none,none,none,none,none
7.6078,81.15397,2026-08-30,1921,N,VIIRS,VIIRS_SNPP_NRT,0.82,303.16,288.01,n,N,45000.0,45000.0,45000.0,45000.0,45000.0,45000.0,45000.0,45.0,45.0,45.0,45.0,45.0,45.0,45.0,45.0,0,0,0,0,0,0,0,0,none,none,none,none,none,none,none
8.86712,81.02701,2026-08-30,1921,N,VIIRS,VIIRS_SNPP_NRT,1.75,309.61,287.51,n,N,45000.0,45000.0,45000.0,45000.0,45000.0,45000.0,45000.0,45.0,45.0,45.0,45.0,45.0,45.0,45.0,45.0,0,0,0,0,0,0,0,0,none,none,none,none,none,none,none
8.86843,81.02491,2026-08-30,1921,N,VIIRS,VIIRS_SNPP_NRT,2.71,316.5,287.9,n,N,45000.0,45000.0,45000.0,45000.0,45000.0,45000.0,45000.0,45.0,45.0,45.0,45.0,45.0,45.0,45.0,45.0,0,0,0,0,0,0,0,0,none,none,none,none,none,none,none
31.61482,74.37532,2026-08-30,2055,N,VIIRS,VIIRS_SNPP_NRT,0.61,311.52,295.45,n,N,2737.7,45000.0,45000.0,45000.0,3072.0,2059.3,27.3,2.738,2.738,45.0,45.0,45.0,3.072,2.059,0.027,0,1,1,0,1,1,1,0,cache,none,none,none,cache,cache,cache
31.64126,74.42704,2026-08-30,2055,N,VIIRS,VIIRS_SNPP_NRT,0.49,308.12,295.23,n,N,6394.0,45000.0,45000.0,45000.0,3535.4,5372.0,1888.6,6.394,6.394,45.0,45.0,45.0,3.535,5.372,1.889,0,1,0,0,0,1,0,0,cache,none,none,none,cache,cache,cache
31.769,70.10805,2026-08-30,2055,N,VIIRS,VIIRS_SNPP_NRT,4.57,312.33,295.54,n,N,45000.0,45000.0,45000.0,45000.0,45000.0,45000.0,45000.0,45.0,45.0,45.0,45.0,45.0,45.0,45.0,45.0,0,0,0,0,0,0,0,0,none,none,none,none,none,none,none
32.0868,74.16059,2026-08-30,2055,N,VIIRS,VIIRS_SNPP_NRT,2.11,315.49,294.79,n,N,2644.5,45000.0,11325.1,45000.0,8909.6,15938.4,2139.5,2.644,2.644,45.0,11.325,45.0,8.91,15.938,2.14,0,1,1,0,0,0,1,0,cache,none,cache,none,cache,cache,cache
32.08741,74.15643,2026-08-30,2055,N,VIIRS,VIIRS_SNPP_NRT,0.65,308.49,294.49,n,N,2859.8,45000.0,11581.5,45000.0,9003.2,16083.5,2233.6,2.86,2.86,45.0,11.581,45.0,9.003,16.084,2.234,0,1,1,0,0,0,1,0,cache,none,cache,none,cache,cache,cache
32.13232,74.17843,2026-08-30,2055,N,VIIRS,VIIRS_SNPP_NRT,0.79,312.92,295.18,n,N,2436.1,45000.0,15416.4,45000.0,3605.9,10784.7,641.7,2.436,2.436,45.0,15.416,45.0,3.606,10.785,0.642,0,1,1,0,0,1,1,0,cache,none,cache,none,cache,cache,cache
32.57351,72.56357,2026-08-30,2055,N,VIIRS,VIIRS_SNPP_NRT,4.1,309.26,294.88,n,N,45000.0,45000.0,45000.0,45000.0,45000.0,45000.0,45000.0,45.0,45.0,45.0,45.0,45.0,45.0,45.0,45.0,0,0,0,0,0,0,0,0,none,none,none,none,none,none,none
32.64409,72.9769,2026-08-30,2055,N,VIIRS,VIIRS_SNPP_NRT,1.59,307.1,293.7,n,N,45000.0,45000.0,45000.0,45000.0,45000.0,45000.0,45000.0,45.0,45.0,45.0,45.0,45.0,45.0,45.0,45.0,0,0,0,0,0,0,0,0,none,none,none,none,none,none,none
32.88999,71.6175,2026-08-30,2055,N,VIIRS,VIIRS_SNPP_NRT,3.33,308.91,293.74,n,N,45000.0,45000.0,45000.0,45000.0,45000.0,45000.0,45000.0,45.0,45.0,45.0,45.0,45.0,45.0,45.0,45.0,0,0,0,0,0,0,0,0,none,none,none,none,none,none,none
33.29611,71.18341,2026-08-30,2055,N,VIIRS,VIIRS_SNPP_NRT,0.8,310.8,293.05,n,N,45000.0,45000.0,45000.0,45000.0,45000.0,45000.0,45000.0,45.0,45.0,45.0,45.0,45.0,45.0,45.0,45.0,0,0,0,0,0,0,0,0,none,none,none,none,none,none,none
33.29622,71.18803,2026-08-30,2055,N,VIIRS,VIIRS_SNPP_NRT,1.09,306.97,293.04,n,N,45000.0,45000.0,45000.0,45000.0,45000.0,45000.0,45000.0,45.0,45.0,45.0,45.0,45.0,45.0,45.0,45.0,0,0,0,0,0,0,0,0,none,none,none,none,none,none,none
24.68952,73.00175,2026-08-30,2057,N,VIIRS,VIIRS_SNPP_NRT,1.08,308.21,292.27,n,N,300.8,45000.0,45000.0,1570.8,8412.8,9845.2,1493.2,0.301,0.301,45.0,45.0,1.571,8.413,9.845,1.493,0,1,1,1,0,0,3,0,cache,none,none,cache,cache,cache,cache
25.9433,72.19072,2026-08-30,2057,N,VIIRS,VIIRS_SNPP_NRT,2.98,329.62,294.95,n,N,3345.6,1691.3,45000.0,45000.0,16169.5,45000.0,3038.9,3.346,3.346,1.691,45.0,45.0,16.17,45.0,3.039,1,1,1,0,0,0,1,2,cache,cache,none,none,cache,none,cache
25.94431,72.19051,2026-08-30,2057,N,VIIRS,VIIRS_SNPP_NRT,2.14,325.37,295.03,n,N,3400.8,1580.3,45000.0,45000.0,16077.1,45000.0,3117.6,3.401,3.401,1.58,45.0,45.0,16.077,45.0,3.118,1,1,1,0,0,0,1,2,cache,cache,none,none,cache,none,cache
26.09499,68.87773,2026-08-30,2057,N,VIIRS,VIIRS_SNPP_NRT,0.92,305.36,295.07,n,N,45000.0,45000.0,45000.0,45000.0,45000.0,45000.0,45000.0,45.0,45.0,45.0,45.0,45.0,45.0,45.0,45.0,0,0,0,0,0,0,0,0,none,none,none,none,none,none,none
26.60605,73.68385,2026-08-30,2057,N,VIIRS,VIIRS_SNPP_NRT,0.71,305.13,292.92,n,N,133.4,45000.0,45000.0,5776.6,15130.9,14618.5,914.6,0.133,0.133,45.0,45.0,5.777,15.131,14.618,0.915,0,1,1,1,0,0,3,0,cache,none,none,cache,cache,cache,cache
26.87274,73.51597,2026-08-30,2057,N,VIIRS,VIIRS_SNPP_NRT,1.35,306.77,293.13,n,N,4501.5,45000.0,45000.0,941.8,45000.0,45000.0,12516.5,4.502,4.502,45.0,45.0,0.942,45.0,45.0,12.517,0,0,1,0,0,0,1,0,cache,none,none,cache,none,none,cache
26.87605,73.51661,2026-08-30,2057,N,VIIRS,VIIRS_SNPP_NRT,1.26,309.34,293.23,n,N,4421.1,45000.0,45000.0,699.2,45000.0,45000.0,12722.0,4.421,4.421,45.0,45.0,0.699,45.0,45.0,12.722,0,0,1,0,0,0,1,0,cache,none,none,cache,none,none,cache
26.87664,73.51275,2026-08-30,2057,N,VIIRS,VIIRS_SNPP_NRT,1.39,304.99,292.77,n,N,4804.1,45000.0,45000.0,1054.5,45000.0,45000.0,12401.9,4.804,4.804,45.0,45.0,1.054,45.0,45.0,12.402,0,0,1,0,0,0,1,0,cache,none,none,cache,none,none,cache
27.66868,76.13271,2026-08-30,2057,N,VIIRS,VIIRS_SNPP_NRT,0.32,296.11,276.77,n,N,367.1,45000.0,45000.0,1502.7,19557.6,12584.6,897.2,0.367,0.367,45.0,45.0,1.503,19.558,12.585,0.897,0,1,1,1,0,0,3,0,cache,none,none,cache,cache,cache,cache
27.66938,76.12862,2026-08-30,2057,N,VIIRS,VIIRS_SNPP_NRT,0.32,299.11,279.78,n,N,315.9,45000.0,45000.0,1164.7,19964.8,12350.4,1251.7,0.316,0.316,45.0,45.0,1.165,19.965,12.35,1.252,0,1,1,1,0,0,3,0,cache,none,none,cache,cache,cache,cache
28.35198,70.13081,2026-08-30,2057,N,VIIRS,VIIRS_SNPP_NRT,0.75,307.1,296.83,n,N,1167.0,45000.0,45000.0,45000.0,20656.9,45000.0,865.7,1.167,1.167,45.0,45.0,45.0,20.657,45.0,0.866,0,1,1,1,0,0,3,0,cache,none,none,none,cache,none,cache
28.42588,69.698,2026-08-30,2057,N,VIIRS,VIIRS_SNPP_NRT,1.83,310.32,297.18,n,N,25691.5,45000.0,45000.0,45000.0,45000.0,45000.0,316.3,25.692,25.692,45.0,45.0,45.0,45.0,45.0,0.316,0,1,0,0,0,0,0,0,cache,none,none,none,none,none,cache
28.74306,76.92912,2026-08-30,2057,N,VIIRS,VIIRS_SNPP_NRT,1.91,316.04,291.02,n,N,3936.2,45000.0,45000.0,13360.1,4917.4,14287.7,3437.0,3.936,3.936,45.0,45.0,13.36,4.917,14.288,3.437,0,1,1,0,0,1,1,0,cache,none,none,cache,cache,cache,cache
29.45914,76.89161,2026-08-30,2057,N,VIIRS,VIIRS_SNPP_NRT,3.18,316.03,292.1,n,N,627.2,1755.7,45000.0,45000.0,9726.2,13486.8,1810.8,0.627,0.627,1.756,45.0,45.0,9.726,13.487,1.811,1,1,1,1,0,0,3,2,cache,cache,none,none,cache,cache,cache
29.4759,76.85623,2026-08-30,2057,N,VIIRS,VIIRS_SNPP_NRT,2.28,311.77,289.97,n,N,1129.8,2202.2,45000.0,45000.0,6800.7,13926.9,2091.8,1.13,1.13,2.202,45.0,45.0,6.801,13.927,2.092,1,1,1,1,0,0,3,2,cache,cache,none,none,cache,cache,cache
18.54634,74.25378,2026-08-30,2059,N,VIIRS,VIIRS_SNPP_NRT,1.13,311.92,289.64,n,N,1947.5,45000.0,45000.0,17075.9,1867.3,1493.3,8277.2,1.948,1.948,45.0,45.0,17.076,1.867,1.493,8.277,0,0,1,1,1,1,3,0,cache,none,none,cache,cache,cache,cache
18.68969,73.04101,2026-08-30,2059,N,VIIRS,VIIRS_SNPP_NRT,1.57,304.97,291.93,n,N,93.6,45000.0,16431.4,6909.4,14181.8,4194.3,455.6,0.094,0.094,45.0,16.431,6.909,14.182,4.194,0.456,0,1,1,1,1,0,3,0,cache,none,cache,cache,cache,cache,cache
18.69302,73.0416,2026-08-30,2059,N,VIIRS,VIIRS_SNPP_NRT,3.62,319.89,293.8,n,N,395.0,45000.0,16733.5,6707.4,14142.0,4309.4,782.4,0.395,0.395,45.0,16.733,6.707,14.142,4.309,0.782,0,1,1,1,1,0,3,0,cache,none,cache,cache,cache,cache,cache
19.93695,73.71136,2026-08-30,2059,N,VIIRS,VIIRS_SNPP_NRT,2.32,323.05,287.35,n,N,231.0,45000.0,45000.0,196.3,3310.1,2041.6,18368.6,0.231,0.231,45.0,45.0,0.196,3.31,2.042,18.369,0,0,1,1,1,1,3,0,cache,none,none,cache,cache,cache,cache
20.35619,72.94963,2026-08-30,2059,N,VIIRS,VIIRS_SNPP_NRT,1.84,305.96,291.96,n,N,1078.8,45000.0,45000.0,11973.2,15554.6,2749.5,10290.8,1.079,1.079,45.0,45.0,11.973,15.555,2.749,10.291,0,0,1,1,1,0,3,0,cache,none,none,cache,cache,cache,cache
21.10102,72.63954,2026-08-30,2059,N,VIIRS,VIIRS_SNPP_NRT,0.49,295.93,281.97,n,N,1075.2,45000.0,1920.0,45000.0,3976.0,11267.7,1970.0,1.075,1.075,45.0,1.92,45.0,3.976,11.268,1.97,0,1,1,1,0,1,3,0,cache,none,cache,none,cache,cache,cache
21.1016,72.63586,2026-08-30,2059,N,VIIRS,VIIRS_SNPP_NRT,1.65,315.23,282.26,n,N,1229.3,45000.0,1568.0,45000.0,3879.7,11623.4,2040.1,1.229,1.229,45.0,1.568,45.0,3.88,11.623,2.04,0,1,1,1,0,1,3,0,cache,none,cache,none,cache,cache,cache
21.26307,72.94081,2026-08-30,2059,N,VIIRS,VIIRS_SNPP_NRT,2.1,312.03,293.36,n,N,1018.1,45000.0,45000.0,16824.0,2398.0,2139.8,5418.9,1.018,1.018,45.0,45.0,16.824,2.398,2.14,5.419,0,0,1,1,1,1,3,0,cache,none,none,cache,cache,cache,cache
21.79665,72.08905,2026-08-30,2059,N,VIIRS,VIIRS_SNPP_NRT,1.45,308.36,292.6,n,N,2602.5,45000.0,45000.0,18874.1,7260.8,45000.0,12330.4,2.603,2.603,45.0,45.0,18.874,7.261,45.0,12.33,0,0,1,0,0,0,1,0,cache,none,none,cache,cache,none,cache
9.67002,77.45597,2026-08-30,2101,N,VIIRS,VIIRS_SNPP_NRT,0.77,297.92,278.12,n,N,16032.5,45000.0,45000.0,22698.7,5769.4,1044.5,20844.2,16.032,16.032,45.0,45.0,22.699,5.769,1.045,20.844,0,0,0,0,1,0,0,0,cache,none,none,cache,cache,cache,cache
11.62482,79.08276,2026-08-30,2101,N,VIIRS,VIIRS_SNPP_NRT,0.94,304.91,283.7,n,N,11536.3,45000.0,45000.0,10461.3,2874.0,3098.9,12577.9,11.536,11.536,45.0,45.0,10.461,2.874,3.099,12.578,0,0,0,0,1,1,0,0,cache,none,none,cache,cache,cache,cache
13.71089,79.62021,2026-08-30,2101,N,VIIRS,VIIRS_SNPP_NRT,1.05,304.97,281.19,n,N,1301.3,45000.0,45000.0,24050.6,20807.4,28048.5,10996.1,1.301,1.301,45.0,45.0,24.051,20.807,28.049,10.996,0,0,1,1,0,0,3,0,cache,none,none,cache,cache,cache,cache
13.82755,79.33979,2026-08-30,2101,N,VIIRS,VIIRS_SNPP_NRT,0.49,302.83,278.47,n,N,6599.4,45000.0,45000.0,21795.3,10145.1,13980.4,45000.0,6.599,6.599,45.0,45.0,21.795,10.145,13.98,45.0,0,0,0,0,0,0,0,0,cache,none,none,cache,cache,cache,none
13.82812,79.33691,2026-08-30,2101,N,VIIRS,VIIRS_SNPP_NRT,0.49,305.97,279.11,n,N,6908.0,45000.0,45000.0,21708.7,10111.8,13953.0,45000.0,6.908,6.908,45.0,45.0,21.709,10.112,13.953,45.0,0,0,0,0,0,0,0,0,cache,none,none,cache,cache,cache,none
13.82816,79.33921,2026-08-30,2101,N,VIIRS,VIIRS_SNPP_NRT,0.64,305.91,278.87,n,N,6659.6,45000.0,45000.0,21722.6,10082.7,13919.6,45000.0,6.66,6.66,45.0,45.0,21.723,10.083,13.92,45.0,0,0,0,0,0,0,0,0,cache,none,none,cache,cache,cache,none
13.82868,79.33408,2026-08-30,2101,N,VIIRS,VIIRS_SNPP_NRT,0.73,302.13,278.63,n,N,7205.1,45000.0,45000.0,21627.7,10088.7,13933.1,45000.0,7.205,7.205,45.0,45.0,21.628,10.089,13.933,45.0,0,0,0,0,0,0,0,0,cache,none,none,cache,cache,cache,none
13.82871,79.33633,2026-08-30,2101,N,VIIRS,VIIRS_SNPP_NRT,0.64,304.76,278.4,n,N,6963.1,45000.0,45000.0,21639.0,10053.8,13896.0,45000.0,6.963,6.963,45.0,45.0,21.639,10.054,13.896,45.0,0,0,0,0,0,0,0,0,cache,none,none,cache,cache,cache,none
15.16888,76.67051,2026-08-30,2101,N,VIIRS,VIIRS_SNPP_NRT,0.4,297.02,279.46,n,N,1344.8,45000.0,45000.0,1163.0,17410.3,1805.4,1907.4,1.345,1.345,45.0,45.0,1.163,17.41,1.805,1.907,0,1,1,1,1,0,3,0,cache,none,none,cache,cache,cache,cache
15.17345,76.78623,2026-08-30,2101,N,VIIRS,VIIRS_SNPP_NRT,0.79,302.27,284.14,n,N,191.4,45000.0,45000.0,4475.9,6104.4,5025.0,7437.4,0.191,0.191,45.0,45.0,4.476,6.104,5.025,7.437,0,0,1,1,0,0,3,0,cache,none,none,cache,cache,cache,cache
15.17362,76.69113,2026-08-30,2101,N,VIIRS,VIIRS_SNPP_NRT,0.52,301.13,281.35,n,N,2502.1,45000.0,45000.0,2369.3,15375.3,2012.9,3111.1,2.502,2.502,45.0,45.0,2.369,15.375,2.013,3.111,0,1,1,0,1,0,1,0,cache,none,none,cache,cache,cache,cache
15.1757,76.65623,2026-08-30,2101,N,VIIRS,VIIRS_SNPP_NRT,3.12,320.74,283.06,n,N,1567.5,45000.0,45000.0,2683.4,18368.1,3471.9,1383.2,1.568,1.568,45.0,45.0,2.683,18.368,3.472,1.383,0,1,1,1,1,0,3,0,cache,none,none,cache,cache,cache,cache
15.17636,76.67603,2026-08-30,2101,N,VIIRS,VIIRS_SNPP_NRT,2.05,312.47,284.26,n,N,932.5,45000.0,45000.0,1925.5,17020.0,2207.3,1556.8,0.933,0.933,45.0,45.0,1.925,17.02,2.207,1.557,0,1,1,1,1,0,3,0,cache,none,none,cache,cache,cache,cache
15.17842,76.66464,2026-08-30,2101,N,VIIRS,VIIRS_SNPP_NRT,1.47,301.31,282.67,n,N,633.7,45000.0,45000.0,2388.1,18260.8,3014.2,741.4,0.634,0.634,45.0,45.0,2.388,18.261,3.014,0.741,0,1,1,1,1,0,3,0,cache,none,none,cache,cache,cache,cache
15.18182,76.66927,2026-08-30,2101,N,VIIRS,VIIRS_SNPP_NRT,1.46,302.97,282.18,n,N,14.9,45000.0,45000.0,2583.7,17879.3,3053.3,611.5,0.015,0.015,45.0,45.0,2.584,17.879,3.053,0.611,0,1,1,1,1,0,3,0,cache,none,none,cache,cache,cache,cache
15.1825,76.66548,2026-08-30,2101,N,VIIRS,VIIRS_SNPP_NRT,1.46,315.65,280.75,n,N,428.6,45000.0,45000.0,2770.6,18291.3,3325.8,300.0,0.429,0.429,45.0,45.0,2.771,18.291,3.326,0.3,0,1,1,1,1,0,3,0,cache,none,none,cache,cache,cache,cache
6.95868,79.95699,2026-08-30,2104,N,VIIRS,VIIRS_SNPP_NRT,1.05,300.79,282.46,n,N,45000.0,45000.0,45000.0,45000.0,45000.0,45000.0,45000.0,45.0,45.0,45.0,45.0,45.0,45.0,45.0,45.0,0,0,0,0,0,0,0,0,none,none,none,none,none,none,none
6.74823,81.75127,2026-08-31,807,N,VIIRS,VIIRS_SNPP_NRT,2.28,333.23,303.36,l,D,45000.0,45000.0,45000.0,45000.0,45000.0,45000.0,45000.0,45.0,45.0,45.0,45.0,45.0,45.0,45.0,45.0,0,0,0,0,0,0,0,0,none,none,none,none,none,none,none
6.99914,81.59812,2026-08-31,807,N,VIIRS,VIIRS_SNPP_NRT,4.66,345.91,307.0,n,D,45000.0,45000.0,45000.0,45000.0,45000.0,45000.0,45000.0,45.0,45.0,45.0,45.0,45.0,45.0,45.0,45.0,0,0,0,0,0,0,0,0,none,none,none,none,none,none,none
6.99967,81.60159,2026-08-31,807,N,VIIRS,VIIRS_SNPP_NRT,5.33,335.33,306.99,l,D,45000.0,45000.0,45000.0,45000.0,45000.0,45000.0,45000.0,45.0,45.0,45.0,45.0,45.0,45.0,45.0,45.0,0,0,0,0,0,0,0,0,none,none,none,none,none,none,none
7.00193,81.59413,2026-08-31,807,N,VIIRS,VIIRS_SNPP_NRT,4.66,340.51,306.28,n,D,45000.0,45000.0,45000.0,45000.0,45000.0,45000.0,45000.0,45.0,45.0,45.0,45.0,45.0,45.0,45.0,45.0,0,0,0,0,0,0,0,0,none,none,none,none,none,none,none
7.00246,81.59761,2026-08-31,807,N,VIIRS,VIIRS_SNPP_NRT,4.66,349.4,309.62,n,D,45000.0,45000.0,45000.0,45000.0,45000.0,45000.0,45000.0,45.0,45.0,45.0,45.0,45.0,45.0,45.0,45.0,0,0,0,0,0,0,0,0,none,none,none,none,none,none,none
7.00911,81.5966,2026-08-31,807,N,VIIRS,VIIRS_SNPP_NRT,4.34,334.53,307.12,l,D,45000.0,45000.0,45000.0,45000.0,45000.0,45000.0,45000.0,45.0,45.0,45.0,45.0,45.0,45.0,45.0,45.0,0,0,0,0,0,0,0,0,none,none,none,none,none,none,none
7.07676,81.82498,2026-08-31,807,N,VIIRS,VIIRS_SNPP_NRT,3.59,341.21,304.24,n,D,45000.0,45000.0,45000.0,45000.0,45000.0,45000.0,45000.0,45.0,45.0,45.0,45.0,45.0,45.0,45.0,45.0,0,0,0,0,0,0,0,0,none,none,none,none,none,none,none
7.09931,80.83875,2026-08-31,807,N,VIIRS,VIIRS_SNPP_NRT,3.8,330.54,300.51,n,D,45000.0,45000.0,45000.0,45000.0,45000.0,45000.0,45000.0,45.0,45.0,45.0,45.0,45.0,45.0,45.0,45.0,0,0,0,0,0,0,0,0,none,none,none,none,none,none,none
7.17094,81.64171,2026-08-31,807,N,VIIRS,VIIRS_SNPP_NRT,8.79,345.22,300.2,n,D,45000.0,45000.0,45000.0,45000.0,45000.0,45000.0,45000.0,45.0,45.0,45.0,45.0,45.0,45.0,45.0,45.0,0,0,0,0,0,0,0,0,none,none,none,none,none,none,none
7.1865,81.38634,2026-08-31,807,N,VIIRS,VIIRS_SNPP_NRT,4.57,339.42,300.35,n,D,45000.0,45000.0,45000.0,45000.0,45000.0,45000.0,45000.0,45.0,45.0,45.0,45.0,45.0,45.0,45.0,45.0,0,0,0,0,0,0,0,0,none,none,none,none,none,none,none
7.32466,81.76436,2026-08-31,807,N,VIIRS,VIIRS_SNPP_NRT,4.49,343.9,297.2,n,D,45000.0,45000.0,45000.0,45000.0,45000.0,45000.0,45000.0,45.0,45.0,45.0,45.0,45.0,45.0,45.0,45.0,0,0,0,0,0,0,0,0,none,none,none,none,none,none,none
7.33384,81.80244,2026-08-31,807,N,VIIRS,VIIRS_SNPP_NRT,3.07,340.74,300.22,n,D,45000.0,45000.0,45000.0,45000.0,45000.0,45000.0,45000.0,45.0,45.0,45.0,45.0,45.0,45.0,45.0,45.0,0,0,0,0,0,0,0,0,none,none,none,none,none,none,none
7.43173,81.31496,2026-08-31,807,N,VIIRS,VIIRS_SNPP_NRT,2.02,330.4,294.08,n,D,45000.0,45000.0,45000.0,45000.0,45000.0,45000.0,45000.0,45.0,45.0,45.0,45.0,45.0,45.0,45.0,45.0,0,0,0,0,0,0,0,0,none,none,none,none,none,none,none
7.4614,80.99762,2026-08-31,807,N,VIIRS,VIIRS_SNPP_NRT,24.03,354.52,299.46,n,D,45000.0,45000.0,45000.0,45000.0,45000.0,45000.0,45000.0,45.0,45.0,45.0,45.0,45.0,45.0,45.0,45.0,0,0,0,0,0,0,0,0,none,none,none,none,none,none,none
7.47357,81.65829,2026-08-31,807,N,VIIRS,VIIRS_SNPP_NRT,9.86,346.07,297.84,n,D,45000.0,45000.0,45000.0,45000.0,45000.0,45000.0,45000.0,45.0,45.0,45.0,45.0,45.0,45.0,45.0,45.0,0,0,0,0,0,0,0,0,none,none,none,none,none,none,none
7.52729,80.8979,2026-08-31,807,N,VIIRS,VIIRS_SNPP_NRT,2.18,334.5,306.55,l,D,45000.0,45000.0,45000.0,45000.0,45000.0,45000.0,45000.0,45.0,45.0,45.0,45.0,45.0,45.0,45.0,45.0,0,0,0,0,0,0,0,0,none,none,none,none,none,none,none
7.60614,81.15155,2026-08-31,807,N,VIIRS,VIIRS_SNPP_NRT,8.72,339.35,301.8,n,D,45000.0,45000.0,45000.0,45000.0,45000.0,45000.0,45000.0,45.0,45.0,45.0,45.0,45.0,45.0,45.0,45.0,0,0,0,0,0,0,0,0,none,none,none,none,none,none,none
7.65419,81.40054,2026-08-31,807,N,VIIRS,VIIRS_SNPP_NRT,2.94,335.93,305.53,n,D,45000.0,45000.0,45000.0,45000.0,45000.0,45000.0,45000.0,45.0,45.0,45.0,45.0,45.0,45.0,45.0,45.0,0,0,0,0,0,0,0,0,none,none,none,none,none,none,none
7.70496,81.42134,2026-08-31,807,N,VIIRS,VIIRS_SNPP_NRT,6.93,340.73,303.38,n,D,45000.0,45000.0,45000.0,45000.0,45000.0,45000.0,45000.0,45.0,45.0,45.0,45.0,45.0,45.0,45.0,45.0,0,0,0,0,0,0,0,0,none,none,none,none,none,none,none
7.73714,79.95287,2026-08-31,807,N,VIIRS,VIIRS_SNPP_NRT,3.4,335.15,299.09,n,D,45000.0,45000.0,45000.0,45000.0,45000.0,45000.0,45000.0,45.0,45.0,45.0,45.0,45.0,45.0,45.0,45.0,0,0,0,0,0,0,0,0,none,none,none,none,none,none,none
7.73915,79.95213,2026-08-31,807,N,VIIRS,VIIRS_SNPP_NRT,5.01,345.5,299.7,n,D,45000.0,45000.0,45000.0,45000.0,45000.0,45000.0,45000.0,45.0,45.0,45.0,45.0,45.0,45.0,45.0,45.0,0,0,0,0,0,0,0,0,none,none,none,none,none,none,none
7.8739,80.07893,2026-08-31,807,N,VIIRS,VIIRS_SNPP_NRT,5.31,348.7,305.08,n,D,45000.0,45000.0,45000.0,28056.7,19823.2,19622.8,45000.0,45.0,45.0,45.0,45.0,28.057,19.823,19.623,45.0,0,0,0,0,0,0,0,0,none,none,none,cache,cache,cache,none
7.87699,80.62096,2026-08-31,807,N,VIIRS,VIIRS_SNPP_NRT,2.86,331.9,302.63,n,D,45000.0,45000.0,45000.0,45000.0,45000.0,45000.0,45000.0,45.0,45.0,45.0,45.0,45.0,45.0,45.0,45.0,0,0,0,0,0,0,0,0,none,none,none,none,none,none,none
7.88657,80.13833,2026-08-31,807,N,VIIRS,VIIRS_SNPP_NRT,7.77,345.81,305.14,n,D,45000.0,45000.0,45000.0,22875.3,18144.7,17448.5,45000.0,45.0,45.0,45.0,45.0,22.875,18.145,17.448,45.0,0,0,0,0,0,0,0,0,none,none,none,cache,cache,cache,none
7.88696,80.61943,2026-08-31,807,N,VIIRS,VIIRS_SNPP_NRT,3.88,341.73,302.18,n,D,45000.0,45000.0,45000.0,45000.0,45000.0,45000.0,45000.0,45.0,45.0,45.0,45.0,45.0,45.0,45.0,45.0,0,0,0,0,0,0,0,0,none,none,none,none,none,none,none
7.92286,81.40872,2026-08-31,807,N,VIIRS,VIIRS_SNPP_NRT,4.75,341.88,308.16,n,D,45000.0,45000.0,45000.0,45000.0,45000.0,45000.0,45000.0,45.0,45.0,45.0,45.0,45.0,45.0,45.0,45.0,0,0,0,0,0,0,0,0,none,none,none,none,none,none,none
7.94071,81.30248,2026-08-31,807,N,VIIRS,VIIRS_SNPP_NRT,20.34,345.2,308.84,n,D,45000.0,45000.0,45000.0,45000.0,45000.0,45000.0,45000.0,45.0,45.0,45.0,45.0,45.0,45.0,45.0,45.0,0,0,0,0,0,0,0,0,none,none,none,none,none,none,none
7.94124,81.30596,2026-08-31,807,N,VIIRS,VIIRS_SNPP_NRT,20.34,352.39,313.67,n,D,45000.0,45000.0,45000.0,45000.0,45000.0,45000.0,45000.0,45.0,45.0,45.0,45.0,45.0,45.0,45.0,45.0,0,0,0,0,0,0,0,0,none,none,none,none,none,none,none
7.94297,81.295,2026-08-31,807,N,VIIRS,VIIRS_SNPP_NRT,80.22,350.67,310.0,n,D,45000.0,45000.0,45000.0,45000.0,45000.0,45000.0,45000.0,45.0,45.0,45.0,45.0,45.0,45.0,45.0,45.0,0,0,0,0,0,0,0,0,none,none,none,none,none,none,none
7.94403,81.30197,2026-08-31,807,N,VIIRS,VIIRS_SNPP_NRT,20.34,352.31,313.41,n,D,45000.0,45000.0,45000.0,45000.0,45000.0,45000.0,45000.0,45.0,45.0,45.0,45.0,45.0,45.0,45.0,45.0,0,0,0,0,0,0,0,0,none,none,none,none,none,none,none
7.94456,81.30545,2026-08-31,807,N,VIIRS,VIIRS_SNPP_NRT,20.34,367.0,311.43,h,D,45000.0,45000.0,45000.0,45000.0,45000.0,45000.0,45000.0,45.0,45.0,45.0,45.0,45.0,45.0,45.0,45.0,0,0,0,0,0,0,0,0,none,none,none,none,none,none,none
7.95897,80.09814,2026-08-31,807,N,VIIRS,VIIRS_SNPP_NRT,3.06,338.14,304.5,l,D,20549.0,45000.0,45000.0,20312.2,10345.1,9970.8,45000.0,20.549,20.549,45.0,45.0,20.312,10.345,9.971,45.0,0,0,0,0,0,0,0,0,cache,none,none,cache,cache,cache,none
7.96847,80.62367,2026-08-31,807,N,VIIRS,VIIRS_SNPP_NRT,2.45,334.81,303.21,n,D,45000.0,45000.0,45000.0,45000.0,45000.0,45000.0,45000.0,45.0,45.0,45.0,45.0,45.0,45.0,45.0,45.0,0,0,0,0,0,0,0,0,none,none,none,none,none,none,none
7.99786,80.37258,2026-08-31,807,N,VIIRS,VIIRS_SNPP_NRT,6.58,332.12,305.98,l,D,23329.9,45000.0,45000.0,11001.4,5664.0,6332.8,45000.0,23.33,23.33,45.0,45.0,11.001,5.664,6.333,45.0,0,0,0,0,0,0,0,0,cache,none,none,cache,cache,cache,none
7.9984,80.37608,2026-08-31,807,N,VIIRS,VIIRS_SNPP_NRT,6.58,349.28,308.42,n,D,23616.6,45000.0,45000.0,11252.0,5632.1,6092.6,45000.0,23.617,23.617,45.0,45.0,11.252,5.632,6.093,45.0,0,0,0,0,0,0,0,0,cache,none,none,cache,cache,cache,none
8.01197,81.41592,2026-08-31,807,N,VIIRS,VIIRS_SNPP_NRT,4.35,340.12,310.95,l,D,45000.0,45000.0,45000.0,45000.0,45000.0,45000.0,45000.0,45.0,45.0,45.0,45.0,45.0,45.0,45.0,45.0,0,0,0,0,0,0,0,0,none,none,none,none,none,none,none
8.03437,80.19405,2026-08-31,807,N,VIIRS,VIIRS_SNPP_NRT,6.16,338.36,306.27,n,D,9039.0,45000.0,45000.0,7017.1,1867.2,1539.2,45000.0,9.039,9.039,45.0,45.0,7.017,1.867,1.539,45.0,0,0,0,0,1,1,0,0,cache,none,none,cache,cache,cache,none
8.08878,80.19277,2026-08-31,807,N,VIIRS,VIIRS_SNPP_NRT,5.01,344.37,305.52,n,D,3021.6,45000.0,45000.0,7475.0,844.9,882.0,25951.5,3.022,3.022,45.0,45.0,7.475,0.845,0.882,25.951,0,0,1,0,1,1,1,0,cache,none,none,cache,cache,cache,cache
8.14198,79.99303,2026-08-31,807,N,VIIRS,VIIRS_SNPP_NRT,3.1,337.81,303.02,n,D,45000.0,45000.0,45000.0,45000.0,1618.4,1681.2,45000.0,45.0,45.0,45.0,45.0,45.0,1.618,1.681,45.0,0,0,0,0,1,1,0,0,none,none,none,none,cache,cache,none
8.2525,80.51107,2026-08-31,807,N,VIIRS,VIIRS_SNPP_NRT,2.72,330.03,304.77,l,D,14785.6,45000.0,45000.0,27516.7,12530.8,13883.4,17440.8,14.786,14.786,45.0,45.0,27.517,12.531,13.883,17.441,0,0,0,0,0,0,0,0,cache,none,none,cache,cache,cache,cache
8.26829,80.17477,2026-08-31,807,N,VIIRS,VIIRS_SNPP_NRT,2.7,333.76,308.72,l,D,17156.7,45000.0,45000.0,23642.7,3344.6,6738.5,19607.8,17.157,17.157,45.0,45.0,23.643,3.345,6.739,19.608,0,0,0,0,0,1,0,0,cache,none,none,cache,cache,cache,cache
8.28108,80.16919,2026-08-31,807,N,VIIRS,VIIRS_SNPP_NRT,3.83,341.22,309.37,n,D,18656.8,45000.0,45000.0,25135.0,3606.4,7995.2,20333.8,18.657,18.657,45.0,45.0,25.135,3.606,7.995,20.334,0,0,0,0,0,1,0,0,cache,none,none,cache,cache,cache,cache
8.29091,80.21081,2026-08-31,807,N,VIIRS,VIIRS_SNPP_NRT,5.81,346.43,308.56,n,D,17252.5,45000.0,45000.0,23535.2,1410.2,5892.8,15989.6,17.253,17.253,45.0,45.0,23.535,1.41,5.893,15.99,0,0,0,0,0,1,0,0,cache,none,none,cache,cache,cache,cache
8.30053,80.16256,2026-08-31,807,N,VIIRS,VIIRS_SNPP_NRT,3.66,339.1,308.91,n,D,20913.5,45000.0,45000.0,27293.7,4812.4,9911.5,21404.8,20.913,20.913,45.0,45.0,27.294,4.812,9.912,21.405,0,0,0,0,0,1,0,0,cache,none,none,cache,cache,cache,cache
8.30774,80.12835,2026-08-31,807,N,VIIRS,VIIRS_SNPP_NRT,2.95,332.31,306.22,l,D,22668.5,45000.0,45000.0,45000.0,6820.4,13211.6,45000.0,22.668,22.668,45.0,45.0,45.0,6.82,13.212,45.0,0,0,0,0,0,0,0,0,cache,none,none,none,cache,cache,none
8.31053,80.29387,2026-08-31,807,N,VIIRS,VIIRS_SNPP_NRT,1.4,334.22,305.49,l,D,7860.2,45000.0,45000.0,45000.0,2602.2,4929.5,8562.5,7.86,7.86,45.0,45.0,45.0,2.602,4.929,8.562,0,0,0,0,1,1,0,0,cache,none,none,none,cache,cache,cache
8.34692,80.20496,2026-08-31,807,N,VIIRS,VIIRS_SNPP_NRT,3.86,336.99,309.9,l,D,17451.8,45000.0,45000.0,45000.0,4012.1,12042.9,18906.9,17.452,17.452,45.0,45.0,45.0,4.012,12.043,18.907,0,0,0,0,0,1,0,0,cache,none,none,none,cache,cache,cache
8.34746,80.20847,2026-08-31,807,N,VIIRS,VIIRS_SNPP_NRT,3.85,336.17,309.73,l,D,17074.9,45000.0,45000.0,45000.0,3621.9,12017.9,18606.9,17.075,17.075,45.0,45.0,45.0,3.622,12.018,18.607,0,0,0,0,0,1,0,0,cache,none,none,none,cache,cache,cache
8.35775,80.80066,2026-08-31,807,N,VIIRS,VIIRS_SNPP_NRT,8.27,337.97,310.22,l,D,45000.0,45000.0,45000.0,45000.0,45000.0,45000.0,45000.0,45.0,45.0,45.0,45.0,45.0,45.0,45.0,45.0,0,0,0,0,0,0,0,0,none,none,none,none,none,none,none
8.36229,81.05286,2026-08-31,807,N,VIIRS,VIIRS_SNPP_NRT,6.7,337.65,310.94,l,D,45000.0,45000.0,45000.0,45000.0,45000.0,45000.0,45000.0,45.0,45.0,45.0,45.0,45.0,45.0,45.0,45.0,0,0,0,0,0,0,0,0,none,none,none,none,none,none,none
8.3721,80.43393,2026-08-31,807,N,VIIRS,VIIRS_SNPP_NRT,6.87,336.87,304.21,n,D,4704.0,45000.0,45000.0,45000.0,3032.9,3832.2,15314.8,4.704,4.704,45.0,45.0,45.0,3.033,3.832,15.315,0,0,1,0,1,1,1,0,cache,none,none,none,cache,cache,cache
8.3754,81.1614,2026-08-31,807,N,VIIRS,VIIRS_SNPP_NRT,3.98,336.39,307.17,l,D,45000.0,45000.0,45000.0,45000.0,45000.0,45000.0,45000.0,45.0,45.0,45.0,45.0,45.0,45.0,45.0,45.0,0,0,0,0,0,0,0,0,none,none,none,none,none,none,none
8.37858,80.18925,2026-08-31,807,N,VIIRS,VIIRS_SNPP_NRT,4.28,336.53,308.88,l,D,19833.1,45000.0,45000.0,45000.0,5804.0,14465.2,22292.1,19.833,19.833,45.0,45.0,45.0,5.804,14.465,22.292,0,0,0,0,0,0,0,0,cache,none,none,none,cache,cache,cache
8.38648,80.15206,2026-08-31,807,N,VIIRS,VIIRS_SNPP_NRT,4.9,334.03,304.84,l,D,45000.0,45000.0,45000.0,45000.0,9883.7,11111.1,26168.7,45.0,45.0,45.0,45.0,45.0,9.884,11.111,26.169,0,0,0,0,0,0,0,0,none,none,none,none,cache,cache,cache
8.38703,80.15557,2026-08-31,807,N,VIIRS,VIIRS_SNPP_NRT,4.9,346.01,310.23,n,D,45000.0,45000.0,45000.0,45000.0,9500.7,11384.4,25876.9,45.0,45.0,45.0,45.0,45.0,9.501,11.384,25.877,0,0,0,0,0,0,0,0,none,none,none,none,cache,cache,cache
8.4223,81.09,2026-08-31,807,N,VIIRS,VIIRS_SNPP_NRT,3.98,340.12,310.14,l,D,45000.0,45000.0,45000.0,45000.0,45000.0,45000.0,45000.0,45.0,45.0,45.0,45.0,45.0,45.0,45.0,45.0,0,0,0,0,0,0,0,0,none,none,none,none,none,none,none
8.42869,80.62504,2026-08-31,807,N,VIIRS,VIIRS_SNPP_NRT,5.61,341.14,308.86,n,D,45000.0,45000.0,45000.0,45000.0,45000.0,45000.0,45000.0,45.0,45.0,45.0,45.0,45.0,45.0,45.0,45.0,0,0,0,0,0,0,0,0,none,none,none,none,none,none,none
8.4316,80.79919,2026-08-31,807,N,VIIRS,VIIRS_SNPP_NRT,6.05,341.2,309.0,n,D,45000.0,45000.0,45000.0,45000.0,45000.0,45000.0,45000.0,45.0,45.0,45.0,45.0,45.0,45.0,45.0,45.0,0,0,0,0,0,0,0,0,none,none,none,none,none,none,none
8.43458,80.5528,2026-08-31,807,N,VIIRS,VIIRS_SNPP_NRT,2.47,331.43,304.61,l,D,19350.0,45000.0,45000.0,28260.9,17476.0,17953.4,29329.9,19.35,19.35,45.0,45.0,28.261,17.476,17.953,29.33,0,0,0,0,0,0,0,0,cache,none,none,cache,cache,cache,cache
8.44716,80.87873,2026-08-31,807,N,VIIRS,VIIRS_SNPP_NRT,7.37,338.83,306.9,n,D,45000.0,45000.0,45000.0,45000.0,45000.0,45000.0,45000.0,45.0,45.0,45.0,45.0,45.0,45.0,45.0,45.0,0,0,0,0,0,0,0,0,none,none,none,none,none,none,none
8.4479,80.75037,2026-08-31,807,N,VIIRS,VIIRS_SNPP_NRT,3.6,335.29,308.52,l,D,45000.0,45000.0,45000.0,45000.0,45000.0,45000.0,45000.0,45.0,45.0,45.0,45.0,45.0,45.0,45.0,45.0,0,0,0,0,0,0,0,0,none,none,none,none,none,none,none
8.46928,80.77913,2026-08-31,807,N,VIIRS,VIIRS_SNPP_NRT,7.93,346.94,307.83,n,D,45000.0,45000.0,45000.0,45000.0,45000.0,45000.0,45000.0,45.0,45.0,45.0,45.0,45.0,45.0,45.0,45.0,0,0,0,0,0,0,0,0,none,none,none,none,none,none,none
8.47334,80.16677,2026-08-31,807,N,VIIRS,VIIRS_SNPP_NRT,7.33,342.12,309.88,n,D,26818.5,45000.0,45000.0,45000.0,7637.6,10847.5,45000.0,26.818,26.818,45.0,45.0,45.0,7.638,10.848,45.0,0,0,0,0,0,0,0,0,cache,none,none,none,cache,cache,none
8.47485,80.77115,2026-08-31,807,N,VIIRS,VIIRS_SNPP_NRT,1.53,331.63,303.02,l,D,45000.0,45000.0,45000.0,45000.0,45000.0,45000.0,45000.0,45.0,45.0,45.0,45.0,45.0,45.0,45.0,45.0,0,0,0,0,0,0,0,0,none,none,none,none,none,none,none
8.47952,80.82387,2026-08-31,807,N,VIIRS,VIIRS_SNPP_NRT,4.13,331.96,303.15,l,D,45000.0,45000.0,45000.0,45000.0,45000.0,45000.0,45000.0,45.0,45.0,45.0,45.0,45.0,45.0,45.0,45.0,0,0,0,0,0,0,0,0,none,none,none,none,none,none,none
8.48646,80.36195,2026-08-31,807,N,VIIRS,VIIRS_SNPP_NRT,2.3,333.66,306.36,l,D,13989.0,45000.0,45000.0,15949.0,3322.4,8784.3,45000.0,13.989,13.989,45.0,45.0,15.949,3.322,8.784,45.0,0,0,0,0,0,1,0,0,cache,none,none,cache,cache,cache,none
8.49225,80.81834,2026-08-31,807,N,VIIRS,VIIRS_SNPP_NRT,11.16,353.12,310.05,n,D,45000.0,45000.0,45000.0,45000.0,45000.0,45000.0,45000.0,45.0,45.0,45.0,45.0,45.0,45.0,45.0,45.0,0,0,0,0,0,0,0,0,none,none,none,none,none,none,none
8.49849,80.39584,2026-08-31,807,N,VIIRS,VIIRS_SNPP_NRT,2.61,331.59,303.07,l,D,14938.8,45000.0,45000.0,14431.9,3988.2,7661.7,45000.0,14.939,14.939,45.0,45.0,14.432,3.988,7.662,45.0,0,0,0,0,0,1,0,0,cache,none,none,cache,cache,cache,none
8.49889,80.81732,2026-08-31,807,N,VIIRS,VIIRS_SNPP_NRT,4.41,341.45,307.32,n,D,45000.0,45000.0,45000.0,45000.0,45000.0,45000.0,45000.0,45.0,45.0,45.0,45.0,45.0,45.0,45.0,45.0,0,0,0,0,0,0,0,0,none,none,none,none,none,none,none
8.51151,80.56882,2026-08-31,807,N,VIIRS,VIIRS_SNPP_NRT,4.3,332.96,300.44,n,D,25434.1,45000.0,45000.0,23658.1,20303.3,21617.4,45000.0,25.434,25.434,45.0,45.0,23.658,20.303,21.617,45.0,0,0,0,0,0,0,0,0,cache,none,none,cache,cache,cache,none
8.51499,80.74651,2026-08-31,807,N,VIIRS,VIIRS_SNPP_NRT,9.52,334.79,309.49,l,D,45000.0,45000.0,45000.0,45000.0,45000.0,45000.0,45000.0,45.0,45.0,45.0,45.0,45.0,45.0,45.0,45.0,0,0,0,0,0,0,0,0,none,none,none,none,none,none,none
8.5192,80.46411,2026-08-31,807,N,VIIRS,VIIRS_SNPP_NRT,2.27,331.95,300.33,n,D,18976.3,45000.0,45000.0,14830.1,9162.2,10976.6,45000.0,18.976,18.976,45.0,45.0,14.83,9.162,10.977,45.0,0,0,0,0,0,0,0,0,cache,none,none,cache,cache,cache,none
8.55709,80.62238,2026-08-31,807,N,VIIRS,VIIRS_SNPP_NRT,5.71,336.88,306.97,l,D,45000.0,45000.0,45000.0,45000.0,45000.0,45000.0,45000.0,45.0,45.0,45.0,45.0,45.0,45.0,45.0,45.0,0,0,0,0,0,0,0,0,none,none,none,none,none,none,none
8.55763,80.62587,2026-08-31,807,N,VIIRS,VIIRS_SNPP_NRT,7.3,339.42,308.82,n,D,45000.0,45000.0,45000.0,45000.0,45000.0,45000.0,45000.0,45.0,45.0,45.0,45.0,45.0,45.0,45.0,45.0,0,0,0,0,0,0,0,0,none,none,none,none,none,none,none
8.56241,80.85677,2026-08-31,807,N,VIIRS,VIIRS_SNPP_NRT,6.27,347.43,309.81,n,D,45000.0,45000.0,45000.0,45000.0,45000.0,45000.0,45000.0,45.0,45.0,45.0,45.0,45.0,45.0,45.0,45.0,0,0,0,0,0,0,0,0,none,none,none,none,none,none,none
8.57523,80.74078,2026-08-31,807,N,VIIRS,VIIRS_SNPP_NRT,0.92,334.55,302.39,n,D,45000.0,45000.0,45000.0,45000.0,45000.0,45000.0,45000.0,45.0,45.0,45.0,45.0,45.0,45.0,45.0,45.0,0,0,0,0,0,0,0,0,none,none,none,none,none,none,none
8.5921,80.41267,2026-08-31,807,N,VIIRS,VIIRS_SNPP_NRT,9.48,348.81,308.67,n,D,45000.0,45000.0,45000.0,4946.8,2142.2,3323.1,45000.0,45.0,45.0,45.0,45.0,4.947,2.142,3.323,45.0,0,0,0,0,1,1,0,0,none,none,none,cache,cache,cache,none
8.59252,80.60977,2026-08-31,807,N,VIIRS,VIIRS_SNPP_NRT,3.19,336.11,302.77,n,D,45000.0,45000.0,45000.0,45000.0,45000.0,26074.3,45000.0,45.0,45.0,45.0,45.0,45.0,45.0,26.074,45.0,0,0,0,0,0,0,0,0,none,none,none,none,none,cache,none
8.59517,80.82677,2026-08-31,807,N,VIIRS,VIIRS_SNPP_NRT,24.38,344.09,307.19,n,D,45000.0,45000.0,45000.0,45000.0,45000.0,45000.0,45000.0,45.0,45.0,45.0,45.0,45.0,45.0,45.0,45.0,0,0,0,0,0,0,0,0,none,none,none,none,none,none,none
8.61153,80.51681,2026-08-31,807,N,VIIRS,VIIRS_SNPP_NRT,5.45,338.01,310.3,l,D,45000.0,45000.0,45000.0,13754.7,13327.5,14072.8,45000.0,45.0,45.0,45.0,45.0,13.755,13.328,14.073,45.0,0,0,0,0,0,0,0,0,none,none,none,cache,cache,cache,none
8.6128,80.70208,2026-08-31,807,N,VIIRS,VIIRS_SNPP_NRT,4.65,334.35,307.32,l,D,45000.0,45000.0,45000.0,45000.0,45000.0,45000.0,45000.0,45.0,45.0,45.0,45.0,45.0,45.0,45.0,45.0,0,0,0,0,0,0,0,0,none,none,none,none,none,none,none
8.61921,81.14049,2026-08-31,807,N,VIIRS,VIIRS_SNPP_NRT,9.6,350.21,312.03,n,D,45000.0,45000.0,45000.0,45000.0,45000.0,45000.0,45000.0,45.0,45.0,45.0,45.0,45.0,45.0,45.0,45.0,0,0,0,0,0,0,0,0,none,none,none,none,none,none,none
8.6213,80.7978,2026-08-31,807,N,VIIRS,VIIRS_SNPP_NRT,6.63,348.51,306.04,n,D,45000.0,45000.0,45000.0,45000.0,45000.0,45000.0,45000.0,45.0,45.0,45.0,45.0,45.0,45.0,45.0,45.0,0,0,0,0,0,0,0,0,none,none,none,none,none,none,none
8.62135,80.97601,2026-08-31,807,N,VIIRS,VIIRS_SNPP_NRT,1.17,335.68,304.01,n,D,45000.0,45000.0,45000.0,45000.0,45000.0,45000.0,45000.0,45.0,45.0,45.0,45.0,45.0,45.0,45.0,45.0,0,0,0,0,0,0,0,0,none,none,none,none,none,none,none
8.62952,80.56754,2026-08-31,807,N,VIIRS,VIIRS_SNPP_NRT,3.18,333.65,303.3,n,D,45000.0,45000.0,45000.0,19078.8,18478.5,19487.1,45000.0,45.0,45.0,45.0,45.0,19.079,18.478,19.487,45.0,0,0,0,0,0,0,0,0,none,none,none,cache,cache,cache,none
8.63006,80.57103,2026-08-31,807,N,VIIRS,VIIRS_SNPP_NRT,2.36,332.78,301.35,n,D,45000.0,45000.0,45000.0,19460.2,18851.3,19870.5,45000.0,45.0,45.0,45.0,45.0,19.46,18.851,19.87,45.0,0,0,0,0,0,0,0,0,none,none,none,cache,cache,cache,none
8.63045,80.70648,2026-08-31,807,N,VIIRS,VIIRS_SNPP_NRT,4.17,339.82,310.42,l,D,45000.0,45000.0,45000.0,45000.0,45000.0,45000.0,45000.0,45.0,45.0,45.0,45.0,45.0,45.0,45.0,45.0,0,0,0,0,0,0,0,0,none,none,none,none,none,none,none
8.63466,80.53464,2026-08-31,807,N,VIIRS,VIIRS_SNPP_NRT,3.24,338.93,306.44,n,D,45000.0,45000.0,45000.0,15449.9,14818.2,15875.7,45000.0,45.0,45.0,45.0,45.0,15.45,14.818,15.876,45.0,0,0,0,0,0,0,0,0,none,none,none,cache,cache,cache,none
8.6401,80.65864,2026-08-31,807,N,VIIRS,VIIRS_SNPP_NRT,15.49,339.77,303.83,n,D,45000.0,45000.0,45000.0,45000.0,45000.0,45000.0,45000.0,45.0,45.0,45.0,45.0,45.0,45.0,45.0,45.0,0,0,0,0,0,0,0,0,none,none,none,none,none,none,none
8.65994,80.76608,2026-08-31,807,N,VIIRS,VIIRS_SNPP_NRT,2.09,334.64,305.82,l,D,45000.0,45000.0,45000.0,45000.0,45000.0,45000.0,45000.0,45.0,45.0,45.0,45.0,45.0,45.0,45.0,45.0,0,0,0,0,0,0,0,0,none,none,none,none,none,none,none
8.66698,80.36886,2026-08-31,807,N,VIIRS,VIIRS_SNPP_NRT,3.35,337.97,307.33,n,D,45000.0,45000.0,45000.0,4450.4,1196.9,2647.5,45000.0,45.0,45.0,45.0,45.0,4.45,1.197,2.648,45.0,0,0,0,0,1,1,0,0,none,none,none,cache,cache,cache,none
8.67386,80.74609,2026-08-31,807,N,VIIRS,VIIRS_SNPP_NRT,6.91,338.19,307.61,n,D,45000.0,45000.0,45000.0,45000.0,45000.0,45000.0,45000.0,45.0,45.0,45.0,45.0,45.0,45.0,45.0,45.0,0,0,0,0,0,0,0,0,none,none,none,none,none,none,none
8.68129,81.15162,2026-08-31,807,N,VIIRS,VIIRS_SNPP_NRT,6.41,341.5,311.49,n,D,45000.0,45000.0,45000.0,45000.0,45000.0,45000.0,45000.0,45.0,45.0,45.0,45.0,45.0,45.0,45.0,45.0,0,0,0,0,0,0,0,0,none,none,none,none,none,none,none
8.6821,80.75552,2026-08-31,807,N,VIIRS,VIIRS_SNPP_NRT,5.09,349.96,308.89,n,D,45000.0,45000.0,45000.0,45000.0,45000.0,45000.0,45000.0,45.0,45.0,45.0,45.0,45.0,45.0,45.0,45.0,0,0,0,0,0,0,0,0,none,none,none,none,none,none,none
8.74873,80.32748,2026-08-31,807,N,VIIRS,VIIRS_SNPP_NRT,3.57,338.49,305.13,n,D,45000.0,45000.0,45000.0,14547.1,257.1,641.2,45000.0,45.0,45.0,45.0,45.0,14.547,0.257,0.641,45.0,0,0,0,0,1,1,0,0,none,none,none,cache,cache,cache,none
8.78987,80.99559,2026-08-31,807,N,VIIRS,VIIRS_SNPP_NRT,12.29,343.59,307.86,n,D,45000.0,45000.0,45000.0,45000.0,45000.0,45000.0,45000.0,45.0,45.0,45.0,45.0,45.0,45.0,45.0,45.0,0,0,0,0,0,0,0,0,none,none,none,none,none,none,none
8.80894,80.39244,2026-08-31,807,N,VIIRS,VIIRS_SNPP_NRT,3.36,341.51,306.81,n,D,45000.0,45000.0,45000.0,19265.1,571.1,1427.3,45000.0,45.0,45.0,45.0,45.0,19.265,0.571,1.427,45.0,0,0,0,0,1,1,0,0,none,none,none,cache,cache,cache,none
8.85911,80.74155,2026-08-31,807,N,VIIRS,VIIRS_SNPP_NRT,16.02,349.7,311.49,n,D,45000.0,45000.0,45000.0,45000.0,45000.0,45000.0,45000.0,45.0,45.0,45.0,45.0,45.0,45.0,45.0,45.0,0,0,0,0,0,0,0,0,none,none,none,none,none,none,none
8.90582,80.40517,2026-08-31,807,N,VIIRS,VIIRS_SNPP_NRT,4.3,338.33,305.91,n,D,45000.0,45000.0,45000.0,45000.0,3659.6,4221.4,45000.0,45.0,45.0,45.0,45.0,45.0,3.66,4.221,45.0,0,0,0,0,1,1,0,0,none,none,none,none,cache,cache,none
8.91568,80.42508,2026-08-31,807,N,VIIRS,VIIRS_SNPP_NRT,28.96,341.63,314.07,l,D,45000.0,45000.0,45000.0,45000.0,4070.9,5663.9,45000.0,45.0,45.0,45.0,45.0,45.0,4.071,5.664,45.0,0,0,0,0,0,1,0,0,none,none,none,none,cache,cache,none
8.97013,80.69147,2026-08-31,807,N,VIIRS,VIIRS_SNPP_NRT,6.62,345.28,311.26,n,D,45000.0,45000.0,45000.0,45000.0,45000.0,45000.0,45000.0,45.0,45.0,45.0,45.0,45.0,45.0,45.0,45.0,0,0,0,0,0,0,0,0,none,none,none,none,none,none,none
8.9767,80.37984,2026-08-31,807,N,VIIRS,VIIRS_SNPP_NRT,6.26,336.51,308.02,l,D,45000.0,45000.0,45000.0,45000.0,138.7,4263.5,45000.0,45.0,45.0,45.0,45.0,45.0,0.139,4.263,45.0,0,0,0,0,1,1,0,0,none,none,none,none,cache,cache,none
8.97723,80.38334,2026-08-31,807,N,VIIRS,VIIRS_SNPP_NRT,6.26,337.39,307.43,l,D,45000.0,45000.0,45000.0,45000.0,398.6,4497.4,45000.0,45.0,45.0,45.0,45.0,45.0,0.399,4.497,45.0,0,0,0,0,1,1,0,0,none,none,none,none,cache,cache,none
9.02789,77.86799,2026-08-31,807,N,VIIRS,VIIRS_SNPP_NRT,11.75,345.65,311.04,n,D,15836.4,45000.0,45000.0,11981.2,23267.5,12567.1,6345.0,15.836,15.836,45.0,45.0,11.981,23.267,12.567,6.345,0,0,0,0,0,0,0,0,cache,none,none,cache,cache,cache,cache
9.04133,80.45132,2026-08-31,807,N,VIIRS,VIIRS_SNPP_NRT,19.68,367.0,312.33,h,D,45000.0,45000.0,45000.0,45000.0,6103.6,9586.9,45000.0,45.0,45.0,45.0,45.0,45.0,6.104,9.587,45.0,0,0,0,0,0,0,0,0,none,none,none,none,cache,cache,none
9.11122,80.50833,2026-08-31,807,N,VIIRS,VIIRS_SNPP_NRT,5.42,339.2,310.26,l,D,45000.0,45000.0,45000.0,45000.0,12445.9,10459.1,45000.0,45.0,45.0,45.0,45.0,45.0,12.446,10.459,45.0,0,0,0,0,0,0,0,0,none,none,none,none,cache,cache,none
9.17411,80.12911,2026-08-31,807,N,VIIRS,VIIRS_SNPP_NRT,2.97,332.22,306.33,l,D,45000.0,45000.0,45000.0,22298.5,10451.4,5151.4,45000.0,45.0,45.0,45.0,45.0,22.298,10.451,5.151,45.0,0,0,0,0,0,0,0,0,none,none,none,cache,cache,cache,none
9.17741,78.13036,2026-08-31,807,N,VIIRS,VIIRS_SNPP_NRT,6.86,346.2,304.75,n,D,12105.4,45000.0,45000.0,15479.5,25271.2,10848.0,6591.0,12.105,12.105,45.0,45.0,15.479,25.271,10.848,6.591,0,0,0,0,0,0,0,0,cache,none,none,cache,cache,cache,cache
9.18498,80.30385,2026-08-31,807,N,VIIRS,VIIRS_SNPP_NRT,6.16,347.17,313.38,n,D,45000.0,45000.0,45000.0,16775.6,4545.3,3544.6,45000.0,45.0,45.0,45.0,45.0,16.776,4.545,3.545,45.0,0,0,0,0,1,1,0,0,none,none,none,cache,cache,cache,none
9.19589,80.66298,2026-08-31,807,N,VIIRS,VIIRS_SNPP_NRT,1.84,337.37,309.9,l,D,45000.0,45000.0,45000.0,45000.0,45000.0,45000.0,45000.0,45.0,45.0,45.0,45.0,45.0,45.0,45.0,45.0,0,0,0,0,0,0,0,0,none,none,none,none,none,none,none
9.22821,77.66577,2026-08-31,807,N,VIIRS,VIIRS_SNPP_NRT,16.19,339.43,303.45,l,D,13314.2,45000.0,45000.0,8153.2,8654.1,18564.8,5777.7,13.314,13.314,45.0,45.0,8.153,8.654,18.565,5.778,0,0,0,0,0,0,0,0,cache,none,none,cache,cache,cache,cache
9.26766,80.71529,2026-08-31,807,N,VIIRS,VIIRS_SNPP_NRT,6.53,340.77,307.73,n,D,45000.0,45000.0,45000.0,45000.0,45000.0,45000.0,45000.0,45.0,45.0,45.0,45.0,45.0,45.0,45.0,45.0,0,0,0,0,0,0,0,0,none,none,none,none,none,none,none
9.28584,80.72318,2026-08-31,807,N,VIIRS,VIIRS_SNPP_NRT,3.86,340.11,306.2,n,D,45000.0,45000.0,45000.0,45000.0,45000.0,45000.0,45000.0,45.0,45.0,45.0,45.0,45.0,45.0,45.0,45.0,0,0,0,0,0,0,0,0,none,none,none,none,none,none,none
9.39429,80.28052,2026-08-31,807,N,VIIRS,VIIRS_SNPP_NRT,3.06,338.13,306.48,n,D,14155.4,45000.0,45000.0,7665.5,1520.7,1781.0,45000.0,14.155,14.155,45.0,45.0,7.665,1.521,1.781,45.0,0,0,0,0,1,1,0,0,cache,none,none,cache,cache,cache,none
9.41306,80.4028,2026-08-31,807,N,VIIRS,VIIRS_SNPP_NRT,5.73,353.54,307.32,n,D,18131.2,45000.0,45000.0,18414.6,1114.4,6001.3,45000.0,18.131,18.131,45.0,45.0,18.415,1.114,6.001,45.0,0,0,0,0,0,1,0,0,cache,none,none,cache,cache,cache,none
9.41691,80.40578,2026-08-31,807,N,VIIRS,VIIRS_SNPP_NRT,5.73,332.41,303.93,l,D,17721.3,45000.0,45000.0,18914.7,1240.3,6275.8,45000.0,17.721,17.721,45.0,45.0,18.915,1.24,6.276,45.0,0,0,0,0,0,1,0,0,cache,none,none,cache,cache,cache,none
9.47052,78.63935,2026-08-31,807,N,VIIRS,VIIRS_SNPP_NRT,5.55,342.36,300.43,l,D,2116.7,45000.0,45000.0,22501.5,6328.1,26720.6,7623.7,2.117,2.117,45.0,45.0,22.501,6.328,26.721,7.624,0,0,1,0,0,0,1,0,cache,none,none,cache,cache,cache,cache
9.77185,78.36581,2026-08-31,807,N,VIIRS,VIIRS_SNPP_NRT,3.64,340.43,303.44,n,D,4958.0,45000.0,45000.0,12150.4,8878.0,5127.3,9826.0,4.958,4.958,45.0,45.0,12.15,8.878,5.127,9.826,0,0,1,0,0,0,1,0,cache,none,none,cache,cache,cache,cache
9.8061,77.88528,2026-08-31,807,N,VIIRS,VIIRS_SNPP_NRT,7.57,340.12,312.07,l,D,6555.8,45000.0,45000.0,8608.1,12452.8,15490.8,11942.4,6.556,6.556,45.0,45.0,8.608,12.453,15.491,11.942,0,0,0,0,0,0,0,0,cache,none,none,cache,cache,cache,cache
9.80675,77.88925,2026-08-31,807,N,VIIRS,VIIRS_SNPP_NRT,7.57,344.35,314.76,l,D,6159.3,45000.0,45000.0,8196.0,12012.0,15628.5,12343.9,6.159,6.159,45.0,45.0,8.196,12.012,15.629,12.344,0,0,0,0,0,0,0,0,cache,none,none,cache,cache,cache,cache
9.90981,78.52617,2026-08-31,807,N,VIIRS,VIIRS_SNPP_NRT,4.17,339.05,304.96,l,D,7171.1,45000.0,45000.0,11218.0,45000.0,8983.2,14401.1,7.171,7.171,45.0,45.0,11.218,45.0,8.983,14.401,0,0,0,0,0,0,0,0,cache,none,none,cache,none,cache,cache
9.98556,77.43252,2026-08-31,807,N,VIIRS,VIIRS_SNPP_NRT,5.73,336.54,304.75,l,D,1354.9,45000.0,45000.0,3706.6,5838.4,4691.1,18898.9,1.355,1.355,45.0,45.0,3.707,5.838,4.691,18.899,0,0,1,1,1,0,3,0,cache,none,none,cache,cache,cache,cache
11.62862,78.61463,2026-08-31,807,N,VIIRS,VIIRS_SNPP_NRT,4.3,331.27,298.12,l,D,3916.6,45000.0,45000.0,14072.1,5908.9,7561.7,45000.0,3.917,3.917,45.0,45.0,14.072,5.909,7.562,45.0,0,0,1,0,0,0,1,0,cache,none,none,cache,cache,cache,none
11.52704,77.24921,2026-08-31,809,N,VIIRS,VIIRS_SNPP_NRT,3.56,330.49,299.28,l,D,5047.8,45000.0,45000.0,27024.8,4660.4,13742.4,7921.1,5.048,5.048,45.0,45.0,27.025,4.66,13.742,7.921,0,0,0,0,0,1,0,0,cache,none,none,cache,cache,cache,cache
11.52934,77.24984,2026-08-31,809,N,VIIRS,VIIRS_SNPP_NRT,4.63,332.74,298.98,n,D,5250.6,45000.0,45000.0,27266.7,4861.7,13478.5,8173.0,5.251,5.251,45.0,45.0,27.267,4.862,13.479,8.173,0,0,0,0,0,1,0,0,cache,none,none,cache,cache,cache,cache
11.73493,77.98431,2026-08-31,809,N,VIIRS,VIIRS_SNPP_NRT,3.07,331.16,299.52,n,D,6600.5,45000.0,45000.0,12715.2,7625.4,7186.1,18930.6,6.601,6.601,45.0,45.0,12.715,7.625,7.186,18.931,0,0,0,0,0,0,0,0,cache,none,none,cache,cache,cache,cache
11.80935,77.92519,2026-08-31,809,N,VIIRS,VIIRS_SNPP_NRT,2.83,331.34,292.97,l,D,951.2,45000.0,45000.0,16472.9,16449.6,5384.5,10655.9,0.951,0.951,45.0,45.0,16.473,16.45,5.385,10.656,0,0,1,1,0,0,3,0,cache,none,none,cache,cache,cache,cache
11.99381,79.54753,2026-08-31,809,N,VIIRS,VIIRS_SNPP_NRT,8.02,350.08,310.35,n,D,6244.2,45000.0,45000.0,13777.9,10997.1,4870.3,45000.0,6.244,6.244,45.0,45.0,13.778,10.997,4.87,45.0,0,0,0,0,1,0,0,0,cache,none,none,cache,cache,cache,none
11.99713,79.547,2026-08-31,809,N,VIIRS,VIIRS_SNPP_NRT,8.02,346.13,308.36,n,D,5874.0,45000.0,45000.0,13659.5,11309.9,5236.7,45000.0,5.874,5.874,45.0,45.0,13.66,11.31,5.237,45.0,0,0,0,0,0,0,0,0,cache,none,none,cache,cache,cache,none
12.05555,79.07794,2026-08-31,809,N,VIIRS,VIIRS_SNPP_NRT,2.96,330.89,302.51,l,D,11600.4,45000.0,45000.0,24517.9,14229.7,2787.8,45000.0,11.6,11.6,45.0,45.0,24.518,14.23,2.788,45.0,0,0,0,0,1,0,0,0,cache,none,none,cache,cache,cache,none
12.58657,79.6415,2026-08-31,809,N,VIIRS,VIIRS_SNPP_NRT,4.02,349.15,307.62,n,D,15248.2,45000.0,45000.0,45000.0,3815.7,19799.7,17013.8,15.248,15.248,45.0,45.0,45.0,3.816,19.8,17.014,0,0,0,0,0,1,0,0,cache,none,none,none,cache,cache,cache
13.40939,80.26858,2026-08-31,809,N,VIIRS,VIIRS_SNPP_NRT,2.09,339.14,301.29,n,D,6423.1,45000.0,45000.0,24754.3,12291.4,10559.2,14825.2,6.423,6.423,45.0,45.0,24.754,12.291,10.559,14.825,0,0,0,0,0,0,0,0,cache,none,none,cache,cache,cache,cache
13.81923,79.34404,2026-08-31,809,N,VIIRS,VIIRS_SNPP_NRT,13.51,351.56,293.93,n,D,6250.2,45000.0,45000.0,45000.0,11043.2,14303.6,27576.8,6.25,6.25,45.0,45.0,45.0,11.043,14.304,27.577,0,0,0,0,0,0,0,0,cache,none,none,none,cache,cache,cache
14.47656,78.25895,2026-08-31,809,N,VIIRS,VIIRS_SNPP_NRT,5.87,335.97,296.94,n,D,1453.4,45000.0,45000.0,4290.7,45000.0,45000.0,2659.4,1.453,1.453,45.0,45.0,4.291,45.0,45.0,2.659,0,1,1,1,0,0,3,0,cache,none,none,cache,none,none,cache
27.71435,68.49007,2026-08-31,813,N,VIIRS,VIIRS_SNPP_NRT,28.78,350.78,304.87,n,D,45000.0,45000.0,45000.0,45000.0,45000.0,45000.0,45000.0,45.0,45.0,45.0,45.0,45.0,45.0,45.0,45.0,0,0,0,0,0,0,0,0,none,none,none,none,none,none,none
28.12977,76.78864,2026-08-31,813,N,VIIRS,VIIRS_SNPP_NRT,2.37,335.41,296.53,n,D,376.5,45000.0,45000.0,7538.1,7814.6,11007.0,19953.9,0.376,0.376,45.0,45.0,7.538,7.815,11.007,19.954,0,0,1,1,0,0,3,0,cache,none,none,cache,cache,cache,cache
31.1293,74.65489,2026-08-31,813,N,VIIRS,VIIRS_SNPP_NRT,4.79,341.05,298.33,n,D,8588.5,45000.0,45000.0,45000.0,8422.7,16065.4,16545.4,8.588,8.588,45.0,45.0,45.0,8.423,16.065,16.545,0,0,0,0,0,0,0,0,cache,none,none,none,cache,cache,cache
31.3222,72.33394,2026-08-31,813,N,VIIRS,VIIRS_SNPP_NRT,8.52,341.28,301.15,n,D,45000.0,45000.0,45000.0,45000.0,45000.0,45000.0,45000.0,45.0,45.0,45.0,45.0,45.0,45.0,45.0,45.0,0,0,0,0,0,0,0,0,none,none,none,none,none,none,none
31.37494,74.45004,2026-08-31,813,N,VIIRS,VIIRS_SNPP_NRT,6.1,346.78,300.46,n,D,4345.5,45000.0,45000.0,45000.0,7263.5,4341.8,3922.9,4.346,4.346,45.0,45.0,45.0,7.264,4.342,3.923,0,1,1,0,1,0,1,0,cache,none,none,none,cache,cache,cache
28.34651,77.2308,2026-08-31,2038,N,VIIRS,VIIRS_SNPP_NRT,1.97,309.35,291.76,n,N,2885.0,45000.0,45000.0,4292.0,6160.4,202.6,11047.4,2.885,2.885,45.0,45.0,4.292,6.16,0.203,11.047,0,0,1,0,1,0,1,0,cache,none,none,cache,cache,cache,cache
28.37152,77.22688,2026-08-31,2038,N,VIIRS,VIIRS_SNPP_NRT,1.55,323.5,289.42,n,N,672.2,45000.0,45000.0,1490.2,5421.9,1789.5,9002.6,0.672,0.672,45.0,45.0,1.49,5.422,1.79,9.003,0,0,1,1,1,0,3,0,cache,none,none,cache,cache,cache,cache
29.4606,76.88784,2026-08-31,2038,N,VIIRS,VIIRS_SNPP_NRT,2.34,308.38,292.7,n,N,822.2,1456.4,45000.0,45000.0,9413.1,13512.7,1415.3,0.822,0.822,1.456,45.0,45.0,9.413,13.513,1.415,1,1,1,1,0,0,3,2,cache,cache,none,none,cache,cache,cache
29.47525,76.859,2026-08-31,2038,N,VIIRS,VIIRS_SNPP_NRT,2.78,314.13,292.51,n,N,970.0,1924.5,45000.0,45000.0,6923.6,13798.7,1820.3,0.97,0.97,1.925,45.0,45.0,6.924,13.799,1.82,1,1,1,1,0,0,3,2,cache,cache,none,none,cache,cache,cache
29.78555,91.60432,2026-08-31,2038,N,VIIRS,VIIRS_SNPP_NRT,1.24,301.18,279.53,n,N,45000.0,45000.0,45000.0,45000.0,45000.0,45000.0,45000.0,45.0,45.0,45.0,45.0,45.0,45.0,45.0,45.0,0,0,0,0,0,0,0,0,none,none,none,none,none,none,none
32.5747,72.56332,2026-08-31,2038,N,VIIRS,VIIRS_SNPP_NRT,3.15,308.45,292.32,n,N,45000.0,45000.0,45000.0,45000.0,45000.0,45000.0,45000.0,45.0,45.0,45.0,45.0,45.0,45.0,45.0,45.0,0,0,0,0,0,0,0,0,none,none,none,none,none,none,none
32.8878,71.61481,2026-08-31,2038,N,VIIRS,VIIRS_SNPP_NRT,3.59,307.36,292.4,n,N,45000.0,45000.0,45000.0,45000.0,45000.0,45000.0,45000.0,45.0,45.0,45.0,45.0,45.0,45.0,45.0,45.0,0,0,0,0,0,0,0,0,none,none,none,none,none,none,none
32.88905,71.61505,2026-08-31,2038,N,VIIRS,VIIRS_SNPP_NRT,3.29,307.79,292.31,n,N,45000.0,45000.0,45000.0,45000.0,45000.0,45000.0,45000.0,45.0,45.0,45.0,45.0,45.0,45.0,45.0,45.0,0,0,0,0,0,0,0,0,none,none,none,none,none,none,none
35.96856,68.68645,2026-08-31,2038,N,VIIRS,VIIRS_SNPP_NRT,0.58,302.12,291.06,n,N,45000.0,45000.0,45000.0,45000.0,45000.0,45000.0,45000.0,45.0,45.0,45.0,45.0,45.0,45.0,45.0,45.0,0,0,0,0,0,0,0,0,none,none,none,none,none,none,none
21.10513,72.64378,2026-08-31,2040,N,VIIRS,VIIRS_SNPP_NRT,5.89,330.75,287.66,n,N,526.2,45000.0,2473.3,45000.0,3614.8,11168.1,1369.0,0.526,0.526,45.0,2.473,45.0,3.615,11.168,1.369,0,1,1,1,0,1,3,0,cache,none,cache,none,cache,cache,cache
21.10902,72.64436,2026-08-31,2040,N,VIIRS,VIIRS_SNPP_NRT,1.6,299.5,284.52,n,N,114.0,45000.0,2709.5,45000.0,3218.5,11383.2,1199.9,0.114,0.114,45.0,2.71,45.0,3.218,11.383,1.2,0,1,1,1,0,1,3,0,cache,none,cache,none,cache,cache,cache
22.3858,73.11745,2026-08-31,2040,N,VIIRS,VIIRS_SNPP_NRT,1.11,305.2,282.63,n,N,989.7,733.6,45000.0,45000.0,9126.9,9158.5,2041.6,0.99,0.99,0.734,45.0,45.0,9.127,9.159,2.042,1,1,1,1,0,0,3,2,cache,cache,none,none,cache,cache,cache
22.3882,73.11613,2026-08-31,2040,N,VIIRS,VIIRS_SNPP_NRT,2.6,321.54,282.49,n,N,690.5,1024.0,45000.0,45000.0,9419.7,9448.2,2092.5,0.691,0.691,1.024,45.0,45.0,9.42,9.448,2.092,1,1,1,1,0,0,3,2,cache,cache,none,none,cache,cache,cache
22.38964,73.11803,2026-08-31,2040,N,VIIRS,VIIRS_SNPP_NRT,1.41,318.73,282.32,n,N,669.6,1151.0,45000.0,45000.0,9425.4,9442.8,2345.0,0.67,0.67,1.151,45.0,45.0,9.425,9.443,2.345,1,1,1,1,0,0,3,2,cache,cache,none,none,cache,cache,cache
24.76271,74.60774,2026-08-31,2040,N,VIIRS,VIIRS_SNPP_NRT,1.26,306.91,281.39,n,N,204.5,6758.1,45000.0,1904.9,22259.1,8017.5,496.0,0.204,0.204,6.758,45.0,1.905,22.259,8.018,0.496,0,1,1,1,0,0,3,0,cache,cache,none,cache,cache,cache,cache
24.76335,74.60571,2026-08-31,2040,N,VIIRS,VIIRS_SNPP_NRT,0.71,303.34,280.61,n,N,222.8,6769.1,45000.0,1941.6,22378.3,7895.2,575.4,0.223,0.223,6.769,45.0,1.942,22.378,7.895,0.575,0,1,1,1,0,0,3,0,cache,cache,none,cache,cache,cache,cache
25.3894,68.57961,2026-08-31,2040,N,VIIRS,VIIRS_SNPP_NRT,1.29,315.17,293.42,n,N,45000.0,45000.0,45000.0,45000.0,45000.0,45000.0,45000.0,45.0,45.0,45.0,45.0,45.0,45.0,45.0,45.0,0,0,0,0,0,0,0,0,none,none,none,none,none,none,none
27.71806,68.49272,2026-08-31,2040,N,VIIRS,VIIRS_SNPP_NRT,0.44,313.32,294.94,n,N,45000.0,45000.0,45000.0,45000.0,45000.0,45000.0,45000.0,45.0,45.0,45.0,45.0,45.0,45.0,45.0,45.0,0,0,0,0,0,0,0,0,none,none,none,none,none,none,none
28.42419,69.70075,2026-08-31,2040,N,VIIRS,VIIRS_SNPP_NRT,0.87,308.69,296.56,n,N,25375.6,45000.0,45000.0,45000.0,45000.0,45000.0,580.4,25.376,25.376,45.0,45.0,45.0,45.0,45.0,0.58,0,1,0,0,0,0,0,0,cache,none,none,none,none,none,cache
15.1696,76.37997,2026-08-31,2042,N,VIIRS,VIIRS_SNPP_NRT,0.65,296.09,271.6,n,N,653.0,45000.0,45000.0,4367.9,13268.9,8624.6,356.3,0.653,0.653,45.0,45.0,4.368,13.269,8.625,0.356,0,1,1,1,0,0,3,0,cache,none,none,cache,cache,cache,cache
15.65919,73.98986,2026-08-31,2042,N,VIIRS,VIIRS_SNPP_NRT,1.8,315.41,289.55,n,N,60.7,45000.0,45000.0,1023.6,3083.4,236.1,12863.2,0.061,0.061,45.0,45.0,1.024,3.083,0.236,12.863,0,0,1,1,1,1,3,0,cache,none,none,cache,cache,cache,cache
17.06269,76.97835,2026-08-31,2042,N,VIIRS,VIIRS_SNPP_NRT,0.84,306.39,286.56,n,N,303.9,45000.0,45000.0,436.2,5487.2,15774.3,836.2,0.304,0.304,45.0,45.0,0.436,5.487,15.774,0.836,0,1,1,1,0,0,3,0,cache,none,none,cache,cache,cache,cache
17.43479,74.96613,2026-08-31,2042,N,VIIRS,VIIRS_SNPP_NRT,0.74,307.73,289.13,n,N,1704.4,45000.0,45000.0,45000.0,19592.9,23952.8,12439.2,1.704,1.704,45.0,45.0,45.0,19.593,23.953,12.439,0,0,1,1,0,0,3,0,cache,none,none,none,cache,cache,cache
18.42431,74.38948,2026-08-31,2042,N,VIIRS,VIIRS_SNPP_NRT,0.44,307.81,290.41,n,N,3027.6,45000.0,45000.0,2849.3,7171.5,8884.3,9736.8,3.028,3.028,45.0,45.0,2.849,7.171,8.884,9.737,0,0,1,0,0,0,1,0,cache,none,none,cache,cache,cache,cache
18.59601,74.25494,2026-08-31,2042,N,VIIRS,VIIRS_SNPP_NRT,1.7,317.81,290.26,n,N,4379.6,45000.0,45000.0,20988.7,4710.6,3189.8,13361.2,4.38,4.38,45.0,45.0,20.989,4.711,3.19,13.361,0,0,1,0,1,1,1,0,cache,none,none,cache,cache,cache,cache
18.68149,73.03835,2026-08-31,2042,N,VIIRS,VIIRS_SNPP_NRT,3.11,311.06,292.45,n,N,937.8,45000.0,15763.8,7574.4,14201.9,4171.9,725.7,0.938,0.938,45.0,15.764,7.574,14.202,4.172,0.726,0,1,1,1,1,0,3,0,cache,none,cache,cache,cache,cache,cache
18.68213,73.03376,2026-08-31,2042,N,VIIRS,VIIRS_SNPP_NRT,1.93,305.47,292.44,n,N,1080.8,45000.0,16069.9,7964.5,13724.0,4659.8,1088.0,1.081,1.081,45.0,16.07,7.964,13.724,4.66,1.088,0,1,1,1,1,0,3,0,cache,none,cache,cache,cache,cache,cache
18.68646,73.02973,2026-08-31,2042,N,VIIRS,VIIRS_SNPP_NRT,1.93,306.48,288.82,n,N,1154.5,45000.0,16701.8,8141.6,13160.5,4799.9,1417.1,1.154,1.154,45.0,16.702,8.142,13.161,4.8,1.417,0,1,1,1,1,0,3,0,cache,none,cache,cache,cache,cache,cache
19.36855,71.35361,2026-08-31,2042,N,VIIRS,VIIRS_SNPP_NRT,2.17,312.3,291.62,n,N,45000.0,45000.0,45000.0,45000.0,45000.0,45000.0,45000.0,45.0,45.0,45.0,45.0,45.0,45.0,45.0,45.0,0,0,0,0,0,0,0,0,none,none,none,none,none,none,none
7.39012,80.88872,2026-08-31,2044,N,VIIRS,VIIRS_SNPP_NRT,2.8,318.01,289.62,n,N,45000.0,45000.0,45000.0,45000.0,45000.0,45000.0,45000.0,45.0,45.0,45.0,45.0,45.0,45.0,45.0,45.0,0,0,0,0,0,0,0,0,none,none,none,none,none,none,none
7.39378,80.89077,2026-08-31,2044,N,VIIRS,VIIRS_SNPP_NRT,4.23,334.68,290.36,n,N,45000.0,45000.0,45000.0,45000.0,45000.0,45000.0,45000.0,45.0,45.0,45.0,45.0,45.0,45.0,45.0,45.0,0,0,0,0,0,0,0,0,none,none,none,none,none,none,none
7.39473,80.88899,2026-08-31,2044,N,VIIRS,VIIRS_SNPP_NRT,2.86,324.22,289.75,n,N,45000.0,45000.0,45000.0,45000.0,45000.0,45000.0,45000.0,45.0,45.0,45.0,45.0,45.0,45.0,45.0,45.0,0,0,0,0,0,0,0,0,none,none,none,none,none,none,none
8.09268,80.79333,2026-08-31,2044,N,VIIRS,VIIRS_SNPP_NRT,1.9,316.15,292.86,n,N,45000.0,45000.0,45000.0,45000.0,45000.0,45000.0,45000.0,45.0,45.0,45.0,45.0,45.0,45.0,45.0,45.0,0,0,0,0,0,0,0,0,none,none,none,none,none,none,none
8.11074,79.87141,2026-08-31,2044,N,VIIRS,VIIRS_SNPP_NRT,2.02,312.18,291.17,n,N,45000.0,45000.0,45000.0,45000.0,1074.0,4402.1,17472.8,45.0,45.0,45.0,45.0,45.0,1.074,4.402,17.473,0,0,0,0,1,1,0,0,none,none,none,none,cache,cache,cache
8.11138,79.86758,2026-08-31,2044,N,VIIRS,VIIRS_SNPP_NRT,2.42,306.74,291.83,n,N,45000.0,45000.0,45000.0,45000.0,1293.2,4051.2,17061.2,45.0,45.0,45.0,45.0,45.0,1.293,4.051,17.061,0,0,0,0,1,1,0,0,none,none,none,none,cache,cache,cache
8.11194,79.87071,2026-08-31,2044,N,VIIRS,VIIRS_SNPP_NRT,2.58,322.48,291.95,n,N,45000.0,45000.0,45000.0,45000.0,1221.4,4387.7,17410.5,45.0,45.0,45.0,45.0,45.0,1.221,4.388,17.41,0,0,0,0,1,1,0,0,none,none,none,none,cache,cache,cache
8.74017,78.09332,2026-08-31,2044,N,VIIRS,VIIRS_SNPP_NRT,0.38,306.91,294.39,n,N,1565.7,45000.0,45000.0,16630.0,7925.3,6835.6,3999.0,1.566,1.566,45.0,45.0,16.63,7.925,6.836,3.999,0,1,1,1,0,0,3,0,cache,none,none,cache,cache,cache,cache
10.41461,77.11382,2026-08-31,2044,N,VIIRS,VIIRS_SNPP_NRT,0.43,305.75,289.06,n,N,13945.7,45000.0,45000.0,45000.0,9595.8,1606.2,7718.2,13.946,13.946,45.0,45.0,45.0,9.596,1.606,7.718,0,0,0,0,1,0,0,0,cache,none,none,none,cache,cache,cache
10.94284,78.06322,2026-08-31,2044,N,VIIRS,VIIRS_SNPP_NRT,1.41,316.81,294.36,n,N,2329.8,45000.0,45000.0,7734.4,555.4,18670.8,13429.7,2.33,2.33,45.0,45.0,7.734,0.555,18.671,13.43,0,0,1,0,0,1,1,0,cache,none,none,cache,cache,cache,cache
11.08366,78.75399,2026-08-31,2044,N,VIIRS,VIIRS_SNPP_NRT,2.89,311.37,294.08,n,N,14980.0,45000.0,45000.0,5593.4,2636.6,1720.2,6268.5,14.98,14.98,45.0,45.0,5.593,2.637,1.72,6.268,0,0,0,0,1,1,0,0,cache,none,none,cache,cache,cache,cache
11.18313,79.09899,2026-08-31,2044,N,VIIRS,VIIRS_SNPP_NRT,0.5,304.24,283.87,n,N,695.6,45000.0,45000.0,5222.0,9904.8,16482.5,721.9,0.696,0.696,45.0,45.0,5.222,9.905,16.483,0.722,0,1,1,1,0,0,3,0,cache,none,none,cache,cache,cache,cache
11.80957,77.92274,2026-08-31,2044,N,VIIRS,VIIRS_SNPP_NRT,1.65,309.05,293.67,n,N,736.8,45000.0,45000.0,16220.9,16415.9,5408.6,10388.6,0.737,0.737,45.0,45.0,16.221,16.416,5.409,10.389,0,0,1,1,0,0,3,0,cache,none,none,cache,cache,cache,cache
11.81027,77.91869,2026-08-31,2044,N,VIIRS,VIIRS_SNPP_NRT,2.44,306.89,292.03,n,N,471.8,45000.0,45000.0,15815.2,16406.4,5514.0,9945.8,0.472,0.472,45.0,45.0,15.815,16.406,5.514,9.946,0,0,1,1,0,0,3,0,cache,none,none,cache,cache,cache,cache
11.81802,77.91586,2026-08-31,2044,N,VIIRS,VIIRS_SNPP_NRT,1.71,308.19,291.36,n,N,468.4,45000.0,45000.0,15772.5,17204.2,6406.5,9655.0,0.468,0.468,45.0,45.0,15.772,17.204,6.407,9.655,0,0,1,1,0,0,3,0,cache,none,none,cache,cache,cache,cache
12.59783,77.8851,2026-08-31,2044,N,VIIRS,VIIRS_SNPP_NRT,0.27,299.48,281.77,n,N,2928.9,45000.0,45000.0,1625.4,11942.6,3642.1,15229.7,2.929,2.929,45.0,45.0,1.625,11.943,3.642,15.23,0,0,1,0,1,0,1,0,cache,none,none,cache,cache,cache,cache
12.60132,77.88569,2026-08-31,2044,N,VIIRS,VIIRS_SNPP_NRT,0.27,308.19,283.62,n,N,3178.0,45000.0,45000.0,1484.2,12150.0,3251.1,15078.1,3.178,3.178,45.0,45.0,1.484,12.15,3.251,15.078,0,0,1,0,1,0,1,0,cache,none,none,cache,cache,cache,cache
6.19543,81.0187,2026-09-01,748,N,VIIRS,VIIRS_SNPP_NRT,3.17,334.15,296.73,n,D,45000.0,45000.0,45000.0,45000.0,45000.0,45000.0,45000.0,45.0,45.0,45.0,45.0,45.0,45.0,45.0,45.0,0,0,0,0,0,0,0,0,none,none,none,none,none,none,none
6.23883,81.20638,2026-09-01,748,N,VIIRS,VIIRS_SNPP_NRT,1.23,330.31,298.18,n,D,45000.0,45000.0,45000.0,45000.0,45000.0,45000.0,45000.0,45.0,45.0,45.0,45.0,45.0,45.0,45.0,45.0,0,0,0,0,0,0,0,0,none,none,none,none,none,none,none
6.32778,81.01263,2026-09-01,748,N,VIIRS,VIIRS_SNPP_NRT,2.71,342.68,298.03,n,D,45000.0,45000.0,45000.0,45000.0,45000.0,45000.0,45000.0,45.0,45.0,45.0,45.0,45.0,45.0,45.0,45.0,0,0,0,0,0,0,0,0,none,none,none,none,none,none,none
6.33772,81.34603,2026-09-01,748,N,VIIRS,VIIRS_SNPP_NRT,7.75,334.53,296.73,n,D,45000.0,45000.0,45000.0,45000.0,45000.0,45000.0,45000.0,45.0,45.0,45.0,45.0,45.0,45.0,45.0,45.0,0,0,0,0,0,0,0,0,none,none,none,none,none,none,none
6.33925,81.34753,2026-09-01,748,N,VIIRS,VIIRS_SNPP_NRT,4.21,335.71,296.64,n,D,45000.0,45000.0,45000.0,45000.0,45000.0,45000.0,45000.0,45.0,45.0,45.0,45.0,45.0,45.0,45.0,45.0,0,0,0,0,0,0,0,0,none,none,none,none,none,none,none
6.35255,81.13854,2026-09-01,748,N,VIIRS,VIIRS_SNPP_NRT,3.16,342.55,298.76,n,D,45000.0,45000.0,45000.0,45000.0,45000.0,45000.0,45000.0,45.0,45.0,45.0,45.0,45.0,45.0,45.0,45.0,0,0,0,0,0,0,0,0,none,none,none,none,none,none,none
6.39061,81.01627,2026-09-01,748,N,VIIRS,VIIRS_SNPP_NRT,5.79,348.9,298.11,n,D,45000.0,45000.0,45000.0,45000.0,45000.0,45000.0,45000.0,45.0,45.0,45.0,45.0,45.0,45.0,45.0,45.0,0,0,0,0,0,0,0,0,none,none,none,none,none,none,none
6.411,81.08882,2026-09-01,748,N,VIIRS,VIIRS_SNPP_NRT,0.85,331.91,296.1,n,D,45000.0,45000.0,45000.0,45000.0,45000.0,45000.0,45000.0,45.0,45.0,45.0,45.0,45.0,45.0,45.0,45.0,0,0,0,0,0,0,0,0,none,none,none,none,none,none,none
6.41308,81.00175,2026-09-01,748,N,VIIRS,VIIRS_SNPP_NRT,2.93,336.85,296.79,n,D,45000.0,45000.0,45000.0,45000.0,45000.0,45000.0,45000.0,45.0,45.0,45.0,45.0,45.0,45.0,45.0,45.0,0,0,0,0,0,0,0,0,none,none,none,none,none,none,none
6.56763,80.98006,2026-09-01,748,N,VIIRS,VIIRS_SNPP_NRT,2.46,331.95,298.34,n,D,45000.0,45000.0,45000.0,45000.0,45000.0,45000.0,45000.0,45.0,45.0,45.0,45.0,45.0,45.0,45.0,45.0,0,0,0,0,0,0,0,0,none,none,none,none,none,none,none
6.70304,81.54429,2026-09-01,748,N,VIIRS,VIIRS_SNPP_NRT,5.44,334.86,300.62,n,D,45000.0,45000.0,45000.0,45000.0,45000.0,45000.0,45000.0,45.0,45.0,45.0,45.0,45.0,45.0,45.0,45.0,0,0,0,0,0,0,0,0,none,none,none,none,none,none,none
6.7111,81.59296,2026-09-01,748,N,VIIRS,VIIRS_SNPP_NRT,5.1,332.59,299.56,n,D,45000.0,45000.0,45000.0,45000.0,45000.0,45000.0,45000.0,45.0,45.0,45.0,45.0,45.0,45.0,45.0,45.0,0,0,0,0,0,0,0,0,none,none,none,none,none,none,none
6.73593,81.59883,2026-09-01,748,N,VIIRS,VIIRS_SNPP_NRT,8.39,337.41,299.81,n,D,45000.0,45000.0,45000.0,45000.0,45000.0,45000.0,45000.0,45.0,45.0,45.0,45.0,45.0,45.0,45.0,45.0,0,0,0,0,0,0,0,0,none,none,none,none,none,none,none
6.73672,81.60365,2026-09-01,748,N,VIIRS,VIIRS_SNPP_NRT,13.03,335.05,299.25,n,D,45000.0,45000.0,45000.0,45000.0,45000.0,45000.0,45000.0,45.0,45.0,45.0,45.0,45.0,45.0,45.0,45.0,0,0,0,0,0,0,0,0,none,none,none,none,none,none,none
6.74266,81.51804,2026-09-01,748,N,VIIRS,VIIRS_SNPP_NRT,2.55,337.49,300.14,n,D,45000.0,45000.0,45000.0,45000.0,45000.0,45000.0,45000.0,45.0,45.0,45.0,45.0,45.0,45.0,45.0,45.0,0,0,0,0,0,0,0,0,none,none,none,none,none,none,none
6.80369,81.52106,2026-09-01,748,N,VIIRS,VIIRS_SNPP_NRT,5.57,336.16,302.28,n,D,45000.0,45000.0,45000.0,45000.0,45000.0,45000.0,45000.0,45.0,45.0,45.0,45.0,45.0,45.0,45.0,45.0,0,0,0,0,0,0,0,0,none,none,none,none,none,none,none
6.81535,81.51917,2026-09-01,748,N,VIIRS,VIIRS_SNPP_NRT,3.0,338.94,300.72,n,D,45000.0,45000.0,45000.0,45000.0,45000.0,45000.0,45000.0,45.0,45.0,45.0,45.0,45.0,45.0,45.0,45.0,0,0,0,0,0,0,0,0,none,none,none,none,none,none,none
6.8355,81.49601,2026-09-01,748,N,VIIRS,VIIRS_SNPP_NRT,9.59,333.16,299.88,n,D,45000.0,45000.0,45000.0,45000.0,45000.0,45000.0,45000.0,45.0,45.0,45.0,45.0,45.0,45.0,45.0,45.0,0,0,0,0,0,0,0,0,none,none,none,none,none,none,none
6.83939,81.49536,2026-09-01,748,N,VIIRS,VIIRS_SNPP_NRT,9.59,345.89,300.37,n,D,45000.0,45000.0,45000.0,45000.0,45000.0,45000.0,45000.0,45.0,45.0,45.0,45.0,45.0,45.0,45.0,45.0,0,0,0,0,0,0,0,0,none,none,none,none,none,none,none
6.84047,81.57497,2026-09-01,748,N,VIIRS,VIIRS_SNPP_NRT,12.38,346.36,305.15,n,D,45000.0,45000.0,45000.0,45000.0,45000.0,45000.0,45000.0,45.0,45.0,45.0,45.0,45.0,45.0,45.0,45.0,0,0,0,0,0,0,0,0,none,none,none,none,none,none,none
6.84425,81.54947,2026-09-01,748,N,VIIRS,VIIRS_SNPP_NRT,10.33,337.98,299.8,n,D,45000.0,45000.0,45000.0,45000.0,45000.0,45000.0,45000.0,45.0,45.0,45.0,45.0,45.0,45.0,45.0,45.0,0,0,0,0,0,0,0,0,none,none,none,none,none,none,none
6.84813,81.54882,2026-09-01,748,N,VIIRS,VIIRS_SNPP_NRT,10.33,337.81,299.9,n,D,45000.0,45000.0,45000.0,45000.0,45000.0,45000.0,45000.0,45.0,45.0,45.0,45.0,45.0,45.0,45.0,45.0,0,0,0,0,0,0,0,0,none,none,none,none,none,none,none
6.85314,81.40752,2026-09-01,748,N,VIIRS,VIIRS_SNPP_NRT,6.24,335.08,298.04,n,D,45000.0,45000.0,45000.0,45000.0,45000.0,45000.0,45000.0,45.0,45.0,45.0,45.0,45.0,45.0,45.0,45.0,0,0,0,0,0,0,0,0,none,none,none,none,none,none,none
6.93935,81.63994,2026-09-01,748,N,VIIRS,VIIRS_SNPP_NRT,5.6,336.24,302.51,n,D,45000.0,45000.0,45000.0,45000.0,45000.0,45000.0,45000.0,45.0,45.0,45.0,45.0,45.0,45.0,45.0,45.0,0,0,0,0,0,0,0,0,none,none,none,none,none,none,none
7.07303,81.20502,2026-09-01,748,N,VIIRS,VIIRS_SNPP_NRT,8.49,334.73,295.76,n,D,45000.0,45000.0,45000.0,45000.0,45000.0,45000.0,45000.0,45.0,45.0,45.0,45.0,45.0,45.0,45.0,45.0,0,0,0,0,0,0,0,0,none,none,none,none,none,none,none
7.07577,81.20669,2026-09-01,748,N,VIIRS,VIIRS_SNPP_NRT,9.04,341.39,296.1,n,D,45000.0,45000.0,45000.0,45000.0,45000.0,45000.0,45000.0,45.0,45.0,45.0,45.0,45.0,45.0,45.0,45.0,0,0,0,0,0,0,0,0,none,none,none,none,none,none,none
7.07607,81.5708,2026-09-01,748,N,VIIRS,VIIRS_SNPP_NRT,6.13,333.41,298.72,n,D,45000.0,45000.0,45000.0,45000.0,45000.0,45000.0,45000.0,45.0,45.0,45.0,45.0,45.0,45.0,45.0,45.0,0,0,0,0,0,0,0,0,none,none,none,none,none,none,none
7.09516,81.44301,2026-09-01,748,N,VIIRS,VIIRS_SNPP_NRT,12.36,345.55,296.11,n,D,45000.0,45000.0,45000.0,45000.0,45000.0,45000.0,45000.0,45.0,45.0,45.0,45.0,45.0,45.0,45.0,45.0,0,0,0,0,0,0,0,0,none,none,none,none,none,none,none
7.0955,81.44486,2026-09-01,748,N,VIIRS,VIIRS_SNPP_NRT,9.23,334.54,294.82,n,D,45000.0,45000.0,45000.0,45000.0,45000.0,45000.0,45000.0,45.0,45.0,45.0,45.0,45.0,45.0,45.0,45.0,0,0,0,0,0,0,0,0,none,none,none,none,none,none,none
7.16827,81.57197,2026-09-01,748,N,VIIRS,VIIRS_SNPP_NRT,6.23,331.95,300.12,n,D,45000.0,45000.0,45000.0,45000.0,45000.0,45000.0,45000.0,45.0,45.0,45.0,45.0,45.0,45.0,45.0,45.0,0,0,0,0,0,0,0,0,none,none,none,none,none,none,none
7.21606,81.76827,2026-09-01,748,N,VIIRS,VIIRS_SNPP_NRT,19.17,341.2,305.45,l,D,45000.0,45000.0,45000.0,45000.0,45000.0,45000.0,45000.0,45.0,45.0,45.0,45.0,45.0,45.0,45.0,45.0,0,0,0,0,0,0,0,0,none,none,none,none,none,none,none
7.28933,81.79167,2026-09-01,748,N,VIIRS,VIIRS_SNPP_NRT,11.09,340.16,305.52,n,D,45000.0,45000.0,45000.0,45000.0,45000.0,45000.0,45000.0,45.0,45.0,45.0,45.0,45.0,45.0,45.0,45.0,0,0,0,0,0,0,0,0,none,none,none,none,none,none,none
7.31592,81.76345,2026-09-01,748,N,VIIRS,VIIRS_SNPP_NRT,12.39,344.78,306.04,n,D,45000.0,45000.0,45000.0,45000.0,45000.0,45000.0,45000.0,45.0,45.0,45.0,45.0,45.0,45.0,45.0,45.0,0,0,0,0,0,0,0,0,none,none,none,none,none,none,none
7.32506,81.74758,2026-09-01,748,N,VIIRS,VIIRS_SNPP_NRT,6.03,333.99,305.24,l,D,45000.0,45000.0,45000.0,45000.0,45000.0,45000.0,45000.0,45.0,45.0,45.0,45.0,45.0,45.0,45.0,45.0,0,0,0,0,0,0,0,0,none,none,none,none,none,none,none
7.33726,81.72639,2026-09-01,748,N,VIIRS,VIIRS_SNPP_NRT,5.18,335.03,305.25,l,D,45000.0,45000.0,45000.0,45000.0,45000.0,45000.0,45000.0,45.0,45.0,45.0,45.0,45.0,45.0,45.0,45.0,0,0,0,0,0,0,0,0,none,none,none,none,none,none,none
7.35682,81.82351,2026-09-01,748,N,VIIRS,VIIRS_SNPP_NRT,6.09,333.2,304.05,l,D,45000.0,45000.0,45000.0,45000.0,45000.0,45000.0,45000.0,45.0,45.0,45.0,45.0,45.0,45.0,45.0,45.0,0,0,0,0,0,0,0,0,none,none,none,none,none,none,none
7.29757,81.14172,2026-09-01,750,N,VIIRS,VIIRS_SNPP_NRT,6.16,334.94,303.89,n,D,45000.0,45000.0,45000.0,45000.0,45000.0,45000.0,45000.0,45.0,45.0,45.0,45.0,45.0,45.0,45.0,45.0,0,0,0,0,0,0,0,0,none,none,none,none,none,none,none
7.36199,81.50616,2026-09-01,750,N,VIIRS,VIIRS_SNPP_NRT,3.82,333.35,299.67,n,D,45000.0,45000.0,45000.0,45000.0,45000.0,45000.0,45000.0,45.0,45.0,45.0,45.0,45.0,45.0,45.0,45.0,0,0,0,0,0,0,0,0,none,none,none,none,none,none,none
7.39489,81.77684,2026-09-01,750,N,VIIRS,VIIRS_SNPP_NRT,7.48,334.29,304.8,l,D,45000.0,45000.0,45000.0,45000.0,45000.0,45000.0,45000.0,45.0,45.0,45.0,45.0,45.0,45.0,45.0,45.0,0,0,0,0,0,0,0,0,none,none,none,none,none,none,none
7.40997,81.6543,2026-09-01,750,N,VIIRS,VIIRS_SNPP_NRT,6.13,333.78,300.98,l,D,45000.0,45000.0,45000.0,45000.0,45000.0,45000.0,45000.0,45.0,45.0,45.0,45.0,45.0,45.0,45.0,45.0,0,0,0,0,0,0,0,0,none,none,none,none,none,none,none
7.42719,81.31733,2026-09-01,750,N,VIIRS,VIIRS_SNPP_NRT,5.35,331.73,301.93,l,D,45000.0,45000.0,45000.0,45000.0,45000.0,45000.0,45000.0,45.0,45.0,45.0,45.0,45.0,45.0,45.0,45.0,0,0,0,0,0,0,0,0,none,none,none,none,none,none,none
7.45584,81.64682,2026-09-01,750,N,VIIRS,VIIRS_SNPP_NRT,7.83,333.5,302.99,l,D,45000.0,45000.0,45000.0,45000.0,45000.0,45000.0,45000.0,45.0,45.0,45.0,45.0,45.0,45.0,45.0,45.0,0,0,0,0,0,0,0,0,none,none,none,none,none,none,none
7.45856,81.64819,2026-09-01,750,N,VIIRS,VIIRS_SNPP_NRT,6.24,334.63,303.56,l,D,45000.0,45000.0,45000.0,45000.0,45000.0,45000.0,45000.0,45.0,45.0,45.0,45.0,45.0,45.0,45.0,45.0,0,0,0,0,0,0,0,0,none,none,none,none,none,none,none
7.63038,81.58308,2026-09-01,750,N,VIIRS,VIIRS_SNPP_NRT,6.87,335.51,305.32,l,D,45000.0,45000.0,45000.0,45000.0,45000.0,45000.0,45000.0,45.0,45.0,45.0,45.0,45.0,45.0,45.0,45.0,0,0,0,0,0,0,0,0,none,none,none,none,none,none,none
7.6342,81.58244,2026-09-01,750,N,VIIRS,VIIRS_SNPP_NRT,6.87,344.19,304.4,n,D,45000.0,45000.0,45000.0,45000.0,45000.0,45000.0,45000.0,45.0,45.0,45.0,45.0,45.0,45.0,45.0,45.0,0,0,0,0,0,0,0,0,none,none,none,none,none,none,none
7.7604,81.24961,2026-09-01,750,N,VIIRS,VIIRS_SNPP_NRT,10.62,340.95,309.62,n,D,45000.0,45000.0,45000.0,45000.0,45000.0,45000.0,45000.0,45.0,45.0,45.0,45.0,45.0,45.0,45.0,45.0,0,0,0,0,0,0,0,0,none,none,none,none,none,none,none
7.78377,80.22298,2026-09-01,750,N,VIIRS,VIIRS_SNPP_NRT,2.66,339.76,293.66,n,D,45000.0,45000.0,45000.0,45000.0,45000.0,45000.0,45000.0,45.0,45.0,45.0,45.0,45.0,45.0,45.0,45.0,0,0,0,0,0,0,0,0,none,none,none,none,none,none,none
7.78867,80.81643,2026-09-01,750,N,VIIRS,VIIRS_SNPP_NRT,4.63,342.48,302.57,n,D,45000.0,45000.0,45000.0,45000.0,45000.0,45000.0,45000.0,45.0,45.0,45.0,45.0,45.0,45.0,45.0,45.0,0,0,0,0,0,0,0,0,none,none,none,none,none,none,none
7.79142,81.55624,2026-09-01,750,N,VIIRS,VIIRS_SNPP_NRT,6.01,333.11,304.23,l,D,45000.0,45000.0,45000.0,45000.0,45000.0,45000.0,45000.0,45.0,45.0,45.0,45.0,45.0,45.0,45.0,45.0,0,0,0,0,0,0,0,0,none,none,none,none,none,none,none
7.85497,80.34256,2026-09-01,750,N,VIIRS,VIIRS_SNPP_NRT,4.45,338.68,296.96,n,D,45000.0,45000.0,45000.0,45000.0,21438.4,21556.5,45000.0,45.0,45.0,45.0,45.0,45.0,21.438,21.556,45.0,0,0,0,0,0,0,0,0,none,none,none,none,cache,cache,none
7.86408,81.44665,2026-09-01,750,N,VIIRS,VIIRS_SNPP_NRT,9.12,348.6,303.81,n,D,45000.0,45000.0,45000.0,45000.0,45000.0,45000.0,45000.0,45.0,45.0,45.0,45.0,45.0,45.0,45.0,45.0,0,0,0,0,0,0,0,0,none,none,none,none,none,none,none
7.86625,81.44823,2026-09-01,750,N,VIIRS,VIIRS_SNPP_NRT,9.31,343.45,304.19,n,D,45000.0,45000.0,45000.0,45000.0,45000.0,45000.0,45000.0,45.0,45.0,45.0,45.0,45.0,45.0,45.0,45.0,0,0,0,0,0,0,0,0,none,none,none,none,none,none,none
7.8685,81.43804,2026-09-01,750,N,VIIRS,VIIRS_SNPP_NRT,4.72,334.4,303.13,n,D,45000.0,45000.0,45000.0,45000.0,45000.0,45000.0,45000.0,45.0,45.0,45.0,45.0,45.0,45.0,45.0,45.0,0,0,0,0,0,0,0,0,none,none,none,none,none,none,none
7.90392,80.63752,2026-09-01,750,N,VIIRS,VIIRS_SNPP_NRT,1.99,333.93,299.19,n,D,45000.0,45000.0,45000.0,45000.0,45000.0,45000.0,45000.0,45.0,45.0,45.0,45.0,45.0,45.0,45.0,45.0,0,0,0,0,0,0,0,0,none,none,none,none,none,none,none
7.94456,81.37131,2026-09-01,750,N,VIIRS,VIIRS_SNPP_NRT,3.65,332.56,304.36,l,D,45000.0,45000.0,45000.0,45000.0,45000.0,45000.0,45000.0,45.0,45.0,45.0,45.0,45.0,45.0,45.0,45.0,0,0,0,0,0,0,0,0,none,none,none,none,none,none,none
7.94534,81.37614,2026-09-01,750,N,VIIRS,VIIRS_SNPP_NRT,3.65,337.02,303.27,n,D,45000.0,45000.0,45000.0,45000.0,45000.0,45000.0,45000.0,45.0,45.0,45.0,45.0,45.0,45.0,45.0,45.0,0,0,0,0,0,0,0,0,none,none,none,none,none,none,none
7.94756,81.31615,2026-09-01,750,N,VIIRS,VIIRS_SNPP_NRT,8.89,343.2,304.45,n,D,45000.0,45000.0,45000.0,45000.0,45000.0,45000.0,45000.0,45.0,45.0,45.0,45.0,45.0,45.0,45.0,45.0,0,0,0,0,0,0,0,0,none,none,none,none,none,none,none
7.94843,81.31799,2026-09-01,750,N,VIIRS,VIIRS_SNPP_NRT,9.05,338.51,303.64,n,D,45000.0,45000.0,45000.0,45000.0,45000.0,45000.0,45000.0,45.0,45.0,45.0,45.0,45.0,45.0,45.0,45.0,0,0,0,0,0,0,0,0,none,none,none,none,none,none,none
7.95932,80.72301,2026-09-01,750,N,VIIRS,VIIRS_SNPP_NRT,4.06,331.21,300.94,n,D,45000.0,45000.0,45000.0,45000.0,45000.0,45000.0,45000.0,45.0,45.0,45.0,45.0,45.0,45.0,45.0,45.0,0,0,0,0,0,0,0,0,none,none,none,none,none,none,none
7.96034,80.72224,2026-09-01,750,N,VIIRS,VIIRS_SNPP_NRT,3.5,330.53,300.93,l,D,45000.0,45000.0,45000.0,45000.0,45000.0,45000.0,45000.0,45.0,45.0,45.0,45.0,45.0,45.0,45.0,45.0,0,0,0,0,0,0,0,0,none,none,none,none,none,none,none
7.96814,80.59685,2026-09-01,750,N,VIIRS,VIIRS_SNPP_NRT,6.47,347.3,298.24,n,D,45000.0,45000.0,45000.0,45000.0,24935.6,23191.5,45000.0,45.0,45.0,45.0,45.0,45.0,24.936,23.192,45.0,0,0,0,0,0,0,0,0,none,none,none,none,cache,cache,none
7.98507,80.62343,2026-09-01,750,N,VIIRS,VIIRS_SNPP_NRT,3.46,330.99,299.01,n,D,45000.0,45000.0,45000.0,45000.0,45000.0,45000.0,45000.0,45.0,45.0,45.0,45.0,45.0,45.0,45.0,45.0,0,0,0,0,0,0,0,0,none,none,none,none,none,none,none
8.00779,81.43661,2026-09-01,750,N,VIIRS,VIIRS_SNPP_NRT,6.68,330.8,304.26,l,D,45000.0,45000.0,45000.0,45000.0,45000.0,45000.0,45000.0,45.0,45.0,45.0,45.0,45.0,45.0,45.0,45.0,0,0,0,0,0,0,0,0,none,none,none,none,none,none,none
8.03059,80.59743,2026-09-01,750,N,VIIRS,VIIRS_SNPP_NRT,3.18,339.51,300.21,n,D,45000.0,45000.0,45000.0,45000.0,22379.6,21612.8,45000.0,45.0,45.0,45.0,45.0,45.0,22.38,21.613,45.0,0,0,0,0,0,0,0,0,none,none,none,none,cache,cache,none
8.03119,81.28948,2026-09-01,750,N,VIIRS,VIIRS_SNPP_NRT,20.57,349.71,307.0,n,D,45000.0,45000.0,45000.0,45000.0,45000.0,45000.0,45000.0,45.0,45.0,45.0,45.0,45.0,45.0,45.0,45.0,0,0,0,0,0,0,0,0,none,none,none,none,none,none,none
8.13979,81.4119,2026-09-01,750,N,VIIRS,VIIRS_SNPP_NRT,4.71,332.42,300.93,l,D,45000.0,45000.0,45000.0,45000.0,45000.0,45000.0,45000.0,45.0,45.0,45.0,45.0,45.0,45.0,45.0,45.0,0,0,0,0,0,0,0,0,none,none,none,none,none,none,none
8.18792,80.69052,2026-09-01,750,N,VIIRS,VIIRS_SNPP_NRT,6.26,340.57,301.84,n,D,45000.0,45000.0,45000.0,45000.0,45000.0,45000.0,45000.0,45.0,45.0,45.0,45.0,45.0,45.0,45.0,45.0,0,0,0,0,0,0,0,0,none,none,none,none,none,none,none
8.24386,80.60502,2026-09-01,750,N,VIIRS,VIIRS_SNPP_NRT,4.93,340.11,301.48,n,D,45000.0,45000.0,45000.0,45000.0,22777.7,22771.8,45000.0,45.0,45.0,45.0,45.0,45.0,22.778,22.772,45.0,0,0,0,0,0,0,0,0,none,none,none,none,cache,cache,none
8.26053,80.58041,2026-09-01,750,N,VIIRS,VIIRS_SNPP_NRT,7.81,342.01,300.71,n,D,21439.9,45000.0,45000.0,45000.0,19778.2,20941.0,45000.0,21.44,21.44,45.0,45.0,45.0,19.778,20.941,45.0,0,0,0,0,0,0,0,0,cache,none,none,none,cache,cache,none
8.26432,80.55347,2026-09-01,750,N,VIIRS,VIIRS_SNPP_NRT,4.08,334.0,298.06,n,D,18494.3,45000.0,45000.0,45000.0,16784.0,18516.3,22089.9,18.494,18.494,45.0,45.0,45.0,16.784,18.516,22.09,0,0,0,0,0,0,0,0,cache,none,none,none,cache,cache,cache
8.29291,77.57172,2026-09-01,750,N,VIIRS,VIIRS_SNPP_NRT,3.49,340.35,300.05,n,D,1798.7,45000.0,45000.0,2949.5,6674.0,1921.2,7231.4,1.799,1.799,45.0,45.0,2.95,6.674,1.921,7.231,0,0,1,1,1,0,3,0,cache,none,none,cache,cache,cache,cache
8.29877,80.15601,2026-09-01,750,N,VIIRS,VIIRS_SNPP_NRT,18.87,343.71,301.32,n,D,20865.7,45000.0,45000.0,27577.5,5398.9,10332.7,22071.2,20.866,20.866,45.0,45.0,27.578,5.399,10.333,22.071,0,0,0,0,0,0,0,0,cache,none,none,cache,cache,cache,cache
8.30062,80.15585,2026-09-01,750,N,VIIRS,VIIRS_SNPP_NRT,19.56,344.61,303.18,n,D,21070.3,45000.0,45000.0,27750.2,5490.7,10476.3,22129.3,21.07,21.07,45.0,45.0,27.75,5.491,10.476,22.129,0,0,0,0,0,0,0,0,cache,none,none,cache,cache,cache,cache
8.30368,81.01878,2026-09-01,750,N,VIIRS,VIIRS_SNPP_NRT,6.15,337.15,299.13,n,D,45000.0,45000.0,45000.0,45000.0,45000.0,45000.0,45000.0,45.0,45.0,45.0,45.0,45.0,45.0,45.0,45.0,0,0,0,0,0,0,0,0,none,none,none,none,none,none,none
8.3076,81.01814,2026-09-01,750,N,VIIRS,VIIRS_SNPP_NRT,6.15,336.04,298.71,n,D,45000.0,45000.0,45000.0,45000.0,45000.0,45000.0,45000.0,45.0,45.0,45.0,45.0,45.0,45.0,45.0,45.0,0,0,0,0,0,0,0,0,none,none,none,none,none,none,none
8.3114,80.28439,2026-09-01,750,N,VIIRS,VIIRS_SNPP_NRT,2.5,343.65,300.84,n,D,8845.8,45000.0,45000.0,45000.0,2745.6,4952.7,9434.9,8.846,8.846,45.0,45.0,45.0,2.746,4.953,9.435,0,0,0,0,1,1,0,0,cache,none,none,none,cache,cache,cache
8.31414,80.28391,2026-09-01,750,N,VIIRS,VIIRS_SNPP_NRT,3.4,339.16,301.37,n,D,8832.4,45000.0,45000.0,45000.0,3054.2,5259.2,9663.1,8.832,8.832,45.0,45.0,45.0,3.054,5.259,9.663,0,0,0,0,0,1,0,0,cache,none,none,none,cache,cache,cache
8.32899,80.29664,2026-09-01,750,N,VIIRS,VIIRS_SNPP_NRT,3.46,333.49,300.35,n,D,7260.7,45000.0,45000.0,45000.0,4294.7,4709.7,9830.7,7.261,7.261,45.0,45.0,45.0,4.295,4.71,9.831,0,0,0,0,1,1,0,0,cache,none,none,none,cache,cache,cache
8.34424,80.18712,2026-09-01,750,N,VIIRS,VIIRS_SNPP_NRT,6.2,332.68,301.94,n,D,19376.9,45000.0,45000.0,45000.0,5995.5,12367.9,20482.0,19.377,19.377,45.0,45.0,45.0,5.995,12.368,20.482,0,0,0,0,0,0,0,0,cache,none,none,none,cache,cache,cache
8.349,80.19014,2026-09-01,750,N,VIIRS,VIIRS_SNPP_NRT,4.48,331.08,301.86,l,D,19097.9,45000.0,45000.0,45000.0,5589.8,12738.8,20437.2,19.098,19.098,45.0,45.0,45.0,5.59,12.739,20.437,0,0,0,0,0,0,0,0,cache,none,none,none,cache,cache,cache
8.35582,80.28069,2026-09-01,750,N,VIIRS,VIIRS_SNPP_NRT,3.73,331.43,301.46,l,D,9470.6,45000.0,45000.0,45000.0,3982.8,4459.1,13263.9,9.471,9.471,45.0,45.0,45.0,3.983,4.459,13.264,0,0,0,0,1,1,0,0,cache,none,none,none,cache,cache,cache
8.36403,80.27928,2026-09-01,750,N,VIIRS,VIIRS_SNPP_NRT,6.03,346.99,302.44,n,D,9932.0,45000.0,45000.0,45000.0,4012.2,4488.6,14094.7,9.932,9.932,45.0,45.0,45.0,4.012,4.489,14.095,0,0,0,0,1,1,0,0,cache,none,none,none,cache,cache,cache
8.37648,81.04984,2026-09-01,750,N,VIIRS,VIIRS_SNPP_NRT,12.25,336.23,302.95,n,D,45000.0,45000.0,45000.0,45000.0,45000.0,45000.0,45000.0,45.0,45.0,45.0,45.0,45.0,45.0,45.0,45.0,0,0,0,0,0,0,0,0,none,none,none,none,none,none,none
8.37836,80.6104,2026-09-01,750,N,VIIRS,VIIRS_SNPP_NRT,6.35,344.11,305.36,n,D,45000.0,45000.0,45000.0,45000.0,45000.0,31319.8,45000.0,45.0,45.0,45.0,45.0,45.0,45.0,31.32,45.0,0,0,0,0,0,0,0,0,none,none,none,none,none,cache,none
8.38429,81.04854,2026-09-01,750,N,VIIRS,VIIRS_SNPP_NRT,22.09,349.85,306.78,n,D,45000.0,45000.0,45000.0,45000.0,45000.0,45000.0,45000.0,45.0,45.0,45.0,45.0,45.0,45.0,45.0,45.0,0,0,0,0,0,0,0,0,none,none,none,none,none,none,none
8.38557,80.25662,2026-09-01,750,N,VIIRS,VIIRS_SNPP_NRT,10.02,344.78,299.85,n,D,13213.1,45000.0,45000.0,45000.0,1438.8,7331.8,17499.4,13.213,13.213,45.0,45.0,45.0,1.439,7.332,17.499,0,0,0,0,0,1,0,0,cache,none,none,none,cache,cache,cache
8.39226,81.16862,2026-09-01,750,N,VIIRS,VIIRS_SNPP_NRT,5.92,331.78,295.94,n,D,45000.0,45000.0,45000.0,45000.0,45000.0,45000.0,45000.0,45.0,45.0,45.0,45.0,45.0,45.0,45.0,45.0,0,0,0,0,0,0,0,0,none,none,none,none,none,none,none
8.40258,80.63156,2026-09-01,750,N,VIIRS,VIIRS_SNPP_NRT,8.98,352.12,303.59,n,D,45000.0,45000.0,45000.0,45000.0,45000.0,45000.0,45000.0,45.0,45.0,45.0,45.0,45.0,45.0,45.0,45.0,0,0,0,0,0,0,0,0,none,none,none,none,none,none,none
8.40672,80.25681,2026-09-01,750,N,VIIRS,VIIRS_SNPP_NRT,6.7,337.52,301.7,n,D,14451.2,45000.0,45000.0,45000.0,3025.6,8340.5,19413.3,14.451,14.451,45.0,45.0,45.0,3.026,8.341,19.413,0,0,0,0,0,1,0,0,cache,none,none,none,cache,cache,cache
8.40733,80.26052,2026-09-01,750,N,VIIRS,VIIRS_SNPP_NRT,3.39,332.36,299.62,n,D,14165.7,45000.0,45000.0,45000.0,3293.9,8042.4,19252.0,14.166,14.166,45.0,45.0,45.0,3.294,8.042,19.252,0,0,0,0,0,1,0,0,cache,none,none,none,cache,cache,cache
8.41083,80.25612,2026-09-01,750,N,VIIRS,VIIRS_SNPP_NRT,4.26,338.4,297.36,n,D,14786.6,45000.0,45000.0,45000.0,3404.8,8662.5,19839.0,14.787,14.787,45.0,45.0,45.0,3.405,8.662,19.839,0,0,0,0,0,1,0,0,cache,none,none,none,cache,cache,cache
8.41403,80.62608,2026-09-01,750,N,VIIRS,VIIRS_SNPP_NRT,6.92,341.23,300.18,n,D,45000.0,45000.0,45000.0,45000.0,45000.0,45000.0,45000.0,45.0,45.0,45.0,45.0,45.0,45.0,45.0,45.0,0,0,0,0,0,0,0,0,none,none,none,none,none,none,none
8.41644,80.41689,2026-09-01,750,N,VIIRS,VIIRS_SNPP_NRT,2.04,331.79,302.89,l,D,6425.6,45000.0,45000.0,45000.0,3594.0,4387.3,18750.0,6.426,6.426,45.0,45.0,45.0,3.594,4.387,18.75,0,0,0,0,1,1,0,0,cache,none,none,none,cache,cache,cache
8.41854,80.18941,2026-09-01,750,N,VIIRS,VIIRS_SNPP_NRT,4.82,334.78,299.92,n,D,21463.3,45000.0,45000.0,45000.0,6999.2,13323.8,25159.2,21.463,21.463,45.0,45.0,45.0,6.999,13.324,25.159,0,0,0,0,0,0,0,0,cache,none,none,none,cache,cache,cache
8.42361,80.5847,2026-09-01,750,N,VIIRS,VIIRS_SNPP_NRT,6.09,331.75,303.93,l,D,22211.4,45000.0,45000.0,45000.0,20388.4,20991.2,45000.0,22.211,22.211,45.0,45.0,45.0,20.388,20.991,45.0,0,0,0,0,0,0,0,0,cache,none,none,none,cache,cache,none
8.43706,80.33877,2026-09-01,750,N,VIIRS,VIIRS_SNPP_NRT,4.04,330.46,301.29,l,D,9991.4,45000.0,45000.0,21847.3,1167.4,8234.3,19725.4,9.991,9.991,45.0,45.0,21.847,1.167,8.234,19.725,0,0,0,0,0,1,0,0,cache,none,none,cache,cache,cache,cache
8.44123,80.37093,2026-09-01,750,N,VIIRS,VIIRS_SNPP_NRT,1.9,334.63,299.81,n,D,8871.4,45000.0,45000.0,20823.9,4007.3,7090.8,20227.8,8.871,8.871,45.0,45.0,20.824,4.007,7.091,20.228,0,0,0,0,0,1,0,0,cache,none,none,cache,cache,cache,cache
8.44242,80.37146,2026-09-01,750,N,VIIRS,VIIRS_SNPP_NRT,4.32,337.13,299.87,n,D,8984.5,45000.0,45000.0,20687.4,4115.4,7192.1,20365.3,8.984,8.984,45.0,45.0,20.687,4.115,7.192,20.365,0,0,0,0,0,1,0,0,cache,none,none,cache,cache,cache,cache
8.45904,80.40157,2026-09-01,750,N,VIIRS,VIIRS_SNPP_NRT,2.31,331.54,301.2,n,D,10599.2,45000.0,45000.0,18855.8,7111.7,8574.4,22751.8,10.599,10.599,45.0,45.0,18.856,7.112,8.574,22.752,0,0,0,0,0,0,0,0,cache,none,none,cache,cache,cache,cache
8.4631,80.4009,2026-09-01,750,N,VIIRS,VIIRS_SNPP_NRT,2.31,339.49,303.21,n,D,11041.7,45000.0,45000.0,18399.6,6986.9,9019.1,45000.0,11.042,11.042,45.0,45.0,18.4,6.987,9.019,45.0,0,0,0,0,0,0,0,0,cache,none,none,cache,cache,cache,none
8.46341,81.0887,2026-09-01,750,N,VIIRS,VIIRS_SNPP_NRT,15.6,337.52,299.74,n,D,45000.0,45000.0,45000.0,45000.0,45000.0,45000.0,45000.0,45.0,45.0,45.0,45.0,45.0,45.0,45.0,45.0,0,0,0,0,0,0,0,0,none,none,none,none,none,none,none
8.46372,80.40453,2026-09-01,750,N,VIIRS,VIIRS_SNPP_NRT,2.31,338.04,301.63,n,D,11152.9,45000.0,45000.0,18370.9,7379.8,9123.8,45000.0,11.153,11.153,45.0,45.0,18.371,7.38,9.124,45.0,0,0,0,0,0,0,0,0,cache,none,none,cache,cache,cache,none
8.46717,80.40021,2026-09-01,750,N,VIIRS,VIIRS_SNPP_NRT,2.9,339.96,301.11,n,D,11486.2,45000.0,45000.0,17942.1,6888.1,9466.0,45000.0,11.486,11.486,45.0,45.0,17.942,6.888,9.466,45.0,0,0,0,0,0,0,0,0,cache,none,none,cache,cache,cache,none
8.4673,81.08805,2026-09-01,750,N,VIIRS,VIIRS_SNPP_NRT,7.07,337.73,298.79,n,D,45000.0,45000.0,45000.0,45000.0,45000.0,45000.0,45000.0,45.0,45.0,45.0,45.0,45.0,45.0,45.0,45.0,0,0,0,0,0,0,0,0,none,none,none,none,none,none,none
8.46778,80.40383,2026-09-01,750,N,VIIRS,VIIRS_SNPP_NRT,2.9,341.57,301.31,n,D,11592.0,45000.0,45000.0,17913.7,7285.3,9564.7,45000.0,11.592,11.592,45.0,45.0,17.914,7.285,9.565,45.0,0,0,0,0,0,0,0,0,cache,none,none,cache,cache,cache,none
8.47152,80.72465,2026-09-01,750,N,VIIRS,VIIRS_SNPP_NRT,11.25,336.85,303.91,n,D,45000.0,45000.0,45000.0,45000.0,45000.0,45000.0,45000.0,45.0,45.0,45.0,45.0,45.0,45.0,45.0,45.0,0,0,0,0,0,0,0,0,none,none,none,none,none,none,none
8.4955,80.82083,2026-09-01,750,N,VIIRS,VIIRS_SNPP_NRT,16.97,335.09,301.08,n,D,45000.0,45000.0,45000.0,45000.0,45000.0,45000.0,45000.0,45.0,45.0,45.0,45.0,45.0,45.0,45.0,45.0,0,0,0,0,0,0,0,0,none,none,none,none,none,none,none
8.49863,80.81506,2026-09-01,750,N,VIIRS,VIIRS_SNPP_NRT,16.97,333.72,302.59,n,D,45000.0,45000.0,45000.0,45000.0,45000.0,45000.0,45000.0,45.0,45.0,45.0,45.0,45.0,45.0,45.0,45.0,0,0,0,0,0,0,0,0,none,none,none,none,none,none,none
8.49946,80.82017,2026-09-01,750,N,VIIRS,VIIRS_SNPP_NRT,16.97,339.21,303.5,n,D,45000.0,45000.0,45000.0,45000.0,45000.0,45000.0,45000.0,45.0,45.0,45.0,45.0,45.0,45.0,45.0,45.0,0,0,0,0,0,0,0,0,none,none,none,none,none,none,none
8.51547,80.31347,2026-09-01,750,N,VIIRS,VIIRS_SNPP_NRT,5.43,343.83,295.89,n,D,18905.0,45000.0,45000.0,14828.3,2542.2,8096.1,45000.0,18.905,18.905,45.0,45.0,14.828,2.542,8.096,45.0,0,0,0,0,0,1,0,0,cache,none,none,cache,cache,cache,none
8.51704,80.59698,2026-09-01,750,N,VIIRS,VIIRS_SNPP_NRT,6.85,352.54,301.92,n,D,31291.6,45000.0,45000.0,45000.0,23009.2,26519.1,45000.0,31.292,31.292,45.0,45.0,45.0,23.009,26.519,45.0,0,0,0,0,0,0,0,0,cache,none,none,none,cache,cache,none
8.51814,80.67673,2026-09-01,750,N,VIIRS,VIIRS_SNPP_NRT,8.72,338.07,301.34,n,D,45000.0,45000.0,45000.0,45000.0,45000.0,45000.0,45000.0,45.0,45.0,45.0,45.0,45.0,45.0,45.0,45.0,0,0,0,0,0,0,0,0,none,none,none,none,none,none,none
8.51878,80.7773,2026-09-01,750,N,VIIRS,VIIRS_SNPP_NRT,4.06,342.57,303.99,n,D,45000.0,45000.0,45000.0,45000.0,45000.0,45000.0,45000.0,45.0,45.0,45.0,45.0,45.0,45.0,45.0,45.0,0,0,0,0,0,0,0,0,none,none,none,none,none,none,none
8.51968,80.43941,2026-09-01,750,N,VIIRS,VIIRS_SNPP_NRT,2.88,331.47,302.34,l,D,18060.6,45000.0,45000.0,13392.4,6478.3,8620.0,45000.0,18.061,18.061,45.0,45.0,13.392,6.478,8.62,45.0,0,0,0,0,0,0,0,0,cache,none,none,cache,cache,cache,none
8.52105,80.59629,2026-09-01,750,N,VIIRS,VIIRS_SNPP_NRT,6.85,352.43,300.61,n,D,31553.3,45000.0,45000.0,25625.9,22805.0,26713.5,45000.0,31.553,31.553,45.0,45.0,25.626,22.805,26.713,45.0,0,0,0,0,0,0,0,0,cache,none,none,cache,cache,cache,none
8.52566,80.47535,2026-09-01,750,N,VIIRS,VIIRS_SNPP_NRT,3.79,347.97,298.71,n,D,20162.8,45000.0,45000.0,15028.1,10315.6,11649.2,45000.0,20.163,20.163,45.0,45.0,15.028,10.316,11.649,45.0,0,0,0,0,0,0,0,0,cache,none,none,cache,cache,cache,none
8.52771,80.89381,2026-09-01,750,N,VIIRS,VIIRS_SNPP_NRT,6.84,335.66,299.91,n,D,45000.0,45000.0,45000.0,45000.0,45000.0,45000.0,45000.0,45.0,45.0,45.0,45.0,45.0,45.0,45.0,45.0,0,0,0,0,0,0,0,0,none,none,none,none,none,none,none
8.54025,80.51318,2026-09-01,750,N,VIIRS,VIIRS_SNPP_NRT,9.03,345.63,303.93,n,D,23687.4,45000.0,45000.0,16853.1,13449.9,14787.0,45000.0,23.687,23.687,45.0,45.0,16.853,13.45,14.787,45.0,0,0,0,0,0,0,0,0,cache,none,none,cache,cache,cache,none
8.54781,80.68247,2026-09-01,750,N,VIIRS,VIIRS_SNPP_NRT,8.51,340.66,302.43,n,D,45000.0,45000.0,45000.0,45000.0,45000.0,45000.0,45000.0,45.0,45.0,45.0,45.0,45.0,45.0,45.0,45.0,0,0,0,0,0,0,0,0,none,none,none,none,none,none,none
8.56386,80.50555,2026-09-01,750,N,VIIRS,VIIRS_SNPP_NRT,3.19,335.67,301.18,n,D,25477.1,45000.0,45000.0,14626.2,12001.2,13387.6,45000.0,25.477,25.477,45.0,45.0,14.626,12.001,13.388,45.0,0,0,0,0,0,0,0,0,cache,none,none,cache,cache,cache,none
8.56749,80.72697,2026-09-01,750,N,VIIRS,VIIRS_SNPP_NRT,6.93,337.61,299.82,n,D,45000.0,45000.0,45000.0,45000.0,45000.0,45000.0,45000.0,45.0,45.0,45.0,45.0,45.0,45.0,45.0,45.0,0,0,0,0,0,0,0,0,none,none,none,none,none,none,none
8.56789,80.50488,2026-09-01,750,N,VIIRS,VIIRS_SNPP_NRT,2.13,340.09,299.06,n,D,45000.0,45000.0,45000.0,14323.6,11869.7,13260.7,45000.0,45.0,45.0,45.0,45.0,14.324,11.87,13.261,45.0,0,0,0,0,0,0,0,0,none,none,none,cache,cache,cache,none
8.56902,80.48644,2026-09-01,750,N,VIIRS,VIIRS_SNPP_NRT,4.42,333.01,301.82,n,D,45000.0,45000.0,45000.0,12570.4,9841.4,11231.4,45000.0,45.0,45.0,45.0,45.0,12.57,9.841,11.231,45.0,0,0,0,0,0,0,0,0,none,none,none,cache,cache,cache,none
8.5695,80.76366,2026-09-01,750,N,VIIRS,VIIRS_SNPP_NRT,9.39,338.63,304.65,n,D,45000.0,45000.0,45000.0,45000.0,45000.0,45000.0,45000.0,45.0,45.0,45.0,45.0,45.0,45.0,45.0,45.0,0,0,0,0,0,0,0,0,none,none,none,none,none,none,none
8.57147,80.7263,2026-09-01,750,N,VIIRS,VIIRS_SNPP_NRT,4.61,333.54,298.68,n,D,45000.0,45000.0,45000.0,45000.0,45000.0,45000.0,45000.0,45.0,45.0,45.0,45.0,45.0,45.0,45.0,45.0,0,0,0,0,0,0,0,0,none,none,none,none,none,none,none
8.57321,80.5876,2026-09-01,750,N,VIIRS,VIIRS_SNPP_NRT,4.19,332.23,301.85,n,D,45000.0,45000.0,45000.0,22379.2,20902.9,22298.1,45000.0,45.0,45.0,45.0,45.0,22.379,20.903,22.298,45.0,0,0,0,0,0,0,0,0,none,none,none,cache,cache,cache,none
8.574,80.66736,2026-09-01,750,N,VIIRS,VIIRS_SNPP_NRT,36.79,342.42,301.94,n,D,45000.0,45000.0,45000.0,45000.0,45000.0,45000.0,45000.0,45.0,45.0,45.0,45.0,45.0,45.0,45.0,45.0,0,0,0,0,0,0,0,0,none,none,none,none,none,none,none
8.57504,80.4455,2026-09-01,750,N,VIIRS,VIIRS_SNPP_NRT,4.18,345.29,302.14,n,D,45000.0,45000.0,45000.0,8797.4,5293.0,6685.4,45000.0,45.0,45.0,45.0,45.0,8.797,5.293,6.685,45.0,0,0,0,0,0,0,0,0,none,none,none,cache,cache,cache,none
8.57664,80.58342,2026-09-01,750,N,VIIRS,VIIRS_SNPP_NRT,6.1,331.51,303.41,l,D,45000.0,45000.0,45000.0,21824.9,20433.2,21828.4,45000.0,45.0,45.0,45.0,45.0,21.825,20.433,21.828,45.0,0,0,0,0,0,0,0,0,none,none,none,cache,cache,cache,none
8.57722,80.58692,2026-09-01,750,N,VIIRS,VIIRS_SNPP_NRT,4.19,344.12,303.41,n,D,45000.0,45000.0,45000.0,22173.2,20816.9,22212.1,45000.0,45.0,45.0,45.0,45.0,22.173,20.817,22.212,45.0,0,0,0,0,0,0,0,0,none,none,none,cache,cache,cache,none
8.59583,80.77507,2026-09-01,750,N,VIIRS,VIIRS_SNPP_NRT,6.36,336.18,297.34,n,D,45000.0,45000.0,45000.0,45000.0,45000.0,45000.0,45000.0,45.0,45.0,45.0,45.0,45.0,45.0,45.0,45.0,0,0,0,0,0,0,0,0,none,none,none,none,none,none,none
8.59837,80.79054,2026-09-01,750,N,VIIRS,VIIRS_SNPP_NRT,5.22,334.4,300.96,n,D,45000.0,45000.0,45000.0,45000.0,45000.0,45000.0,45000.0,45.0,45.0,45.0,45.0,45.0,45.0,45.0,45.0,0,0,0,0,0,0,0,0,none,none,none,none,none,none,none
8.60734,80.91888,2026-09-01,750,N,VIIRS,VIIRS_SNPP_NRT,7.46,339.09,304.42,n,D,45000.0,45000.0,45000.0,45000.0,45000.0,45000.0,45000.0,45.0,45.0,45.0,45.0,45.0,45.0,45.0,45.0,0,0,0,0,0,0,0,0,none,none,none,none,none,none,none
8.60837,80.85137,2026-09-01,750,N,VIIRS,VIIRS_SNPP_NRT,11.2,338.67,305.61,n,D,45000.0,45000.0,45000.0,45000.0,45000.0,45000.0,45000.0,45.0,45.0,45.0,45.0,45.0,45.0,45.0,45.0,0,0,0,0,0,0,0,0,none,none,none,none,none,none,none
8.62578,80.64729,2026-09-01,750,N,VIIRS,VIIRS_SNPP_NRT,9.51,337.07,301.26,n,D,45000.0,45000.0,45000.0,45000.0,45000.0,45000.0,45000.0,45.0,45.0,45.0,45.0,45.0,45.0,45.0,45.0,0,0,0,0,0,0,0,0,none,none,none,none,none,none,none
8.65193,80.82672,2026-09-01,750,N,VIIRS,VIIRS_SNPP_NRT,8.57,341.22,303.08,n,D,45000.0,45000.0,45000.0,45000.0,45000.0,45000.0,45000.0,45.0,45.0,45.0,45.0,45.0,45.0,45.0,45.0,0,0,0,0,0,0,0,0,none,none,none,none,none,none,none
8.65909,80.69933,2026-09-01,750,N,VIIRS,VIIRS_SNPP_NRT,4.65,332.35,301.39,n,D,45000.0,45000.0,45000.0,45000.0,45000.0,45000.0,45000.0,45.0,45.0,45.0,45.0,45.0,45.0,45.0,45.0,0,0,0,0,0,0,0,0,none,none,none,none,none,none,none
8.66735,80.72438,2026-09-01,750,N,VIIRS,VIIRS_SNPP_NRT,7.16,336.5,302.11,n,D,45000.0,45000.0,45000.0,45000.0,45000.0,45000.0,45000.0,45.0,45.0,45.0,45.0,45.0,45.0,45.0,45.0,0,0,0,0,0,0,0,0,none,none,none,none,none,none,none
8.67641,80.90026,2026-09-01,750,N,VIIRS,VIIRS_SNPP_NRT,7.77,335.43,301.67,n,D,45000.0,45000.0,45000.0,45000.0,45000.0,45000.0,45000.0,45.0,45.0,45.0,45.0,45.0,45.0,45.0,45.0,0,0,0,0,0,0,0,0,none,none,none,none,none,none,none
8.68091,80.87888,2026-09-01,750,N,VIIRS,VIIRS_SNPP_NRT,7.56,334.14,301.98,n,D,45000.0,45000.0,45000.0,45000.0,45000.0,45000.0,45000.0,45.0,45.0,45.0,45.0,45.0,45.0,45.0,45.0,0,0,0,0,0,0,0,0,none,none,none,none,none,none,none
8.68468,81.02161,2026-09-01,750,N,VIIRS,VIIRS_SNPP_NRT,22.07,349.12,303.14,n,D,45000.0,45000.0,45000.0,45000.0,45000.0,45000.0,45000.0,45.0,45.0,45.0,45.0,45.0,45.0,45.0,45.0,0,0,0,0,0,0,0,0,none,none,none,none,none,none,none
8.68568,80.88323,2026-09-01,750,N,VIIRS,VIIRS_SNPP_NRT,9.97,333.31,299.08,n,D,45000.0,45000.0,45000.0,45000.0,45000.0,45000.0,45000.0,45.0,45.0,45.0,45.0,45.0,45.0,45.0,45.0,0,0,0,0,0,0,0,0,none,none,none,none,none,none,none
8.68774,81.01603,2026-09-01,750,N,VIIRS,VIIRS_SNPP_NRT,4.45,332.11,299.8,n,D,45000.0,45000.0,45000.0,45000.0,45000.0,45000.0,45000.0,45.0,45.0,45.0,45.0,45.0,45.0,45.0,45.0,0,0,0,0,0,0,0,0,none,none,none,none,none,none,none
8.69272,78.05309,2026-09-01,750,N,VIIRS,VIIRS_SNPP_NRT,4.6,339.6,301.29,n,D,4609.2,45000.0,45000.0,14856.6,14790.4,9258.7,4827.5,4.609,4.609,45.0,45.0,14.857,14.79,9.259,4.827,0,1,1,0,0,0,1,0,cache,none,none,cache,cache,cache,cache
8.69322,78.05519,2026-09-01,750,N,VIIRS,VIIRS_SNPP_NRT,6.31,347.78,301.94,n,D,4371.9,45000.0,45000.0,15093.8,14592.7,9025.6,4922.9,4.372,4.372,45.0,45.0,15.094,14.593,9.026,4.923,0,1,1,0,0,0,1,0,cache,none,none,cache,cache,cache,cache
8.69359,78.05819,2026-09-01,750,N,VIIRS,VIIRS_SNPP_NRT,4.74,331.91,300.81,n,D,4043.3,45000.0,45000.0,15425.4,14341.0,8694.4,5104.0,4.043,4.043,45.0,45.0,15.425,14.341,8.694,5.104,0,0,1,0,0,0,1,0,cache,none,none,cache,cache,cache,cache
8.70056,80.87553,2026-09-01,750,N,VIIRS,VIIRS_SNPP_NRT,13.58,331.19,300.82,n,D,45000.0,45000.0,45000.0,45000.0,45000.0,45000.0,45000.0,45.0,45.0,45.0,45.0,45.0,45.0,45.0,45.0,0,0,0,0,0,0,0,0,none,none,none,none,none,none,none
8.74317,80.18766,2026-09-01,750,N,VIIRS,VIIRS_SNPP_NRT,5.11,343.55,298.99,n,D,45000.0,45000.0,45000.0,25287.1,3647.7,462.0,45000.0,45.0,45.0,45.0,45.0,25.287,3.648,0.462,45.0,0,0,0,0,1,1,0,0,none,none,none,cache,cache,cache,none
8.86808,80.87281,2026-09-01,750,N,VIIRS,VIIRS_SNPP_NRT,5.24,330.89,301.1,l,D,45000.0,45000.0,45000.0,45000.0,45000.0,45000.0,45000.0,45.0,45.0,45.0,45.0,45.0,45.0,45.0,45.0,0,0,0,0,0,0,0,0,none,none,none,none,none,none,none
8.89549,80.42211,2026-09-01,750,N,VIIRS,VIIRS_SNPP_NRT,12.27,338.63,301.45,n,D,45000.0,45000.0,45000.0,45000.0,4642.9,6394.0,45000.0,45.0,45.0,45.0,45.0,45.0,4.643,6.394,45.0,0,0,0,0,0,1,0,0,none,none,none,none,cache,cache,none
8.8961,80.42565,2026-09-01,750,N,VIIRS,VIIRS_SNPP_NRT,12.27,343.18,303.43,n,D,45000.0,45000.0,45000.0,45000.0,4968.0,6669.9,45000.0,45.0,45.0,45.0,45.0,45.0,4.968,6.67,45.0,0,0,0,0,0,1,0,0,none,none,none,none,cache,cache,none
8.91162,80.4194,2026-09-01,750,N,VIIRS,VIIRS_SNPP_NRT,5.7,340.85,301.46,n,D,45000.0,45000.0,45000.0,45000.0,3930.5,5229.0,45000.0,45.0,45.0,45.0,45.0,45.0,3.931,5.229,45.0,0,0,0,0,0,1,0,0,none,none,none,none,cache,cache,none
8.9195,80.3924,2026-09-01,750,N,VIIRS,VIIRS_SNPP_NRT,5.41,332.26,304.48,l,D,45000.0,45000.0,45000.0,45000.0,1788.8,2187.1,45000.0,45.0,45.0,45.0,45.0,45.0,1.789,2.187,45.0,0,0,0,0,1,1,0,0,none,none,none,none,cache,cache,none
8.92028,80.4216,2026-09-01,750,N,VIIRS,VIIRS_SNPP_NRT,8.63,332.13,303.85,l,D,45000.0,45000.0,45000.0,45000.0,3458.0,5166.6,45000.0,45.0,45.0,45.0,45.0,45.0,3.458,5.167,45.0,0,0,0,0,0,1,0,0,none,none,none,none,cache,cache,none
8.92294,80.38815,2026-09-01,750,N,VIIRS,VIIRS_SNPP_NRT,11.59,344.04,301.73,n,D,45000.0,45000.0,45000.0,45000.0,1427.4,1589.3,45000.0,45.0,45.0,45.0,45.0,45.0,1.427,1.589,45.0,0,0,0,0,1,1,0,0,none,none,none,none,cache,cache,none
9.02756,80.16605,2026-09-01,750,N,VIIRS,VIIRS_SNPP_NRT,2.26,334.03,300.17,n,D,21446.5,45000.0,45000.0,45000.0,17187.2,1237.8,45000.0,21.447,21.447,45.0,45.0,45.0,17.187,1.238,45.0,0,0,0,0,1,0,0,0,cache,none,none,none,cache,cache,none
9.02817,80.16972,2026-09-01,750,N,VIIRS,VIIRS_SNPP_NRT,2.67,332.18,300.5,n,D,21849.8,45000.0,45000.0,45000.0,16783.1,1451.4,45000.0,21.85,21.85,45.0,45.0,45.0,16.783,1.451,45.0,0,0,0,0,1,0,0,0,cache,none,none,none,cache,cache,none
9.05315,80.14268,2026-09-01,750,N,VIIRS,VIIRS_SNPP_NRT,6.08,340.69,302.74,n,D,20256.9,45000.0,45000.0,45000.0,18538.5,4635.5,45000.0,20.257,20.257,45.0,45.0,45.0,18.539,4.635,45.0,0,0,0,0,1,0,0,0,cache,none,none,none,cache,cache,none
9.05558,80.14168,2026-09-01,750,N,VIIRS,VIIRS_SNPP_NRT,4.72,337.68,302.26,n,D,20294.2,45000.0,45000.0,45000.0,18535.2,4925.0,45000.0,20.294,20.294,45.0,45.0,45.0,18.535,4.925,45.0,0,0,0,0,1,0,0,0,cache,none,none,none,cache,cache,none
9.08676,79.74698,2026-09-01,750,N,VIIRS,VIIRS_SNPP_NRT,2.14,335.52,302.37,n,D,21399.2,45000.0,45000.0,45000.0,11679.4,1478.7,8647.0,21.399,21.399,45.0,45.0,45.0,11.679,1.479,8.647,0,0,0,0,1,0,0,0,cache,none,none,none,cache,cache,cache
9.08716,79.74696,2026-09-01,750,N,VIIRS,VIIRS_SNPP_NRT,6.52,339.59,302.9,n,D,21427.5,45000.0,45000.0,45000.0,11692.6,1520.9,8678.1,21.428,21.428,45.0,45.0,45.0,11.693,1.521,8.678,0,0,0,0,1,0,0,0,cache,none,none,none,cache,cache,cache
9.08741,79.75088,2026-09-01,750,N,VIIRS,VIIRS_SNPP_NRT,2.14,330.38,301.39,l,D,21100.7,45000.0,45000.0,45000.0,11283.8,1451.3,8381.2,21.101,21.101,45.0,45.0,45.0,11.284,1.451,8.381,0,0,0,0,1,0,0,0,cache,none,none,none,cache,cache,cache
9.10153,80.28739,2026-09-01,750,N,VIIRS,VIIRS_SNPP_NRT,3.67,338.19,304.88,n,D,45000.0,45000.0,45000.0,45000.0,2241.3,2382.5,45000.0,45.0,45.0,45.0,45.0,45.0,2.241,2.382,45.0,0,0,0,0,1,1,0,0,none,none,none,none,cache,cache,none
9.10582,80.31257,2026-09-01,750,N,VIIRS,VIIRS_SNPP_NRT,2.27,333.64,304.01,l,D,45000.0,45000.0,45000.0,45000.0,2167.8,4079.3,45000.0,45.0,45.0,45.0,45.0,45.0,2.168,4.079,45.0,0,0,0,0,1,1,0,0,none,none,none,none,cache,cache,none
9.11247,80.27811,2026-09-01,750,N,VIIRS,VIIRS_SNPP_NRT,6.48,336.96,306.35,n,D,45000.0,45000.0,45000.0,45000.0,2281.4,3698.0,45000.0,45.0,45.0,45.0,45.0,45.0,2.281,3.698,45.0,0,0,0,0,1,1,0,0,none,none,none,none,cache,cache,none
9.24176,80.27779,2026-09-01,750,N,VIIRS,VIIRS_SNPP_NRT,7.03,338.33,305.64,n,D,45000.0,45000.0,45000.0,9931.9,1039.3,3362.0,45000.0,45.0,45.0,45.0,45.0,9.932,1.039,3.362,45.0,0,0,0,0,1,1,0,0,none,none,none,cache,cache,cache,none
9.25795,80.27505,2026-09-01,750,N,VIIRS,VIIRS_SNPP_NRT,6.81,330.46,304.59,l,D,45000.0,45000.0,45000.0,8109.8,2732.4,2869.9,45000.0,45.0,45.0,45.0,45.0,8.11,2.732,2.87,45.0,0,0,0,0,1,1,0,0,none,none,none,cache,cache,cache,none
9.39288,80.43707,2026-09-01,750,N,VIIRS,VIIRS_SNPP_NRT,11.04,367.0,305.78,h,D,20861.3,45000.0,45000.0,20871.4,5487.3,10195.0,45000.0,20.861,20.861,45.0,45.0,20.871,5.487,10.195,45.0,0,0,0,0,0,0,0,0,cache,none,none,cache,cache,cache,none
9.39346,80.44057,2026-09-01,750,N,VIIRS,VIIRS_SNPP_NRT,11.04,343.24,304.09,n,D,20885.8,45000.0,45000.0,21254.5,5784.1,10541.4,45000.0,20.886,20.886,45.0,45.0,21.255,5.784,10.541,45.0,0,0,0,0,0,0,0,0,cache,none,none,cache,cache,cache,none
9.39688,80.43639,2026-09-01,750,N,VIIRS,VIIRS_SNPP_NRT,6.2,348.3,303.23,n,D,20411.0,45000.0,45000.0,20957.3,5198.7,9993.6,45000.0,20.411,20.411,45.0,45.0,20.957,5.199,9.994,45.0,0,0,0,0,0,0,0,0,cache,none,none,cache,cache,cache,none
9.40603,80.44202,2026-09-01,750,N,VIIRS,VIIRS_SNPP_NRT,1.33,334.62,302.84,n,D,19571.4,45000.0,45000.0,21911.9,5391.2,10373.4,45000.0,19.571,19.571,45.0,45.0,21.912,5.391,10.373,45.0,0,0,0,0,0,0,0,0,cache,none,none,cache,cache,cache,none
9.41327,80.36134,2026-09-01,750,N,VIIRS,VIIRS_SNPP_NRT,3.55,342.93,302.94,n,D,18474.7,45000.0,45000.0,14693.9,956.8,1651.8,45000.0,18.475,18.475,45.0,45.0,14.694,0.957,1.652,45.0,0,0,0,0,1,1,0,0,cache,none,none,cache,cache,cache,none
9.41424,80.36042,2026-09-01,750,N,VIIRS,VIIRS_SNPP_NRT,3.02,332.41,302.67,l,D,18390.0,45000.0,45000.0,14685.7,1064.5,1508.7,45000.0,18.39,18.39,45.0,45.0,14.686,1.064,1.509,45.0,0,0,0,0,1,1,0,0,cache,none,none,cache,cache,cache,none
9.41566,80.40079,2026-09-01,750,N,VIIRS,VIIRS_SNPP_NRT,4.54,347.73,305.36,n,D,17833.9,45000.0,45000.0,18375.0,770.4,5744.2,45000.0,17.834,17.834,45.0,45.0,18.375,0.77,5.744,45.0,0,0,0,0,0,1,0,0,cache,none,none,cache,cache,cache,none
9.41568,80.39275,2026-09-01,750,N,VIIRS,VIIRS_SNPP_NRT,1.94,330.74,302.54,l,D,17824.9,45000.0,45000.0,17631.3,435.9,4868.4,45000.0,17.825,17.825,45.0,45.0,17.631,0.436,4.868,45.0,0,0,0,0,1,1,0,0,cache,none,none,cache,cache,cache,none
9.41628,80.39626,2026-09-01,750,N,VIIRS,VIIRS_SNPP_NRT,3.96,342.87,303.93,n,D,17755.8,45000.0,45000.0,17990.9,357.5,5242.7,45000.0,17.756,17.756,45.0,45.0,17.991,0.358,5.243,45.0,0,0,0,0,0,1,0,0,cache,none,none,cache,cache,cache,none
9.41689,80.39977,2026-09-01,750,N,VIIRS,VIIRS_SNPP_NRT,3.96,342.6,305.49,n,D,17693.9,45000.0,45000.0,18352.3,608.7,5619.1,45000.0,17.694,17.694,45.0,45.0,18.352,0.609,5.619,45.0,0,0,0,0,0,1,0,0,cache,none,none,cache,cache,cache,none
9.41749,80.40327,2026-09-01,750,N,VIIRS,VIIRS_SNPP_NRT,4.57,338.11,305.15,n,D,17641.5,45000.0,45000.0,18713.4,957.7,5996.3,45000.0,17.642,17.642,45.0,45.0,18.713,0.958,5.996,45.0,0,0,0,0,0,1,0,0,cache,none,none,cache,cache,cache,none
9.41908,80.39658,2026-09-01,750,N,VIIRS,VIIRS_SNPP_NRT,4.54,330.1,303.87,l,D,17444.7,45000.0,45000.0,18190.0,207.0,5253.0,45000.0,17.445,17.445,45.0,45.0,18.19,0.207,5.253,45.0,0,0,0,0,0,1,0,0,cache,none,none,cache,cache,cache,none
9.42139,80.41061,2026-09-01,750,N,VIIRS,VIIRS_SNPP_NRT,2.16,337.98,303.28,n,D,17266.9,45000.0,45000.0,19626.3,1729.5,6785.5,45000.0,17.267,17.267,45.0,45.0,19.626,1.73,6.785,45.0,0,0,0,0,0,1,0,0,cache,none,none,cache,cache,cache,none
9.42197,80.41412,2026-09-01,750,N,VIIRS,VIIRS_SNPP_NRT,2.16,333.99,303.32,n,D,17243.9,45000.0,45000.0,19988.7,1924.0,7170.8,45000.0,17.244,17.244,45.0,45.0,19.989,1.924,7.171,45.0,0,0,0,0,0,1,0,0,cache,none,none,cache,cache,cache,none
9.4227,80.40959,2026-09-01,750,N,VIIRS,VIIRS_SNPP_NRT,4.15,343.88,303.37,n,D,17111.4,45000.0,45000.0,19608.1,1546.2,6675.1,45000.0,17.111,17.111,45.0,45.0,19.608,1.546,6.675,45.0,0,0,0,0,0,1,0,0,cache,none,none,cache,cache,cache,none
9.4233,80.41309,2026-09-01,750,N,VIIRS,VIIRS_SNPP_NRT,4.15,349.88,304.67,n,D,17084.0,45000.0,45000.0,19969.3,1739.6,7060.6,45000.0,17.084,17.084,45.0,45.0,19.969,1.74,7.061,45.0,0,0,0,0,0,1,0,0,cache,none,none,cache,cache,cache,none
9.4273,80.41241,2026-09-01,750,N,VIIRS,VIIRS_SNPP_NRT,10.51,367.0,305.8,h,D,16633.7,45000.0,45000.0,20143.7,1399.0,7013.4,45000.0,16.634,16.634,45.0,45.0,20.144,1.399,7.013,45.0,0,0,0,0,0,1,0,0,cache,none,none,cache,cache,cache,none
9.4283,80.39423,2026-09-01,750,N,VIIRS,VIIRS_SNPP_NRT,2.36,333.51,304.04,l,D,16419.7,45000.0,45000.0,18566.3,804.6,5046.9,45000.0,16.42,16.42,45.0,45.0,18.566,0.805,5.047,45.0,0,0,0,0,0,1,0,0,cache,none,none,cache,cache,cache,none
9.44431,80.39148,2026-09-01,750,N,VIIRS,VIIRS_SNPP_NRT,3.35,340.36,303.64,n,D,14645.5,45000.0,45000.0,19449.4,974.5,5333.3,45000.0,14.646,14.646,45.0,45.0,19.449,0.975,5.333,45.0,0,0,0,0,0,1,0,0,cache,none,none,cache,cache,cache,none
9.53506,80.38695,2026-09-01,750,N,VIIRS,VIIRS_SNPP_NRT,25.84,342.55,304.4,n,D,4644.1,45000.0,45000.0,45000.0,4690.0,4484.8,45000.0,4.644,4.644,45.0,45.0,45.0,4.69,4.485,45.0,0,0,1,0,1,1,1,0,cache,none,none,none,cache,cache,none
9.57735,78.58523,2026-09-01,750,N,VIIRS,VIIRS_SNPP_NRT,8.92,342.46,305.45,n,D,10640.5,45000.0,45000.0,12507.0,13923.9,15183.2,13458.0,10.64,10.64,45.0,45.0,12.507,13.924,15.183,13.458,0,0,0,0,0,0,0,0,cache,none,none,cache,cache,cache,cache
9.60892,79.98938,2026-09-01,750,N,VIIRS,VIIRS_SNPP_NRT,4.83,345.28,302.98,n,D,6131.9,45000.0,45000.0,45000.0,2328.9,5954.9,15253.9,6.132,6.132,45.0,45.0,45.0,2.329,5.955,15.254,0,0,0,0,0,1,0,0,cache,none,none,none,cache,cache,cache
9.63981,80.21948,2026-09-01,750,N,VIIRS,VIIRS_SNPP_NRT,2.34,335.9,300.71,n,D,5385.0,45000.0,45000.0,45000.0,1341.4,11593.8,23096.9,5.385,5.385,45.0,45.0,45.0,1.341,11.594,23.097,0,0,0,0,0,1,0,0,cache,none,none,none,cache,cache,cache
9.64288,80.3102,2026-09-01,750,N,VIIRS,VIIRS_SNPP_NRT,4.14,333.48,302.49,n,D,6382.1,45000.0,45000.0,45000.0,2637.6,11787.3,45000.0,6.382,6.382,45.0,45.0,45.0,2.638,11.787,45.0,0,0,0,0,0,1,0,0,cache,none,none,none,cache,cache,none
9.6828,79.86526,2026-09-01,750,N,VIIRS,VIIRS_SNPP_NRT,2.81,331.06,302.61,l,D,14787.3,45000.0,45000.0,45000.0,1044.2,9438.1,19517.1,14.787,14.787,45.0,45.0,45.0,1.044,9.438,19.517,0,0,0,0,0,1,0,0,cache,none,none,none,cache,cache,cache
9.77143,78.21916,2026-09-01,750,N,VIIRS,VIIRS_SNPP_NRT,3.49,333.13,302.84,n,D,7542.9,45000.0,45000.0,8244.8,14275.2,12061.6,9730.4,7.543,7.543,45.0,45.0,8.245,14.275,12.062,9.73,0,0,0,0,0,0,0,0,cache,none,none,cache,cache,cache,cache
9.8107,78.22701,2026-09-01,750,N,VIIRS,VIIRS_SNPP_NRT,3.51,330.36,302.93,l,D,3790.9,45000.0,45000.0,4249.1,12224.5,10635.9,7008.5,3.791,3.791,45.0,45.0,4.249,12.224,10.636,7.008,0,0,1,0,0,0,1,0,cache,none,none,cache,cache,cache,cache
9.95757,77.88288,2026-09-01,750,N,VIIRS,VIIRS_SNPP_NRT,8.44,336.99,305.57,n,D,13012.2,45000.0,45000.0,9395.1,11525.1,4493.5,15500.5,13.012,13.012,45.0,45.0,9.395,11.525,4.494,15.501,0,0,0,0,1,0,0,0,cache,none,none,cache,cache,cache,cache
9.95914,77.88472,2026-09-01,750,N,VIIRS,VIIRS_SNPP_NRT,11.36,337.66,305.78,n,D,12856.9,45000.0,45000.0,9244.0,11260.8,4419.8,15453.0,12.857,12.857,45.0,45.0,9.244,11.261,4.42,15.453,0,0,0,0,1,0,0,0,cache,none,none,cache,cache,cache,cache
9.96654,77.89884,2026-09-01,750,N,VIIRS,VIIRS_SNPP_NRT,6.17,339.99,305.78,n,D,11613.9,45000.0,45000.0,7526.9,9518.0,4711.0,15646.2,11.614,11.614,45.0,45.0,7.527,9.518,4.711,15.646,0,0,0,0,1,0,0,0,cache,none,none,cache,cache,cache,cache
9.96955,77.89621,2026-09-01,750,N,VIIRS,VIIRS_SNPP_NRT,13.59,343.87,306.5,n,D,12000.1,45000.0,45000.0,7726.2,9577.5,4273.7,15205.4,12.0,12.0,45.0,45.0,7.726,9.578,4.274,15.205,0,0,0,0,1,0,0,0,cache,none,none,cache,cache,cache,cache
9.99659,77.51824,2026-09-01,750,N,VIIRS,VIIRS_SNPP_NRT,3.0,343.88,303.84,n,D,2971.4,45000.0,45000.0,1632.0,3545.3,1277.7,10159.4,2.971,2.971,45.0,45.0,1.632,3.545,1.278,10.159,0,0,1,0,1,1,1,0,cache,none,none,cache,cache,cache,cache
9.99667,77.52258,2026-09-01,750,N,VIIRS,VIIRS_SNPP_NRT,8.15,334.74,303.41,n,D,3412.1,45000.0,45000.0,1173.7,4013.1,867.5,9787.5,3.412,3.412,45.0,45.0,1.174,4.013,0.867,9.787,0,0,1,0,1,1,1,0,cache,none,none,cache,cache,cache,cache
10.015,78.08784,2026-09-01,750,N,VIIRS,VIIRS_SNPP_NRT,8.15,345.21,304.53,n,D,4963.2,45000.0,45000.0,6781.0,3407.4,4803.1,19274.6,4.963,4.963,45.0,45.0,6.781,3.407,4.803,19.275,0,0,1,0,1,1,1,0,cache,none,none,cache,cache,cache,cache
10.38719,79.27933,2026-09-01,750,N,VIIRS,VIIRS_SNPP_NRT,11.34,343.55,305.99,n,D,12503.5,45000.0,45000.0,45000.0,2309.8,11691.7,25293.0,12.504,12.504,45.0,45.0,45.0,2.31,11.692,25.293,0,0,0,0,0,1,0,0,cache,none,none,none,cache,cache,cache
10.44507,78.80642,2026-09-01,750,N,VIIRS,VIIRS_SNPP_NRT,3.98,332.13,302.64,l,D,3449.3,45000.0,45000.0,3012.6,4734.1,5852.9,15845.0,3.449,3.449,45.0,45.0,3.013,4.734,5.853,15.845,0,0,1,0,0,1,1,0,cache,none,none,cache,cache,cache,cache
10.44559,78.8073,2026-09-01,750,N,VIIRS,VIIRS_SNPP_NRT,5.72,332.18,301.71,n,D,3560.3,45000.0,45000.0,3113.2,4655.2,5926.3,15747.9,3.56,3.56,45.0,45.0,3.113,4.655,5.926,15.748,0,0,1,0,0,1,1,0,cache,none,none,cache,cache,cache,cache
10.67588,78.80834,2026-09-01,750,N,VIIRS,VIIRS_SNPP_NRT,4.1,334.64,305.76,l,D,4460.5,45000.0,45000.0,7478.5,8662.6,7242.2,8179.3,4.461,4.461,45.0,45.0,7.478,8.663,7.242,8.179,0,0,1,0,0,0,1,0,cache,none,none,cache,cache,cache,cache
10.74769,78.83463,2026-09-01,750,N,VIIRS,VIIRS_SNPP_NRT,6.13,344.12,306.06,n,D,2563.6,45000.0,45000.0,4096.0,1679.1,2717.5,4424.7,2.564,2.564,45.0,45.0,4.096,1.679,2.718,4.425,0,1,1,0,1,1,1,0,cache,none,none,cache,cache,cache,cache
10.77378,78.65028,2026-09-01,750,N,VIIRS,VIIRS_SNPP_NRT,5.62,335.4,307.67,l,D,4195.2,45000.0,45000.0,16179.7,3297.8,18050.0,4402.5,4.195,4.195,45.0,45.0,16.18,3.298,18.05,4.402,0,1,1,0,0,1,1,0,cache,none,none,cache,cache,cache,cache
10.86091,79.81236,2026-09-01,750,N,VIIRS,VIIRS_SNPP_NRT,0.93,332.03,298.78,n,D,628.2,3812.8,45000.0,45000.0,2387.6,2908.4,449.2,0.628,0.628,3.813,45.0,45.0,2.388,2.908,0.449,1,1,1,1,1,1,3,1,cache,cache,none,none,cache,cache,cache
11.00781,77.43622,2026-09-01,750,N,VIIRS,VIIRS_SNPP_NRT,7.15,332.41,299.6,n,D,4466.1,45000.0,12693.7,10089.4,10014.9,10889.3,10563.6,4.466,4.466,45.0,12.694,10.089,10.015,10.889,10.564,0,0,1,0,0,0,1,0,cache,none,cache,cache,cache,cache,cache
11.01218,79.41254,2026-09-01,750,N,VIIRS,VIIRS_SNPP_NRT,1.56,334.72,302.36,n,D,6377.4,45000.0,45000.0,23144.6,9270.1,4404.8,13860.6,6.377,6.377,45.0,45.0,23.145,9.27,4.405,13.861,0,0,0,0,1,0,0,0,cache,none,none,cache,cache,cache,cache
11.01958,79.83994,2026-09-01,750,N,VIIRS,VIIRS_SNPP_NRT,2.22,336.41,303.87,n,D,6256.6,21695.1,45000.0,45000.0,1814.9,7605.1,6164.6,6.257,6.257,21.695,45.0,45.0,1.815,7.605,6.165,0,0,0,0,0,1,0,0,cache,cache,none,none,cache,cache,cache
11.14795,78.03258,2026-09-01,750,N,VIIRS,VIIRS_SNPP_NRT,4.53,336.34,300.6,n,D,3308.5,45000.0,45000.0,10839.0,5351.8,7713.5,7090.1,3.309,3.309,45.0,45.0,10.839,5.352,7.714,7.09,0,0,1,0,0,0,1,0,cache,none,none,cache,cache,cache,cache
11.69378,79.12559,2026-09-01,750,N,VIIRS,VIIRS_SNPP_NRT,3.94,336.91,304.65,n,D,11261.5,45000.0,45000.0,8751.2,11501.4,1879.4,20456.2,11.261,11.261,45.0,45.0,8.751,11.501,1.879,20.456,0,0,0,0,1,0,0,0,cache,none,none,cache,cache,cache,cache
11.69394,79.12669,2026-09-01,750,N,VIIRS,VIIRS_SNPP_NRT,5.89,334.62,305.59,l,D,11203.9,45000.0,45000.0,8635.0,11590.9,1783.2,20430.2,11.204,11.204,45.0,45.0,8.635,11.591,1.783,20.43,0,0,0,0,1,0,0,0,cache,none,none,cache,cache,cache,cache
11.69813,79.12595,2026-09-01,750,N,VIIRS,VIIRS_SNPP_NRT,5.89,355.18,304.79,n,D,11628.0,45000.0,45000.0,8792.3,11904.9,2117.9,20894.7,11.628,11.628,45.0,45.0,8.792,11.905,2.118,20.895,0,0,0,0,1,0,0,0,cache,none,none,cache,cache,cache,cache
11.83094,79.66526,2026-09-01,750,N,VIIRS,VIIRS_SNPP_NRT,1.86,331.46,303.93,l,D,5267.6,45000.0,45000.0,17634.8,5624.7,10808.1,18269.3,5.268,5.268,45.0,45.0,17.635,5.625,10.808,18.269,0,0,0,0,0,0,0,0,cache,none,none,cache,cache,cache,cache
12.05853,79.84698,2026-09-01,750,N,VIIRS,VIIRS_SNPP_NRT,3.58,331.63,299.32,n,D,2217.6,45000.0,45000.0,17184.8,1447.0,4937.4,10074.2,2.218,2.218,45.0,45.0,17.185,1.447,4.937,10.074,0,0,1,0,1,1,1,0,cache,none,none,cache,cache,cache,cache
12.09285,79.56569,2026-09-01,750,N,VIIRS,VIIRS_SNPP_NRT,4.53,341.02,303.15,n,D,5221.3,45000.0,45000.0,11142.0,13576.0,10145.5,45000.0,5.221,5.221,45.0,45.0,11.142,13.576,10.146,45.0,0,0,0,0,0,0,0,0,cache,none,none,cache,cache,cache,none
12.09304,79.56533,2026-09-01,750,N,VIIRS,VIIRS_SNPP_NRT,2.38,342.44,303.39,n,D,5224.9,45000.0,45000.0,11186.3,13544.2,10145.6,45000.0,5.225,5.225,45.0,45.0,11.186,13.544,10.146,45.0,0,0,0,0,0,0,0,0,cache,none,none,cache,cache,cache,none
12.13102,78.14007,2026-09-01,750,N,VIIRS,VIIRS_SNPP_NRT,8.28,332.63,299.71,n,D,3056.6,45000.0,11873.9,45000.0,45000.0,4339.9,45000.0,3.057,3.057,45.0,11.874,45.0,45.0,4.34,45.0,0,0,1,0,1,0,1,0,cache,none,cache,none,none,cache,none
12.38799,79.56133,2026-09-01,750,N,VIIRS,VIIRS_SNPP_NRT,2.06,332.27,303.14,n,D,13100.4,45000.0,45000.0,2862.1,17896.1,19525.5,6761.7,13.1,13.1,45.0,45.0,2.862,17.896,19.526,6.762,0,0,0,0,0,0,0,0,cache,none,none,cache,cache,cache,cache
12.55496,79.97733,2026-09-01,750,N,VIIRS,VIIRS_SNPP_NRT,6.59,343.27,303.72,n,D,8729.0,45000.0,45000.0,14897.1,10830.6,10039.9,13710.3,8.729,8.729,45.0,45.0,14.897,10.831,10.04,13.71,0,0,0,0,0,0,0,0,cache,none,none,cache,cache,cache,cache
12.63548,79.86098,2026-09-01,750,N,VIIRS,VIIRS_SNPP_NRT,5.87,334.7,302.52,n,D,3416.1,45000.0,45000.0,1929.8,8123.5,3922.7,4143.2,3.416,3.416,45.0,45.0,1.93,8.123,3.923,4.143,0,1,1,0,1,0,1,0,cache,none,none,cache,cache,cache,cache
12.6515,79.40098,2026-09-01,750,N,VIIRS,VIIRS_SNPP_NRT,2.19,337.49,301.46,n,D,11433.9,45000.0,45000.0,19960.8,14492.9,10640.4,14418.8,11.434,11.434,45.0,45.0,19.961,14.493,10.64,14.419,0,0,0,0,0,0,0,0,cache,none,none,cache,cache,cache,cache
12.65554,79.40025,2026-09-01,750,N,VIIRS,VIIRS_SNPP_NRT,2.19,336.68,302.28,n,D,11295.4,45000.0,45000.0,19772.6,14914.0,11050.1,14598.1,11.295,11.295,45.0,45.0,19.773,14.914,11.05,14.598,0,0,0,0,0,0,0,0,cache,none,none,cache,cache,cache,cache
12.8083,79.95654,2026-09-01,750,N,VIIRS,VIIRS_SNPP_NRT,3.64,331.11,302.28,l,D,3329.7,45000.0,45000.0,7488.4,2879.4,2763.0,4183.4,3.33,3.33,45.0,45.0,7.488,2.879,2.763,4.183,0,1,1,0,1,1,1,0,cache,none,none,cache,cache,cache,cache
12.82044,79.10441,2026-09-01,750,N,VIIRS,VIIRS_SNPP_NRT,5.45,338.59,303.67,n,D,5542.8,45000.0,45000.0,4065.0,2754.6,7184.4,14475.0,5.543,5.543,45.0,45.0,4.065,2.755,7.184,14.475,0,0,0,0,0,1,0,0,cache,none,none,cache,cache,cache,cache
12.82455,79.10368,2026-09-01,750,N,VIIRS,VIIRS_SNPP_NRT,5.9,332.39,304.02,l,D,5082.2,45000.0,45000.0,3759.4,2569.2,7285.2,14065.8,5.082,5.082,45.0,45.0,3.759,2.569,7.285,14.066,0,0,0,0,0,1,0,0,cache,none,none,cache,cache,cache,cache
12.88371,78.21547,2026-09-01,750,N,VIIRS,VIIRS_SNPP_NRT,3.46,333.65,302.7,n,D,9394.2,45000.0,45000.0,6720.8,22840.0,3508.8,5507.9,9.394,9.394,45.0,45.0,6.721,22.84,3.509,5.508,0,0,0,0,1,0,0,0,cache,none,none,cache,cache,cache,cache
13.20734,79.73056,2026-09-01,750,N,VIIRS,VIIRS_SNPP_NRT,3.71,330.12,301.37,l,D,10183.3,45000.0,45000.0,16617.7,3922.1,3617.2,14864.4,10.183,10.183,45.0,45.0,16.618,3.922,3.617,14.864,0,0,0,0,1,1,0,0,cache,none,none,cache,cache,cache,cache
13.85649,79.3286,2026-09-01,750,N,VIIRS,VIIRS_SNPP_NRT,4.74,340.87,296.39,n,D,8102.0,45000.0,45000.0,18512.5,7184.9,11011.6,45000.0,8.102,8.102,45.0,45.0,18.513,7.185,11.012,45.0,0,0,0,0,0,0,0,0,cache,none,none,cache,cache,cache,none
13.85709,79.33201,2026-09-01,750,N,VIIRS,VIIRS_SNPP_NRT,4.74,344.02,298.61,n,D,7770.7,45000.0,45000.0,18461.2,7025.2,10863.6,45000.0,7.771,7.771,45.0,45.0,18.461,7.025,10.864,45.0,0,0,0,0,0,0,0,0,cache,none,none,cache,cache,cache,none
13.86103,79.33105,2026-09-01,750,N,VIIRS,VIIRS_SNPP_NRT,4.74,334.63,296.24,n,D,8014.1,45000.0,45000.0,18018.5,6627.0,10458.8,45000.0,8.014,8.014,45.0,45.0,18.019,6.627,10.459,45.0,0,0,0,0,0,0,0,0,cache,none,none,cache,cache,cache,none
14.43501,77.70506,2026-09-01,750,N,VIIRS,VIIRS_SNPP_NRT,5.22,330.81,296.7,n,D,2952.9,45000.0,45000.0,2120.9,19228.8,16956.3,4028.4,2.953,2.953,45.0,45.0,2.121,19.229,16.956,4.028,0,1,1,0,0,0,1,0,cache,none,none,cache,cache,cache,cache
14.43581,77.70943,2026-09-01,750,N,VIIRS,VIIRS_SNPP_NRT,11.47,343.02,298.18,n,D,2906.7,45000.0,45000.0,2018.2,19357.4,16695.1,4408.3,2.907,2.907,45.0,45.0,2.018,19.357,16.695,4.408,0,1,1,0,0,0,1,0,cache,none,none,cache,cache,cache,cache
14.49206,77.77126,2026-09-01,750,N,VIIRS,VIIRS_SNPP_NRT,8.52,343.95,298.34,n,D,10943.8,45000.0,45000.0,10202.1,23166.1,19052.8,6398.4,10.944,10.944,45.0,45.0,10.202,23.166,19.053,6.398,0,0,0,0,0,0,0,0,cache,none,none,cache,cache,cache,cache
14.54064,79.68484,2026-09-01,750,N,VIIRS,VIIRS_SNPP_NRT,9.29,344.26,297.25,n,D,11457.5,45000.0,45000.0,45000.0,1640.0,45000.0,11097.9,11.457,11.457,45.0,45.0,45.0,1.64,45.0,11.098,0,0,0,0,0,1,0,0,cache,none,none,none,cache,none,cache
14.86462,77.31979,2026-09-01,752,N,VIIRS,VIIRS_SNPP_NRT,2.62,335.31,292.46,n,D,8219.5,45000.0,45000.0,45000.0,45000.0,23924.5,45000.0,8.22,8.22,45.0,45.0,45.0,45.0,23.925,45.0,0,0,0,0,0,0,0,0,cache,none,none,none,none,cache,none
14.95313,79.62963,2026-09-01,752,N,VIIRS,VIIRS_SNPP_NRT,5.79,338.9,300.36,n,D,45000.0,45000.0,45000.0,45000.0,3162.7,20113.3,12042.4,45.0,45.0,45.0,45.0,45.0,3.163,20.113,12.042,0,0,0,0,0,1,0,0,none,none,none,none,cache,cache,cache
14.95399,79.63455,2026-09-01,752,N,VIIRS,VIIRS_SNPP_NRT,5.79,333.95,299.32,n,D,45000.0,45000.0,45000.0,45000.0,2681.9,20431.8,12393.0,45.0,45.0,45.0,45.0,45.0,2.682,20.432,12.393,0,0,0,0,0,1,0,0,none,none,none,none,cache,cache,cache
15.18663,76.75148,2026-09-01,752,N,VIIRS,VIIRS_SNPP_NRT,3.78,337.67,289.96,n,D,3815.9,45000.0,45000.0,5205.0,9978.6,5449.6,3432.4,3.816,3.816,45.0,45.0,5.205,9.979,5.45,3.432,0,1,1,0,0,0,1,0,cache,none,none,cache,cache,cache,cache
15.88618,79.82315,2026-09-01,752,N,VIIRS,VIIRS_SNPP_NRT,7.0,338.82,301.09,l,D,13443.5,45000.0,45000.0,13464.2,11011.2,9459.1,14361.3,13.443,13.443,45.0,45.0,13.464,11.011,9.459,14.361,0,0,0,0,0,0,0,0,cache,none,none,cache,cache,cache,cache
15.88993,79.82246,2026-09-01,752,N,VIIRS,VIIRS_SNPP_NRT,7.0,339.55,299.72,n,D,13763.0,45000.0,45000.0,13451.8,11434.7,9335.8,14781.0,13.763,13.763,45.0,45.0,13.452,11.435,9.336,14.781,0,0,0,0,0,0,0,0,cache,none,none,cache,cache,cache,cache
17.95781,80.79736,2026-09-01,752,N,VIIRS,VIIRS_SNPP_NRT,5.73,336.54,292.25,n,D,3359.0,45000.0,45000.0,2586.9,9323.5,6782.9,3119.9,3.359,3.359,45.0,45.0,2.587,9.324,6.783,3.12,0,1,1,0,0,0,1,0,cache,none,none,cache,cache,cache,cache
27.52273,68.33573,2026-09-01,756,N,VIIRS,VIIRS_SNPP_NRT,7.3,353.91,298.29,n,D,45000.0,45000.0,45000.0,45000.0,45000.0,45000.0,45000.0,45.0,45.0,45.0,45.0,45.0,45.0,45.0,45.0,0,0,0,0,0,0,0,0,none,none,none,none,none,none,none
30.67169,73.90612,2026-09-01,756,N,VIIRS,VIIRS_SNPP_NRT,3.03,334.61,294.93,n,D,45000.0,45000.0,45000.0,45000.0,45000.0,22460.9,11725.9,45.0,45.0,45.0,45.0,45.0,45.0,22.461,11.726,0,0,0,0,0,0,0,0,none,none,none,none,none,cache,cache
32.2988,73.30443,2026-09-01,756,N,VIIRS,VIIRS_SNPP_NRT,2.61,331.8,294.81,n,D,45000.0,45000.0,45000.0,45000.0,45000.0,45000.0,45000.0,45.0,45.0,45.0,45.0,45.0,45.0,45.0,45.0,0,0,0,0,0,0,0,0,none,none,none,none,none,none,none
