latitude,longitude,bright_ti4,scan,track,acq_date,acq_time,satellite,instrument,confidence,version,bright_ti5,frp,daynight,source_dataset
6.8226,81.4782,340.95,0.77,0.77,2026-09-03,712,N,VIIRS,n,2.0NRT,291.99,8.35,D,VIIRS_SNPP_NRT
6.82737,81.47894,330.42,0.77,0.77,2026-09-03,712,N,VIIRS,n,2.0NRT,291.07,4.66,D,VIIRS_SNPP_NRT
8.94729,80.78709,333.81,0.79,0.78,2026-09-03,712,N,VIIRS,n,2.0NRT,288.83,6.04,D,VIIRS_SNPP_NRT
8.94969,80.79314,336.01,0.78,0.78,2026-09-03,712,N,VIIRS,n,2.0NRT,288.87,11.49,D,VIIRS_SNPP_NRT
23.80334,86.3283,329.9,0.56,0.43,2026-09-03,716,N,VIIRS,n,2.0NRT,292.97,4.25,D,VIIRS_SNPP_NRT
26.52341,90.53152,337.85,0.38,0.36,2026-09-03,716,N,VIIRS,n,2.0NRT,295.1,3.17,D,VIIRS_SNPP_NRT
26.80206,90.32026,331.09,0.38,0.36,2026-09-03,716,N,VIIRS,n,2.0NRT,295.86,4.05,D,VIIRS_SNPP_NRT
26.88079,92.32764,335.88,0.4,0.37,2026-09-03,716,N,VIIRS,n,2.0NRT,295.78,6.54,D,VIIRS_SNPP_NRT
27.37946,95.33263,333.29,0.53,0.42,2026-09-03,716,N,VIIRS,n,2.0NRT,293.87,1.57,D,VIIRS_SNPP_NRT
27.98586,95.93726,334.3,0.39,0.44,2026-09-03,716,N,VIIRS,n,2.0NRT,295.68,5.03,D,VIIRS_SNPP_NRT
27.99035,95.94063,340.52,0.39,0.44,2026-09-03,716,N,VIIRS,n,2.0NRT,294.12,6.05,D,VIIRS_SNPP_NRT
28.181,95.66731,333.32,0.57,0.43,2026-09-03,716,N,VIIRS,n,2.0NRT,294.3,5.65,D,VIIRS_SNPP_NRT
6.44193,81.0908,348.26,0.48,0.65,2026-09-03,852,N,VIIRS,n,2.0NRT,291.57,6.84,D,VIIRS_SNPP_NRT
6.74363,81.52365,330.37,0.52,0.67,2026-09-03,852,N,VIIRS,n,2.0NRT,293.86,4.18,D,VIIRS_SNPP_NRT
6.82773,81.55322,330.62,0.53,0.67,2026-09-03,852,N,VIIRS,n,2.0NRT,291.54,4.08,D,VIIRS_SNPP_NRT
6.82839,81.55818,337.28,0.53,0.67,2026-09-03,852,N,VIIRS,n,2.0NRT,291.68,4.08,D,VIIRS_SNPP_NRT
7.13617,80.9217,341.43,0.48,0.65,2026-09-03,852,N,VIIRS,n,2.0NRT,293.8,10.53,D,VIIRS_SNPP_NRT
7.22182,80.83134,334.52,0.48,0.64,2026-09-03,852,N,VIIRS,n,2.0NRT,291.89,4.3,D,VIIRS_SNPP_NRT
7.22432,80.83115,333.28,0.48,0.64,2026-09-03,852,N,VIIRS,n,2.0NRT,291.1,3.97,D,VIIRS_SNPP_NRT
7.32894,81.20289,339.3,0.51,0.66,2026-09-03,852,N,VIIRS,n,2.0NRT,297.37,9.62,D,VIIRS_SNPP_NRT
7.36543,81.77074,334.51,0.55,0.68,2026-09-03,852,N,VIIRS,n,2.0NRT,292.3,4.81,D,VIIRS_SNPP_NRT
7.36605,81.10909,331.16,0.5,0.66,2026-09-03,852,N,VIIRS,n,2.0NRT,296.35,4.69,D,VIIRS_SNPP_NRT
7.36618,81.10924,330.55,0.5,0.66,2026-09-03,852,N,VIIRS,n,2.0NRT,296.75,4.5,D,VIIRS_SNPP_NRT
7.52924,81.65376,337.63,0.55,0.68,2026-09-03,852,N,VIIRS,n,2.0NRT,292.58,4.86,D,VIIRS_SNPP_NRT
7.55661,80.95155,334.53,0.49,0.65,2026-09-03,852,N,VIIRS,n,2.0NRT,294.03,5.75,D,VIIRS_SNPP_NRT
7.55712,80.94936,331.3,0.49,0.65,2026-09-03,852,N,VIIRS,n,2.0NRT,294.15,4.55,D,VIIRS_SNPP_NRT
7.72298,81.26734,336.62,0.52,0.67,2026-09-03,852,N,VIIRS,n,2.0NRT,293.0,5.61,D,VIIRS_SNPP_NRT
7.75647,81.23419,331.0,0.52,0.66,2026-09-03,852,N,VIIRS,n,2.0NRT,293.04,4.19,D,VIIRS_SNPP_NRT
7.92578,81.39906,335.63,0.53,0.67,2026-09-03,852,N,VIIRS,n,2.0NRT,293.08,7.19,D,VIIRS_SNPP_NRT
7.9395,81.25786,336.74,0.52,0.67,2026-09-03,852,N,VIIRS,n,2.0NRT,293.41,3.46,D,VIIRS_SNPP_NRT
8.05081,81.30357,337.97,0.53,0.67,2026-09-03,852,N,VIIRS,n,2.0NRT,293.14,7.7,D,VIIRS_SNPP_NRT
8.05333,80.59547,333.4,0.47,0.64,2026-09-03,852,N,VIIRS,n,2.0NRT,293.4,3.63,D,VIIRS_SNPP_NRT
8.05642,81.2979,338.69,0.53,0.67,2026-09-03,852,N,VIIRS,n,2.0NRT,293.12,6.6,D,VIIRS_SNPP_NRT
8.05706,81.30285,344.06,0.53,0.67,2026-09-03,852,N,VIIRS,n,2.0NRT,292.73,6.6,D,VIIRS_SNPP_NRT
8.14806,81.33616,367.0,0.53,0.67,2026-09-03,852,N,VIIRS,h,2.0NRT,293.0,11.6,D,VIIRS_SNPP_NRT
8.1625,81.34946,367.0,0.53,0.67,2026-09-03,852,N,VIIRS,h,2.0NRT,293.1,19.64,D,VIIRS_SNPP_NRT
8.20065,81.06894,330.69,0.51,0.66,2026-09-03,852,N,VIIRS,n,2.0NRT,292.24,3.11,D,VIIRS_SNPP_NRT
8.20337,80.99162,336.41,0.5,0.66,2026-09-03,852,N,VIIRS,n,2.0NRT,292.96,5.13,D,VIIRS_SNPP_NRT
8.20392,80.99172,332.07,0.5,0.66,2026-09-03,852,N,VIIRS,n,2.0NRT,292.88,6.22,D,VIIRS_SNPP_NRT
8.21999,80.57515,330.34,0.47,0.64,2026-09-03,852,N,VIIRS,n,2.0NRT,292.01,1.81,D,VIIRS_SNPP_NRT
8.284,80.23323,330.92,0.45,0.63,2026-09-03,852,N,VIIRS,n,2.0NRT,292.92,8.64,D,VIIRS_SNPP_NRT
8.28842,80.23164,331.07,0.45,0.63,2026-09-03,852,N,VIIRS,n,2.0NRT,293.27,7.83,D,VIIRS_SNPP_NRT
8.39178,80.16251,340.35,0.45,0.63,2026-09-03,852,N,VIIRS,n,2.0NRT,295.25,46.39,D,VIIRS_SNPP_NRT
8.39199,80.16026,334.57,0.45,0.63,2026-09-03,852,N,VIIRS,n,2.0NRT,292.82,23.58,D,VIIRS_SNPP_NRT
8.3923,80.16667,351.18,0.45,0.63,2026-09-03,852,N,VIIRS,n,2.0NRT,292.93,41.89,D,VIIRS_SNPP_NRT
8.39254,80.16441,367.0,0.45,0.63,2026-09-03,852,N,VIIRS,h,2.0NRT,296.13,62.8,D,VIIRS_SNPP_NRT
8.4028,80.65507,332.44,0.48,0.65,2026-09-03,852,N,VIIRS,n,2.0NRT,293.37,5.58,D,VIIRS_SNPP_NRT
8.4287,80.5266,330.2,0.47,0.64,2026-09-03,852,N,VIIRS,n,2.0NRT,292.89,6.28,D,VIIRS_SNPP_NRT
8.43132,80.52473,346.03,0.47,0.64,2026-09-03,852,N,VIIRS,n,2.0NRT,292.96,7.77,D,VIIRS_SNPP_NRT
8.55929,80.3675,367.0,0.46,0.64,2026-09-03,852,N,VIIRS,h,2.0NRT,294.02,17.44,D,VIIRS_SNPP_NRT
8.564,80.79541,333.78,0.49,0.65,2026-09-03,852,N,VIIRS,n,2.0NRT,291.79,6.69,D,VIIRS_SNPP_NRT
8.56422,80.79527,332.99,0.49,0.65,2026-09-03,852,N,VIIRS,n,2.0NRT,291.38,3.8,D,VIIRS_SNPP_NRT
8.60062,80.454,335.49,0.47,0.64,2026-09-03,852,N,VIIRS,n,2.0NRT,290.31,2.76,D,VIIRS_SNPP_NRT
8.60401,80.48016,334.16,0.47,0.64,2026-09-03,852,N,VIIRS,n,2.0NRT,292.18,6.33,D,VIIRS_SNPP_NRT
8.60457,80.48453,331.25,0.47,0.64,2026-09-03,852,N,VIIRS,n,2.0NRT,291.37,5.78,D,VIIRS_SNPP_NRT
8.62868,80.4115,334.84,0.47,0.64,2026-09-03,852,N,VIIRS,n,2.0NRT,293.13,4.52,D,VIIRS_SNPP_NRT
8.62922,80.41586,339.61,0.47,0.64,2026-09-03,852,N,VIIRS,n,2.0NRT,293.02,4.52,D,VIIRS_SNPP_NRT
8.63185,80.41512,342.85,0.47,0.64,2026-09-03,852,N,VIIRS,n,2.0NRT,291.81,7.79,D,VIIRS_SNPP_NRT
8.6559,80.50523,349.78,0.47,0.64,2026-09-03,852,N,VIIRS,n,2.0NRT,293.52,8.48,D,VIIRS_SNPP_NRT
8.65861,80.50542,356.68,0.47,0.64,2026-09-03,852,N,VIIRS,n,2.0NRT,293.32,11.33,D,VIIRS_SNPP_NRT
8.66189,80.50454,333.14,0.47,0.64,2026-09-03,852,N,VIIRS,n,2.0NRT,291.88,5.56,D,VIIRS_SNPP_NRT
8.81097,78.0528,333.07,0.32,0.55,2026-09-03,852,N,VIIRS,n,2.0NRT,298.05,0.97,D,VIIRS_SNPP_NRT
8.82872,80.53358,335.37,0.48,0.65,2026-09-03,852,N,VIIRS,n,2.0NRT,291.51,7.51,D,VIIRS_SNPP_NRT
8.86421,78.08301,337.52,0.33,0.55,2026-09-03,852,N,VIIRS,n,2.0NRT,296.67,2.55,D,VIIRS_SNPP_NRT
8.86688,78.08226,334.12,0.33,0.55,2026-09-03,852,N,VIIRS,n,2.0NRT,296.85,1.34,D,VIIRS_SNPP_NRT
8.8697,80.70795,331.08,0.49,0.65,2026-09-03,852,N,VIIRS,n,2.0NRT,289.83,2.61,D,VIIRS_SNPP_NRT
8.99572,78.11298,337.77,0.33,0.55,2026-09-03,852,N,VIIRS,n,2.0NRT,296.58,1.58,D,VIIRS_SNPP_NRT
8.99612,78.11604,340.09,0.33,0.55,2026-09-03,852,N,VIIRS,n,2.0NRT,296.73,1.58,D,VIIRS_SNPP_NRT
9.09281,79.79891,331.83,0.43,0.62,2026-09-03,852,N,VIIRS,n,2.0NRT,291.7,4.75,D,VIIRS_SNPP_NRT
9.2081,80.67667,332.64,0.49,0.65,2026-09-03,852,N,VIIRS,n,2.0NRT,292.05,4.85,D,VIIRS_SNPP_NRT
9.20827,80.67661,333.84,0.5,0.65,2026-09-03,852,N,VIIRS,n,2.0NRT,292.0,6.18,D,VIIRS_SNPP_NRT
9.3942,80.43369,335.74,0.48,0.65,2026-09-03,852,N,VIIRS,n,2.0NRT,292.71,7.95,D,VIIRS_SNPP_NRT
9.39609,80.43563,331.09,0.48,0.65,2026-09-03,852,N,VIIRS,n,2.0NRT,292.43,6.93,D,VIIRS_SNPP_NRT
9.40996,78.80921,341.22,0.37,0.58,2026-09-03,852,N,VIIRS,n,2.0NRT,292.88,0.73,D,VIIRS_SNPP_NRT
10.23653,79.19613,367.0,0.41,0.6,2026-09-03,852,N,VIIRS,h,2.0NRT,294.56,11.42,D,VIIRS_SNPP_NRT
10.9525,78.43614,334.3,0.37,0.58,2026-09-03,852,N,VIIRS,n,2.0NRT,273.55,2.9,D,VIIRS_SNPP_NRT
11.5078,79.52651,346.56,0.45,0.63,2026-09-03,852,N,VIIRS,n,2.0NRT,294.32,4.34,D,VIIRS_SNPP_NRT
11.50817,79.52599,344.98,0.44,0.63,2026-09-03,852,N,VIIRS,n,2.0NRT,294.04,2.7,D,VIIRS_SNPP_NRT
18.51854,74.3471,334.46,0.5,0.49,2026-09-03,856,N,VIIRS,n,2.0NRT,296.41,4.86,D,VIIRS_SNPP_NRT
18.51911,74.35187,330.29,0.5,0.49,2026-09-03,856,N,VIIRS,n,2.0NRT,296.04,4.86,D,VIIRS_SNPP_NRT
18.56307,74.36423,332.55,0.5,0.49,2026-09-03,856,N,VIIRS,n,2.0NRT,297.39,7.46,D,VIIRS_SNPP_NRT
18.69169,73.04173,334.81,0.42,0.45,2026-09-03,856,N,VIIRS,n,2.0NRT,295.45,5.14,D,VIIRS_SNPP_NRT
21.10661,72.64839,332.65,0.42,0.45,2026-09-03,856,N,VIIRS,n,2.0NRT,296.01,4.4,D,VIIRS_SNPP_NRT
22.4173,69.04085,340.77,0.43,0.38,2026-09-03,856,N,VIIRS,n,2.0NRT,302.56,5.33,D,VIIRS_SNPP_NRT
22.92752,70.11013,330.19,0.48,0.4,2026-09-03,856,N,VIIRS,n,2.0NRT,293.5,3.07,D,VIIRS_SNPP_NRT
22.93244,69.69634,330.89,0.46,0.39,2026-09-03,856,N,VIIRS,l,2.0NRT,302.24,4.13,D,VIIRS_SNPP_NRT
25.3869,68.5815,331.52,0.44,0.38,2026-09-03,858,N,VIIRS,l,2.0NRT,304.2,2.61,D,VIIRS_SNPP_NRT
29.88983,73.90404,333.23,0.32,0.55,2026-09-03,858,N,VIIRS,n,2.0NRT,296.63,1.81,D,VIIRS_SNPP_NRT
32.51342,82.42087,311.6,0.46,0.63,2026-09-03,1940,N,VIIRS,n,2.0NRT,277.11,0.12,N,VIIRS_SNPP_NRT
35.99179,94.82908,299.89,0.39,0.36,2026-09-03,1940,N,VIIRS,n,2.0NRT,280.74,0.74,N,VIIRS_SNPP_NRT
26.75918,83.19909,306.85,0.35,0.57,2026-09-03,1942,N,VIIRS,n,2.0NRT,285.78,1.16,N,VIIRS_SNPP_NRT
23.56118,87.08237,307.04,0.57,0.43,2026-09-03,1945,N,VIIRS,n,2.0NRT,282.82,2.48,N,VIIRS_SNPP_NRT
23.58044,86.72423,309.01,0.4,0.44,2026-09-03,1945,N,VIIRS,n,2.0NRT,288.21,1.24,N,VIIRS_SNPP_NRT
23.6091,85.67449,308.9,0.46,0.47,2026-09-03,1945,N,VIIRS,n,2.0NRT,287.95,0.98,N,VIIRS_SNPP_NRT
23.61394,86.78859,309.63,0.39,0.44,2026-09-03,1945,N,VIIRS,n,2.0NRT,289.21,1.7,N,VIIRS_SNPP_NRT
23.63301,86.83422,306.94,0.39,0.44,2026-09-03,1945,N,VIIRS,n,2.0NRT,288.53,0.84,N,VIIRS_SNPP_NRT
23.64893,85.44199,304.53,0.47,0.48,2026-09-03,1945,N,VIIRS,n,2.0NRT,285.44,1.15,N,VIIRS_SNPP_NRT
23.64945,85.43736,328.16,0.47,0.48,2026-09-03,1945,N,VIIRS,n,2.0NRT,285.76,4.0,N,VIIRS_SNPP_NRT
23.66326,87.15506,315.58,0.56,0.43,2026-09-03,1945,N,VIIRS,n,2.0NRT,286.04,2.72,N,VIIRS_SNPP_NRT
23.6662,84.99924,305.61,0.5,0.49,2026-09-03,1945,N,VIIRS,n,2.0NRT,284.33,1.64,N,VIIRS_SNPP_NRT
23.66999,86.93584,305.31,0.39,0.44,2026-09-03,1945,N,VIIRS,n,2.0NRT,286.93,0.5,N,VIIRS_SNPP_NRT
23.67128,84.99492,302.0,0.5,0.49,2026-09-03,1945,N,VIIRS,n,2.0NRT,285.16,0.81,N,VIIRS_SNPP_NRT
23.67558,85.32627,302.56,0.48,0.48,2026-09-03,1945,N,VIIRS,n,2.0NRT,285.85,0.87,N,VIIRS_SNPP_NRT
23.68263,87.12968,304.46,0.57,0.43,2026-09-03,1945,N,VIIRS,n,2.0NRT,286.13,1.02,N,VIIRS_SNPP_NRT
23.68801,87.11914,310.76,0.57,0.43,2026-09-03,1945,N,VIIRS,n,2.0NRT,285.56,1.93,N,VIIRS_SNPP_NRT
23.69199,87.11974,307.04,0.57,0.43,2026-09-03,1945,N,VIIRS,n,2.0NRT,285.93,1.93,N,VIIRS_SNPP_NRT
23.69338,87.10863,305.36,0.57,0.43,2026-09-03,1945,N,VIIRS,n,2.0NRT,285.59,1.71,N,VIIRS_SNPP_NRT
23.69777,85.2904,303.8,0.48,0.48,2026-09-03,1945,N,VIIRS,n,2.0NRT,285.73,1.48,N,VIIRS_SNPP_NRT
23.69792,85.36774,302.62,0.48,0.48,2026-09-03,1945,N,VIIRS,n,2.0NRT,285.21,0.93,N,VIIRS_SNPP_NRT
23.70747,86.44939,305.52,0.41,0.45,2026-09-03,1945,N,VIIRS,n,2.0NRT,288.22,0.94,N,VIIRS_SNPP_NRT
23.71034,86.42485,309.97,0.41,0.45,2026-09-03,1945,N,VIIRS,n,2.0NRT,285.13,1.8,N,VIIRS_SNPP_NRT
23.71161,86.45001,317.27,0.41,0.45,2026-09-03,1945,N,VIIRS,n,2.0NRT,288.58,1.59,N,VIIRS_SNPP_NRT
23.7117,85.28757,301.95,0.48,0.48,2026-09-03,1945,N,VIIRS,n,2.0NRT,284.85,0.73,N,VIIRS_SNPP_NRT
23.71498,86.42139,307.53,0.41,0.45,2026-09-03,1945,N,VIIRS,n,2.0NRT,287.58,1.61,N,VIIRS_SNPP_NRT
23.71576,86.45063,309.84,0.41,0.45,2026-09-03,1945,N,VIIRS,n,2.0NRT,288.46,1.59,N,VIIRS_SNPP_NRT
23.71672,86.44246,305.75,0.41,0.45,2026-09-03,1945,N,VIIRS,n,2.0NRT,287.65,0.91,N,VIIRS_SNPP_NRT
23.71913,86.422,311.36,0.41,0.45,2026-09-03,1945,N,VIIRS,n,2.0NRT,287.6,1.61,N,VIIRS_SNPP_NRT
23.72328,86.4226,307.96,0.41,0.45,2026-09-03,1945,N,VIIRS,n,2.0NRT,287.66,2.1,N,VIIRS_SNPP_NRT
23.7255,86.43961,312.66,0.41,0.45,2026-09-03,1945,N,VIIRS,n,2.0NRT,287.88,2.79,N,VIIRS_SNPP_NRT
23.73892,86.43327,332.15,0.41,0.45,2026-09-03,1945,N,VIIRS,n,2.0NRT,289.42,4.27,N,VIIRS_SNPP_NRT
23.73894,85.0092,308.95,0.5,0.49,2026-09-03,1945,N,VIIRS,n,2.0NRT,285.68,1.68,N,VIIRS_SNPP_NRT
23.73955,85.01097,308.09,0.5,0.49,2026-09-03,1945,N,VIIRS,n,2.0NRT,285.74,1.92,N,VIIRS_SNPP_NRT
23.75333,86.41881,306.57,0.41,0.45,2026-09-03,1945,N,VIIRS,n,2.0NRT,285.49,2.21,N,VIIRS_SNPP_NRT
23.75436,85.85263,310.98,0.45,0.47,2026-09-03,1945,N,VIIRS,n,2.0NRT,284.88,1.3,N,VIIRS_SNPP_NRT
23.75678,85.85565,310.42,0.45,0.47,2026-09-03,1945,N,VIIRS,n,2.0NRT,285.22,1.56,N,VIIRS_SNPP_NRT
23.75731,85.85121,303.97,0.45,0.47,2026-09-03,1945,N,VIIRS,n,2.0NRT,284.59,1.56,N,VIIRS_SNPP_NRT
23.75867,85.85327,305.82,0.45,0.47,2026-09-03,1945,N,VIIRS,n,2.0NRT,284.84,1.3,N,VIIRS_SNPP_NRT
23.75945,86.403,311.53,0.42,0.45,2026-09-03,1945,N,VIIRS,n,2.0NRT,281.99,1.9,N,VIIRS_SNPP_NRT
23.75995,86.39886,303.16,0.42,0.45,2026-09-03,1945,N,VIIRS,n,2.0NRT,278.33,1.13,N,VIIRS_SNPP_NRT
23.76361,86.40362,319.57,0.42,0.45,2026-09-03,1945,N,VIIRS,n,2.0NRT,279.65,1.9,N,VIIRS_SNPP_NRT
23.76411,86.39948,301.48,0.42,0.45,2026-09-03,1945,N,VIIRS,n,2.0NRT,276.62,1.13,N,VIIRS_SNPP_NRT
23.76777,86.40421,320.79,0.42,0.45,2026-09-03,1945,N,VIIRS,n,2.0NRT,277.99,2.0,N,VIIRS_SNPP_NRT
23.76827,86.40009,301.49,0.42,0.45,2026-09-03,1945,N,VIIRS,n,2.0NRT,276.21,1.42,N,VIIRS_SNPP_NRT
23.77272,86.36308,311.0,0.42,0.45,2026-09-03,1945,N,VIIRS,n,2.0NRT,279.79,1.88,N,VIIRS_SNPP_NRT
23.7769,86.36366,309.48,0.42,0.45,2026-09-03,1945,N,VIIRS,n,2.0NRT,278.5,1.88,N,VIIRS_SNPP_NRT
23.77807,86.38908,317.93,0.42,0.45,2026-09-03,1945,N,VIIRS,n,2.0NRT,274.17,1.38,N,VIIRS_SNPP_NRT
23.77853,86.20712,305.87,0.43,0.46,2026-09-03,1945,N,VIIRS,n,2.0NRT,284.37,1.4,N,VIIRS_SNPP_NRT
23.78174,86.39377,300.97,0.42,0.45,2026-09-03,1945,N,VIIRS,n,2.0NRT,278.02,1.38,N,VIIRS_SNPP_NRT
23.78223,86.3897,305.21,0.42,0.45,2026-09-03,1945,N,VIIRS,n,2.0NRT,275.26,1.38,N,VIIRS_SNPP_NRT
23.78732,85.55491,301.71,0.47,0.48,2026-09-03,1945,N,VIIRS,n,2.0NRT,281.18,1.46,N,VIIRS_SNPP_NRT
23.78801,85.55334,308.69,0.47,0.48,2026-09-03,1945,N,VIIRS,n,2.0NRT,282.0,0.87,N,VIIRS_SNPP_NRT
23.79508,86.35372,302.73,0.42,0.45,2026-09-03,1945,N,VIIRS,n,2.0NRT,275.18,0.83,N,VIIRS_SNPP_NRT
23.79559,86.34954,297.82,0.42,0.45,2026-09-03,1945,N,VIIRS,n,2.0NRT,273.2,0.83,N,VIIRS_SNPP_NRT
23.79659,86.2353,298.0,0.43,0.46,2026-09-03,1945,N,VIIRS,n,2.0NRT,279.57,0.51,N,VIIRS_SNPP_NRT
23.79976,86.35018,300.15,0.42,0.45,2026-09-03,1945,N,VIIRS,n,2.0NRT,272.56,0.74,N,VIIRS_SNPP_NRT
23.80228,86.32954,314.47,0.42,0.45,2026-09-03,1945,N,VIIRS,n,2.0NRT,273.05,1.77,N,VIIRS_SNPP_NRT
23.80646,86.33013,307.16,0.42,0.45,2026-09-03,1945,N,VIIRS,n,2.0NRT,276.81,1.77,N,VIIRS_SNPP_NRT
23.80754,86.32885,303.74,0.42,0.45,2026-09-03,1945,N,VIIRS,n,2.0NRT,279.15,0.61,N,VIIRS_SNPP_NRT
24.11606,86.86103,316.46,0.39,0.44,2026-09-03,1945,N,VIIRS,n,2.0NRT,287.24,2.21,N,VIIRS_SNPP_NRT
24.11965,86.86556,305.15,0.39,0.44,2026-09-03,1945,N,VIIRS,n,2.0NRT,287.3,0.4,N,VIIRS_SNPP_NRT
6.81018,81.6179,309.69,0.5,0.49,2026-09-03,1947,N,VIIRS,n,2.0NRT,290.78,2.04,N,VIIRS_SNPP_NRT
6.81469,81.61859,319.84,0.5,0.49,2026-09-03,1947,N,VIIRS,n,2.0NRT,291.0,2.04,N,VIIRS_SNPP_NRT
6.83187,81.33813,315.79,0.52,0.5,2026-09-03,1947,N,VIIRS,n,2.0NRT,290.28,2.09,N,VIIRS_SNPP_NRT
6.96157,79.96043,307.13,0.32,0.55,2026-09-03,1947,N,VIIRS,n,2.0NRT,290.14,0.88,N,VIIRS_SNPP_NRT
7.38557,80.83266,304.7,0.57,0.52,2026-09-03,1947,N,VIIRS,n,2.0NRT,289.68,1.68,N,VIIRS_SNPP_NRT
7.38579,80.83545,301.64,0.57,0.52,2026-09-03,1947,N,VIIRS,n,2.0NRT,289.95,1.2,N,VIIRS_SNPP_NRT
15.02242,78.01557,301.82,0.56,0.69,2026-09-03,1947,N,VIIRS,n,2.0NRT,278.54,2.54,N,VIIRS_SNPP_NRT
15.18083,76.6638,298.03,0.69,0.74,2026-09-03,1947,N,VIIRS,n,2.0NRT,269.99,2.73,N,VIIRS_SNPP_NRT
15.18106,76.67557,302.03,0.69,0.74,2026-09-03,1947,N,VIIRS,n,2.0NRT,278.37,1.25,N,VIIRS_SNPP_NRT
15.18172,76.66895,299.3,0.69,0.74,2026-09-03,1947,N,VIIRS,n,2.0NRT,274.25,1.25,N,VIIRS_SNPP_NRT
17.3574,76.87903,295.01,0.71,0.75,2026-09-03,1947,N,VIIRS,n,2.0NRT,274.37,0.63,N,VIIRS_SNPP_NRT
8.57317,80.40264,311.9,0.32,0.54,2026-09-03,1949,N,VIIRS,n,2.0NRT,290.11,1.68,N,VIIRS_SNPP_NRT
9.54534,77.51893,301.06,0.52,0.67,2026-09-03,1949,N,VIIRS,n,2.0NRT,279.69,2.19,N,VIIRS_SNPP_NRT
9.54608,77.51984,305.2,0.52,0.66,2026-09-03,1949,N,VIIRS,n,2.0NRT,279.89,1.59,N,VIIRS_SNPP_NRT
22.33898,69.85583,307.29,0.46,0.39,2026-09-03,2123,N,VIIRS,n,2.0NRT,294.92,2.56,N,VIIRS_SNPP_NRT
22.38261,73.12849,303.37,0.45,0.47,2026-09-03,2123,N,VIIRS,n,2.0NRT,289.72,0.81,N,VIIRS_SNPP_NRT
22.92733,69.82601,305.45,0.45,0.39,2026-09-03,2123,N,VIIRS,n,2.0NRT,294.43,2.2,N,VIIRS_SNPP_NRT
22.93135,69.70153,306.91,0.44,0.39,2026-09-03,2123,N,VIIRS,n,2.0NRT,293.25,1.43,N,VIIRS_SNPP_NRT
22.93212,69.69724,321.98,0.44,0.39,2026-09-03,2123,N,VIIRS,n,2.0NRT,293.81,1.43,N,VIIRS_SNPP_NRT
22.93487,69.70225,311.79,0.44,0.39,2026-09-03,2123,N,VIIRS,n,2.0NRT,293.42,1.43,N,VIIRS_SNPP_NRT
22.93564,69.69796,316.67,0.44,0.39,2026-09-03,2123,N,VIIRS,n,2.0NRT,293.47,1.43,N,VIIRS_SNPP_NRT
22.97782,72.56509,308.61,0.41,0.45,2026-09-03,2123,N,VIIRS,n,2.0NRT,291.96,1.43,N,VIIRS_SNPP_NRT
23.12061,70.08583,325.11,0.46,0.39,2026-09-03,2123,N,VIIRS,n,2.0NRT,293.82,3.65,N,VIIRS_SNPP_NRT
23.4967,68.57797,310.58,0.4,0.37,2026-09-03,2123,N,VIIRS,n,2.0NRT,293.71,1.65,N,VIIRS_SNPP_NRT
24.68892,73.00289,302.62,0.41,0.45,2026-09-03,2123,N,VIIRS,n,2.0NRT,286.47,2.05,N,VIIRS_SNPP_NRT
28.42567,69.70049,319.9,0.4,0.37,2026-09-03,2123,N,VIIRS,n,2.0NRT,297.79,1.59,N,VIIRS_SNPP_NRT
29.47329,76.85825,320.78,0.55,0.51,2026-09-03,2123,N,VIIRS,n,2.0NRT,290.76,5.35,N,VIIRS_SNPP_NRT
29.47491,76.86111,321.58,0.55,0.51,2026-09-03,2123,N,VIIRS,n,2.0NRT,291.09,4.53,N,VIIRS_SNPP_NRT
29.47618,76.85554,311.96,0.55,0.51,2026-09-03,2123,N,VIIRS,n,2.0NRT,290.99,4.41,N,VIIRS_SNPP_NRT
29.4779,76.85962,322.24,0.55,0.51,2026-09-03,2123,N,VIIRS,n,2.0NRT,291.14,5.5,N,VIIRS_SNPP_NRT
31.26022,76.92496,303.07,0.51,0.49,2026-09-03,2123,N,VIIRS,n,2.0NRT,288.42,2.04,N,VIIRS_SNPP_NRT
31.42277,72.99947,312.39,0.48,0.4,2026-09-03,2123,N,VIIRS,n,2.0NRT,295.47,0.81,N,VIIRS_SNPP_NRT
32.72092,72.92194,304.86,0.45,0.39,2026-09-03,2123,N,VIIRS,n,2.0NRT,293.78,1.17,N,VIIRS_SNPP_NRT
32.88893,71.61838,314.87,0.41,0.37,2026-09-03,2123,N,VIIRS,n,2.0NRT,295.39,2.91,N,VIIRS_SNPP_NRT
33.2953,71.1847,313.43,0.4,0.37,2026-09-03,2123,N,VIIRS,n,2.0NRT,292.61,1.2,N,VIIRS_SNPP_NRT
33.40643,71.93991,307.17,0.42,0.37,2026-09-03,2123,N,VIIRS,n,2.0NRT,294.73,0.6,N,VIIRS_SNPP_NRT
33.54525,71.54886,307.45,0.4,0.37,2026-09-03,2123,N,VIIRS,n,2.0NRT,294.6,1.19,N,VIIRS_SNPP_NRT
33.90302,71.91702,306.15,0.41,0.37,2026-09-03,2123,N,VIIRS,n,2.0NRT,293.33,3.14,N,VIIRS_SNPP_NRT
15.01009,77.61835,303.55,0.61,0.71,2026-09-03,2125,N,VIIRS,n,2.0NRT,283.74,0.98,N,VIIRS_SNPP_NRT
15.07013,76.86538,303.5,0.54,0.68,2026-09-03,2125,N,VIIRS,n,2.0NRT,284.27,1.56,N,VIIRS_SNPP_NRT
15.17637,77.09987,300.85,0.56,0.69,2026-09-03,2125,N,VIIRS,n,2.0NRT,285.39,1.68,N,VIIRS_SNPP_NRT
15.17781,76.65665,313.84,0.52,0.67,2026-09-03,2125,N,VIIRS,n,2.0NRT,281.26,3.05,N,VIIRS_SNPP_NRT
15.18179,76.66799,306.52,0.53,0.67,2026-09-03,2125,N,VIIRS,n,2.0NRT,281.19,2.6,N,VIIRS_SNPP_NRT
15.19833,76.37807,297.68,0.5,0.66,2026-09-03,2125,N,VIIRS,n,2.0NRT,276.75,1.14,N,VIIRS_SNPP_NRT
15.19921,76.37984,298.37,0.5,0.66,2026-09-03,2125,N,VIIRS,n,2.0NRT,276.11,1.48,N,VIIRS_SNPP_NRT
16.18613,78.91606,303.5,0.7,0.75,2026-09-03,2125,N,VIIRS,n,2.0NRT,282.21,3.56,N,VIIRS_SNPP_NRT
16.18728,78.91104,307.9,0.7,0.75,2026-09-03,2125,N,VIIRS,n,2.0NRT,282.64,6.01,N,VIIRS_SNPP_NRT
18.68138,73.03857,306.06,0.52,0.5,2026-09-03,2125,N,VIIRS,n,2.0NRT,286.54,1.63,N,VIIRS_SNPP_NRT
18.68235,73.03365,304.96,0.52,0.5,2026-09-03,2125,N,VIIRS,n,2.0NRT,286.6,1.63,N,VIIRS_SNPP_NRT
18.68331,73.0287,301.11,0.52,0.5,2026-09-03,2125,N,VIIRS,n,2.0NRT,286.49,2.72,N,VIIRS_SNPP_NRT
18.68517,73.04121,303.66,0.52,0.5,2026-09-03,2125,N,VIIRS,n,2.0NRT,286.86,2.63,N,VIIRS_SNPP_NRT
18.68594,73.03958,303.16,0.52,0.5,2026-09-03,2125,N,VIIRS,n,2.0NRT,286.88,1.63,N,VIIRS_SNPP_NRT
18.68717,73.03136,303.75,0.52,0.5,2026-09-03,2125,N,VIIRS,n,2.0NRT,286.82,3.48,N,VIIRS_SNPP_NRT
18.69051,73.04059,303.23,0.52,0.5,2026-09-03,2125,N,VIIRS,n,2.0NRT,286.61,2.42,N,VIIRS_SNPP_NRT
19.67624,71.67017,324.65,0.41,0.45,2026-09-03,2125,N,VIIRS,n,2.0NRT,288.96,2.7,N,VIIRS_SNPP_NRT
20.35351,72.95026,295.9,0.48,0.48,2026-09-03,2125,N,VIIRS,n,2.0NRT,283.56,0.44,N,VIIRS_SNPP_NRT
20.35693,72.94828,312.62,0.48,0.48,2026-09-03,2125,N,VIIRS,n,2.0NRT,283.84,1.12,N,VIIRS_SNPP_NRT
20.86657,70.56716,305.32,0.52,0.41,2026-09-03,2125,N,VIIRS,n,2.0NRT,291.77,1.43,N,VIIRS_SNPP_NRT
20.90932,71.46124,307.63,0.38,0.44,2026-09-03,2125,N,VIIRS,n,2.0NRT,291.99,0.99,N,VIIRS_SNPP_NRT
20.91002,71.45757,304.58,0.38,0.44,2026-09-03,2125,N,VIIRS,n,2.0NRT,291.59,0.89,N,VIIRS_SNPP_NRT
21.10058,72.63622,307.03,0.45,0.47,2026-09-03,2125,N,VIIRS,n,2.0NRT,290.82,1.6,N,VIIRS_SNPP_NRT
21.10314,72.64573,307.67,0.45,0.47,2026-09-03,2125,N,VIIRS,n,2.0NRT,291.0,2.61,N,VIIRS_SNPP_NRT
21.10483,72.63718,307.78,0.45,0.47,2026-09-03,2125,N,VIIRS,n,2.0NRT,291.05,1.6,N,VIIRS_SNPP_NRT
21.10739,72.64669,342.3,0.45,0.47,2026-09-03,2125,N,VIIRS,n,2.0NRT,292.6,7.81,N,VIIRS_SNPP_NRT
21.16286,72.67182,331.87,0.45,0.47,2026-09-03,2125,N,VIIRS,n,2.0NRT,291.11,4.97,N,VIIRS_SNPP_NRT
21.1644,72.67298,336.65,0.45,0.47,2026-09-03,2125,N,VIIRS,n,2.0NRT,291.46,4.37,N,VIIRS_SNPP_NRT
21.16523,72.66869,321.34,0.45,0.47,2026-09-03,2125,N,VIIRS,n,2.0NRT,291.15,4.37,N,VIIRS_SNPP_NRT
21.16711,72.67277,339.36,0.45,0.47,2026-09-03,2125,N,VIIRS,n,2.0NRT,291.7,7.63,N,VIIRS_SNPP_NRT
25.94198,72.19152,328.97,0.53,0.42,2026-09-03,2125,N,VIIRS,n,2.0NRT,295.09,4.61,N,VIIRS_SNPP_NRT
25.94338,72.19575,311.07,0.53,0.42,2026-09-03,2125,N,VIIRS,n,2.0NRT,294.72,2.18,N,VIIRS_SNPP_NRT
25.94437,72.19054,317.01,0.53,0.42,2026-09-03,2125,N,VIIRS,n,2.0NRT,294.81,2.7,N,VIIRS_SNPP_NRT
26.87735,73.51431,305.85,0.4,0.44,2026-09-03,2125,N,VIIRS,n,2.0NRT,293.66,1.4,N,VIIRS_SNPP_NRT
27.081,73.81882,306.77,0.41,0.45,2026-09-03,2125,N,VIIRS,n,2.0NRT,294.29,0.77,N,VIIRS_SNPP_NRT
27.28717,73.83929,306.83,0.41,0.45,2026-09-03,2125,N,VIIRS,n,2.0NRT,293.71,0.98,N,VIIRS_SNPP_NRT
12.75382,92.88086,332.85,0.44,0.46,2026-09-04,654,N,VIIRS,n,2.0NRT,284.25,2.49,D,VIIRS_SNPP_NRT
29.18748,88.53117,326.49,0.42,0.45,2026-09-04,659,N,VIIRS,n,2.0NRT,296.03,2.61,D,VIIRS_SNPP_NRT
29.24429,91.86042,330.81,0.43,0.38,2026-09-04,659,N,VIIRS,l,2.0NRT,302.07,3.18,D,VIIRS_SNPP_NRT
29.2485,91.86387,328.58,0.43,0.38,2026-09-04,659,N,VIIRS,l,2.0NRT,302.51,2.42,D,VIIRS_SNPP_NRT
29.29299,88.90841,325.44,0.4,0.44,2026-09-04,659,N,VIIRS,n,2.0NRT,291.36,2.5,D,VIIRS_SNPP_NRT
6.34224,81.12547,337.03,0.46,0.47,2026-09-04,833,N,VIIRS,n,2.0NRT,295.21,3.7,D,VIIRS_SNPP_NRT
6.42538,81.01639,342.32,0.45,0.47,2026-09-04,833,N,VIIRS,n,2.0NRT,296.99,5.43,D,VIIRS_SNPP_NRT
6.42972,81.01575,342.18,0.45,0.47,2026-09-04,833,N,VIIRS,n,2.0NRT,295.81,5.43,D,VIIRS_SNPP_NRT
6.47065,81.08218,333.3,0.46,0.47,2026-09-04,833,N,VIIRS,n,2.0NRT,296.32,3.72,D,VIIRS_SNPP_NRT
6.5269,80.76523,332.45,0.44,0.46,2026-09-04,833,N,VIIRS,n,2.0NRT,296.05,4.39,D,VIIRS_SNPP_NRT
6.66989,80.91605,331.85,0.45,0.47,2026-09-04,833,N,VIIRS,n,2.0NRT,292.44,0.71,D,VIIRS_SNPP_NRT
6.71661,81.32898,331.0,0.48,0.48,2026-09-04,833,N,VIIRS,n,2.0NRT,297.83,2.4,D,VIIRS_SNPP_NRT
6.73734,81.53592,331.56,0.5,0.49,2026-09-04,833,N,VIIRS,n,2.0NRT,298.8,6.56,D,VIIRS_SNPP_NRT
6.75082,81.39299,339.34,0.49,0.48,2026-09-04,833,N,VIIRS,n,2.0NRT,300.3,6.91,D,VIIRS_SNPP_NRT
6.79404,81.53845,348.92,0.5,0.49,2026-09-04,833,N,VIIRS,n,2.0NRT,298.5,7.82,D,VIIRS_SNPP_NRT
6.79797,81.46822,337.38,0.49,0.49,2026-09-04,833,N,VIIRS,n,2.0NRT,299.97,4.24,D,VIIRS_SNPP_NRT
6.82711,81.33308,341.55,0.48,0.48,2026-09-04,833,N,VIIRS,n,2.0NRT,295.5,7.18,D,VIIRS_SNPP_NRT
6.82874,81.33171,343.08,0.48,0.48,2026-09-04,833,N,VIIRS,n,2.0NRT,294.95,6.6,D,VIIRS_SNPP_NRT
6.83144,81.47736,335.68,0.49,0.49,2026-09-04,833,N,VIIRS,n,2.0NRT,297.76,2.68,D,VIIRS_SNPP_NRT
6.90904,81.66004,336.95,0.51,0.49,2026-09-04,833,N,VIIRS,n,2.0NRT,299.85,8.05,D,VIIRS_SNPP_NRT
6.97485,81.5989,342.62,0.51,0.49,2026-09-04,833,N,VIIRS,n,2.0NRT,295.51,9.27,D,VIIRS_SNPP_NRT
7.20339,81.01457,333.96,0.47,0.47,2026-09-04,833,N,VIIRS,n,2.0NRT,299.99,6.32,D,VIIRS_SNPP_NRT
7.30575,81.13636,334.07,0.48,0.48,2026-09-04,833,N,VIIRS,n,2.0NRT,300.21,5.23,D,VIIRS_SNPP_NRT
7.3628,81.3008,344.12,0.49,0.49,2026-09-04,833,N,VIIRS,n,2.0NRT,301.41,7.25,D,VIIRS_SNPP_NRT
7.36553,81.29984,340.27,0.49,0.49,2026-09-04,833,N,VIIRS,n,2.0NRT,300.73,6.37,D,VIIRS_SNPP_NRT
7.38462,79.87064,333.64,0.4,0.44,2026-09-04,833,N,VIIRS,n,2.0NRT,294.39,2.9,D,VIIRS_SNPP_NRT
7.38789,81.28361,332.09,0.49,0.49,2026-09-04,833,N,VIIRS,n,2.0NRT,299.24,2.35,D,VIIRS_SNPP_NRT
7.38853,81.28822,331.69,0.49,0.49,2026-09-04,833,N,VIIRS,n,2.0NRT,299.87,5.15,D,VIIRS_SNPP_NRT
7.39238,81.28298,336.26,0.49,0.49,2026-09-04,833,N,VIIRS,n,2.0NRT,301.27,5.24,D,VIIRS_SNPP_NRT
7.39301,81.28756,330.06,0.49,0.49,2026-09-04,833,N,VIIRS,n,2.0NRT,298.42,5.67,D,VIIRS_SNPP_NRT
7.44182,81.24464,339.51,0.49,0.48,2026-09-04,833,N,VIIRS,n,2.0NRT,299.69,10.35,D,VIIRS_SNPP_NRT
7.4431,81.25359,339.75,0.49,0.48,2026-09-04,833,N,VIIRS,n,2.0NRT,300.47,11.29,D,VIIRS_SNPP_NRT
7.44566,81.23956,342.28,0.49,0.48,2026-09-04,833,N,VIIRS,n,2.0NRT,298.32,7.04,D,VIIRS_SNPP_NRT
7.44629,81.24397,349.63,0.49,0.48,2026-09-04,833,N,VIIRS,n,2.0NRT,299.79,10.35,D,VIIRS_SNPP_NRT
7.51962,81.10014,336.58,0.48,0.48,2026-09-04,833,N,VIIRS,l,2.0NRT,307.4,13.33,D,VIIRS_SNPP_NRT
7.61087,80.83186,332.6,0.46,0.47,2026-09-04,833,N,VIIRS,n,2.0NRT,297.87,3.4,D,VIIRS_SNPP_NRT
7.65727,80.49637,331.97,0.44,0.46,2026-09-04,833,N,VIIRS,n,2.0NRT,293.6,1.91,D,VIIRS_SNPP_NRT
7.66027,79.91571,330.12,0.4,0.44,2026-09-04,835,N,VIIRS,n,2.0NRT,294.01,4.3,D,VIIRS_SNPP_NRT
7.69514,80.13086,343.92,0.42,0.45,2026-09-04,835,N,VIIRS,n,2.0NRT,297.8,5.45,D,VIIRS_SNPP_NRT
7.71052,79.86343,340.21,0.4,0.44,2026-09-04,835,N,VIIRS,n,2.0NRT,296.07,3.6,D,VIIRS_SNPP_NRT
7.81016,79.9166,332.62,0.4,0.45,2026-09-04,835,N,VIIRS,n,2.0NRT,295.79,1.78,D,VIIRS_SNPP_NRT
7.81069,79.92027,342.74,0.4,0.45,2026-09-04,835,N,VIIRS,n,2.0NRT,295.29,3.19,D,VIIRS_SNPP_NRT
7.81293,79.91923,345.57,0.4,0.45,2026-09-04,835,N,VIIRS,n,2.0NRT,296.55,6.83,D,VIIRS_SNPP_NRT
7.87883,79.93985,335.54,0.41,0.45,2026-09-04,835,N,VIIRS,n,2.0NRT,295.96,2.72,D,VIIRS_SNPP_NRT
7.87908,80.031,338.52,0.41,0.45,2026-09-04,835,N,VIIRS,n,2.0NRT,295.46,3.08,D,VIIRS_SNPP_NRT
7.91133,80.55552,335.04,0.45,0.47,2026-09-04,835,N,VIIRS,n,2.0NRT,297.49,7.07,D,VIIRS_SNPP_NRT
7.91191,80.55957,342.84,0.45,0.47,2026-09-04,835,N,VIIRS,n,2.0NRT,297.71,7.48,D,VIIRS_SNPP_NRT
7.91323,80.55524,342.53,0.45,0.47,2026-09-04,835,N,VIIRS,n,2.0NRT,298.03,8.63,D,VIIRS_SNPP_NRT
7.91379,80.5593,342.55,0.45,0.47,2026-09-04,835,N,VIIRS,n,2.0NRT,297.88,10.66,D,VIIRS_SNPP_NRT
7.94364,80.12633,338.53,0.42,0.45,2026-09-04,835,N,VIIRS,n,2.0NRT,297.3,5.19,D,VIIRS_SNPP_NRT
7.94419,80.13013,341.27,0.42,0.45,2026-09-04,835,N,VIIRS,n,2.0NRT,298.15,7.55,D,VIIRS_SNPP_NRT
7.94493,80.62585,332.78,0.45,0.47,2026-09-04,835,N,VIIRS,n,2.0NRT,295.73,3.01,D,VIIRS_SNPP_NRT
7.94517,80.04884,338.79,0.41,0.45,2026-09-04,835,N,VIIRS,n,2.0NRT,297.75,4.21,D,VIIRS_SNPP_NRT
7.94696,80.04915,331.12,0.41,0.45,2026-09-04,835,N,VIIRS,n,2.0NRT,297.29,2.16,D,VIIRS_SNPP_NRT
7.94782,80.12575,342.94,0.42,0.45,2026-09-04,835,N,VIIRS,n,2.0NRT,297.71,5.19,D,VIIRS_SNPP_NRT
7.94837,80.12955,345.31,0.42,0.45,2026-09-04,835,N,VIIRS,n,2.0NRT,297.84,7.55,D,VIIRS_SNPP_NRT
7.9495,79.85543,339.74,0.4,0.44,2026-09-04,835,N,VIIRS,n,2.0NRT,294.86,3.96,D,VIIRS_SNPP_NRT
7.96289,81.33191,344.81,0.5,0.49,2026-09-04,835,N,VIIRS,n,2.0NRT,299.96,8.43,D,VIIRS_SNPP_NRT
7.99274,80.41392,330.55,0.44,0.46,2026-09-04,835,N,VIIRS,n,2.0NRT,296.14,6.58,D,VIIRS_SNPP_NRT
7.9936,80.4128,334.52,0.44,0.46,2026-09-04,835,N,VIIRS,n,2.0NRT,296.86,3.91,D,VIIRS_SNPP_NRT
7.99599,81.46941,337.55,0.51,0.5,2026-09-04,835,N,VIIRS,n,2.0NRT,298.29,5.83,D,VIIRS_SNPP_NRT
8.00805,80.60468,330.09,0.45,0.47,2026-09-04,835,N,VIIRS,n,2.0NRT,294.71,1.61,D,VIIRS_SNPP_NRT
8.01845,80.61577,330.07,0.45,0.47,2026-09-04,835,N,VIIRS,n,2.0NRT,296.47,2.8,D,VIIRS_SNPP_NRT
8.02105,80.30539,335.51,0.43,0.46,2026-09-04,835,N,VIIRS,n,2.0NRT,297.65,3.0,D,VIIRS_SNPP_NRT
8.02395,80.62332,343.11,0.45,0.47,2026-09-04,835,N,VIIRS,n,2.0NRT,298.45,9.3,D,VIIRS_SNPP_NRT
8.02528,80.62028,342.88,0.45,0.47,2026-09-04,835,N,VIIRS,n,2.0NRT,298.2,6.82,D,VIIRS_SNPP_NRT
8.05665,80.10335,334.82,0.42,0.45,2026-09-04,835,N,VIIRS,n,2.0NRT,297.08,2.21,D,VIIRS_SNPP_NRT
8.12243,80.51514,334.58,0.45,0.47,2026-09-04,835,N,VIIRS,n,2.0NRT,295.56,6.02,D,VIIRS_SNPP_NRT
8.14543,80.06309,331.23,0.42,0.45,2026-09-04,835,N,VIIRS,n,2.0NRT,290.64,2.4,D,VIIRS_SNPP_NRT
8.17443,81.31121,351.92,0.5,0.49,2026-09-04,835,N,VIIRS,n,2.0NRT,300.89,14.58,D,VIIRS_SNPP_NRT
8.20822,80.68834,330.26,0.46,0.47,2026-09-04,835,N,VIIRS,n,2.0NRT,298.38,4.09,D,VIIRS_SNPP_NRT
8.22253,81.08371,336.55,0.49,0.48,2026-09-04,835,N,VIIRS,n,2.0NRT,298.69,5.88,D,VIIRS_SNPP_NRT
8.23714,80.64191,331.67,0.46,0.47,2026-09-04,835,N,VIIRS,n,2.0NRT,298.18,2.94,D,VIIRS_SNPP_NRT
8.23842,80.64211,339.6,0.46,0.47,2026-09-04,835,N,VIIRS,n,2.0NRT,298.6,7.04,D,VIIRS_SNPP_NRT
8.24209,80.64552,337.12,0.46,0.47,2026-09-04,835,N,VIIRS,n,2.0NRT,298.69,6.02,D,VIIRS_SNPP_NRT
8.2431,80.11183,330.25,0.42,0.45,2026-09-04,835,N,VIIRS,n,2.0NRT,297.73,1.97,D,VIIRS_SNPP_NRT
8.25259,80.78128,338.93,0.47,0.47,2026-09-04,835,N,VIIRS,n,2.0NRT,298.25,5.12,D,VIIRS_SNPP_NRT
8.25285,80.78179,331.85,0.47,0.47,2026-09-04,835,N,VIIRS,n,2.0NRT,297.88,6.36,D,VIIRS_SNPP_NRT
8.25512,80.10616,343.26,0.42,0.45,2026-09-04,835,N,VIIRS,n,2.0NRT,297.74,4.31,D,VIIRS_SNPP_NRT
8.27044,80.33495,332.14,0.44,0.46,2026-09-04,835,N,VIIRS,n,2.0NRT,298.82,3.03,D,VIIRS_SNPP_NRT
8.31202,80.59825,332.09,0.45,0.47,2026-09-04,835,N,VIIRS,n,2.0NRT,295.22,5.69,D,VIIRS_SNPP_NRT
8.31947,80.29152,342.47,0.43,0.46,2026-09-04,835,N,VIIRS,n,2.0NRT,298.99,8.9,D,VIIRS_SNPP_NRT
8.324,80.23045,345.94,0.43,0.46,2026-09-04,835,N,VIIRS,n,2.0NRT,300.71,7.54,D,VIIRS_SNPP_NRT
8.33193,80.77122,333.02,0.47,0.47,2026-09-04,835,N,VIIRS,n,2.0NRT,294.04,1.65,D,VIIRS_SNPP_NRT
8.35027,80.74276,336.8,0.46,0.47,2026-09-04,835,N,VIIRS,n,2.0NRT,298.0,14.51,D,VIIRS_SNPP_NRT
8.35087,80.747,343.16,0.46,0.47,2026-09-04,835,N,VIIRS,n,2.0NRT,298.9,19.72,D,VIIRS_SNPP_NRT
8.35448,80.74238,340.73,0.47,0.47,2026-09-04,835,N,VIIRS,n,2.0NRT,297.7,7.01,D,VIIRS_SNPP_NRT
8.35466,80.74216,336.97,0.46,0.47,2026-09-04,835,N,VIIRS,n,2.0NRT,297.85,8.59,D,VIIRS_SNPP_NRT
8.35526,80.7464,333.87,0.46,0.47,2026-09-04,835,N,VIIRS,n,2.0NRT,295.91,5.61,D,VIIRS_SNPP_NRT
8.38549,80.29862,330.45,0.44,0.46,2026-09-04,835,N,VIIRS,n,2.0NRT,299.96,2.31,D,VIIRS_SNPP_NRT
8.38778,80.78993,330.12,0.47,0.48,2026-09-04,835,N,VIIRS,n,2.0NRT,297.13,6.16,D,VIIRS_SNPP_NRT
8.40374,81.05544,341.59,0.49,0.48,2026-09-04,835,N,VIIRS,n,2.0NRT,298.29,8.74,D,VIIRS_SNPP_NRT
8.40438,81.05991,341.87,0.49,0.48,2026-09-04,835,N,VIIRS,n,2.0NRT,298.07,4.67,D,VIIRS_SNPP_NRT
8.40441,80.68349,332.62,0.46,0.47,2026-09-04,835,N,VIIRS,n,2.0NRT,294.1,1.64,D,VIIRS_SNPP_NRT
8.40566,81.0557,342.53,0.49,0.48,2026-09-04,835,N,VIIRS,n,2.0NRT,298.34,9.69,D,VIIRS_SNPP_NRT
8.40626,81.06018,334.05,0.49,0.48,2026-09-04,835,N,VIIRS,n,2.0NRT,298.29,8.49,D,VIIRS_SNPP_NRT
8.41519,80.446,331.74,0.45,0.47,2026-09-04,835,N,VIIRS,n,2.0NRT,294.71,2.86,D,VIIRS_SNPP_NRT
8.41545,80.41713,330.78,0.44,0.46,2026-09-04,835,N,VIIRS,n,2.0NRT,299.34,4.37,D,VIIRS_SNPP_NRT
8.42824,80.5067,341.31,0.45,0.47,2026-09-04,835,N,VIIRS,n,2.0NRT,297.13,6.04,D,VIIRS_SNPP_NRT
8.43036,80.50778,350.84,0.45,0.47,2026-09-04,835,N,VIIRS,n,2.0NRT,299.74,22.75,D,VIIRS_SNPP_NRT
8.43084,80.35042,335.17,0.44,0.46,2026-09-04,835,N,VIIRS,n,2.0NRT,297.18,5.74,D,VIIRS_SNPP_NRT
8.43256,80.50612,336.22,0.45,0.47,2026-09-04,835,N,VIIRS,n,2.0NRT,297.86,6.04,D,VIIRS_SNPP_NRT
8.43315,80.51025,342.96,0.45,0.47,2026-09-04,835,N,VIIRS,n,2.0NRT,297.55,6.04,D,VIIRS_SNPP_NRT
8.4458,80.23885,339.02,0.43,0.46,2026-09-04,835,N,VIIRS,n,2.0NRT,295.82,2.9,D,VIIRS_SNPP_NRT
8.45281,81.09965,333.83,0.49,0.49,2026-09-04,835,N,VIIRS,n,2.0NRT,298.89,5.03,D,VIIRS_SNPP_NRT
8.45517,80.40042,333.89,0.44,0.46,2026-09-04,835,N,VIIRS,n,2.0NRT,297.53,5.47,D,VIIRS_SNPP_NRT
8.46493,80.50307,331.6,0.45,0.47,2026-09-04,835,N,VIIRS,n,2.0NRT,295.46,2.89,D,VIIRS_SNPP_NRT
8.47596,80.45562,355.15,0.45,0.47,2026-09-04,835,N,VIIRS,n,2.0NRT,296.9,6.49,D,VIIRS_SNPP_NRT
8.48686,80.47081,346.93,0.45,0.47,2026-09-04,835,N,VIIRS,n,2.0NRT,299.07,10.21,D,VIIRS_SNPP_NRT
8.51423,80.24119,332.7,0.43,0.46,2026-09-04,835,N,VIIRS,n,2.0NRT,298.56,3.23,D,VIIRS_SNPP_NRT
8.52532,80.4322,333.29,0.45,0.47,2026-09-04,835,N,VIIRS,n,2.0NRT,299.19,3.64,D,VIIRS_SNPP_NRT
8.52704,80.43185,345.61,0.45,0.47,2026-09-04,835,N,VIIRS,n,2.0NRT,300.25,6.58,D,VIIRS_SNPP_NRT
8.52962,80.43159,335.64,0.45,0.47,2026-09-04,835,N,VIIRS,n,2.0NRT,298.69,3.64,D,VIIRS_SNPP_NRT
8.53881,80.8772,345.24,0.48,0.48,2026-09-04,835,N,VIIRS,n,2.0NRT,299.8,6.79,D,VIIRS_SNPP_NRT
8.55367,80.37032,338.51,0.44,0.46,2026-09-04,835,N,VIIRS,n,2.0NRT,299.65,4.39,D,VIIRS_SNPP_NRT
8.55657,80.87483,343.54,0.48,0.48,2026-09-04,835,N,VIIRS,n,2.0NRT,298.06,4.01,D,VIIRS_SNPP_NRT
8.56465,80.90033,337.52,0.48,0.48,2026-09-04,835,N,VIIRS,n,2.0NRT,297.09,4.82,D,VIIRS_SNPP_NRT
8.56527,80.90474,343.07,0.48,0.48,2026-09-04,835,N,VIIRS,n,2.0NRT,299.04,10.76,D,VIIRS_SNPP_NRT
8.56614,80.39735,330.59,0.44,0.46,2026-09-04,835,N,VIIRS,n,2.0NRT,298.57,6.06,D,VIIRS_SNPP_NRT
8.56671,80.40142,342.2,0.44,0.46,2026-09-04,835,N,VIIRS,n,2.0NRT,298.67,6.06,D,VIIRS_SNPP_NRT
8.57884,80.78347,330.04,0.47,0.48,2026-09-04,835,N,VIIRS,n,2.0NRT,296.85,4.34,D,VIIRS_SNPP_NRT
8.61746,77.98914,342.96,0.48,0.4,2026-09-04,835,N,VIIRS,n,2.0NRT,299.73,3.29,D,VIIRS_SNPP_NRT
8.62053,80.69478,342.6,0.47,0.47,2026-09-04,835,N,VIIRS,n,2.0NRT,298.6,7.09,D,VIIRS_SNPP_NRT
8.62115,80.41457,337.09,0.45,0.47,2026-09-04,835,N,VIIRS,n,2.0NRT,299.92,6.37,D,VIIRS_SNPP_NRT
8.62399,80.37293,336.9,0.44,0.46,2026-09-04,835,N,VIIRS,n,2.0NRT,297.95,4.39,D,VIIRS_SNPP_NRT
8.62594,80.79905,332.59,0.47,0.48,2026-09-04,835,N,VIIRS,n,2.0NRT,298.89,4.93,D,VIIRS_SNPP_NRT
8.62652,80.37279,330.42,0.44,0.46,2026-09-04,835,N,VIIRS,n,2.0NRT,298.39,2.77,D,VIIRS_SNPP_NRT
8.63034,80.41752,330.56,0.45,0.47,2026-09-04,835,N,VIIRS,n,2.0NRT,300.01,2.87,D,VIIRS_SNPP_NRT
8.63077,80.51368,330.62,0.45,0.47,2026-09-04,835,N,VIIRS,n,2.0NRT,298.18,2.23,D,VIIRS_SNPP_NRT
8.63132,81.00479,333.42,0.49,0.48,2026-09-04,835,N,VIIRS,n,2.0NRT,297.24,5.65,D,VIIRS_SNPP_NRT
8.63193,81.00928,332.22,0.49,0.48,2026-09-04,835,N,VIIRS,n,2.0NRT,297.39,5.65,D,VIIRS_SNPP_NRT
8.63581,81.0042,349.95,0.49,0.48,2026-09-04,835,N,VIIRS,n,2.0NRT,297.53,5.65,D,VIIRS_SNPP_NRT
8.64029,81.00357,335.44,0.49,0.48,2026-09-04,835,N,VIIRS,n,2.0NRT,298.03,5.52,D,VIIRS_SNPP_NRT
8.6409,81.00806,344.56,0.49,0.48,2026-09-04,835,N,VIIRS,n,2.0NRT,298.64,5.52,D,VIIRS_SNPP_NRT
8.64538,81.00743,330.4,0.49,0.48,2026-09-04,835,N,VIIRS,n,2.0NRT,298.22,5.52,D,VIIRS_SNPP_NRT
8.66234,80.83396,339.9,0.48,0.48,2026-09-04,835,N,VIIRS,n,2.0NRT,296.36,10.8,D,VIIRS_SNPP_NRT
8.66597,77.40293,332.62,0.45,0.39,2026-09-04,835,N,VIIRS,l,2.0NRT,304.58,6.07,D,VIIRS_SNPP_NRT
8.66727,80.25673,332.11,0.44,0.46,2026-09-04,835,N,VIIRS,n,2.0NRT,299.3,4.23,D,VIIRS_SNPP_NRT
8.69263,80.37619,337.9,0.44,0.46,2026-09-04,835,N,VIIRS,n,2.0NRT,299.88,4.7,D,VIIRS_SNPP_NRT
8.69724,80.86597,338.31,0.48,0.48,2026-09-04,835,N,VIIRS,n,2.0NRT,299.35,7.55,D,VIIRS_SNPP_NRT
8.69836,80.86498,342.87,0.48,0.48,2026-09-04,835,N,VIIRS,n,2.0NRT,300.12,7.89,D,VIIRS_SNPP_NRT
8.72472,80.76887,330.69,0.47,0.48,2026-09-04,835,N,VIIRS,n,2.0NRT,297.64,4.75,D,VIIRS_SNPP_NRT
8.73204,77.86298,347.6,0.48,0.4,2026-09-04,835,N,VIIRS,n,2.0NRT,304.0,16.91,D,VIIRS_SNPP_NRT
8.75154,80.99869,334.21,0.49,0.49,2026-09-04,835,N,VIIRS,n,2.0NRT,298.07,4.67,D,VIIRS_SNPP_NRT
8.78943,80.33366,334.56,0.44,0.46,2026-09-04,835,N,VIIRS,n,2.0NRT,299.39,4.95,D,VIIRS_SNPP_NRT
8.78999,80.3377,330.83,0.44,0.46,2026-09-04,835,N,VIIRS,n,2.0NRT,298.4,4.95,D,VIIRS_SNPP_NRT
8.79438,80.59402,331.67,0.46,0.47,2026-09-04,835,N,VIIRS,n,2.0NRT,297.94,5.05,D,VIIRS_SNPP_NRT
8.80461,80.57121,336.59,0.46,0.47,2026-09-04,835,N,VIIRS,n,2.0NRT,298.35,4.76,D,VIIRS_SNPP_NRT
8.80897,80.57063,343.08,0.46,0.47,2026-09-04,835,N,VIIRS,n,2.0NRT,298.49,4.76,D,VIIRS_SNPP_NRT
8.81464,77.83777,342.22,0.48,0.4,2026-09-04,835,N,VIIRS,n,2.0NRT,304.59,11.75,D,VIIRS_SNPP_NRT
8.84638,77.70205,345.51,0.47,0.4,2026-09-04,835,N,VIIRS,n,2.0NRT,310.41,22.48,D,VIIRS_SNPP_NRT
8.88569,77.40527,339.72,0.45,0.39,2026-09-04,835,N,VIIRS,n,2.0NRT,306.78,5.49,D,VIIRS_SNPP_NRT
8.92698,80.77954,349.29,0.48,0.48,2026-09-04,835,N,VIIRS,n,2.0NRT,298.2,6.77,D,VIIRS_SNPP_NRT
8.92773,77.46704,336.21,0.46,0.39,2026-09-04,835,N,VIIRS,n,2.0NRT,305.16,2.97,D,VIIRS_SNPP_NRT
8.93915,77.83005,339.25,0.48,0.4,2026-09-04,835,N,VIIRS,n,2.0NRT,301.79,7.77,D,VIIRS_SNPP_NRT
8.9637,80.59013,342.29,0.46,0.47,2026-09-04,835,N,VIIRS,n,2.0NRT,295.02,4.33,D,VIIRS_SNPP_NRT
8.96668,80.38145,336.94,0.45,0.47,2026-09-04,835,N,VIIRS,n,2.0NRT,299.16,3.75,D,VIIRS_SNPP_NRT
8.97304,80.59312,331.35,0.46,0.47,2026-09-04,835,N,VIIRS,n,2.0NRT,297.98,7.85,D,VIIRS_SNPP_NRT
8.97735,80.59259,347.79,0.46,0.47,2026-09-04,835,N,VIIRS,n,2.0NRT,296.95,12.24,D,VIIRS_SNPP_NRT
8.97742,80.59255,346.17,0.46,0.47,2026-09-04,835,N,VIIRS,n,2.0NRT,297.32,9.41,D,VIIRS_SNPP_NRT
8.97923,80.83057,337.07,0.48,0.48,2026-09-04,835,N,VIIRS,n,2.0NRT,297.96,7.59,D,VIIRS_SNPP_NRT
8.98429,80.83439,340.3,0.48,0.48,2026-09-04,835,N,VIIRS,n,2.0NRT,296.66,4.21,D,VIIRS_SNPP_NRT
9.10274,80.49466,331.95,0.46,0.47,2026-09-04,835,N,VIIRS,n,2.0NRT,296.92,4.45,D,VIIRS_SNPP_NRT
9.17593,78.22559,337.95,0.5,0.41,2026-09-04,835,N,VIIRS,n,2.0NRT,304.11,10.26,D,VIIRS_SNPP_NRT
9.1797,78.22505,341.55,0.5,0.41,2026-09-04,835,N,VIIRS,n,2.0NRT,304.13,10.26,D,VIIRS_SNPP_NRT
9.20293,77.64448,345.47,0.47,0.4,2026-09-04,835,N,VIIRS,n,2.0NRT,309.68,19.15,D,VIIRS_SNPP_NRT
9.20664,80.63229,330.65,0.47,0.48,2026-09-04,835,N,VIIRS,n,2.0NRT,297.42,2.25,D,VIIRS_SNPP_NRT
9.33688,76.59934,331.72,0.43,0.38,2026-09-04,835,N,VIIRS,n,2.0NRT,299.27,2.02,D,VIIRS_SNPP_NRT
9.39517,80.44724,332.52,0.46,0.47,2026-09-04,835,N,VIIRS,n,2.0NRT,294.65,5.48,D,VIIRS_SNPP_NRT
9.39581,80.44839,338.41,0.46,0.47,2026-09-04,835,N,VIIRS,n,2.0NRT,295.04,4.86,D,VIIRS_SNPP_NRT
9.414,80.58482,330.15,0.47,0.48,2026-09-04,835,N,VIIRS,n,2.0NRT,294.94,2.71,D,VIIRS_SNPP_NRT
9.41437,80.58335,335.1,0.47,0.48,2026-09-04,835,N,VIIRS,n,2.0NRT,295.97,3.4,D,VIIRS_SNPP_NRT
9.45137,80.49699,348.6,0.46,0.47,2026-09-04,835,N,VIIRS,n,2.0NRT,296.5,9.87,D,VIIRS_SNPP_NRT
9.4578,80.47879,336.28,0.46,0.47,2026-09-04,835,N,VIIRS,n,2.0NRT,295.38,3.36,D,VIIRS_SNPP_NRT
9.62262,78.11741,340.95,0.5,0.41,2026-09-04,835,N,VIIRS,n,2.0NRT,306.67,10.24,D,VIIRS_SNPP_NRT
9.95692,79.105,336.23,0.38,0.44,2026-09-04,835,N,VIIRS,n,2.0NRT,298.7,2.64,D,VIIRS_SNPP_NRT
9.95849,79.1076,342.39,0.39,0.44,2026-09-04,835,N,VIIRS,n,2.0NRT,298.57,2.39,D,VIIRS_SNPP_NRT
10.16672,78.79148,331.56,0.56,0.43,2026-09-04,835,N,VIIRS,n,2.0NRT,300.74,8.56,D,VIIRS_SNPP_NRT
10.16814,78.80172,335.48,0.56,0.43,2026-09-04,835,N,VIIRS,n,2.0NRT,300.33,6.42,D,VIIRS_SNPP_NRT
10.28257,78.88253,334.67,0.57,0.43,2026-09-04,835,N,VIIRS,n,2.0NRT,298.75,2.52,D,VIIRS_SNPP_NRT
10.31339,79.34061,330.68,0.4,0.44,2026-09-04,835,N,VIIRS,n,2.0NRT,296.16,2.09,D,VIIRS_SNPP_NRT
12.0522,78.36801,333.87,0.56,0.43,2026-09-04,835,N,VIIRS,n,2.0NRT,298.13,4.2,D,VIIRS_SNPP_NRT
12.80993,77.7602,332.58,0.52,0.42,2026-09-04,835,N,VIIRS,n,2.0NRT,298.05,3.52,D,VIIRS_SNPP_NRT
13.90749,78.06878,335.38,0.56,0.43,2026-09-04,835,N,VIIRS,n,2.0NRT,301.05,1.75,D,VIIRS_SNPP_NRT
13.93385,78.31989,344.3,0.39,0.44,2026-09-04,835,N,VIIRS,n,2.0NRT,300.15,5.9,D,VIIRS_SNPP_NRT
13.93448,78.31924,342.27,0.39,0.44,2026-09-04,835,N,VIIRS,n,2.0NRT,300.78,5.51,D,VIIRS_SNPP_NRT
14.5526,77.48568,330.23,0.53,0.42,2026-09-04,835,N,VIIRS,n,2.0NRT,293.53,2.5,D,VIIRS_SNPP_NRT
14.9584,75.91736,334.21,0.45,0.39,2026-09-04,837,N,VIIRS,n,2.0NRT,296.21,2.59,D,VIIRS_SNPP_NRT
15.17642,76.65735,335.25,0.49,0.4,2026-09-04,837,N,VIIRS,n,2.0NRT,297.04,5.16,D,VIIRS_SNPP_NRT
15.18196,76.64268,333.96,0.49,0.4,2026-09-04,837,N,VIIRS,n,2.0NRT,295.73,3.59,D,VIIRS_SNPP_NRT
15.52757,73.99412,332.48,0.39,0.36,2026-09-04,837,N,VIIRS,n,2.0NRT,297.41,3.12,D,VIIRS_SNPP_NRT
17.6268,82.57391,330.76,0.41,0.61,2026-09-04,837,N,VIIRS,n,2.0NRT,288.86,4.48,D,VIIRS_SNPP_NRT
21.10135,72.63466,332.85,0.39,0.36,2026-09-04,837,N,VIIRS,n,2.0NRT,295.09,7.03,D,VIIRS_SNPP_NRT
21.10191,72.63843,334.26,0.39,0.36,2026-09-04,837,N,VIIRS,n,2.0NRT,293.93,7.03,D,VIIRS_SNPP_NRT
21.10636,72.64542,344.24,0.39,0.36,2026-09-04,837,N,VIIRS,n,2.0NRT,299.55,8.1,D,VIIRS_SNPP_NRT
22.41645,69.03945,333.49,0.41,0.37,2026-09-04,837,N,VIIRS,l,2.0NRT,301.9,5.64,D,VIIRS_SNPP_NRT
22.92779,70.1069,338.61,0.39,0.36,2026-09-04,837,N,VIIRS,n,2.0NRT,306.81,5.54,D,VIIRS_SNPP_NRT
22.93431,69.69743,334.99,0.4,0.37,2026-09-04,837,N,VIIRS,n,2.0NRT,304.23,3.12,D,VIIRS_SNPP_NRT
24.0682,72.24971,330.15,0.4,0.37,2026-09-04,837,N,VIIRS,n,2.0NRT,300.13,1.4,D,VIIRS_SNPP_NRT
25.9841,73.41638,340.25,0.45,0.39,2026-09-04,837,N,VIIRS,n,2.0NRT,290.2,5.6,D,VIIRS_SNPP_NRT
27.14095,72.44164,335.03,0.42,0.38,2026-09-04,837,N,VIIRS,l,2.0NRT,305.47,1.99,D,VIIRS_SNPP_NRT
28.42405,69.7006,335.37,0.38,0.36,2026-09-04,839,N,VIIRS,l,2.0NRT,306.54,3.82,D,VIIRS_SNPP_NRT
28.45174,68.14686,334.81,0.4,0.37,2026-09-04,839,N,VIIRS,n,2.0NRT,303.04,24.53,D,VIIRS_SNPP_NRT
29.33473,69.01346,344.38,0.38,0.36,2026-09-04,839,N,VIIRS,n,2.0NRT,311.99,3.84,D,VIIRS_SNPP_NRT
29.33534,69.01741,338.2,0.38,0.36,2026-09-04,839,N,VIIRS,l,2.0NRT,310.75,5.51,D,VIIRS_SNPP_NRT
29.80486,72.78429,337.49,0.46,0.39,2026-09-04,839,N,VIIRS,n,2.0NRT,299.65,4.92,D,VIIRS_SNPP_NRT
29.911,74.95192,341.22,0.39,0.44,2026-09-04,839,N,VIIRS,n,2.0NRT,299.43,5.47,D,VIIRS_SNPP_NRT
29.94049,69.95213,337.32,0.39,0.36,2026-09-04,839,N,VIIRS,n,2.0NRT,306.64,3.81,D,VIIRS_SNPP_NRT
30.47343,71.74202,331.0,0.43,0.38,2026-09-04,839,N,VIIRS,l,2.0NRT,304.84,3.21,D,VIIRS_SNPP_NRT
31.31773,72.16481,335.37,0.45,0.39,2026-09-04,839,N,VIIRS,n,2.0NRT,300.09,3.46,D,VIIRS_SNPP_NRT
31.5778,72.37859,337.86,0.46,0.39,2026-09-04,839,N,VIIRS,n,2.0NRT,297.62,5.83,D,VIIRS_SNPP_NRT
31.68232,72.20583,336.61,0.45,0.39,2026-09-04,839,N,VIIRS,n,2.0NRT,295.47,4.36,D,VIIRS_SNPP_NRT
32.24791,73.92658,332.01,0.55,0.43,2026-09-04,839,N,VIIRS,n,2.0NRT,295.3,3.62,D,VIIRS_SNPP_NRT
32.43256,71.36949,345.57,0.43,0.38,2026-09-04,839,N,VIIRS,n,2.0NRT,297.08,6.24,D,VIIRS_SNPP_NRT
27.31744,95.26737,327.06,0.43,0.38,2026-09-04,1921,N,VIIRS,n,2.0NRT,290.45,3.22,N,VIIRS_SNPP_NRT
22.05509,85.46492,302.15,0.45,0.63,2026-09-04,1923,N,VIIRS,n,2.0NRT,286.52,0.66,N,VIIRS_SNPP_NRT
22.05641,85.46532,301.04,0.45,0.63,2026-09-04,1923,N,VIIRS,n,2.0NRT,286.36,0.82,N,VIIRS_SNPP_NRT
22.22516,84.75098,301.08,0.5,0.66,2026-09-04,1923,N,VIIRS,n,2.0NRT,286.63,1.2,N,VIIRS_SNPP_NRT
22.31921,82.56583,303.93,0.69,0.74,2026-09-04,1923,N,VIIRS,n,2.0NRT,284.52,1.65,N,VIIRS_SNPP_NRT
22.32409,82.59403,303.05,0.69,0.74,2026-09-04,1923,N,VIIRS,n,2.0NRT,284.75,1.56,N,VIIRS_SNPP_NRT
23.58107,86.72517,301.92,0.39,0.59,2026-09-04,1923,N,VIIRS,n,2.0NRT,285.24,0.65,N,VIIRS_SNPP_NRT
23.66637,85.00024,299.89,0.5,0.66,2026-09-04,1923,N,VIIRS,n,2.0NRT,284.07,1.49,N,VIIRS_SNPP_NRT
23.66674,84.99536,296.08,0.5,0.66,2026-09-04,1923,N,VIIRS,n,2.0NRT,283.69,1.49,N,VIIRS_SNPP_NRT
23.66712,85.00002,299.7,0.5,0.66,2026-09-04,1923,N,VIIRS,n,2.0NRT,284.04,2.86,N,VIIRS_SNPP_NRT
23.67289,84.9959,296.21,0.5,0.66,2026-09-04,1923,N,VIIRS,n,2.0NRT,283.89,2.91,N,VIIRS_SNPP_NRT
23.67591,86.40213,303.59,0.41,0.61,2026-09-04,1923,N,VIIRS,n,2.0NRT,285.43,1.36,N,VIIRS_SNPP_NRT
23.67626,86.39803,315.53,0.41,0.61,2026-09-04,1923,N,VIIRS,n,2.0NRT,285.7,1.36,N,VIIRS_SNPP_NRT
23.67852,86.08686,305.34,0.43,0.62,2026-09-04,1923,N,VIIRS,n,2.0NRT,285.83,3.15,N,VIIRS_SNPP_NRT
23.67871,86.40009,311.2,0.41,0.61,2026-09-04,1923,N,VIIRS,n,2.0NRT,285.8,2.46,N,VIIRS_SNPP_NRT
23.67895,86.09338,303.36,0.43,0.62,2026-09-04,1923,N,VIIRS,n,2.0NRT,283.32,1.17,N,VIIRS_SNPP_NRT
23.67909,86.396,305.97,0.41,0.61,2026-09-04,1923,N,VIIRS,n,2.0NRT,285.43,2.56,N,VIIRS_SNPP_NRT
23.6793,86.08908,305.54,0.43,0.62,2026-09-04,1923,N,VIIRS,n,2.0NRT,285.15,1.67,N,VIIRS_SNPP_NRT
23.67966,86.08476,304.85,0.43,0.62,2026-09-04,1923,N,VIIRS,n,2.0NRT,285.66,1.67,N,VIIRS_SNPP_NRT
23.68225,86.3947,307.39,0.41,0.61,2026-09-04,1923,N,VIIRS,n,2.0NRT,285.55,2.78,N,VIIRS_SNPP_NRT
23.68351,86.09599,305.12,0.43,0.62,2026-09-04,1923,N,VIIRS,n,2.0NRT,283.11,1.25,N,VIIRS_SNPP_NRT
23.68471,86.09391,302.91,0.43,0.62,2026-09-04,1923,N,VIIRS,n,2.0NRT,283.95,1.17,N,VIIRS_SNPP_NRT
23.68826,86.39115,303.86,0.41,0.61,2026-09-04,1923,N,VIIRS,n,2.0NRT,285.4,0.91,N,VIIRS_SNPP_NRT
23.71136,86.45217,311.04,0.41,0.6,2026-09-04,1923,N,VIIRS,n,2.0NRT,285.88,1.74,N,VIIRS_SNPP_NRT
23.71392,86.42335,307.48,0.41,0.61,2026-09-04,1923,N,VIIRS,n,2.0NRT,285.94,1.96,N,VIIRS_SNPP_NRT
23.71992,86.41992,304.33,0.41,0.61,2026-09-04,1923,N,VIIRS,n,2.0NRT,284.78,1.68,N,VIIRS_SNPP_NRT
23.73572,86.43427,307.61,0.41,0.61,2026-09-04,1923,N,VIIRS,n,2.0NRT,281.7,2.56,N,VIIRS_SNPP_NRT
23.75746,85.85387,309.71,0.45,0.63,2026-09-04,1923,N,VIIRS,n,2.0NRT,285.95,1.79,N,VIIRS_SNPP_NRT
23.75817,86.40104,303.52,0.41,0.61,2026-09-04,1923,N,VIIRS,n,2.0NRT,284.47,3.31,N,VIIRS_SNPP_NRT
23.76124,86.4041,303.71,0.41,0.61,2026-09-04,1923,N,VIIRS,n,2.0NRT,282.59,2.07,N,VIIRS_SNPP_NRT
23.76163,86.39988,311.81,0.41,0.61,2026-09-04,1923,N,VIIRS,n,2.0NRT,285.21,2.07,N,VIIRS_SNPP_NRT
23.76239,86.39155,304.11,0.41,0.61,2026-09-04,1923,N,VIIRS,n,2.0NRT,285.44,3.52,N,VIIRS_SNPP_NRT
23.76345,86.40598,299.36,0.41,0.61,2026-09-04,1923,N,VIIRS,n,2.0NRT,279.21,3.69,N,VIIRS_SNPP_NRT
23.76381,86.40175,305.79,0.41,0.61,2026-09-04,1923,N,VIIRS,n,2.0NRT,282.63,3.31,N,VIIRS_SNPP_NRT
23.76689,86.40472,305.75,0.41,0.61,2026-09-04,1923,N,VIIRS,n,2.0NRT,279.25,3.54,N,VIIRS_SNPP_NRT
23.77262,86.36506,321.88,0.41,0.61,2026-09-04,1923,N,VIIRS,n,2.0NRT,285.55,4.47,N,VIIRS_SNPP_NRT
23.77596,86.36807,306.29,0.41,0.61,2026-09-04,1923,N,VIIRS,n,2.0NRT,285.7,1.85,N,VIIRS_SNPP_NRT
23.77635,86.36388,318.15,0.41,0.61,2026-09-04,1923,N,VIIRS,n,2.0NRT,285.94,2.96,N,VIIRS_SNPP_NRT
23.77868,86.21198,304.15,0.42,0.61,2026-09-04,1923,N,VIIRS,n,2.0NRT,285.94,1.31,N,VIIRS_SNPP_NRT
23.77907,86.2077,310.15,0.42,0.61,2026-09-04,1923,N,VIIRS,n,2.0NRT,286.07,1.31,N,VIIRS_SNPP_NRT
23.7797,86.3896,302.64,0.41,0.61,2026-09-04,1923,N,VIIRS,n,2.0NRT,278.49,2.79,N,VIIRS_SNPP_NRT
23.77998,86.20918,310.75,0.42,0.61,2026-09-04,1923,N,VIIRS,n,2.0NRT,286.39,1.53,N,VIIRS_SNPP_NRT
23.78033,86.20491,303.18,0.42,0.61,2026-09-04,1923,N,VIIRS,n,2.0NRT,285.92,1.53,N,VIIRS_SNPP_NRT
23.79671,86.35096,319.39,0.42,0.61,2026-09-04,1923,N,VIIRS,n,2.0NRT,283.86,4.1,N,VIIRS_SNPP_NRT
23.80416,86.3309,312.49,0.42,0.61,2026-09-04,1923,N,VIIRS,n,2.0NRT,283.03,3.17,N,VIIRS_SNPP_NRT
23.82338,85.49656,302.05,0.47,0.64,2026-09-04,1923,N,VIIRS,n,2.0NRT,285.66,1.6,N,VIIRS_SNPP_NRT
23.82546,84.57072,305.89,0.54,0.68,2026-09-04,1923,N,VIIRS,n,2.0NRT,283.26,1.88,N,VIIRS_SNPP_NRT
23.83774,85.46945,301.33,0.47,0.64,2026-09-04,1923,N,VIIRS,n,2.0NRT,285.37,1.6,N,VIIRS_SNPP_NRT
24.31163,85.42353,303.75,0.48,0.65,2026-09-04,1923,N,VIIRS,n,2.0NRT,285.26,0.75,N,VIIRS_SNPP_NRT
19.08846,82.17459,301.41,0.68,0.74,2026-09-04,1925,N,VIIRS,n,2.0NRT,285.65,1.21,N,VIIRS_SNPP_NRT
19.0896,82.17361,300.24,0.68,0.74,2026-09-04,1925,N,VIIRS,n,2.0NRT,285.82,1.22,N,VIIRS_SNPP_NRT
19.09592,82.16854,300.28,0.68,0.74,2026-09-04,1925,N,VIIRS,n,2.0NRT,285.1,2.29,N,VIIRS_SNPP_NRT
19.09711,82.16754,303.66,0.68,0.74,2026-09-04,1925,N,VIIRS,n,2.0NRT,285.33,1.56,N,VIIRS_SNPP_NRT
20.7613,85.29581,313.55,0.45,0.63,2026-09-04,1925,N,VIIRS,n,2.0NRT,287.42,2.27,N,VIIRS_SNPP_NRT
20.76171,85.29136,305.86,0.45,0.63,2026-09-04,1925,N,VIIRS,n,2.0NRT,287.15,2.2,N,VIIRS_SNPP_NRT
20.78849,85.25857,306.91,0.45,0.63,2026-09-04,1925,N,VIIRS,n,2.0NRT,287.45,2.84,N,VIIRS_SNPP_NRT
20.79477,85.25492,316.12,0.45,0.63,2026-09-04,1925,N,VIIRS,n,2.0NRT,286.91,2.9,N,VIIRS_SNPP_NRT
20.80561,85.25348,304.62,0.45,0.63,2026-09-04,1925,N,VIIRS,n,2.0NRT,287.35,1.78,N,VIIRS_SNPP_NRT
20.80653,85.256,313.31,0.45,0.63,2026-09-04,1925,N,VIIRS,n,2.0NRT,287.45,1.63,N,VIIRS_SNPP_NRT
20.86205,84.98914,309.94,0.47,0.64,2026-09-04,1925,N,VIIRS,n,2.0NRT,286.24,1.72,N,VIIRS_SNPP_NRT
20.86249,84.98462,316.08,0.47,0.64,2026-09-04,1925,N,VIIRS,n,2.0NRT,286.31,2.17,N,VIIRS_SNPP_NRT
20.86526,84.98695,321.87,0.47,0.64,2026-09-04,1925,N,VIIRS,n,2.0NRT,286.26,3.63,N,VIIRS_SNPP_NRT
20.89002,84.98002,311.47,0.47,0.64,2026-09-04,1925,N,VIIRS,n,2.0NRT,286.43,1.53,N,VIIRS_SNPP_NRT
20.94963,86.04832,323.89,0.4,0.6,2026-09-04,1925,N,VIIRS,n,2.0NRT,288.03,2.27,N,VIIRS_SNPP_NRT
20.95,86.04442,323.28,0.4,0.6,2026-09-04,1925,N,VIIRS,n,2.0NRT,288.01,2.27,N,VIIRS_SNPP_NRT
20.9512,86.04997,310.23,0.4,0.6,2026-09-04,1925,N,VIIRS,n,2.0NRT,287.85,2.23,N,VIIRS_SNPP_NRT
20.95159,86.0461,327.1,0.4,0.6,2026-09-04,1925,N,VIIRS,n,2.0NRT,288.09,2.23,N,VIIRS_SNPP_NRT
20.95199,86.04217,313.92,0.4,0.6,2026-09-04,1925,N,VIIRS,n,2.0NRT,287.64,2.7,N,VIIRS_SNPP_NRT
20.95558,86.04523,305.01,0.4,0.6,2026-09-04,1925,N,VIIRS,n,2.0NRT,287.63,1.4,N,VIIRS_SNPP_NRT
20.96156,86.00327,307.14,0.41,0.6,2026-09-04,1925,N,VIIRS,n,2.0NRT,287.47,0.79,N,VIIRS_SNPP_NRT
20.96411,85.18684,307.86,0.46,0.63,2026-09-04,1925,N,VIIRS,n,2.0NRT,286.71,1.57,N,VIIRS_SNPP_NRT
20.9649,86.00615,315.28,0.41,0.6,2026-09-04,1925,N,VIIRS,n,2.0NRT,287.92,2.12,N,VIIRS_SNPP_NRT
20.96528,86.00221,306.29,0.41,0.6,2026-09-04,1925,N,VIIRS,n,2.0NRT,288.08,1.79,N,VIIRS_SNPP_NRT
20.96534,85.1733,306.0,0.46,0.63,2026-09-04,1925,N,VIIRS,n,2.0NRT,286.79,1.35,N,VIIRS_SNPP_NRT
20.96576,85.16875,309.08,0.46,0.63,2026-09-04,1925,N,VIIRS,n,2.0NRT,286.82,1.35,N,VIIRS_SNPP_NRT
20.96638,86.01173,310.73,0.41,0.6,2026-09-04,1925,N,VIIRS,n,2.0NRT,288.16,2.97,N,VIIRS_SNPP_NRT
20.97015,86.01069,307.09,0.41,0.6,2026-09-04,1925,N,VIIRS,n,2.0NRT,288.37,2.21,N,VIIRS_SNPP_NRT
20.97084,85.17846,307.71,0.46,0.63,2026-09-04,1925,N,VIIRS,n,2.0NRT,286.43,2.67,N,VIIRS_SNPP_NRT
20.97089,86.00281,306.17,0.41,0.6,2026-09-04,1925,N,VIIRS,n,2.0NRT,288.42,1.7,N,VIIRS_SNPP_NRT
20.97126,85.17391,305.19,0.46,0.63,2026-09-04,1925,N,VIIRS,n,2.0NRT,286.74,1.35,N,VIIRS_SNPP_NRT
20.99819,86.01408,304.21,0.41,0.6,2026-09-04,1925,N,VIIRS,n,2.0NRT,288.26,0.72,N,VIIRS_SNPP_NRT
20.99857,86.01012,305.85,0.41,0.6,2026-09-04,1925,N,VIIRS,n,2.0NRT,288.25,0.72,N,VIIRS_SNPP_NRT
21.07634,85.04405,307.57,0.47,0.64,2026-09-04,1925,N,VIIRS,n,2.0NRT,286.81,1.41,N,VIIRS_SNPP_NRT
21.07676,85.03937,304.32,0.47,0.64,2026-09-04,1925,N,VIIRS,n,2.0NRT,287.05,1.41,N,VIIRS_SNPP_NRT
21.07717,85.03472,303.73,0.47,0.64,2026-09-04,1925,N,VIIRS,n,2.0NRT,287.19,2.04,N,VIIRS_SNPP_NRT
21.67499,82.07859,301.52,0.73,0.76,2026-09-04,1925,N,VIIRS,n,2.0NRT,284.48,1.32,N,VIIRS_SNPP_NRT
21.67781,84.03859,305.65,0.55,0.68,2026-09-04,1925,N,VIIRS,n,2.0NRT,286.12,2.34,N,VIIRS_SNPP_NRT
21.67952,84.03887,306.32,0.55,0.68,2026-09-04,1925,N,VIIRS,n,2.0NRT,285.77,1.89,N,VIIRS_SNPP_NRT
21.80354,82.03689,300.24,0.74,0.76,2026-09-04,1925,N,VIIRS,n,2.0NRT,282.65,1.26,N,VIIRS_SNPP_NRT
21.92587,85.22215,315.27,0.47,0.64,2026-09-04,1925,N,VIIRS,n,2.0NRT,287.75,2.18,N,VIIRS_SNPP_NRT
22.00575,82.67023,304.37,0.68,0.74,2026-09-04,1925,N,VIIRS,n,2.0NRT,284.9,1.03,N,VIIRS_SNPP_NRT
22.00621,82.67161,300.84,0.68,0.74,2026-09-04,1925,N,VIIRS,n,2.0NRT,284.77,2.21,N,VIIRS_SNPP_NRT
13.15911,80.28068,306.72,0.77,0.78,2026-09-04,1928,N,VIIRS,n,2.0NRT,285.02,1.63,N,VIIRS_SNPP_NRT
13.1608,80.27946,307.93,0.77,0.78,2026-09-04,1928,N,VIIRS,n,2.0NRT,285.03,1.92,N,VIIRS_SNPP_NRT
7.12493,81.54601,295.77,0.53,0.67,2026-09-04,1930,N,VIIRS,n,2.0NRT,285.71,2.74,N,VIIRS_SNPP_NRT
32.72226,72.92528,304.4,0.39,0.36,2026-09-04,2101,N,VIIRS,n,2.0NRT,291.48,0.68,N,VIIRS_SNPP_NRT
33.29619,71.18684,298.59,0.44,0.38,2026-09-04,2101,N,VIIRS,n,2.0NRT,287.32,1.13,N,VIIRS_SNPP_NRT
33.54585,71.55032,305.69,0.43,0.38,2026-09-04,2101,N,VIIRS,n,2.0NRT,290.83,1.04,N,VIIRS_SNPP_NRT
33.68994,72.7104,307.47,0.4,0.37,2026-09-04,2101,N,VIIRS,n,2.0NRT,292.06,0.92,N,VIIRS_SNPP_NRT
35.96602,68.68536,298.35,0.4,0.44,2026-09-04,2101,N,VIIRS,n,2.0NRT,288.18,0.69,N,VIIRS_SNPP_NRT
35.96709,68.68774,299.05,0.4,0.44,2026-09-04,2101,N,VIIRS,n,2.0NRT,288.15,1.28,N,VIIRS_SNPP_NRT
35.97013,68.68588,299.08,0.4,0.44,2026-09-04,2101,N,VIIRS,n,2.0NRT,288.3,0.79,N,VIIRS_SNPP_NRT
22.57313,85.89704,313.33,0.7,0.75,2026-09-04,2104,N,VIIRS,n,2.0NRT,283.34,3.39,N,VIIRS_SNPP_NRT
23.67414,85.32425,296.63,0.61,0.71,2026-09-04,2104,N,VIIRS,n,2.0NRT,284.11,2.29,N,VIIRS_SNPP_NRT
23.67768,86.3978,298.43,0.71,0.75,2026-09-04,2104,N,VIIRS,n,2.0NRT,279.73,6.8,N,VIIRS_SNPP_NRT
23.67849,86.08708,301.87,0.68,0.74,2026-09-04,2104,N,VIIRS,n,2.0NRT,283.36,3.56,N,VIIRS_SNPP_NRT
23.67941,86.08627,301.55,0.68,0.74,2026-09-04,2104,N,VIIRS,n,2.0NRT,283.28,2.58,N,VIIRS_SNPP_NRT
23.69545,85.36923,311.51,0.61,0.71,2026-09-04,2104,N,VIIRS,n,2.0NRT,284.1,2.54,N,VIIRS_SNPP_NRT
23.78611,85.55335,301.45,0.63,0.72,2026-09-04,2104,N,VIIRS,n,2.0NRT,282.32,1.22,N,VIIRS_SNPP_NRT
23.79008,85.55405,297.1,0.63,0.72,2026-09-04,2104,N,VIIRS,n,2.0NRT,282.49,2.74,N,VIIRS_SNPP_NRT
24.15935,82.56554,302.1,0.41,0.6,2026-09-04,2104,N,VIIRS,n,2.0NRT,274.26,0.96,N,VIIRS_SNPP_NRT
24.16024,82.56169,300.91,0.41,0.6,2026-09-04,2104,N,VIIRS,n,2.0NRT,273.66,0.96,N,VIIRS_SNPP_NRT
24.82064,73.09454,306.69,0.39,0.36,2026-09-04,2104,N,VIIRS,n,2.0NRT,293.39,0.74,N,VIIRS_SNPP_NRT
24.82128,73.0907,306.03,0.39,0.36,2026-09-04,2104,N,VIIRS,n,2.0NRT,293.89,0.74,N,VIIRS_SNPP_NRT
25.5242,68.55288,309.65,0.47,0.4,2026-09-04,2104,N,VIIRS,n,2.0NRT,295.1,0.55,N,VIIRS_SNPP_NRT
27.93788,69.72433,309.45,0.44,0.39,2026-09-04,2104,N,VIIRS,n,2.0NRT,296.46,0.66,N,VIIRS_SNPP_NRT
28.4265,69.70227,313.48,0.45,0.39,2026-09-04,2104,N,VIIRS,n,2.0NRT,297.34,1.2,N,VIIRS_SNPP_NRT
32.28888,70.7403,307.51,0.44,0.39,2026-09-04,2104,N,VIIRS,n,2.0NRT,294.04,1.54,N,VIIRS_SNPP_NRT
32.5767,72.56184,311.11,0.4,0.37,2026-09-04,2104,N,VIIRS,n,2.0NRT,294.62,2.15,N,VIIRS_SNPP_NRT
17.60933,83.20343,316.08,0.61,0.71,2026-09-04,2106,N,VIIRS,n,2.0NRT,286.93,5.27,N,VIIRS_SNPP_NRT
17.95682,80.79215,300.9,0.42,0.61,2026-09-04,2106,N,VIIRS,n,2.0NRT,278.73,1.17,N,VIIRS_SNPP_NRT
17.95858,80.79491,300.72,0.42,0.61,2026-09-04,2106,N,VIIRS,n,2.0NRT,278.98,0.84,N,VIIRS_SNPP_NRT
17.95946,80.79095,298.26,0.42,0.61,2026-09-04,2106,N,VIIRS,n,2.0NRT,280.44,0.79,N,VIIRS_SNPP_NRT
18.2715,74.19861,304.38,0.49,0.4,2026-09-04,2106,N,VIIRS,n,2.0NRT,290.01,0.84,N,VIIRS_SNPP_NRT
18.68064,73.03526,304.1,0.43,0.38,2026-09-04,2106,N,VIIRS,n,2.0NRT,291.57,0.89,N,VIIRS_SNPP_NRT
18.6904,73.04131,317.38,0.43,0.38,2026-09-04,2106,N,VIIRS,n,2.0NRT,292.88,2.13,N,VIIRS_SNPP_NRT
18.69389,73.04198,319.91,0.43,0.38,2026-09-04,2106,N,VIIRS,n,2.0NRT,293.84,2.13,N,VIIRS_SNPP_NRT
18.71995,79.53621,303.8,0.34,0.56,2026-09-04,2106,N,VIIRS,n,2.0NRT,284.54,0.99,N,VIIRS_SNPP_NRT
19.09743,82.16936,307.92,0.49,0.65,2026-09-04,2106,N,VIIRS,n,2.0NRT,287.64,1.77,N,VIIRS_SNPP_NRT
19.10059,82.1667,304.42,0.49,0.65,2026-09-04,2106,N,VIIRS,n,2.0NRT,287.57,1.71,N,VIIRS_SNPP_NRT
19.2791,71.42653,307.88,0.39,0.36,2026-09-04,2106,N,VIIRS,n,2.0NRT,293.9,0.66,N,VIIRS_SNPP_NRT
20.76145,85.29849,309.4,0.7,0.75,2026-09-04,2106,N,VIIRS,n,2.0NRT,284.98,2.11,N,VIIRS_SNPP_NRT
20.76308,85.292,301.75,0.7,0.75,2026-09-04,2106,N,VIIRS,n,2.0NRT,284.99,2.48,N,VIIRS_SNPP_NRT
20.79352,85.25729,305.82,0.7,0.75,2026-09-04,2106,N,VIIRS,n,2.0NRT,285.35,2.9,N,VIIRS_SNPP_NRT
20.7952,85.2505,317.2,0.7,0.75,2026-09-04,2106,N,VIIRS,n,2.0NRT,284.74,2.9,N,VIIRS_SNPP_NRT
20.80867,85.25465,303.12,0.7,0.75,2026-09-04,2106,N,VIIRS,n,2.0NRT,284.93,1.74,N,VIIRS_SNPP_NRT
20.86599,84.99335,309.5,0.67,0.74,2026-09-04,2106,N,VIIRS,n,2.0NRT,285.86,2.49,N,VIIRS_SNPP_NRT
20.86771,84.98637,305.94,0.67,0.74,2026-09-04,2106,N,VIIRS,n,2.0NRT,285.46,2.49,N,VIIRS_SNPP_NRT
20.91163,71.45867,308.37,0.39,0.36,2026-09-04,2106,N,VIIRS,n,2.0NRT,293.47,1.38,N,VIIRS_SNPP_NRT
20.95286,86.04846,304.94,0.77,0.78,2026-09-04,2106,N,VIIRS,n,2.0NRT,284.19,2.74,N,VIIRS_SNPP_NRT
20.95502,85.0124,301.65,0.67,0.74,2026-09-04,2106,N,VIIRS,n,2.0NRT,285.18,1.52,N,VIIRS_SNPP_NRT
20.96267,85.18922,299.1,0.69,0.74,2026-09-04,2106,N,VIIRS,n,2.0NRT,281.62,1.3,N,VIIRS_SNPP_NRT
20.96312,85.18304,307.59,0.69,0.74,2026-09-04,2106,N,VIIRS,n,2.0NRT,282.97,5.19,N,VIIRS_SNPP_NRT
20.96438,85.18245,306.42,0.69,0.74,2026-09-04,2106,N,VIIRS,n,2.0NRT,282.57,1.3,N,VIIRS_SNPP_NRT
20.96604,85.17587,302.79,0.69,0.74,2026-09-04,2106,N,VIIRS,n,2.0NRT,283.85,3.15,N,VIIRS_SNPP_NRT
20.96635,85.16991,306.46,0.69,0.74,2026-09-04,2106,N,VIIRS,n,2.0NRT,282.86,3.32,N,VIIRS_SNPP_NRT
20.96696,86.00981,303.19,0.77,0.77,2026-09-04,2106,N,VIIRS,n,2.0NRT,280.35,1.45,N,VIIRS_SNPP_NRT
20.96767,85.16939,310.81,0.68,0.74,2026-09-04,2106,N,VIIRS,n,2.0NRT,282.73,3.15,N,VIIRS_SNPP_NRT
20.97304,85.17196,312.5,0.69,0.74,2026-09-04,2106,N,VIIRS,n,2.0NRT,282.27,3.32,N,VIIRS_SNPP_NRT
20.97437,85.1714,306.0,0.68,0.74,2026-09-04,2106,N,VIIRS,n,2.0NRT,281.55,1.95,N,VIIRS_SNPP_NRT
21.10271,72.64404,302.63,0.4,0.37,2026-09-04,2106,N,VIIRS,n,2.0NRT,287.6,1.38,N,VIIRS_SNPP_NRT
21.10401,72.63636,332.65,0.4,0.37,2026-09-04,2106,N,VIIRS,n,2.0NRT,290.83,4.0,N,VIIRS_SNPP_NRT
21.10544,72.64854,317.25,0.4,0.37,2026-09-04,2106,N,VIIRS,n,2.0NRT,290.81,2.05,N,VIIRS_SNPP_NRT
21.10608,72.6447,333.02,0.4,0.37,2026-09-04,2106,N,VIIRS,n,2.0NRT,292.63,7.31,N,VIIRS_SNPP_NRT
21.10738,72.637,305.46,0.4,0.37,2026-09-04,2106,N,VIIRS,n,2.0NRT,290.68,2.25,N,VIIRS_SNPP_NRT
21.10881,72.64918,305.26,0.4,0.37,2026-09-04,2106,N,VIIRS,n,2.0NRT,291.28,2.05,N,VIIRS_SNPP_NRT
21.18306,81.38803,301.41,0.4,0.6,2026-09-04,2106,N,VIIRS,n,2.0NRT,284.53,1.44,N,VIIRS_SNPP_NRT
21.18765,81.39323,302.69,0.4,0.6,2026-09-04,2106,N,VIIRS,n,2.0NRT,286.34,1.74,N,VIIRS_SNPP_NRT
21.18848,81.38943,302.2,0.4,0.6,2026-09-04,2106,N,VIIRS,n,2.0NRT,285.96,1.44,N,VIIRS_SNPP_NRT
21.30924,81.59233,302.07,0.41,0.6,2026-09-04,2106,N,VIIRS,n,2.0NRT,285.53,0.77,N,VIIRS_SNPP_NRT
21.43225,72.97722,304.92,0.41,0.37,2026-09-04,2106,N,VIIRS,n,2.0NRT,290.99,1.2,N,VIIRS_SNPP_NRT
21.62011,81.79417,304.05,0.41,0.61,2026-09-04,2106,N,VIIRS,n,2.0NRT,286.39,0.52,N,VIIRS_SNPP_NRT
21.67574,82.08032,301.97,0.43,0.62,2026-09-04,2106,N,VIIRS,n,2.0NRT,286.74,1.19,N,VIIRS_SNPP_NRT
21.67763,84.03689,301.22,0.56,0.69,2026-09-04,2106,N,VIIRS,n,2.0NRT,285.83,3.55,N,VIIRS_SNPP_NRT
21.7385,83.84195,301.88,0.55,0.68,2026-09-04,2106,N,VIIRS,n,2.0NRT,285.84,3.35,N,VIIRS_SNPP_NRT
21.74119,83.84169,321.01,0.55,0.68,2026-09-04,2106,N,VIIRS,n,2.0NRT,286.55,3.34,N,VIIRS_SNPP_NRT
21.74463,83.84384,332.64,0.55,0.68,2026-09-04,2106,N,VIIRS,n,2.0NRT,286.65,3.35,N,VIIRS_SNPP_NRT
21.74593,83.83846,317.19,0.55,0.68,2026-09-04,2106,N,VIIRS,n,2.0NRT,285.9,6.72,N,VIIRS_SNPP_NRT
21.74731,83.8436,348.71,0.55,0.68,2026-09-04,2106,N,VIIRS,n,2.0NRT,286.9,4.01,N,VIIRS_SNPP_NRT
21.74858,83.83821,303.2,0.55,0.68,2026-09-04,2106,N,VIIRS,n,2.0NRT,285.55,4.01,N,VIIRS_SNPP_NRT
21.75076,83.8457,314.42,0.55,0.68,2026-09-04,2106,N,VIIRS,n,2.0NRT,285.99,2.94,N,VIIRS_SNPP_NRT
21.75206,83.84034,323.03,0.55,0.68,2026-09-04,2106,N,VIIRS,n,2.0NRT,286.27,4.25,N,VIIRS_SNPP_NRT
21.75344,83.84547,319.43,0.55,0.68,2026-09-04,2106,N,VIIRS,n,2.0NRT,286.47,4.01,N,VIIRS_SNPP_NRT
21.75471,83.84011,303.53,0.55,0.68,2026-09-04,2106,N,VIIRS,n,2.0NRT,286.16,4.01,N,VIIRS_SNPP_NRT
21.75692,83.84747,303.92,0.55,0.68,2026-09-04,2106,N,VIIRS,n,2.0NRT,285.81,2.94,N,VIIRS_SNPP_NRT
21.7582,83.84217,315.0,0.55,0.68,2026-09-04,2106,N,VIIRS,n,2.0NRT,286.06,4.25,N,VIIRS_SNPP_NRT
21.76307,83.84924,309.57,0.55,0.68,2026-09-04,2106,N,VIIRS,n,2.0NRT,285.94,2.87,N,VIIRS_SNPP_NRT
21.87359,83.4966,302.93,0.52,0.67,2026-09-04,2106,N,VIIRS,n,2.0NRT,286.42,0.84,N,VIIRS_SNPP_NRT
21.87868,83.55658,307.68,0.52,0.67,2026-09-04,2106,N,VIIRS,n,2.0NRT,286.18,1.86,N,VIIRS_SNPP_NRT
21.92071,83.35161,317.63,0.51,0.66,2026-09-04,2106,N,VIIRS,n,2.0NRT,287.11,3.02,N,VIIRS_SNPP_NRT
21.92364,85.2219,307.46,0.66,0.73,2026-09-04,2106,N,VIIRS,n,2.0NRT,285.39,2.13,N,VIIRS_SNPP_NRT
21.92594,85.22113,305.9,0.66,0.73,2026-09-04,2106,N,VIIRS,n,2.0NRT,285.28,2.86,N,VIIRS_SNPP_NRT
21.93913,81.98277,302.44,0.42,0.61,2026-09-04,2106,N,VIIRS,n,2.0NRT,286.54,1.05,N,VIIRS_SNPP_NRT
22.00088,82.67083,305.77,0.46,0.63,2026-09-04,2106,N,VIIRS,n,2.0NRT,286.92,1.43,N,VIIRS_SNPP_NRT
22.00664,82.6723,305.81,0.46,0.63,2026-09-04,2106,N,VIIRS,n,2.0NRT,286.69,1.03,N,VIIRS_SNPP_NRT
22.00665,82.66977,306.25,0.46,0.63,2026-09-04,2106,N,VIIRS,n,2.0NRT,286.71,1.36,N,VIIRS_SNPP_NRT
22.01587,82.17987,301.54,0.43,0.62,2026-09-04,2106,N,VIIRS,n,2.0NRT,286.43,0.65,N,VIIRS_SNPP_NRT
22.01755,83.75123,300.6,0.53,0.67,2026-09-04,2106,N,VIIRS,n,2.0NRT,284.85,1.06,N,VIIRS_SNPP_NRT
22.0317,83.36752,303.54,0.5,0.66,2026-09-04,2106,N,VIIRS,n,2.0NRT,286.54,1.32,N,VIIRS_SNPP_NRT
22.03287,83.36258,301.81,0.5,0.66,2026-09-04,2106,N,VIIRS,n,2.0NRT,286.6,1.97,N,VIIRS_SNPP_NRT
22.0352,83.35267,301.68,0.5,0.66,2026-09-04,2106,N,VIIRS,n,2.0NRT,286.05,1.18,N,VIIRS_SNPP_NRT
22.1076,83.12428,302.56,0.49,0.65,2026-09-04,2106,N,VIIRS,n,2.0NRT,286.66,0.81,N,VIIRS_SNPP_NRT
22.22193,84.75527,297.0,0.61,0.71,2026-09-04,2106,N,VIIRS,n,2.0NRT,283.98,1.82,N,VIIRS_SNPP_NRT
22.33719,69.86794,308.4,0.4,0.37,2026-09-04,2106,N,VIIRS,n,2.0NRT,296.38,3.19,N,VIIRS_SNPP_NRT
22.33891,69.85638,308.84,0.4,0.37,2026-09-04,2106,N,VIIRS,n,2.0NRT,296.41,2.92,N,VIIRS_SNPP_NRT
22.35826,82.30389,331.05,0.43,0.62,2026-09-04,2106,N,VIIRS,n,2.0NRT,286.53,3.98,N,VIIRS_SNPP_NRT
22.3592,82.29978,311.54,0.43,0.62,2026-09-04,2106,N,VIIRS,n,2.0NRT,285.65,3.99,N,VIIRS_SNPP_NRT
22.92655,69.82481,306.95,0.4,0.37,2026-09-04,2106,N,VIIRS,n,2.0NRT,295.48,1.98,N,VIIRS_SNPP_NRT
22.93078,69.69768,309.29,0.41,0.37,2026-09-04,2106,N,VIIRS,n,2.0NRT,294.83,2.23,N,VIIRS_SNPP_NRT
22.93359,69.7022,309.39,0.41,0.37,2026-09-04,2106,N,VIIRS,n,2.0NRT,295.17,2.85,N,VIIRS_SNPP_NRT
22.93417,69.69827,336.76,0.41,0.37,2026-09-04,2106,N,VIIRS,n,2.0NRT,295.59,2.85,N,VIIRS_SNPP_NRT
23.26578,70.25954,305.99,0.4,0.37,2026-09-04,2106,N,VIIRS,n,2.0NRT,294.82,1.02,N,VIIRS_SNPP_NRT
23.30355,70.4779,305.59,0.39,0.36,2026-09-04,2106,N,VIIRS,n,2.0NRT,294.44,1.17,N,VIIRS_SNPP_NRT
23.31575,70.48792,310.46,0.39,0.36,2026-09-04,2106,N,VIIRS,n,2.0NRT,295.34,1.37,N,VIIRS_SNPP_NRT
23.40848,72.41589,318.21,0.39,0.36,2026-09-04,2106,N,VIIRS,n,2.0NRT,293.57,1.43,N,VIIRS_SNPP_NRT
24.69059,73.00319,312.77,0.39,0.36,2026-09-04,2106,N,VIIRS,n,2.0NRT,294.49,1.28,N,VIIRS_SNPP_NRT
25.38672,68.58044,310.55,0.47,0.39,2026-09-04,2106,N,VIIRS,n,2.0NRT,295.45,0.86,N,VIIRS_SNPP_NRT
25.39035,68.58104,311.57,0.47,0.39,2026-09-04,2106,N,VIIRS,n,2.0NRT,295.13,0.86,N,VIIRS_SNPP_NRT
9.94102,77.48679,308.54,0.36,0.57,2026-09-04,2108,N,VIIRS,n,2.0NRT,289.38,0.6,N,VIIRS_SNPP_NRT
9.94628,77.48783,305.53,0.36,0.57,2026-09-04,2108,N,VIIRS,n,2.0NRT,289.26,0.47,N,VIIRS_SNPP_NRT
10.61668,77.42152,304.1,0.35,0.56,2026-09-04,2108,N,VIIRS,n,2.0NRT,289.3,0.28,N,VIIRS_SNPP_NRT
10.61797,77.50148,308.59,0.35,0.57,2026-09-04,2108,N,VIIRS,n,2.0NRT,287.83,0.82,N,VIIRS_SNPP_NRT
11.42084,77.48328,312.92,0.34,0.56,2026-09-04,2108,N,VIIRS,n,2.0NRT,284.16,0.82,N,VIIRS_SNPP_NRT
11.48001,77.62247,300.66,0.35,0.56,2026-09-04,2108,N,VIIRS,n,2.0NRT,266.67,0.59,N,VIIRS_SNPP_NRT
11.48045,77.62241,298.62,0.35,0.56,2026-09-04,2108,N,VIIRS,n,2.0NRT,264.84,0.77,N,VIIRS_SNPP_NRT
11.56157,77.70795,302.5,0.35,0.57,2026-09-04,2108,N,VIIRS,n,2.0NRT,285.11,0.52,N,VIIRS_SNPP_NRT
12.74499,77.61853,301.04,0.33,0.55,2026-09-04,2108,N,VIIRS,n,2.0NRT,286.93,0.33,N,VIIRS_SNPP_NRT
13.7111,79.6208,304.94,0.43,0.62,2026-09-04,2108,N,VIIRS,n,2.0NRT,288.3,0.66,N,VIIRS_SNPP_NRT
13.89855,76.56493,302.15,0.53,0.5,2026-09-04,2108,N,VIIRS,n,2.0NRT,290.36,0.62,N,VIIRS_SNPP_NRT
14.87154,78.05151,313.86,0.32,0.55,2026-09-04,2108,N,VIIRS,n,2.0NRT,289.54,2.49,N,VIIRS_SNPP_NRT
14.87653,78.05255,303.35,0.32,0.55,2026-09-04,2108,N,VIIRS,n,2.0NRT,287.23,1.34,N,VIIRS_SNPP_NRT
15.07176,76.86304,303.44,0.53,0.5,2026-09-04,2108,N,VIIRS,n,2.0NRT,291.41,1.91,N,VIIRS_SNPP_NRT
15.07287,76.86671,304.0,0.53,0.5,2026-09-04,2108,N,VIIRS,n,2.0NRT,291.87,1.61,N,VIIRS_SNPP_NRT
15.1687,76.37943,305.66,0.49,0.49,2026-09-04,2108,N,VIIRS,n,2.0NRT,290.3,1.6,N,VIIRS_SNPP_NRT
15.17019,76.38186,305.67,0.49,0.49,2026-09-04,2108,N,VIIRS,n,2.0NRT,290.39,1.27,N,VIIRS_SNPP_NRT
15.17759,76.65895,316.42,0.51,0.5,2026-09-04,2108,N,VIIRS,n,2.0NRT,292.36,2.02,N,VIIRS_SNPP_NRT
15.1777,77.10036,305.68,0.55,0.51,2026-09-04,2108,N,VIIRS,n,2.0NRT,290.97,2.43,N,VIIRS_SNPP_NRT
15.1785,76.65421,311.15,0.51,0.5,2026-09-04,2108,N,VIIRS,n,2.0NRT,292.46,2.02,N,VIIRS_SNPP_NRT
15.1803,76.66946,304.37,0.51,0.5,2026-09-04,2108,N,VIIRS,n,2.0NRT,291.72,1.54,N,VIIRS_SNPP_NRT
15.18121,76.66469,311.06,0.51,0.5,2026-09-04,2108,N,VIIRS,n,2.0NRT,291.83,1.54,N,VIIRS_SNPP_NRT
15.30146,76.22165,304.93,0.48,0.48,2026-09-04,2108,N,VIIRS,n,2.0NRT,289.8,0.52,N,VIIRS_SNPP_NRT
15.33428,76.28631,304.46,0.48,0.48,2026-09-04,2108,N,VIIRS,n,2.0NRT,290.03,1.07,N,VIIRS_SNPP_NRT
16.36108,81.2864,304.31,0.49,0.65,2026-09-04,2108,N,VIIRS,n,2.0NRT,287.53,0.57,N,VIIRS_SNPP_NRT
17.05184,75.64252,302.08,0.41,0.45,2026-09-04,2108,N,VIIRS,n,2.0NRT,290.04,0.6,N,VIIRS_SNPP_NRT
17.0538,75.64399,303.85,0.41,0.45,2026-09-04,2108,N,VIIRS,n,2.0NRT,290.02,0.7,N,VIIRS_SNPP_NRT
6.55286,80.77038,300.78,0.68,0.74,2026-09-04,2110,N,VIIRS,n,2.0NRT,284.71,0.75,N,VIIRS_SNPP_NRT
6.55308,80.77031,302.25,0.68,0.74,2026-09-04,2110,N,VIIRS,n,2.0NRT,284.51,1.0,N,VIIRS_SNPP_NRT
6.17996,81.00569,341.03,0.4,0.37,2026-09-05,813,N,VIIRS,n,2.0NRT,302.13,2.48,D,VIIRS_SNPP_NRT
6.1805,81.00926,337.19,0.4,0.37,2026-09-05,813,N,VIIRS,n,2.0NRT,301.79,2.48,D,VIIRS_SNPP_NRT
6.1825,81.15936,336.9,0.4,0.37,2026-09-05,813,N,VIIRS,n,2.0NRT,302.46,3.84,D,VIIRS_SNPP_NRT
6.18386,81.00876,348.29,0.4,0.37,2026-09-05,813,N,VIIRS,n,2.0NRT,302.69,5.49,D,VIIRS_SNPP_NRT
6.18441,81.01233,343.12,0.4,0.37,2026-09-05,813,N,VIIRS,n,2.0NRT,301.1,4.5,D,VIIRS_SNPP_NRT
6.18832,81.01539,346.67,0.4,0.37,2026-09-05,813,N,VIIRS,n,2.0NRT,301.64,4.5,D,VIIRS_SNPP_NRT
6.18886,81.01897,336.55,0.4,0.37,2026-09-05,813,N,VIIRS,n,2.0NRT,300.97,2.74,D,VIIRS_SNPP_NRT
6.19168,81.01488,352.21,0.4,0.37,2026-09-05,813,N,VIIRS,n,2.0NRT,303.42,18.42,D,VIIRS_SNPP_NRT
6.19222,81.01846,347.43,0.4,0.37,2026-09-05,813,N,VIIRS,n,2.0NRT,303.31,17.44,D,VIIRS_SNPP_NRT
6.21498,80.86486,330.59,0.39,0.36,2026-09-05,813,N,VIIRS,l,2.0NRT,300.8,2.55,D,VIIRS_SNPP_NRT
6.33726,80.82056,335.6,0.39,0.36,2026-09-05,813,N,VIIRS,n,2.0NRT,301.81,3.01,D,VIIRS_SNPP_NRT
6.35271,80.94569,332.07,0.4,0.37,2026-09-05,813,N,VIIRS,l,2.0NRT,303.22,3.24,D,VIIRS_SNPP_NRT
6.35661,80.85766,341.92,0.39,0.36,2026-09-05,813,N,VIIRS,n,2.0NRT,302.19,5.09,D,VIIRS_SNPP_NRT
6.35751,80.79565,331.18,0.39,0.36,2026-09-05,813,N,VIIRS,n,2.0NRT,300.59,2.77,D,VIIRS_SNPP_NRT
6.39684,81.07821,347.64,0.4,0.37,2026-09-05,813,N,VIIRS,n,2.0NRT,303.69,8.98,D,VIIRS_SNPP_NRT
6.40642,81.07309,336.83,0.4,0.37,2026-09-05,813,N,VIIRS,n,2.0NRT,302.46,5.81,D,VIIRS_SNPP_NRT
6.40697,81.07669,338.35,0.4,0.37,2026-09-05,813,N,VIIRS,n,2.0NRT,301.63,5.81,D,VIIRS_SNPP_NRT
6.47917,80.77299,333.8,0.39,0.36,2026-09-05,813,N,VIIRS,n,2.0NRT,303.06,3.1,D,VIIRS_SNPP_NRT
6.57916,81.3848,342.68,0.41,0.37,2026-09-05,813,N,VIIRS,n,2.0NRT,300.07,5.71,D,VIIRS_SNPP_NRT
6.59315,81.12927,338.07,0.4,0.37,2026-09-05,813,N,VIIRS,n,2.0NRT,300.78,6.74,D,VIIRS_SNPP_NRT
6.66843,81.51497,343.89,0.41,0.37,2026-09-05,813,N,VIIRS,n,2.0NRT,303.91,6.85,D,VIIRS_SNPP_NRT
6.69977,81.40025,337.6,0.41,0.37,2026-09-05,813,N,VIIRS,n,2.0NRT,305.35,7.83,D,VIIRS_SNPP_NRT
6.70425,81.31312,331.44,0.41,0.37,2026-09-05,813,N,VIIRS,n,2.0NRT,301.08,4.82,D,VIIRS_SNPP_NRT
6.72359,81.30273,342.56,0.41,0.37,2026-09-05,813,N,VIIRS,n,2.0NRT,303.37,11.06,D,VIIRS_SNPP_NRT
6.7338,81.30119,333.75,0.41,0.37,2026-09-05,813,N,VIIRS,n,2.0NRT,301.22,5.13,D,VIIRS_SNPP_NRT
6.73964,81.38676,336.25,0.41,0.37,2026-09-05,813,N,VIIRS,n,2.0NRT,303.58,8.34,D,VIIRS_SNPP_NRT
6.75339,81.36208,345.28,0.41,0.37,2026-09-05,813,N,VIIRS,n,2.0NRT,303.21,9.95,D,VIIRS_SNPP_NRT
6.75762,81.43685,337.47,0.41,0.37,2026-09-05,813,N,VIIRS,n,2.0NRT,299.44,5.12,D,VIIRS_SNPP_NRT
6.76149,81.46268,339.98,0.41,0.37,2026-09-05,813,N,VIIRS,n,2.0NRT,303.99,5.14,D,VIIRS_SNPP_NRT
6.76475,81.50785,340.81,0.41,0.37,2026-09-05,813,N,VIIRS,n,2.0NRT,301.34,6.0,D,VIIRS_SNPP_NRT
6.78665,81.44385,335.04,0.41,0.37,2026-09-05,813,N,VIIRS,n,2.0NRT,303.8,4.9,D,VIIRS_SNPP_NRT
7.01036,79.9108,341.95,0.38,0.36,2026-09-05,813,N,VIIRS,n,2.0NRT,299.06,11.03,D,VIIRS_SNPP_NRT
7.01089,79.91428,337.79,0.38,0.36,2026-09-05,813,N,VIIRS,n,2.0NRT,298.12,11.03,D,VIIRS_SNPP_NRT
7.15843,81.65216,336.75,0.42,0.38,2026-09-05,813,N,VIIRS,n,2.0NRT,301.13,3.68,D,VIIRS_SNPP_NRT
7.1755,81.82485,334.72,0.42,0.38,2026-09-05,813,N,VIIRS,n,2.0NRT,299.01,5.01,D,VIIRS_SNPP_NRT
7.19413,80.99595,333.09,0.4,0.37,2026-09-05,813,N,VIIRS,n,2.0NRT,295.73,6.1,D,VIIRS_SNPP_NRT
7.19752,80.99545,349.7,0.4,0.37,2026-09-05,813,N,VIIRS,n,2.0NRT,303.7,6.1,D,VIIRS_SNPP_NRT
7.20091,80.99495,340.49,0.4,0.37,2026-09-05,813,N,VIIRS,n,2.0NRT,301.01,6.99,D,VIIRS_SNPP_NRT
7.21239,81.70628,336.38,0.42,0.38,2026-09-05,813,N,VIIRS,n,2.0NRT,300.15,3.92,D,VIIRS_SNPP_NRT
7.27373,81.22643,341.48,0.41,0.37,2026-09-05,813,N,VIIRS,n,2.0NRT,298.99,3.53,D,VIIRS_SNPP_NRT
7.29734,81.74046,338.69,0.42,0.38,2026-09-05,813,N,VIIRS,n,2.0NRT,301.45,8.52,D,VIIRS_SNPP_NRT
7.30165,81.81831,335.41,0.43,0.38,2026-09-05,813,N,VIIRS,n,2.0NRT,300.45,3.74,D,VIIRS_SNPP_NRT
7.30221,81.82216,335.62,0.43,0.38,2026-09-05,813,N,VIIRS,n,2.0NRT,302.17,3.74,D,VIIRS_SNPP_NRT
7.304,81.81009,338.65,0.43,0.38,2026-09-05,813,N,VIIRS,n,2.0NRT,299.42,4.77,D,VIIRS_SNPP_NRT
7.30447,81.83759,340.49,0.43,0.38,2026-09-05,813,N,VIIRS,n,2.0NRT,302.27,7.65,D,VIIRS_SNPP_NRT
7.30683,81.82935,340.67,0.43,0.38,2026-09-05,813,N,VIIRS,n,2.0NRT,302.89,10.23,D,VIIRS_SNPP_NRT
7.30746,81.66486,337.07,0.42,0.38,2026-09-05,813,N,VIIRS,n,2.0NRT,296.28,6.26,D,VIIRS_SNPP_NRT
7.32206,81.78776,337.67,0.42,0.38,2026-09-05,813,N,VIIRS,n,2.0NRT,300.27,2.29,D,VIIRS_SNPP_NRT
7.3626,81.82111,340.73,0.43,0.38,2026-09-05,813,N,VIIRS,n,2.0NRT,300.7,5.16,D,VIIRS_SNPP_NRT
7.39973,79.91376,342.18,0.39,0.36,2026-09-05,813,N,VIIRS,n,2.0NRT,301.4,4.26,D,VIIRS_SNPP_NRT
7.44445,81.74203,348.12,0.42,0.38,2026-09-05,813,N,VIIRS,n,2.0NRT,301.8,8.4,D,VIIRS_SNPP_NRT
7.4885,81.72768,336.75,0.42,0.38,2026-09-05,813,N,VIIRS,n,2.0NRT,302.23,7.0,D,VIIRS_SNPP_NRT
7.50149,81.07175,336.52,0.4,0.37,2026-09-05,813,N,VIIRS,n,2.0NRT,302.05,5.05,D,VIIRS_SNPP_NRT
7.50166,81.0718,336.67,0.4,0.37,2026-09-05,813,N,VIIRS,n,2.0NRT,303.09,7.47,D,VIIRS_SNPP_NRT
7.51144,80.02458,330.9,0.39,0.36,2026-09-05,813,N,VIIRS,l,2.0NRT,301.28,2.78,D,VIIRS_SNPP_NRT
7.56126,81.77585,336.95,0.43,0.38,2026-09-05,813,N,VIIRS,n,2.0NRT,298.87,1.25,D,VIIRS_SNPP_NRT
7.59167,80.83134,333.62,0.4,0.37,2026-09-05,813,N,VIIRS,n,2.0NRT,302.46,2.41,D,VIIRS_SNPP_NRT
7.60346,81.00407,340.52,0.4,0.37,2026-09-05,813,N,VIIRS,n,2.0NRT,298.77,4.52,D,VIIRS_SNPP_NRT
7.60592,81.04877,334.47,0.4,0.37,2026-09-05,813,N,VIIRS,n,2.0NRT,301.46,3.35,D,VIIRS_SNPP_NRT
7.60654,81.04838,334.99,0.4,0.37,2026-09-05,813,N,VIIRS,n,2.0NRT,301.64,4.32,D,VIIRS_SNPP_NRT
7.6148,81.08079,348.93,0.4,0.37,2026-09-05,813,N,VIIRS,n,2.0NRT,305.95,9.58,D,VIIRS_SNPP_NRT
7.61821,81.08028,335.16,0.4,0.37,2026-09-05,813,N,VIIRS,n,2.0NRT,303.13,3.58,D,VIIRS_SNPP_NRT
7.62369,80.83762,330.26,0.4,0.37,2026-09-05,813,N,VIIRS,l,2.0NRT,303.41,1.63,D,VIIRS_SNPP_NRT
7.62678,81.06778,332.79,0.4,0.37,2026-09-05,813,N,VIIRS,l,2.0NRT,303.23,2.51,D,VIIRS_SNPP_NRT
7.62707,80.83712,334.79,0.4,0.37,2026-09-05,813,N,VIIRS,l,2.0NRT,305.17,1.63,D,VIIRS_SNPP_NRT
7.63089,80.6562,334.1,0.4,0.37,2026-09-05,813,N,VIIRS,n,2.0NRT,300.94,3.24,D,VIIRS_SNPP_NRT
7.6407,80.81288,336.79,0.4,0.37,2026-09-05,813,N,VIIRS,n,2.0NRT,303.38,2.77,D,VIIRS_SNPP_NRT
7.64571,80.82323,337.66,0.4,0.37,2026-09-05,813,N,VIIRS,n,2.0NRT,302.55,2.22,D,VIIRS_SNPP_NRT
7.64909,80.82273,336.79,0.4,0.37,2026-09-05,813,N,VIIRS,n,2.0NRT,301.94,2.95,D,VIIRS_SNPP_NRT
7.65567,81.16868,340.63,0.41,0.37,2026-09-05,813,N,VIIRS,n,2.0NRT,303.89,9.04,D,VIIRS_SNPP_NRT
7.66933,80.1969,348.02,0.39,0.36,2026-09-05,813,N,VIIRS,n,2.0NRT,300.96,6.27,D,VIIRS_SNPP_NRT
7.67097,81.17771,345.72,0.41,0.37,2026-09-05,813,N,VIIRS,n,2.0NRT,305.33,4.4,D,VIIRS_SNPP_NRT
7.68547,80.99552,340.84,0.4,0.37,2026-09-05,813,N,VIIRS,n,2.0NRT,303.93,6.88,D,VIIRS_SNPP_NRT
7.68887,80.99501,340.46,0.4,0.37,2026-09-05,813,N,VIIRS,n,2.0NRT,303.14,6.83,D,VIIRS_SNPP_NRT
7.69191,81.5574,336.61,0.42,0.38,2026-09-05,813,N,VIIRS,n,2.0NRT,302.72,4.11,D,VIIRS_SNPP_NRT
7.69537,81.55688,337.86,0.42,0.38,2026-09-05,813,N,VIIRS,n,2.0NRT,302.19,2.44,D,VIIRS_SNPP_NRT
7.70151,81.59878,342.51,0.42,0.38,2026-09-05,813,N,VIIRS,n,2.0NRT,303.41,4.64,D,VIIRS_SNPP_NRT
7.70464,81.14626,340.32,0.41,0.37,2026-09-05,813,N,VIIRS,n,2.0NRT,305.74,6.9,D,VIIRS_SNPP_NRT
7.72235,81.0792,338.32,0.41,0.37,2026-09-05,813,N,VIIRS,n,2.0NRT,303.14,4.54,D,VIIRS_SNPP_NRT
7.75209,80.72167,336.84,0.4,0.37,2026-09-05,813,N,VIIRS,n,2.0NRT,304.44,2.58,D,VIIRS_SNPP_NRT
7.75396,81.19886,336.97,0.41,0.37,2026-09-05,813,N,VIIRS,n,2.0NRT,303.49,3.34,D,VIIRS_SNPP_NRT
7.75451,81.20256,337.42,0.41,0.37,2026-09-05,813,N,VIIRS,n,2.0NRT,303.73,4.12,D,VIIRS_SNPP_NRT
7.7608,81.19785,334.86,0.41,0.37,2026-09-05,813,N,VIIRS,l,2.0NRT,306.38,5.36,D,VIIRS_SNPP_NRT
7.76861,81.227,344.4,0.41,0.37,2026-09-05,813,N,VIIRS,n,2.0NRT,305.73,14.43,D,VIIRS_SNPP_NRT
7.76915,81.23071,338.68,0.41,0.37,2026-09-05,813,N,VIIRS,n,2.0NRT,304.8,10.17,D,VIIRS_SNPP_NRT
7.7832,81.0439,339.26,0.4,0.37,2026-09-05,813,N,VIIRS,n,2.0NRT,303.54,12.3,D,VIIRS_SNPP_NRT
7.78416,81.55927,341.74,0.42,0.38,2026-09-05,813,N,VIIRS,n,2.0NRT,301.7,4.22,D,VIIRS_SNPP_NRT
7.7866,81.04339,346.02,0.4,0.37,2026-09-05,813,N,VIIRS,n,2.0NRT,307.32,12.3,D,VIIRS_SNPP_NRT
7.79055,81.04655,338.06,0.4,0.37,2026-09-05,813,N,VIIRS,n,2.0NRT,302.86,2.31,D,VIIRS_SNPP_NRT
7.79189,80.17778,336.17,0.39,0.36,2026-09-05,813,N,VIIRS,n,2.0NRT,300.25,1.97,D,VIIRS_SNPP_NRT
7.79956,81.0602,340.85,0.41,0.37,2026-09-05,813,N,VIIRS,n,2.0NRT,304.4,4.39,D,VIIRS_SNPP_NRT
7.81358,79.99068,338.55,0.39,0.36,2026-09-05,813,N,VIIRS,n,2.0NRT,300.8,4.53,D,VIIRS_SNPP_NRT
7.81826,81.20822,336.18,0.41,0.37,2026-09-05,813,N,VIIRS,n,2.0NRT,299.23,2.92,D,VIIRS_SNPP_NRT
7.82896,79.84538,336.42,0.39,0.36,2026-09-05,813,N,VIIRS,n,2.0NRT,301.1,2.42,D,VIIRS_SNPP_NRT
7.82949,79.84887,330.76,0.39,0.36,2026-09-05,813,N,VIIRS,n,2.0NRT,299.93,2.42,D,VIIRS_SNPP_NRT
7.82964,81.0255,337.07,0.4,0.37,2026-09-05,813,N,VIIRS,n,2.0NRT,303.53,1.79,D,VIIRS_SNPP_NRT
7.84795,81.38319,337.55,0.41,0.37,2026-09-05,813,N,VIIRS,n,2.0NRT,300.45,7.65,D,VIIRS_SNPP_NRT
7.85643,80.04865,341.25,0.39,0.36,2026-09-05,813,N,VIIRS,n,2.0NRT,296.16,3.86,D,VIIRS_SNPP_NRT
7.86041,81.44298,347.35,0.42,0.37,2026-09-05,813,N,VIIRS,n,2.0NRT,302.71,9.35,D,VIIRS_SNPP_NRT
7.86098,81.44675,336.87,0.42,0.37,2026-09-05,813,N,VIIRS,n,2.0NRT,302.27,4.2,D,VIIRS_SNPP_NRT
7.86428,79.87926,332.91,0.39,0.36,2026-09-05,813,N,VIIRS,n,2.0NRT,301.47,1.22,D,VIIRS_SNPP_NRT
7.87753,80.62115,333.05,0.4,0.37,2026-09-05,813,N,VIIRS,n,2.0NRT,301.93,3.3,D,VIIRS_SNPP_NRT
7.8793,80.6099,334.81,0.4,0.37,2026-09-05,813,N,VIIRS,n,2.0NRT,302.97,3.66,D,VIIRS_SNPP_NRT
7.88299,81.43579,336.35,0.42,0.37,2026-09-05,813,N,VIIRS,n,2.0NRT,300.51,2.79,D,VIIRS_SNPP_NRT
7.88822,81.42342,338.6,0.42,0.37,2026-09-05,813,N,VIIRS,n,2.0NRT,302.54,10.85,D,VIIRS_SNPP_NRT
7.88961,80.65601,336.44,0.4,0.37,2026-09-05,813,N,VIIRS,n,2.0NRT,302.13,3.5,D,VIIRS_SNPP_NRT
7.89167,81.42291,338.42,0.42,0.37,2026-09-05,813,N,VIIRS,n,2.0NRT,300.65,8.01,D,VIIRS_SNPP_NRT
7.89688,80.65858,341.0,0.4,0.37,2026-09-05,813,N,VIIRS,n,2.0NRT,301.94,3.76,D,VIIRS_SNPP_NRT
7.91173,80.61968,349.29,0.4,0.37,2026-09-05,813,N,VIIRS,n,2.0NRT,302.88,7.52,D,VIIRS_SNPP_NRT
7.91204,80.30305,337.0,0.39,0.36,2026-09-05,813,N,VIIRS,n,2.0NRT,302.09,6.46,D,VIIRS_SNPP_NRT
7.91509,80.61917,341.56,0.4,0.37,2026-09-05,813,N,VIIRS,n,2.0NRT,303.6,5.79,D,VIIRS_SNPP_NRT
7.91833,80.54915,331.46,0.39,0.37,2026-09-05,813,N,VIIRS,n,2.0NRT,297.12,2.18,D,VIIRS_SNPP_NRT
7.93095,80.77126,334.27,0.4,0.37,2026-09-05,813,N,VIIRS,n,2.0NRT,300.21,3.26,D,VIIRS_SNPP_NRT
7.93164,80.56907,330.31,0.39,0.37,2026-09-05,813,N,VIIRS,l,2.0NRT,300.92,2.75,D,VIIRS_SNPP_NRT
7.93501,80.56857,331.66,0.39,0.37,2026-09-05,813,N,VIIRS,n,2.0NRT,300.85,2.95,D,VIIRS_SNPP_NRT
7.93732,81.18658,333.77,0.41,0.37,2026-09-05,813,N,VIIRS,n,2.0NRT,303.74,2.04,D,VIIRS_SNPP_NRT
7.93822,81.05383,331.29,0.41,0.37,2026-09-05,813,N,VIIRS,l,2.0NRT,304.28,3.19,D,VIIRS_SNPP_NRT
7.94364,81.34592,347.98,0.41,0.37,2026-09-05,813,N,VIIRS,n,2.0NRT,307.97,38.02,D,VIIRS_SNPP_NRT
7.94659,81.31863,341.88,0.41,0.37,2026-09-05,813,N,VIIRS,n,2.0NRT,305.5,8.62,D,VIIRS_SNPP_NRT
7.94947,81.31438,343.14,0.41,0.37,2026-09-05,813,N,VIIRS,n,2.0NRT,305.5,14.73,D,VIIRS_SNPP_NRT
7.94978,79.83763,336.12,0.39,0.36,2026-09-05,813,N,VIIRS,n,2.0NRT,299.94,3.3,D,VIIRS_SNPP_NRT
7.96084,81.34336,341.45,0.41,0.37,2026-09-05,813,N,VIIRS,n,2.0NRT,307.04,15.93,D,VIIRS_SNPP_NRT
7.9614,81.34711,343.54,0.41,0.37,2026-09-05,813,N,VIIRS,n,2.0NRT,302.04,11.76,D,VIIRS_SNPP_NRT
7.96167,80.60851,336.87,0.4,0.37,2026-09-05,813,N,VIIRS,n,2.0NRT,302.76,3.27,D,VIIRS_SNPP_NRT
7.96221,80.61208,340.15,0.4,0.37,2026-09-05,813,N,VIIRS,n,2.0NRT,302.42,3.86,D,VIIRS_SNPP_NRT
7.96504,80.60799,331.5,0.4,0.37,2026-09-05,813,N,VIIRS,n,2.0NRT,300.51,3.27,D,VIIRS_SNPP_NRT
7.96558,80.61158,333.98,0.4,0.37,2026-09-05,813,N,VIIRS,n,2.0NRT,300.83,3.86,D,VIIRS_SNPP_NRT
7.97521,81.23369,337.12,0.41,0.37,2026-09-05,813,N,VIIRS,n,2.0NRT,302.93,3.2,D,VIIRS_SNPP_NRT
7.97576,81.23741,340.57,0.41,0.37,2026-09-05,813,N,VIIRS,n,2.0NRT,304.5,4.69,D,VIIRS_SNPP_NRT
7.97633,81.33685,339.61,0.41,0.37,2026-09-05,813,N,VIIRS,n,2.0NRT,304.54,9.96,D,VIIRS_SNPP_NRT
7.97869,80.25325,349.71,0.39,0.36,2026-09-05,813,N,VIIRS,n,2.0NRT,302.49,8.31,D,VIIRS_SNPP_NRT
7.98436,80.06512,346.88,0.39,0.36,2026-09-05,813,N,VIIRS,n,2.0NRT,300.99,8.79,D,VIIRS_SNPP_NRT
7.986,80.79264,342.84,0.4,0.37,2026-09-05,813,N,VIIRS,n,2.0NRT,302.91,6.93,D,VIIRS_SNPP_NRT
7.99265,80.41412,333.28,0.39,0.36,2026-09-05,813,N,VIIRS,n,2.0NRT,298.97,5.65,D,VIIRS_SNPP_NRT
7.9979,80.38068,343.39,0.39,0.36,2026-09-05,813,N,VIIRS,n,2.0NRT,304.11,6.15,D,VIIRS_SNPP_NRT
7.99843,80.38423,336.68,0.39,0.36,2026-09-05,813,N,VIIRS,n,2.0NRT,301.43,6.15,D,VIIRS_SNPP_NRT
8.01719,81.42326,343.16,0.42,0.37,2026-09-05,813,N,VIIRS,n,2.0NRT,304.06,5.04,D,VIIRS_SNPP_NRT
8.02176,81.43032,335.27,0.42,0.37,2026-09-05,813,N,VIIRS,n,2.0NRT,303.12,2.79,D,VIIRS_SNPP_NRT
8.02232,81.4341,335.75,0.42,0.37,2026-09-05,813,N,VIIRS,n,2.0NRT,301.67,2.79,D,VIIRS_SNPP_NRT
8.02516,81.16928,344.87,0.41,0.37,2026-09-05,813,N,VIIRS,n,2.0NRT,306.14,7.9,D,VIIRS_SNPP_NRT
8.02535,80.63208,335.73,0.4,0.37,2026-09-05,813,N,VIIRS,n,2.0NRT,304.09,4.24,D,VIIRS_SNPP_NRT
8.02858,81.16877,348.57,0.41,0.37,2026-09-05,813,N,VIIRS,n,2.0NRT,304.24,7.9,D,VIIRS_SNPP_NRT
8.02988,81.41364,338.73,0.42,0.37,2026-09-05,813,N,VIIRS,n,2.0NRT,303.45,3.89,D,VIIRS_SNPP_NRT
8.0395,80.61161,348.35,0.4,0.37,2026-09-05,813,N,VIIRS,n,2.0NRT,302.2,8.79,D,VIIRS_SNPP_NRT
8.05222,80.25206,340.8,0.39,0.36,2026-09-05,813,N,VIIRS,n,2.0NRT,303.25,5.49,D,VIIRS_SNPP_NRT
8.05383,80.10401,344.98,0.39,0.36,2026-09-05,813,N,VIIRS,n,2.0NRT,302.11,7.27,D,VIIRS_SNPP_NRT
8.05503,80.24802,338.37,0.39,0.36,2026-09-05,813,N,VIIRS,n,2.0NRT,303.99,3.89,D,VIIRS_SNPP_NRT
8.05838,80.6455,332.93,0.4,0.37,2026-09-05,813,N,VIIRS,n,2.0NRT,297.02,2.0,D,VIIRS_SNPP_NRT
8.05978,79.87353,343.64,0.39,0.36,2026-09-05,813,N,VIIRS,n,2.0NRT,300.6,4.55,D,VIIRS_SNPP_NRT
8.08628,81.38984,337.45,0.42,0.37,2026-09-05,813,N,VIIRS,n,2.0NRT,301.1,3.25,D,VIIRS_SNPP_NRT
8.08633,81.36668,336.74,0.42,0.37,2026-09-05,813,N,VIIRS,n,2.0NRT,299.72,5.79,D,VIIRS_SNPP_NRT
8.08893,81.36685,339.77,0.42,0.37,2026-09-05,813,N,VIIRS,n,2.0NRT,298.07,5.64,D,VIIRS_SNPP_NRT
8.09138,79.92904,344.56,0.39,0.36,2026-09-05,813,N,VIIRS,n,2.0NRT,301.53,14.3,D,VIIRS_SNPP_NRT
8.10234,81.10136,332.41,0.41,0.37,2026-09-05,813,N,VIIRS,l,2.0NRT,303.58,2.29,D,VIIRS_SNPP_NRT
8.11574,80.15222,338.84,0.39,0.36,2026-09-05,813,N,VIIRS,n,2.0NRT,301.11,4.77,D,VIIRS_SNPP_NRT
8.12158,80.80904,340.0,0.4,0.37,2026-09-05,813,N,VIIRS,n,2.0NRT,304.96,7.76,D,VIIRS_SNPP_NRT
8.12212,80.81266,356.8,0.4,0.37,2026-09-05,813,N,VIIRS,n,2.0NRT,306.15,7.76,D,VIIRS_SNPP_NRT
8.12266,80.8163,338.16,0.4,0.37,2026-09-05,813,N,VIIRS,n,2.0NRT,303.51,6.85,D,VIIRS_SNPP_NRT
8.12496,80.80852,340.1,0.4,0.37,2026-09-05,813,N,VIIRS,n,2.0NRT,302.17,5.69,D,VIIRS_SNPP_NRT
8.1255,80.81214,352.75,0.4,0.37,2026-09-05,813,N,VIIRS,n,2.0NRT,302.29,5.69,D,VIIRS_SNPP_NRT
8.12604,80.81579,337.75,0.4,0.37,2026-09-05,813,N,VIIRS,n,2.0NRT,300.59,4.16,D,VIIRS_SNPP_NRT
8.12778,80.54986,333.36,0.4,0.37,2026-09-05,813,N,VIIRS,n,2.0NRT,298.87,2.47,D,VIIRS_SNPP_NRT
8.16122,80.68085,340.74,0.4,0.37,2026-09-05,813,N,VIIRS,n,2.0NRT,304.9,5.52,D,VIIRS_SNPP_NRT
8.16176,80.68446,337.97,0.4,0.37,2026-09-05,813,N,VIIRS,n,2.0NRT,303.25,6.66,D,VIIRS_SNPP_NRT
8.17138,81.07531,337.03,0.41,0.37,2026-09-05,813,N,VIIRS,n,2.0NRT,302.89,2.53,D,VIIRS_SNPP_NRT
8.17441,80.63096,333.18,0.4,0.37,2026-09-05,813,N,VIIRS,n,2.0NRT,302.61,2.95,D,VIIRS_SNPP_NRT
8.17748,80.58276,348.04,0.4,0.37,2026-09-05,813,N,VIIRS,n,2.0NRT,300.32,9.25,D,VIIRS_SNPP_NRT
8.20892,80.69186,336.14,0.4,0.37,2026-09-05,813,N,VIIRS,n,2.0NRT,302.3,2.02,D,VIIRS_SNPP_NRT
8.21024,80.58482,345.91,0.4,0.37,2026-09-05,813,N,VIIRS,n,2.0NRT,302.97,8.22,D,VIIRS_SNPP_NRT
8.22299,80.97707,331.74,0.41,0.37,2026-09-05,813,N,VIIRS,l,2.0NRT,301.75,2.02,D,VIIRS_SNPP_NRT
8.2587,80.32465,348.78,0.39,0.36,2026-09-05,813,N,VIIRS,n,2.0NRT,304.4,5.93,D,VIIRS_SNPP_NRT
8.35222,80.17999,330.97,0.39,0.36,2026-09-05,813,N,VIIRS,n,2.0NRT,300.46,1.91,D,VIIRS_SNPP_NRT
8.35447,80.55137,339.14,0.4,0.37,2026-09-05,813,N,VIIRS,n,2.0NRT,301.68,3.72,D,VIIRS_SNPP_NRT
8.36094,80.59453,333.82,0.4,0.37,2026-09-05,813,N,VIIRS,n,2.0NRT,299.3,1.93,D,VIIRS_SNPP_NRT
8.3665,80.20679,336.98,0.39,0.36,2026-09-05,813,N,VIIRS,n,2.0NRT,303.26,6.99,D,VIIRS_SNPP_NRT
8.36862,80.22093,342.21,0.39,0.36,2026-09-05,813,N,VIIRS,n,2.0NRT,302.87,3.3,D,VIIRS_SNPP_NRT
8.37896,80.17594,350.32,0.39,0.36,2026-09-05,813,N,VIIRS,n,2.0NRT,306.7,22.11,D,VIIRS_SNPP_NRT
8.3856,81.01615,337.54,0.41,0.37,2026-09-05,813,N,VIIRS,n,2.0NRT,303.06,6.27,D,VIIRS_SNPP_NRT
8.38724,81.02727,340.75,0.41,0.37,2026-09-05,813,N,VIIRS,n,2.0NRT,303.11,6.44,D,VIIRS_SNPP_NRT
8.39266,80.28991,336.13,0.39,0.36,2026-09-05,813,N,VIIRS,n,2.0NRT,302.91,7.05,D,VIIRS_SNPP_NRT
8.39913,81.03686,337.34,0.41,0.37,2026-09-05,813,N,VIIRS,n,2.0NRT,301.82,6.81,D,VIIRS_SNPP_NRT
8.39956,81.06335,337.71,0.41,0.37,2026-09-05,813,N,VIIRS,n,2.0NRT,305.24,4.22,D,VIIRS_SNPP_NRT
8.40004,80.43096,341.79,0.39,0.37,2026-09-05,813,N,VIIRS,n,2.0NRT,304.88,3.92,D,VIIRS_SNPP_NRT
8.4001,80.62553,333.85,0.4,0.37,2026-09-05,813,N,VIIRS,n,2.0NRT,302.28,3.19,D,VIIRS_SNPP_NRT
8.4034,80.43046,335.43,0.39,0.37,2026-09-05,813,N,VIIRS,n,2.0NRT,301.29,3.92,D,VIIRS_SNPP_NRT
8.42385,80.38354,336.19,0.39,0.36,2026-09-05,813,N,VIIRS,n,2.0NRT,298.5,2.61,D,VIIRS_SNPP_NRT
8.42556,80.46367,334.67,0.4,0.37,2026-09-05,813,N,VIIRS,n,2.0NRT,299.03,7.39,D,VIIRS_SNPP_NRT
8.42615,80.84453,338.86,0.4,0.37,2026-09-05,813,N,VIIRS,n,2.0NRT,298.15,7.49,D,VIIRS_SNPP_NRT
8.42892,80.46317,345.61,0.4,0.37,2026-09-05,813,N,VIIRS,n,2.0NRT,299.11,7.39,D,VIIRS_SNPP_NRT
8.42995,80.56219,336.8,0.4,0.37,2026-09-05,813,N,VIIRS,n,2.0NRT,301.89,2.51,D,VIIRS_SNPP_NRT
8.43594,80.67204,349.64,0.4,0.37,2026-09-05,813,N,VIIRS,n,2.0NRT,306.12,11.39,D,VIIRS_SNPP_NRT
8.44271,81.0949,337.25,0.41,0.37,2026-09-05,813,N,VIIRS,n,2.0NRT,301.34,3.43,D,VIIRS_SNPP_NRT
8.44327,81.09863,348.69,0.41,0.37,2026-09-05,813,N,VIIRS,n,2.0NRT,302.78,7.92,D,VIIRS_SNPP_NRT
8.44974,80.17898,334.5,0.39,0.36,2026-09-05,813,N,VIIRS,n,2.0NRT,303.2,4.47,D,VIIRS_SNPP_NRT
8.4546,80.6581,340.29,0.4,0.37,2026-09-05,813,N,VIIRS,n,2.0NRT,302.7,5.8,D,VIIRS_SNPP_NRT
8.46284,80.50578,333.56,0.4,0.37,2026-09-05,813,N,VIIRS,l,2.0NRT,303.84,3.0,D,VIIRS_SNPP_NRT
8.46325,80.80936,343.07,0.4,0.37,2026-09-05,813,N,VIIRS,n,2.0NRT,301.59,10.92,D,VIIRS_SNPP_NRT
8.46393,80.79059,335.48,0.4,0.37,2026-09-05,813,N,VIIRS,n,2.0NRT,303.0,6.6,D,VIIRS_SNPP_NRT
8.46437,81.0993,345.65,0.41,0.37,2026-09-05,813,N,VIIRS,n,2.0NRT,303.22,7.32,D,VIIRS_SNPP_NRT
8.47132,80.49349,330.69,0.4,0.37,2026-09-05,813,N,VIIRS,n,2.0NRT,299.93,1.59,D,VIIRS_SNPP_NRT
8.47204,80.65918,335.56,0.4,0.37,2026-09-05,813,N,VIIRS,n,2.0NRT,300.54,3.54,D,VIIRS_SNPP_NRT
8.47329,80.8303,340.45,0.4,0.37,2026-09-05,813,N,VIIRS,n,2.0NRT,303.19,6.05,D,VIIRS_SNPP_NRT
8.47468,80.49299,331.38,0.4,0.37,2026-09-05,813,N,VIIRS,n,2.0NRT,297.98,1.59,D,VIIRS_SNPP_NRT
8.47522,80.49657,336.32,0.4,0.37,2026-09-05,813,N,VIIRS,n,2.0NRT,298.53,2.37,D,VIIRS_SNPP_NRT
8.47708,80.76251,336.0,0.4,0.37,2026-09-05,813,N,VIIRS,n,2.0NRT,302.42,4.67,D,VIIRS_SNPP_NRT
8.47913,80.79951,338.11,0.4,0.37,2026-09-05,813,N,VIIRS,n,2.0NRT,302.95,3.7,D,VIIRS_SNPP_NRT
8.48008,80.82928,333.44,0.4,0.37,2026-09-05,813,N,VIIRS,n,2.0NRT,302.33,3.04,D,VIIRS_SNPP_NRT
8.48063,80.83294,337.24,0.4,0.37,2026-09-05,813,N,VIIRS,n,2.0NRT,302.32,3.04,D,VIIRS_SNPP_NRT
8.48482,80.79119,339.67,0.4,0.37,2026-09-05,813,N,VIIRS,n,2.0NRT,303.73,4.38,D,VIIRS_SNPP_NRT
8.48918,80.82043,342.09,0.4,0.37,2026-09-05,813,N,VIIRS,n,2.0NRT,301.21,6.89,D,VIIRS_SNPP_NRT
8.49118,80.76411,334.93,0.4,0.37,2026-09-05,813,N,VIIRS,l,2.0NRT,305.63,5.13,D,VIIRS_SNPP_NRT
8.49469,80.74122,343.3,0.4,0.37,2026-09-05,813,N,VIIRS,n,2.0NRT,304.19,8.76,D,VIIRS_SNPP_NRT
8.49523,80.74486,353.16,0.4,0.37,2026-09-05,813,N,VIIRS,n,2.0NRT,304.75,12.18,D,VIIRS_SNPP_NRT
8.49961,80.21492,333.2,0.39,0.36,2026-09-05,813,N,VIIRS,l,2.0NRT,303.29,3.06,D,VIIRS_SNPP_NRT
8.50354,80.66186,336.63,0.4,0.37,2026-09-05,813,N,VIIRS,n,2.0NRT,299.62,4.53,D,VIIRS_SNPP_NRT
8.50431,80.62106,337.01,0.4,0.37,2026-09-05,813,N,VIIRS,n,2.0NRT,304.53,2.91,D,VIIRS_SNPP_NRT
8.50867,80.7652,341.02,0.4,0.37,2026-09-05,813,N,VIIRS,n,2.0NRT,304.22,3.84,D,VIIRS_SNPP_NRT
8.51206,80.76469,338.72,0.4,0.37,2026-09-05,813,N,VIIRS,n,2.0NRT,301.96,3.0,D,VIIRS_SNPP_NRT
8.51689,80.82001,336.92,0.4,0.37,2026-09-05,813,N,VIIRS,n,2.0NRT,305.62,5.01,D,VIIRS_SNPP_NRT
8.52262,80.27681,343.17,0.39,0.36,2026-09-05,813,N,VIIRS,n,2.0NRT,303.9,4.82,D,VIIRS_SNPP_NRT
8.52282,80.41543,345.24,0.39,0.37,2026-09-05,813,N,VIIRS,n,2.0NRT,303.8,15.94,D,VIIRS_SNPP_NRT
8.53777,80.77148,334.33,0.4,0.37,2026-09-05,813,N,VIIRS,n,2.0NRT,302.82,3.59,D,VIIRS_SNPP_NRT
8.53882,80.85044,338.61,0.4,0.37,2026-09-05,813,N,VIIRS,n,2.0NRT,303.78,4.79,D,VIIRS_SNPP_NRT
8.54884,80.63599,332.68,0.4,0.37,2026-09-05,813,N,VIIRS,n,2.0NRT,302.05,2.2,D,VIIRS_SNPP_NRT
8.54917,80.75482,349.24,0.4,0.37,2026-09-05,813,N,VIIRS,n,2.0NRT,306.18,10.97,D,VIIRS_SNPP_NRT
8.55502,80.72415,342.86,0.4,0.37,2026-09-05,813,N,VIIRS,n,2.0NRT,304.07,5.26,D,VIIRS_SNPP_NRT
8.55556,80.72779,340.95,0.4,0.37,2026-09-05,813,N,VIIRS,n,2.0NRT,304.43,4.63,D,VIIRS_SNPP_NRT
8.56221,80.65617,333.48,0.4,0.37,2026-09-05,813,N,VIIRS,n,2.0NRT,300.93,6.85,D,VIIRS_SNPP_NRT
8.56501,80.8385,334.37,0.4,0.37,2026-09-05,813,N,VIIRS,n,2.0NRT,303.22,4.76,D,VIIRS_SNPP_NRT
8.566,80.589,332.44,0.4,0.37,2026-09-05,813,N,VIIRS,l,2.0NRT,303.65,5.11,D,VIIRS_SNPP_NRT
8.56992,80.77787,339.49,0.4,0.37,2026-09-05,813,N,VIIRS,n,2.0NRT,305.56,7.86,D,VIIRS_SNPP_NRT
8.58073,80.36644,349.09,0.39,0.36,2026-09-05,813,N,VIIRS,n,2.0NRT,303.15,3.71,D,VIIRS_SNPP_NRT
8.58355,80.36236,345.95,0.39,0.36,2026-09-05,813,N,VIIRS,n,2.0NRT,304.31,3.71,D,VIIRS_SNPP_NRT
8.58409,80.36593,337.15,0.39,0.36,2026-09-05,813,N,VIIRS,n,2.0NRT,302.31,3.71,D,VIIRS_SNPP_NRT
8.59053,80.52262,336.86,0.4,0.37,2026-09-05,813,N,VIIRS,n,2.0NRT,298.77,3.17,D,VIIRS_SNPP_NRT
8.59385,80.63658,331.01,0.4,0.37,2026-09-05,813,N,VIIRS,l,2.0NRT,303.04,3.56,D,VIIRS_SNPP_NRT
8.6058,80.83237,342.45,0.4,0.37,2026-09-05,813,N,VIIRS,n,2.0NRT,303.81,7.64,D,VIIRS_SNPP_NRT
8.60616,80.9755,330.57,0.41,0.37,2026-09-05,813,N,VIIRS,l,2.0NRT,301.46,3.01,D,VIIRS_SNPP_NRT
8.60958,80.975,336.34,0.41,0.37,2026-09-05,813,N,VIIRS,n,2.0NRT,301.49,5.7,D,VIIRS_SNPP_NRT
8.61067,80.48598,338.4,0.4,0.37,2026-09-05,813,N,VIIRS,n,2.0NRT,301.77,3.91,D,VIIRS_SNPP_NRT
8.6112,80.48957,343.23,0.4,0.37,2026-09-05,813,N,VIIRS,n,2.0NRT,301.13,14.4,D,VIIRS_SNPP_NRT
8.62532,81.01054,338.0,0.41,0.37,2026-09-05,813,N,VIIRS,n,2.0NRT,302.51,5.17,D,VIIRS_SNPP_NRT
8.62896,80.51635,337.33,0.4,0.37,2026-09-05,813,N,VIIRS,n,2.0NRT,301.47,4.29,D,VIIRS_SNPP_NRT
8.6293,81.01375,341.11,0.41,0.37,2026-09-05,813,N,VIIRS,n,2.0NRT,304.13,4.46,D,VIIRS_SNPP_NRT
8.6294,80.99097,343.53,0.41,0.37,2026-09-05,813,N,VIIRS,n,2.0NRT,301.39,6.7,D,VIIRS_SNPP_NRT
8.6295,80.51996,338.94,0.4,0.37,2026-09-05,813,N,VIIRS,n,2.0NRT,302.06,4.29,D,VIIRS_SNPP_NRT
8.62985,81.01746,337.55,0.41,0.37,2026-09-05,813,N,VIIRS,n,2.0NRT,302.48,4.34,D,VIIRS_SNPP_NRT
8.63106,81.0021,331.86,0.41,0.37,2026-09-05,813,N,VIIRS,n,2.0NRT,299.94,2.32,D,VIIRS_SNPP_NRT
8.63271,81.01324,339.57,0.41,0.37,2026-09-05,813,N,VIIRS,n,2.0NRT,302.05,4.46,D,VIIRS_SNPP_NRT
8.63327,81.01696,336.19,0.41,0.37,2026-09-05,813,N,VIIRS,n,2.0NRT,303.36,4.34,D,VIIRS_SNPP_NRT
8.63503,81.0053,342.41,0.41,0.37,2026-09-05,813,N,VIIRS,n,2.0NRT,302.69,4.32,D,VIIRS_SNPP_NRT
8.64641,80.33406,337.54,0.39,0.36,2026-09-05,813,N,VIIRS,n,2.0NRT,304.27,3.67,D,VIIRS_SNPP_NRT
8.65036,80.87457,337.34,0.41,0.37,2026-09-05,813,N,VIIRS,n,2.0NRT,302.33,4.64,D,VIIRS_SNPP_NRT
8.65211,80.86302,338.41,0.4,0.37,2026-09-05,813,N,VIIRS,n,2.0NRT,302.27,7.2,D,VIIRS_SNPP_NRT
8.65376,80.87405,337.87,0.41,0.37,2026-09-05,813,N,VIIRS,n,2.0NRT,302.59,4.64,D,VIIRS_SNPP_NRT
8.65415,81.06326,332.61,0.41,0.37,2026-09-05,813,N,VIIRS,n,2.0NRT,299.93,2.47,D,VIIRS_SNPP_NRT
8.6632,80.51487,341.21,0.4,0.37,2026-09-05,813,N,VIIRS,n,2.0NRT,304.31,17.0,D,VIIRS_SNPP_NRT
8.66455,80.47787,336.72,0.4,0.37,2026-09-05,813,N,VIIRS,n,2.0NRT,302.74,4.69,D,VIIRS_SNPP_NRT
8.67016,80.84117,344.29,0.4,0.37,2026-09-05,813,N,VIIRS,n,2.0NRT,304.42,8.18,D,VIIRS_SNPP_NRT
8.67071,80.84486,344.37,0.4,0.37,2026-09-05,813,N,VIIRS,n,2.0NRT,309.23,22.92,D,VIIRS_SNPP_NRT
8.67411,80.84435,337.37,0.4,0.37,2026-09-05,813,N,VIIRS,n,2.0NRT,301.73,22.92,D,VIIRS_SNPP_NRT
8.67725,80.70167,330.89,0.4,0.37,2026-09-05,813,N,VIIRS,n,2.0NRT,298.98,3.66,D,VIIRS_SNPP_NRT
8.68765,80.35707,352.26,0.39,0.36,2026-09-05,813,N,VIIRS,n,2.0NRT,306.49,14.63,D,VIIRS_SNPP_NRT
8.69047,80.353,335.52,0.39,0.36,2026-09-05,813,N,VIIRS,n,2.0NRT,303.33,14.63,D,VIIRS_SNPP_NRT
8.69101,80.35657,347.26,0.39,0.36,2026-09-05,813,N,VIIRS,n,2.0NRT,302.46,14.63,D,VIIRS_SNPP_NRT
8.69288,81.01921,343.85,0.41,0.37,2026-09-05,813,N,VIIRS,n,2.0NRT,303.52,6.12,D,VIIRS_SNPP_NRT
8.69343,81.02293,353.24,0.41,0.37,2026-09-05,813,N,VIIRS,n,2.0NRT,302.62,8.56,D,VIIRS_SNPP_NRT
8.69478,80.7962,344.17,0.4,0.37,2026-09-05,813,N,VIIRS,n,2.0NRT,301.47,6.67,D,VIIRS_SNPP_NRT
8.6963,81.01871,348.54,0.41,0.37,2026-09-05,813,N,VIIRS,n,2.0NRT,304.43,14.61,D,VIIRS_SNPP_NRT
8.69685,81.02242,341.25,0.41,0.37,2026-09-05,813,N,VIIRS,n,2.0NRT,305.6,34.68,D,VIIRS_SNPP_NRT
8.69899,80.28534,330.9,0.39,0.36,2026-09-05,813,N,VIIRS,l,2.0NRT,301.1,2.41,D,VIIRS_SNPP_NRT
8.70245,81.13233,335.37,0.41,0.37,2026-09-05,813,N,VIIRS,n,2.0NRT,303.9,3.03,D,VIIRS_SNPP_NRT
8.70351,80.85501,342.1,0.41,0.37,2026-09-05,813,N,VIIRS,n,2.0NRT,304.44,6.71,D,VIIRS_SNPP_NRT
8.70406,80.85869,337.27,0.41,0.37,2026-09-05,813,N,VIIRS,n,2.0NRT,302.59,6.71,D,VIIRS_SNPP_NRT
8.72964,80.96056,332.41,0.41,0.37,2026-09-05,813,N,VIIRS,n,2.0NRT,298.84,3.93,D,VIIRS_SNPP_NRT
8.74935,80.53083,352.09,0.4,0.37,2026-09-05,813,N,VIIRS,n,2.0NRT,302.01,7.94,D,VIIRS_SNPP_NRT
8.75043,80.53805,338.35,0.4,0.37,2026-09-05,813,N,VIIRS,n,2.0NRT,301.87,4.26,D,VIIRS_SNPP_NRT
8.75096,80.54166,334.99,0.4,0.37,2026-09-05,813,N,VIIRS,n,2.0NRT,301.44,4.52,D,VIIRS_SNPP_NRT
8.75219,80.52672,336.61,0.4,0.37,2026-09-05,813,N,VIIRS,n,2.0NRT,294.41,1.71,D,VIIRS_SNPP_NRT
8.75273,80.53033,335.04,0.4,0.37,2026-09-05,813,N,VIIRS,n,2.0NRT,300.96,1.71,D,VIIRS_SNPP_NRT
8.76241,78.10452,333.26,0.39,0.36,2026-09-05,813,N,VIIRS,l,2.0NRT,302.74,2.68,D,VIIRS_SNPP_NRT
8.76995,80.10387,337.67,0.39,0.36,2026-09-05,813,N,VIIRS,n,2.0NRT,303.09,4.48,D,VIIRS_SNPP_NRT
8.79525,80.56088,338.1,0.4,0.37,2026-09-05,813,N,VIIRS,n,2.0NRT,302.86,4.55,D,VIIRS_SNPP_NRT
8.7973,80.39112,336.46,0.4,0.37,2026-09-05,813,N,VIIRS,n,2.0NRT,301.83,5.15,D,VIIRS_SNPP_NRT
8.79784,80.39472,338.65,0.4,0.37,2026-09-05,813,N,VIIRS,n,2.0NRT,303.53,6.19,D,VIIRS_SNPP_NRT
8.80806,80.99785,340.45,0.41,0.37,2026-09-05,813,N,VIIRS,n,2.0NRT,303.68,9.27,D,VIIRS_SNPP_NRT
8.8086,81.00157,367.0,0.41,0.37,2026-09-05,813,N,VIIRS,h,2.0NRT,306.04,9.27,D,VIIRS_SNPP_NRT
8.81116,80.85354,343.29,0.41,0.37,2026-09-05,813,N,VIIRS,n,2.0NRT,301.96,4.45,D,VIIRS_SNPP_NRT
8.81148,80.57696,336.95,0.4,0.37,2026-09-05,813,N,VIIRS,n,2.0NRT,302.34,6.13,D,VIIRS_SNPP_NRT
8.81203,81.00107,350.11,0.41,0.37,2026-09-05,813,N,VIIRS,n,2.0NRT,302.67,9.27,D,VIIRS_SNPP_NRT
8.8223,80.99955,343.31,0.41,0.37,2026-09-05,813,N,VIIRS,n,2.0NRT,302.17,5.32,D,VIIRS_SNPP_NRT
8.83201,80.99429,334.29,0.41,0.37,2026-09-05,813,N,VIIRS,n,2.0NRT,300.99,3.73,D,VIIRS_SNPP_NRT
8.83324,80.86153,333.62,0.41,0.37,2026-09-05,813,N,VIIRS,l,2.0NRT,303.95,3.26,D,VIIRS_SNPP_NRT
8.83489,80.47026,342.51,0.4,0.37,2026-09-05,813,N,VIIRS,n,2.0NRT,296.82,5.31,D,VIIRS_SNPP_NRT
8.83842,80.44763,336.37,0.4,0.37,2026-09-05,813,N,VIIRS,n,2.0NRT,301.57,4.07,D,VIIRS_SNPP_NRT
8.85021,80.74253,342.85,0.4,0.37,2026-09-05,813,N,VIIRS,n,2.0NRT,296.95,7.86,D,VIIRS_SNPP_NRT
8.85206,80.33175,342.91,0.39,0.37,2026-09-05,813,N,VIIRS,n,2.0NRT,301.04,13.35,D,VIIRS_SNPP_NRT
8.85361,80.74201,341.82,0.4,0.37,2026-09-05,813,N,VIIRS,n,2.0NRT,302.32,14.2,D,VIIRS_SNPP_NRT
8.8651,80.74441,338.98,0.4,0.37,2026-09-05,813,N,VIIRS,n,2.0NRT,304.68,2.97,D,VIIRS_SNPP_NRT
8.88087,80.66352,330.16,0.4,0.37,2026-09-05,813,N,VIIRS,l,2.0NRT,302.42,6.01,D,VIIRS_SNPP_NRT
8.88978,80.86481,335.51,0.41,0.37,2026-09-05,813,N,VIIRS,n,2.0NRT,304.13,4.77,D,VIIRS_SNPP_NRT
8.91298,80.88026,351.7,0.41,0.37,2026-09-05,813,N,VIIRS,n,2.0NRT,304.44,19.97,D,VIIRS_SNPP_NRT
8.91352,80.88396,338.46,0.41,0.37,2026-09-05,813,N,VIIRS,n,2.0NRT,300.59,10.26,D,VIIRS_SNPP_NRT
8.91912,80.68765,344.67,0.4,0.37,2026-09-05,813,N,VIIRS,n,2.0NRT,301.96,9.06,D,VIIRS_SNPP_NRT
8.91925,80.87554,348.17,0.41,0.37,2026-09-05,813,N,VIIRS,n,2.0NRT,295.98,4.03,D,VIIRS_SNPP_NRT
8.92369,80.78816,330.56,0.4,0.37,2026-09-05,813,N,VIIRS,n,2.0NRT,299.7,1.96,D,VIIRS_SNPP_NRT
8.92709,80.78766,336.19,0.4,0.37,2026-09-05,813,N,VIIRS,n,2.0NRT,300.72,4.77,D,VIIRS_SNPP_NRT
8.94015,80.78194,338.48,0.4,0.37,2026-09-05,813,N,VIIRS,n,2.0NRT,303.37,6.32,D,VIIRS_SNPP_NRT
8.943,80.77776,341.99,0.4,0.37,2026-09-05,813,N,VIIRS,n,2.0NRT,304.13,5.79,D,VIIRS_SNPP_NRT
8.94302,80.8947,339.6,0.41,0.37,2026-09-05,813,N,VIIRS,n,2.0NRT,303.37,5.07,D,VIIRS_SNPP_NRT
8.94314,80.37978,346.45,0.4,0.37,2026-09-05,813,N,VIIRS,n,2.0NRT,302.05,5.81,D,VIIRS_SNPP_NRT
8.94355,80.78143,354.27,0.4,0.37,2026-09-05,813,N,VIIRS,n,2.0NRT,304.16,6.32,D,VIIRS_SNPP_NRT
8.95551,80.76838,340.4,0.4,0.37,2026-09-05,813,N,VIIRS,n,2.0NRT,303.36,4.13,D,VIIRS_SNPP_NRT
8.95918,80.58051,345.88,0.4,0.37,2026-09-05,813,N,VIIRS,n,2.0NRT,304.91,20.83,D,VIIRS_SNPP_NRT
8.96129,80.87682,335.18,0.41,0.37,2026-09-05,813,N,VIIRS,n,2.0NRT,303.6,4.8,D,VIIRS_SNPP_NRT
8.96636,80.88741,340.97,0.41,0.37,2026-09-05,813,N,VIIRS,n,2.0NRT,301.33,4.81,D,VIIRS_SNPP_NRT
8.99586,80.6644,339.29,0.4,0.37,2026-09-05,813,N,VIIRS,n,2.0NRT,297.92,10.73,D,VIIRS_SNPP_NRT
9.00062,80.81387,350.01,0.41,0.37,2026-09-05,813,N,VIIRS,n,2.0NRT,302.17,5.24,D,VIIRS_SNPP_NRT
9.04103,80.44921,332.04,0.4,0.37,2026-09-05,813,N,VIIRS,l,2.0NRT,305.66,5.52,D,VIIRS_SNPP_NRT
9.07612,80.40704,336.87,0.4,0.37,2026-09-05,813,N,VIIRS,n,2.0NRT,302.41,2.15,D,VIIRS_SNPP_NRT
9.07853,80.46942,342.27,0.4,0.37,2026-09-05,813,N,VIIRS,n,2.0NRT,299.85,3.71,D,VIIRS_SNPP_NRT
9.21617,80.32276,331.28,0.4,0.37,2026-09-05,813,N,VIIRS,n,2.0NRT,300.66,2.46,D,VIIRS_SNPP_NRT
9.22275,80.66697,336.31,0.4,0.37,2026-09-05,813,N,VIIRS,n,2.0NRT,302.88,3.32,D,VIIRS_SNPP_NRT
9.30931,78.79927,340.57,0.38,0.36,2026-09-05,813,N,VIIRS,n,2.0NRT,302.17,4.62,D,VIIRS_SNPP_NRT
9.33446,77.69536,346.22,0.4,0.37,2026-09-05,813,N,VIIRS,n,2.0NRT,307.87,7.2,D,VIIRS_SNPP_NRT
9.38173,80.51563,339.27,0.4,0.37,2026-09-05,813,N,VIIRS,n,2.0NRT,301.01,3.37,D,VIIRS_SNPP_NRT
9.39164,80.4658,337.53,0.4,0.37,2026-09-05,813,N,VIIRS,n,2.0NRT,301.81,3.04,D,VIIRS_SNPP_NRT
9.39375,78.88885,340.06,0.38,0.36,2026-09-05,813,N,VIIRS,n,2.0NRT,303.67,4.57,D,VIIRS_SNPP_NRT
9.4007,80.457,345.83,0.4,0.37,2026-09-05,813,N,VIIRS,n,2.0NRT,302.17,3.23,D,VIIRS_SNPP_NRT
9.41381,80.42905,340.91,0.4,0.37,2026-09-05,813,N,VIIRS,n,2.0NRT,302.15,1.79,D,VIIRS_SNPP_NRT
9.41477,80.45859,333.53,0.4,0.37,2026-09-05,813,N,VIIRS,n,2.0NRT,301.82,1.4,D,VIIRS_SNPP_NRT
9.41815,80.45808,334.11,0.4,0.37,2026-09-05,813,N,VIIRS,n,2.0NRT,302.01,1.08,D,VIIRS_SNPP_NRT
9.41869,80.46172,333.34,0.4,0.37,2026-09-05,813,N,VIIRS,n,2.0NRT,301.23,1.47,D,VIIRS_SNPP_NRT
9.62122,77.4757,330.24,0.4,0.37,2026-09-05,813,N,VIIRS,n,2.0NRT,297.29,5.38,D,VIIRS_SNPP_NRT
9.62942,80.3325,332.14,0.4,0.37,2026-09-05,813,N,VIIRS,n,2.0NRT,299.9,2.0,D,VIIRS_SNPP_NRT
9.76186,79.01588,333.28,0.38,0.36,2026-09-05,813,N,VIIRS,n,2.0NRT,301.89,1.74,D,VIIRS_SNPP_NRT
9.76191,80.18646,341.75,0.4,0.37,2026-09-05,813,N,VIIRS,n,2.0NRT,297.91,4.1,D,VIIRS_SNPP_NRT
9.77927,80.18752,340.77,0.4,0.37,2026-09-05,813,N,VIIRS,n,2.0NRT,299.6,3.52,D,VIIRS_SNPP_NRT
10.54381,79.22341,346.01,0.39,0.36,2026-09-05,813,N,VIIRS,n,2.0NRT,303.01,5.35,D,VIIRS_SNPP_NRT
10.71104,79.432,341.49,0.39,0.36,2026-09-05,816,N,VIIRS,n,2.0NRT,306.21,6.82,D,VIIRS_SNPP_NRT
10.79202,79.03259,340.12,0.38,0.36,2026-09-05,816,N,VIIRS,n,2.0NRT,304.36,10.43,D,VIIRS_SNPP_NRT
10.82872,79.18511,346.57,0.39,0.36,2026-09-05,816,N,VIIRS,n,2.0NRT,300.54,2.98,D,VIIRS_SNPP_NRT
10.83204,79.18459,332.25,0.39,0.36,2026-09-05,816,N,VIIRS,n,2.0NRT,301.85,2.98,D,VIIRS_SNPP_NRT
10.85818,78.95408,341.88,0.38,0.36,2026-09-05,816,N,VIIRS,n,2.0NRT,304.07,4.71,D,VIIRS_SNPP_NRT
10.87647,79.25341,338.54,0.39,0.36,2026-09-05,816,N,VIIRS,n,2.0NRT,304.22,2.99,D,VIIRS_SNPP_NRT
10.92989,77.06577,339.03,0.4,0.37,2026-09-05,816,N,VIIRS,l,2.0NRT,308.06,3.75,D,VIIRS_SNPP_NRT
10.98545,78.22152,341.16,0.39,0.36,2026-09-05,816,N,VIIRS,n,2.0NRT,307.93,4.83,D,VIIRS_SNPP_NRT
11.00525,77.1251,345.45,0.4,0.37,2026-09-05,816,N,VIIRS,l,2.0NRT,309.27,7.94,D,VIIRS_SNPP_NRT
11.48627,78.88146,338.67,0.38,0.36,2026-09-05,816,N,VIIRS,n,2.0NRT,304.46,4.68,D,VIIRS_SNPP_NRT
11.57037,79.64236,335.47,0.39,0.36,2026-09-05,816,N,VIIRS,n,2.0NRT,290.73,1.41,D,VIIRS_SNPP_NRT
11.81176,79.62698,335.58,0.39,0.36,2026-09-05,816,N,VIIRS,n,2.0NRT,301.35,3.95,D,VIIRS_SNPP_NRT
11.85545,78.73141,330.2,0.38,0.36,2026-09-05,816,N,VIIRS,n,2.0NRT,299.24,2.96,D,VIIRS_SNPP_NRT
11.89135,78.72217,333.36,0.38,0.36,2026-09-05,816,N,VIIRS,n,2.0NRT,303.29,1.26,D,VIIRS_SNPP_NRT
11.96047,78.80122,331.4,0.38,0.36,2026-09-05,816,N,VIIRS,n,2.0NRT,301.09,4.31,D,VIIRS_SNPP_NRT
11.96101,78.80475,336.43,0.38,0.36,2026-09-05,816,N,VIIRS,n,2.0NRT,303.7,7.02,D,VIIRS_SNPP_NRT
12.09322,79.02973,338.07,0.39,0.36,2026-09-05,816,N,VIIRS,n,2.0NRT,300.9,3.38,D,VIIRS_SNPP_NRT
12.80918,79.95596,332.32,0.41,0.37,2026-09-05,816,N,VIIRS,l,2.0NRT,304.04,4.06,D,VIIRS_SNPP_NRT
12.83815,79.94009,334.31,0.41,0.37,2026-09-05,816,N,VIIRS,l,2.0NRT,305.24,5.26,D,VIIRS_SNPP_NRT
12.85665,79.94463,332.34,0.41,0.37,2026-09-05,816,N,VIIRS,l,2.0NRT,302.97,4.58,D,VIIRS_SNPP_NRT
12.86005,79.94411,330.17,0.41,0.37,2026-09-05,816,N,VIIRS,l,2.0NRT,302.1,2.67,D,VIIRS_SNPP_NRT
12.87172,80.07278,330.58,0.41,0.37,2026-09-05,816,N,VIIRS,n,2.0NRT,298.93,1.57,D,VIIRS_SNPP_NRT
12.93002,76.32658,335.18,0.41,0.37,2026-09-05,816,N,VIIRS,n,2.0NRT,305.77,4.73,D,VIIRS_SNPP_NRT
13.14227,79.26152,336.42,0.39,0.36,2026-09-05,816,N,VIIRS,n,2.0NRT,301.2,1.48,D,VIIRS_SNPP_NRT
13.29584,80.0663,331.23,0.41,0.37,2026-09-05,816,N,VIIRS,l,2.0NRT,302.64,4.15,D,VIIRS_SNPP_NRT
13.29621,80.06625,330.97,0.41,0.37,2026-09-05,816,N,VIIRS,l,2.0NRT,302.74,2.46,D,VIIRS_SNPP_NRT
13.66856,78.35713,333.98,0.38,0.36,2026-09-05,816,N,VIIRS,l,2.0NRT,306.22,3.12,D,VIIRS_SNPP_NRT
13.88681,77.37984,347.76,0.39,0.36,2026-09-05,816,N,VIIRS,n,2.0NRT,311.54,8.42,D,VIIRS_SNPP_NRT
13.98457,78.95074,345.01,0.39,0.36,2026-09-05,816,N,VIIRS,n,2.0NRT,307.45,7.01,D,VIIRS_SNPP_NRT
13.9938,78.45014,339.2,0.39,0.36,2026-09-05,816,N,VIIRS,l,2.0NRT,310.21,5.97,D,VIIRS_SNPP_NRT
14.07302,79.44398,339.09,0.4,0.37,2026-09-05,816,N,VIIRS,n,2.0NRT,302.05,5.39,D,VIIRS_SNPP_NRT
14.21456,79.22671,348.93,0.4,0.37,2026-09-05,816,N,VIIRS,n,2.0NRT,307.57,9.3,D,VIIRS_SNPP_NRT
14.2971,79.05283,351.03,0.39,0.36,2026-09-05,816,N,VIIRS,n,2.0NRT,305.22,9.37,D,VIIRS_SNPP_NRT
14.46633,77.33766,338.22,0.39,0.36,2026-09-05,816,N,VIIRS,n,2.0NRT,307.13,5.56,D,VIIRS_SNPP_NRT
14.52509,79.062,341.72,0.39,0.37,2026-09-05,816,N,VIIRS,n,2.0NRT,307.25,4.51,D,VIIRS_SNPP_NRT
14.57245,79.93675,342.49,0.42,0.37,2026-09-05,816,N,VIIRS,n,2.0NRT,302.56,12.86,D,VIIRS_SNPP_NRT
14.57326,79.93592,332.81,0.42,0.37,2026-09-05,816,N,VIIRS,n,2.0NRT,299.7,6.63,D,VIIRS_SNPP_NRT
14.57383,79.93979,334.23,0.42,0.37,2026-09-05,816,N,VIIRS,n,2.0NRT,299.73,6.63,D,VIIRS_SNPP_NRT
14.59007,76.56956,333.14,0.4,0.37,2026-09-05,816,N,VIIRS,l,2.0NRT,301.11,2.28,D,VIIRS_SNPP_NRT
14.66624,79.76509,337.69,0.41,0.37,2026-09-05,816,N,VIIRS,n,2.0NRT,305.53,3.1,D,VIIRS_SNPP_NRT
14.66658,78.99778,341.44,0.39,0.37,2026-09-05,816,N,VIIRS,n,2.0NRT,306.16,3.54,D,VIIRS_SNPP_NRT
14.68695,79.73852,349.33,0.41,0.37,2026-09-05,816,N,VIIRS,n,2.0NRT,309.32,6.04,D,VIIRS_SNPP_NRT
14.69037,79.738,337.92,0.41,0.37,2026-09-05,816,N,VIIRS,n,2.0NRT,306.41,6.04,D,VIIRS_SNPP_NRT
14.77525,79.79544,353.09,0.41,0.37,2026-09-05,816,N,VIIRS,n,2.0NRT,310.85,25.68,D,VIIRS_SNPP_NRT
14.89181,79.23329,349.38,0.4,0.37,2026-09-05,816,N,VIIRS,n,2.0NRT,308.74,9.19,D,VIIRS_SNPP_NRT
14.95491,75.19309,333.16,0.43,0.38,2026-09-05,816,N,VIIRS,n,2.0NRT,295.4,2.89,D,VIIRS_SNPP_NRT
15.05285,77.10738,337.92,0.39,0.36,2026-09-05,816,N,VIIRS,n,2.0NRT,305.06,3.63,D,VIIRS_SNPP_NRT
15.08564,77.31834,337.72,0.39,0.36,2026-09-05,816,N,VIIRS,n,2.0NRT,303.89,7.62,D,VIIRS_SNPP_NRT
15.16295,78.87427,337.1,0.39,0.36,2026-09-05,816,N,VIIRS,l,2.0NRT,307.74,3.6,D,VIIRS_SNPP_NRT
15.16875,76.38062,330.07,0.4,0.37,2026-09-05,816,N,VIIRS,l,2.0NRT,304.76,5.59,D,VIIRS_SNPP_NRT
15.17266,76.66496,335.32,0.39,0.36,2026-09-05,816,N,VIIRS,l,2.0NRT,305.84,5.73,D,VIIRS_SNPP_NRT
15.17484,76.65714,335.27,0.39,0.36,2026-09-05,816,N,VIIRS,l,2.0NRT,306.58,3.25,D,VIIRS_SNPP_NRT
15.17818,76.65657,333.69,0.39,0.36,2026-09-05,816,N,VIIRS,l,2.0NRT,301.98,3.25,D,VIIRS_SNPP_NRT
15.18627,76.31717,331.27,0.4,0.37,2026-09-05,816,N,VIIRS,l,2.0NRT,305.6,5.01,D,VIIRS_SNPP_NRT
15.22651,76.76752,338.75,0.39,0.36,2026-09-05,816,N,VIIRS,n,2.0NRT,306.89,8.29,D,VIIRS_SNPP_NRT
15.4074,80.12518,340.46,0.43,0.38,2026-09-05,816,N,VIIRS,n,2.0NRT,298.97,6.1,D,VIIRS_SNPP_NRT
15.45176,79.12704,342.13,0.4,0.37,2026-09-05,816,N,VIIRS,n,2.0NRT,305.39,5.98,D,VIIRS_SNPP_NRT
15.54765,78.12994,338.43,0.39,0.36,2026-09-05,816,N,VIIRS,n,2.0NRT,303.03,3.47,D,VIIRS_SNPP_NRT
15.57417,78.94083,332.99,0.4,0.37,2026-09-05,816,N,VIIRS,l,2.0NRT,303.61,3.19,D,VIIRS_SNPP_NRT
15.60291,79.61507,338.85,0.41,0.37,2026-09-05,816,N,VIIRS,n,2.0NRT,302.66,6.08,D,VIIRS_SNPP_NRT
15.82935,79.52122,340.2,0.41,0.37,2026-09-05,816,N,VIIRS,n,2.0NRT,305.37,9.8,D,VIIRS_SNPP_NRT
15.9341,78.1999,330.62,0.39,0.36,2026-09-05,816,N,VIIRS,n,2.0NRT,297.99,2.24,D,VIIRS_SNPP_NRT
15.9781,78.4109,334.76,0.39,0.36,2026-09-05,816,N,VIIRS,n,2.0NRT,302.36,3.85,D,VIIRS_SNPP_NRT
16.18071,75.15405,337.87,0.42,0.38,2026-09-05,816,N,VIIRS,n,2.0NRT,303.1,7.59,D,VIIRS_SNPP_NRT
16.27423,78.39685,339.27,0.39,0.36,2026-09-05,816,N,VIIRS,n,2.0NRT,302.22,2.49,D,VIIRS_SNPP_NRT
16.27654,80.32413,337.8,0.45,0.39,2026-09-05,816,N,VIIRS,n,2.0NRT,300.38,4.93,D,VIIRS_SNPP_NRT
16.46479,79.59985,337.28,0.42,0.38,2026-09-05,816,N,VIIRS,n,2.0NRT,303.58,3.25,D,VIIRS_SNPP_NRT
16.49307,79.94553,334.64,0.43,0.38,2026-09-05,816,N,VIIRS,n,2.0NRT,303.86,5.38,D,VIIRS_SNPP_NRT
16.51543,78.36472,334.28,0.39,0.36,2026-09-05,816,N,VIIRS,n,2.0NRT,299.48,3.19,D,VIIRS_SNPP_NRT
16.59789,77.40491,342.06,0.38,0.36,2026-09-05,816,N,VIIRS,n,2.0NRT,302.15,7.02,D,VIIRS_SNPP_NRT
16.8774,79.9932,332.78,0.44,0.38,2026-09-05,816,N,VIIRS,n,2.0NRT,301.37,3.15,D,VIIRS_SNPP_NRT
17.07409,78.59189,334.67,0.4,0.37,2026-09-05,816,N,VIIRS,n,2.0NRT,300.67,3.91,D,VIIRS_SNPP_NRT
17.75859,75.82333,339.69,0.4,0.37,2026-09-05,816,N,VIIRS,l,2.0NRT,307.83,6.23,D,VIIRS_SNPP_NRT
19.02065,72.89297,332.56,0.49,0.4,2026-09-05,818,N,VIIRS,l,2.0NRT,298.09,4.9,D,VIIRS_SNPP_NRT
19.09782,82.1674,334.75,0.4,0.44,2026-09-05,818,N,VIIRS,n,2.0NRT,295.4,6.04,D,VIIRS_SNPP_NRT
19.10191,82.16685,333.53,0.4,0.44,2026-09-05,818,N,VIIRS,n,2.0NRT,295.65,4.75,D,VIIRS_SNPP_NRT
20.86472,84.9909,330.54,0.63,0.54,2026-09-05,818,N,VIIRS,n,2.0NRT,293.37,6.34,D,VIIRS_SNPP_NRT
20.96047,85.18738,333.23,0.33,0.55,2026-09-05,818,N,VIIRS,n,2.0NRT,295.0,3.52,D,VIIRS_SNPP_NRT
20.9636,85.16774,331.63,0.32,0.55,2026-09-05,818,N,VIIRS,n,2.0NRT,295.36,6.38,D,VIIRS_SNPP_NRT
20.96741,85.15464,333.4,0.32,0.55,2026-09-05,818,N,VIIRS,n,2.0NRT,295.34,4.32,D,VIIRS_SNPP_NRT
20.96937,85.17357,345.88,0.33,0.55,2026-09-05,818,N,VIIRS,n,2.0NRT,295.24,4.26,D,VIIRS_SNPP_NRT
20.9697,85.17672,330.55,0.33,0.55,2026-09-05,818,N,VIIRS,n,2.0NRT,294.23,4.26,D,VIIRS_SNPP_NRT
20.97448,85.17305,333.03,0.33,0.55,2026-09-05,818,N,VIIRS,n,2.0NRT,294.32,3.48,D,VIIRS_SNPP_NRT
21.10671,72.64536,336.44,0.47,0.4,2026-09-05,818,N,VIIRS,n,2.0NRT,281.68,7.04,D,VIIRS_SNPP_NRT
21.7415,83.84051,331.26,0.55,0.51,2026-09-05,818,N,VIIRS,n,2.0NRT,293.72,5.4,D,VIIRS_SNPP_NRT
21.74623,83.83998,341.98,0.55,0.51,2026-09-05,818,N,VIIRS,n,2.0NRT,294.07,5.4,D,VIIRS_SNPP_NRT
21.74681,83.84541,343.02,0.55,0.51,2026-09-05,818,N,VIIRS,n,2.0NRT,293.86,13.65,D,VIIRS_SNPP_NRT
21.75626,83.84433,336.65,0.55,0.51,2026-09-05,818,N,VIIRS,n,2.0NRT,294.06,11.19,D,VIIRS_SNPP_NRT
21.92067,83.35186,334.17,0.51,0.49,2026-09-05,818,N,VIIRS,n,2.0NRT,294.02,7.73,D,VIIRS_SNPP_NRT
22.3772,87.27846,333.8,0.46,0.64,2026-09-05,818,N,VIIRS,n,2.0NRT,290.72,6.49,D,VIIRS_SNPP_NRT
22.831,69.52864,338.61,0.44,0.46,2026-09-05,818,N,VIIRS,n,2.0NRT,298.65,2.4,D,VIIRS_SNPP_NRT
23.68271,86.39385,331.16,0.42,0.61,2026-09-05,818,N,VIIRS,n,2.0NRT,291.17,8.81,D,VIIRS_SNPP_NRT
23.71049,86.45036,328.02,0.42,0.61,2026-09-05,818,N,VIIRS,n,2.0NRT,290.43,5.0,D,VIIRS_SNPP_NRT
23.73798,86.4348,333.13,0.42,0.61,2026-09-05,818,N,VIIRS,n,2.0NRT,290.42,3.33,D,VIIRS_SNPP_NRT
23.75821,86.40292,331.56,0.42,0.61,2026-09-05,818,N,VIIRS,n,2.0NRT,290.06,4.62,D,VIIRS_SNPP_NRT
23.75978,86.40414,328.16,0.42,0.61,2026-09-05,818,N,VIIRS,n,2.0NRT,289.56,4.93,D,VIIRS_SNPP_NRT
23.78617,85.55293,333.73,0.37,0.58,2026-09-05,818,N,VIIRS,n,2.0NRT,292.06,4.76,D,VIIRS_SNPP_NRT
27.65105,68.4608,345.47,0.41,0.45,2026-09-05,820,N,VIIRS,n,2.0NRT,300.17,4.34,D,VIIRS_SNPP_NRT
30.60174,73.64675,335.72,0.38,0.36,2026-09-05,820,N,VIIRS,n,2.0NRT,301.07,2.55,D,VIIRS_SNPP_NRT
31.20992,73.72583,332.22,0.38,0.36,2026-09-05,820,N,VIIRS,l,2.0NRT,305.13,8.31,D,VIIRS_SNPP_NRT
31.21054,73.72984,330.49,0.38,0.36,2026-09-05,820,N,VIIRS,l,2.0NRT,300.9,5.02,D,VIIRS_SNPP_NRT
31.21322,73.72516,330.57,0.38,0.36,2026-09-05,820,N,VIIRS,l,2.0NRT,303.89,4.89,D,VIIRS_SNPP_NRT
31.23082,75.08361,335.64,0.4,0.37,2026-09-05,820,N,VIIRS,n,2.0NRT,295.18,4.59,D,VIIRS_SNPP_NRT
31.73204,74.48511,340.17,0.39,0.36,2026-09-05,822,N,VIIRS,n,2.0NRT,298.88,4.36,D,VIIRS_SNPP_NRT
34.09272,72.01049,335.65,0.39,0.36,2026-09-05,822,N,VIIRS,n,2.0NRT,297.0,3.05,D,VIIRS_SNPP_NRT
34.09602,72.00973,339.02,0.39,0.36,2026-09-05,822,N,VIIRS,n,2.0NRT,296.12,3.05,D,VIIRS_SNPP_NRT
