input_index,latitude,longitude,frp,bright_ti4,acq_date,dist_industry_km,dist_forest_km,dist_agriculture_km,dist_oil_gas_km,dist_refinery_km,dist_mining_km,dist_powerplant_km,final_label,hybrid_confidence,raw_ml_confidence,confidence_level,decision_source,agreement,conflict,requires_human_review,review_reason,rule_prediction,rule_active_votes,ml_prediction,ml_top_probability,risk_score,explanation_bullets,n_explanation_bullets,classification_status,decision_confidence,ml_probability,rule_consensus,rule_vote_strength
0,6.18732,80.72151,1.55,330.17,2026-09-02,,999.0,999.0,999.0,999.0,999.0,999.0,unclassified,0.0,0.9996,low,uncertain,False,False,True,Both rule engine and ML model have insufficient evidence.,unclassified,0,unclassified,0.9996,0.0,"[""Low-intensity thermal source (FRP: 1.6 MW)."", ""All 14 labeling functions abstained due to lack of spatial context."", ""XGBoost also abstained: its most probable class was 'unclassified' (100.0%), meaning no specific class met the evidence threshold."", ""Decision [uncertain]: classified as unknown requiring ground review.""]",4,uncertain,0.0,0.9996,unclassified,0.0
1,6.26317,81.08282,1.77,332.7,2026-09-02,,999.0,999.0,999.0,999.0,999.0,999.0,unclassified,0.0,0.9998,low,uncertain,False,False,True,Both rule engine and ML model have insufficient evidence.,unclassified,0,unclassified,0.9998,0.0,"[""Low-intensity thermal source (FRP: 1.8 MW)."", ""All 14 labeling functions abstained due to lack of spatial context."", ""XGBoost also abstained: its most probable class was 'unclassified' (100.0%), meaning no specific class met the evidence threshold."", ""Decision [uncertain]: classified as unknown requiring ground review.""]",4,uncertain,0.0,0.9998,unclassified,0.0
2,6.29037,80.85827,5.02,335.56,2026-09-02,,999.0,999.0,999.0,999.0,999.0,999.0,unclassified,0.0,0.9998,low,uncertain,False,False,True,Both rule engine and ML model have insufficient evidence.,unclassified,0,unclassified,0.9998,0.0,"[""Moderate thermal signature (FRP: 5.0 MW)."", ""All 14 labeling functions abstained due to lack of spatial context."", ""XGBoost also abstained: its most probable class was 'unclassified' (100.0%), meaning no specific class met the evidence threshold."", ""Decision [uncertain]: classified as unknown requiring ground review.""]",4,uncertain,0.0,0.9998,unclassified,0.0
3,6.45157,81.09538,3.54,331.57,2026-09-02,,999.0,999.0,999.0,999.0,999.0,999.0,unclassified,0.0,0.9997,low,uncertain,False,False,True,Both rule engine and ML model have insufficient evidence.,unclassified,0,unclassified,0.9997,0.0,"[""Low-intensity thermal source (FRP: 3.5 MW)."", ""All 14 labeling functions abstained due to lack of spatial context."", ""XGBoost also abstained: its most probable class was 'unclassified' (100.0%), meaning no specific class met the evidence threshold."", ""Decision [uncertain]: classified as unknown requiring ground review.""]",4,uncertain,0.0,0.9997,unclassified,0.0
4,6.55132,81.14516,1.69,332.0,2026-09-02,,999.0,999.0,999.0,999.0,999.0,999.0,unclassified,0.0,0.9998,low,uncertain,False,False,True,Both rule engine and ML model have insufficient evidence.,unclassified,0,unclassified,0.9998,0.0,"[""Low-intensity thermal source (FRP: 1.7 MW)."", ""All 14 labeling functions abstained due to lack of spatial context."", ""XGBoost also abstained: its most probable class was 'unclassified' (100.0%), meaning no specific class met the evidence threshold."", ""Decision [uncertain]: classified as unknown requiring ground review.""]",4,uncertain,0.0,0.9998,unclassified,0.0
5,6.56966,81.1199,3.48,335.08,2026-09-02,,999.0,999.0,999.0,999.0,999.0,999.0,unclassified,0.0,0.9997,low,uncertain,False,False,True,Both rule engine and ML model have insufficient evidence.,unclassified,0,unclassified,0.9997,0.0,"[""Low-intensity thermal source (FRP: 3.5 MW)."", ""All 14 labeling functions abstained due to lack of spatial context."", ""XGBoost also abstained: its most probable class was 'unclassified' (100.0%), meaning no specific class met the evidence threshold."", ""Decision [uncertain]: classified as unknown requiring ground review.""]",4,uncertain,0.0,0.9997,unclassified,0.0
6,6.59253,80.92814,4.39,335.25,2026-09-02,,999.0,999.0,999.0,999.0,999.0,999.0,unclassified,0.0,0.9998,low,uncertain,False,False,True,Both rule engine and ML model have insufficient evidence.,unclassified,0,unclassified,0.9998,0.0,"[""Low-intensity thermal source (FRP: 4.4 MW)."", ""All 14 labeling functions abstained due to lack of spatial context."", ""XGBoost also abstained: its most probable class was 'unclassified' (100.0%), meaning no specific class met the evidence threshold."", ""Decision [uncertain]: classified as unknown requiring ground review.""]",4,uncertain,0.0,0.9998,unclassified,0.0
7,6.69094,81.32561,3.63,332.43,2026-09-02,,999.0,999.0,999.0,999.0,999.0,999.0,unclassified,0.0,0.9996,low,uncertain,False,False,True,Both rule engine and ML model have insufficient evidence.,unclassified,0,unclassified,0.9996,0.0,"[""Low-intensity thermal source (FRP: 3.6 MW)."", ""All 14 labeling functions abstained due to lack of spatial context."", ""XGBoost also abstained: its most probable class was 'unclassified' (100.0%), meaning no specific class met the evidence threshold."", ""Decision [uncertain]: classified as unknown requiring ground review.""]",4,uncertain,0.0,0.9996,unclassified,0.0
8,6.7207,81.24134,2.3,335.85,2026-09-02,,999.0,999.0,999.0,999.0,999.0,999.0,unclassified,0.0,0.9998,low,uncertain,False,False,True,Both rule engine and ML model have insufficient evidence.,unclassified,0,unclassified,0.9998,0.0,"[""Low-intensity thermal source (FRP: 2.3 MW)."", ""All 14 labeling functions abstained due to lack of spatial context."", ""XGBoost also abstained: its most probable class was 'unclassified' (100.0%), meaning no specific class met the evidence threshold."", ""Decision [uncertain]: classified as unknown requiring ground review.""]",4,uncertain,0.0,0.9998,unclassified,0.0
9,6.74808,81.52004,3.27,330.74,2026-09-02,,999.0,999.0,999.0,999.0,999.0,999.0,unclassified,0.0,0.9996,low,uncertain,False,False,True,Both rule engine and ML model have insufficient evidence.,unclassified,0,unclassified,0.9996,0.0,"[""Low-intensity thermal source (FRP: 3.3 MW)."", ""All 14 labeling functions abstained due to lack of spatial context."", ""XGBoost also abstained: its most probable class was 'unclassified' (100.0%), meaning no specific class met the evidence threshold."", ""Decision [uncertain]: classified as unknown requiring ground review.""]",4,uncertain,0.0,0.9996,unclassified,0.0
10,6.79481,81.59746,2.88,331.5,2026-09-02,,999.0,999.0,999.0,999.0,999.0,999.0,unclassified,0.0,0.9995,low,uncertain,False,False,True,Both rule engine and ML model have insufficient evidence.,unclassified,0,unclassified,0.9995,0.0,"[""Low-intensity thermal source (FRP: 2.9 MW)."", ""All 14 labeling functions abstained due to lack of spatial context."", ""XGBoost also abstained: its most probable class was 'unclassified' (100.0%), meaning no specific class met the evidence threshold."", ""Decision [uncertain]: classified as unknown requiring ground review.""]",4,uncertain,0.0,0.9995,unclassified,0.0
11,6.80013,81.59657,2.88,332.93,2026-09-02,,999.0,999.0,999.0,999.0,999.0,999.0,unclassified,0.0,0.9996,low,uncertain,False,False,True,Both rule engine and ML model have insufficient evidence.,unclassified,0,unclassified,0.9996,0.0,"[""Low-intensity thermal source (FRP: 2.9 MW)."", ""All 14 labeling functions abstained due to lack of spatial context."", ""XGBoost also abstained: its most probable class was 'unclassified' (100.0%), meaning no specific class met the evidence threshold."", ""Decision [uncertain]: classified as unknown requiring ground review.""]",4,uncertain,0.0,0.9996,unclassified,0.0
12,6.80072,81.59989,2.88,353.05,2026-09-02,,999.0,999.0,999.0,999.0,999.0,999.0,unclassified,0.0,0.9996,low,uncertain,False,False,True,Both rule engine and ML model have insufficient evidence.,unclassified,0,unclassified,0.9996,0.0,"[""Low-intensity thermal source (FRP: 2.9 MW)."", ""All 14 labeling functions abstained due to lack of spatial context."", ""XGBoost also abstained: its most probable class was 'unclassified' (100.0%), meaning no specific class met the evidence threshold."", ""Decision [uncertain]: classified as unknown requiring ground review.""]",4,uncertain,0.0,0.9996,unclassified,0.0
13,6.85732,81.46571,3.86,335.27,2026-09-02,,999.0,999.0,999.0,999.0,999.0,999.0,unclassified,0.0,0.9997,low,uncertain,False,False,True,Both rule engine and ML model have insufficient evidence.,unclassified,0,unclassified,0.9997,0.0,"[""Low-intensity thermal source (FRP: 3.9 MW)."", ""All 14 labeling functions abstained due to lack of spatial context."", ""XGBoost also abstained: its most probable class was 'unclassified' (100.0%), meaning no specific class met the evidence threshold."", ""Decision [uncertain]: classified as unknown requiring ground review.""]",4,uncertain,0.0,0.9997,unclassified,0.0
14,6.86213,81.46165,3.86,340.55,2026-09-02,,999.0,999.0,999.0,999.0,999.0,999.0,unclassified,0.0,0.9998,low,uncertain,False,False,True,Both rule engine and ML model have insufficient evidence.,unclassified,0,unclassified,0.9998,0.0,"[""Low-intensity thermal source (FRP: 3.9 MW)."", ""All 14 labeling functions abstained due to lack of spatial context."", ""XGBoost also abstained: its most probable class was 'unclassified' (100.0%), meaning no specific class met the evidence threshold."", ""Decision [uncertain]: classified as unknown requiring ground review.""]",4,uncertain,0.0,0.9998,unclassified,0.0
15,7.0117,81.60833,5.27,345.12,2026-09-02,,999.0,999.0,999.0,999.0,999.0,999.0,unclassified,0.0,0.9997,low,uncertain,False,False,True,Both rule engine and ML model have insufficient evidence.,unclassified,0,unclassified,0.9997,0.0,"[""Moderate thermal signature (FRP: 5.3 MW)."", ""All 14 labeling functions abstained due to lack of spatial context."", ""XGBoost also abstained: its most probable class was 'unclassified' (100.0%), meaning no specific class met the evidence threshold."", ""Decision [uncertain]: classified as unknown requiring ground review.""]",4,uncertain,0.0,0.9997,unclassified,0.0
16,7.01405,81.62167,6.13,333.68,2026-09-02,,999.0,999.0,999.0,999.0,999.0,999.0,unclassified,0.0,0.9997,low,uncertain,False,False,True,Both rule engine and ML model have insufficient evidence.,unclassified,0,unclassified,0.9997,0.0,"[""Moderate thermal signature (FRP: 6.1 MW)."", ""All 14 labeling functions abstained due to lack of spatial context."", ""XGBoost also abstained: its most probable class was 'unclassified' (100.0%), meaning no specific class met the evidence threshold."", ""Decision [uncertain]: classified as unknown requiring ground review.""]",4,uncertain,0.0,0.9997,unclassified,0.0
17,7.05386,81.45487,4.91,346.6,2026-09-02,,999.0,999.0,999.0,999.0,999.0,999.0,unclassified,0.0,0.9998,low,uncertain,False,False,True,Both rule engine and ML model have insufficient evidence.,unclassified,0,unclassified,0.9998,0.0,"[""Low-intensity thermal source (FRP: 4.9 MW)."", ""All 14 labeling functions abstained due to lack of spatial context."", ""XGBoost also abstained: its most probable class was 'unclassified' (100.0%), meaning no specific class met the evidence threshold."", ""Decision [uncertain]: classified as unknown requiring ground review.""]",4,uncertain,0.0,0.9998,unclassified,0.0
18,7.0563,81.45523,4.42,351.52,2026-09-02,,999.0,999.0,999.0,999.0,999.0,999.0,unclassified,0.0,0.9998,low,uncertain,False,False,True,Both rule engine and ML model have insufficient evidence.,unclassified,0,unclassified,0.9998,0.0,"[""Low-intensity thermal source (FRP: 4.4 MW)."", ""All 14 labeling functions abstained due to lack of spatial context."", ""XGBoost also abstained: its most probable class was 'unclassified' (100.0%), meaning no specific class met the evidence threshold."", ""Decision [uncertain]: classified as unknown requiring ground review.""]",4,uncertain,0.0,0.9998,unclassified,0.0
19,7.05682,81.45827,4.42,330.89,2026-09-02,,999.0,999.0,999.0,999.0,999.0,999.0,unclassified,0.0,0.9997,low,uncertain,False,False,True,Both rule engine and ML model have insufficient evidence.,unclassified,0,unclassified,0.9997,0.0,"[""Low-intensity thermal source (FRP: 4.4 MW)."", ""All 14 labeling functions abstained due to lack of spatial context."", ""XGBoost also abstained: its most probable class was 'unclassified' (100.0%), meaning no specific class met the evidence threshold."", ""Decision [uncertain]: classified as unknown requiring ground review.""]",4,uncertain,0.0,0.9997,unclassified,0.0
20,7.05835,81.59419,3.42,338.1,2026-09-02,,999.0,999.0,999.0,999.0,999.0,999.0,unclassified,0.0,0.9997,low,uncertain,False,False,True,Both rule engine and ML model have insufficient evidence.,unclassified,0,unclassified,0.9997,0.0,"[""Low-intensity thermal source (FRP: 3.4 MW)."", ""All 14 labeling functions abstained due to lack of spatial context."", ""XGBoost also abstained: its most probable class was 'unclassified' (100.0%), meaning no specific class met the evidence threshold."", ""Decision [uncertain]: classified as unknown requiring ground review.""]",4,uncertain,0.0,0.9997,unclassified,0.0
21,7.05969,81.45664,7.77,351.02,2026-09-02,,999.0,999.0,999.0,999.0,999.0,999.0,unclassified,0.0,0.9998,low,uncertain,False,False,True,Both rule engine and ML model have insufficient evidence.,unclassified,0,unclassified,0.9998,0.0,"[""Moderate thermal signature (FRP: 7.8 MW)."", ""All 14 labeling functions abstained due to lack of spatial context."", ""XGBoost also abstained: its most probable class was 'unclassified' (100.0%), meaning no specific class met the evidence threshold."", ""Decision [uncertain]: classified as unknown requiring ground review.""]",4,uncertain,0.0,0.9998,unclassified,0.0
22,7.06316,81.80867,3.02,331.94,2026-09-02,,999.0,999.0,999.0,999.0,999.0,999.0,unclassified,0.0,0.9996,low,uncertain,False,False,True,Both rule engine and ML model have insufficient evidence.,unclassified,0,unclassified,0.9996,0.0,"[""Low-intensity thermal source (FRP: 3.0 MW)."", ""All 14 labeling functions abstained due to lack of spatial context."", ""XGBoost also abstained: its most probable class was 'unclassified' (100.0%), meaning no specific class met the evidence threshold."", ""Decision [uncertain]: classified as unknown requiring ground review.""]",4,uncertain,0.0,0.9996,unclassified,0.0
23,7.09891,81.70583,3.48,367.0,2026-09-02,,999.0,999.0,999.0,999.0,999.0,999.0,unclassified,0.0,0.9998,low,uncertain,False,False,True,Both rule engine and ML model have insufficient evidence.,unclassified,0,unclassified,0.9998,0.0,"[""Low-intensity thermal source (FRP: 3.5 MW)."", ""All 14 labeling functions abstained due to lack of spatial context."", ""XGBoost also abstained: its most probable class was 'unclassified' (100.0%), meaning no specific class met the evidence threshold."", ""Decision [uncertain]: classified as unknown requiring ground review.""]",4,uncertain,0.0,0.9998,unclassified,0.0
24,7.09954,81.70715,6.61,349.97,2026-09-02,,999.0,999.0,999.0,999.0,999.0,999.0,unclassified,0.0,0.9998,low,uncertain,False,False,True,Both rule engine and ML model have insufficient evidence.,unclassified,0,unclassified,0.9998,0.0,"[""Moderate thermal signature (FRP: 6.6 MW)."", ""All 14 labeling functions abstained due to lack of spatial context."", ""XGBoost also abstained: its most probable class was 'unclassified' (100.0%), meaning no specific class met the evidence threshold."", ""Decision [uncertain]: classified as unknown requiring ground review.""]",4,uncertain,0.0,0.9998,unclassified,0.0
25,7.11475,81.67311,3.78,337.01,2026-09-02,,999.0,999.0,999.0,999.0,999.0,999.0,unclassified,0.0,0.9997,low,uncertain,False,False,True,Both rule engine and ML model have insufficient evidence.,unclassified,0,unclassified,0.9997,0.0,"[""Low-intensity thermal source (FRP: 3.8 MW)."", ""All 14 labeling functions abstained due to lack of spatial context."", ""XGBoost also abstained: its most probable class was 'unclassified' (100.0%), meaning no specific class met the evidence threshold."", ""Decision [uncertain]: classified as unknown requiring ground review.""]",4,uncertain,0.0,0.9997,unclassified,0.0
26,7.17839,81.81988,2.86,330.11,2026-09-02,,999.0,999.0,999.0,999.0,999.0,999.0,unclassified,0.0,0.9995,low,uncertain,False,False,True,Both rule engine and ML model have insufficient evidence.,unclassified,0,unclassified,0.9995,0.0,"[""Low-intensity thermal source (FRP: 2.9 MW)."", ""All 14 labeling functions abstained due to lack of spatial context."", ""XGBoost also abstained: its most probable class was 'unclassified' (100.0%), meaning no specific class met the evidence threshold."", ""Decision [uncertain]: classified as unknown requiring ground review.""]",4,uncertain,0.0,0.9995,unclassified,0.0
27,7.21062,81.82043,3.53,345.56,2026-09-02,,999.0,999.0,999.0,999.0,999.0,999.0,unclassified,0.0,0.9997,low,uncertain,False,False,True,Both rule engine and ML model have insufficient evidence.,unclassified,0,unclassified,0.9997,0.0,"[""Low-intensity thermal source (FRP: 3.5 MW)."", ""All 14 labeling functions abstained due to lack of spatial context."", ""XGBoost also abstained: its most probable class was 'unclassified' (100.0%), meaning no specific class met the evidence threshold."", ""Decision [uncertain]: classified as unknown requiring ground review.""]",4,uncertain,0.0,0.9997,unclassified,0.0
28,7.21071,81.82072,4.08,344.85,2026-09-02,,999.0,999.0,999.0,999.0,999.0,999.0,unclassified,0.0,0.9997,low,uncertain,False,False,True,Both rule engine and ML model have insufficient evidence.,unclassified,0,unclassified,0.9997,0.0,"[""Low-intensity thermal source (FRP: 4.1 MW)."", ""All 14 labeling functions abstained due to lack of spatial context."", ""XGBoost also abstained: its most probable class was 'unclassified' (100.0%), meaning no specific class met the evidence threshold."", ""Decision [uncertain]: classified as unknown requiring ground review.""]",4,uncertain,0.0,0.9997,unclassified,0.0
29,7.25258,80.891,6.92,351.23,2026-09-02,,999.0,999.0,999.0,999.0,999.0,999.0,unclassified,0.0,0.9998,low,uncertain,False,False,True,Both rule engine and ML model have insufficient evidence.,unclassified,0,unclassified,0.9998,0.0,"[""Moderate thermal signature (FRP: 6.9 MW)."", ""All 14 labeling functions abstained due to lack of spatial context."", ""XGBoost also abstained: its most probable class was 'unclassified' (100.0%), meaning no specific class met the evidence threshold."", ""Decision [uncertain]: classified as unknown requiring ground review.""]",4,uncertain,0.0,0.9998,unclassified,0.0
30,7.25519,81.708,7.73,342.33,2026-09-02,,999.0,999.0,999.0,999.0,999.0,999.0,unclassified,0.0,0.9997,low,uncertain,False,False,True,Both rule engine and ML model have insufficient evidence.,unclassified,0,unclassified,0.9997,0.0,"[""Moderate thermal signature (FRP: 7.7 MW)."", ""All 14 labeling functions abstained due to lack of spatial context."", ""XGBoost also abstained: its most probable class was 'unclassified' (100.0%), meaning no specific class met the evidence threshold."", ""Decision [uncertain]: classified as unknown requiring ground review.""]",4,uncertain,0.0,0.9997,unclassified,0.0
31,7.2765,81.73724,1.36,330.59,2026-09-02,,999.0,999.0,999.0,999.0,999.0,999.0,unclassified,0.0,0.9997,low,uncertain,False,False,True,Both rule engine and ML model have insufficient evidence.,unclassified,0,unclassified,0.9997,0.0,"[""Low-intensity thermal source (FRP: 1.4 MW)."", ""All 14 labeling functions abstained due to lack of spatial context."", ""XGBoost also abstained: its most probable class was 'unclassified' (100.0%), meaning no specific class met the evidence threshold."", ""Decision [uncertain]: classified as unknown requiring ground review.""]",4,uncertain,0.0,0.9997,unclassified,0.0
32,7.29333,81.80293,1.98,330.0,2026-09-02,,999.0,999.0,999.0,999.0,999.0,999.0,unclassified,0.0,0.9998,low,uncertain,False,False,True,Both rule engine and ML model have insufficient evidence.,unclassified,0,unclassified,0.9998,0.0,"[""Low-intensity thermal source (FRP: 2.0 MW)."", ""All 14 labeling functions abstained due to lack of spatial context."", ""XGBoost also abstained: its most probable class was 'unclassified' (100.0%), meaning no specific class met the evidence threshold."", ""Decision [uncertain]: classified as unknown requiring ground review.""]",4,uncertain,0.0,0.9998,unclassified,0.0
33,7.30922,81.77083,9.2,367.0,2026-09-02,,999.0,999.0,999.0,999.0,999.0,999.0,unclassified,0.0,0.9997,low,uncertain,False,False,True,Both rule engine and ML model have insufficient evidence.,unclassified,0,unclassified,0.9997,0.0,"[""Moderate thermal signature (FRP: 9.2 MW)."", ""All 14 labeling functions abstained due to lack of spatial context."", ""XGBoost also abstained: its most probable class was 'unclassified' (100.0%), meaning no specific class met the evidence threshold."", ""Decision [uncertain]: classified as unknown requiring ground review.""]",4,uncertain,0.0,0.9997,unclassified,0.0
34,7.30948,81.76926,4.54,367.0,2026-09-02,,999.0,999.0,999.0,999.0,999.0,999.0,unclassified,0.0,0.9997,low,uncertain,False,False,True,Both rule engine and ML model have insufficient evidence.,unclassified,0,unclassified,0.9997,0.0,"[""Low-intensity thermal source (FRP: 4.5 MW)."", ""All 14 labeling functions abstained due to lack of spatial context."", ""XGBoost also abstained: its most probable class was 'unclassified' (100.0%), meaning no specific class met the evidence threshold."", ""Decision [uncertain]: classified as unknown requiring ground review.""]",4,uncertain,0.0,0.9997,unclassified,0.0
35,7.31005,81.77242,4.54,333.94,2026-09-02,,999.0,999.0,999.0,999.0,999.0,999.0,unclassified,0.0,0.9997,low,uncertain,False,False,True,Both rule engine and ML model have insufficient evidence.,unclassified,0,unclassified,0.9997,0.0,"[""Low-intensity thermal source (FRP: 4.5 MW)."", ""All 14 labeling functions abstained due to lack of spatial context."", ""XGBoost also abstained: its most probable class was 'unclassified' (100.0%), meaning no specific class met the evidence threshold."", ""Decision [uncertain]: classified as unknown requiring ground review.""]",4,uncertain,0.0,0.9997,unclassified,0.0
36,7.32084,81.83221,1.16,332.08,2026-09-02,,999.0,999.0,999.0,999.0,999.0,999.0,unclassified,0.0,0.9997,low,uncertain,False,False,True,Both rule engine and ML model have insufficient evidence.,unclassified,0,unclassified,0.9997,0.0,"[""Low-intensity thermal source (FRP: 1.2 MW)."", ""All 14 labeling functions abstained due to lack of spatial context."", ""XGBoost also abstained: its most probable class was 'unclassified' (100.0%), meaning no specific class met the evidence threshold."", ""Decision [uncertain]: classified as unknown requiring ground review.""]",4,uncertain,0.0,0.9997,unclassified,0.0
37,7.33017,81.13794,2.69,330.77,2026-09-02,,999.0,999.0,999.0,999.0,999.0,999.0,unclassified,0.0,0.9996,low,uncertain,False,False,True,Both rule engine and ML model have insufficient evidence.,unclassified,0,unclassified,0.9996,0.0,"[""Low-intensity thermal source (FRP: 2.7 MW)."", ""All 14 labeling functions abstained due to lack of spatial context."", ""XGBoost also abstained: its most probable class was 'unclassified' (100.0%), meaning no specific class met the evidence threshold."", ""Decision [uncertain]: classified as unknown requiring ground review.""]",4,uncertain,0.0,0.9996,unclassified,0.0
38,7.33055,81.24025,5.25,337.45,2026-09-02,,999.0,999.0,999.0,999.0,999.0,999.0,unclassified,0.0,0.9997,low,uncertain,False,False,True,Both rule engine and ML model have insufficient evidence.,unclassified,0,unclassified,0.9997,0.0,"[""Moderate thermal signature (FRP: 5.2 MW)."", ""All 14 labeling functions abstained due to lack of spatial context."", ""XGBoost also abstained: its most probable class was 'unclassified' (100.0%), meaning no specific class met the evidence threshold."", ""Decision [uncertain]: classified as unknown requiring ground review.""]",4,uncertain,0.0,0.9997,unclassified,0.0
39,7.33164,81.2386,7.56,367.0,2026-09-02,,999.0,999.0,999.0,999.0,999.0,999.0,unclassified,0.0,0.9997,low,uncertain,False,False,True,Both rule engine and ML model have insufficient evidence.,unclassified,0,unclassified,0.9997,0.0,"[""Moderate thermal signature (FRP: 7.6 MW)."", ""All 14 labeling functions abstained due to lack of spatial context."", ""XGBoost also abstained: its most probable class was 'unclassified' (100.0%), meaning no specific class met the evidence threshold."", ""Decision [uncertain]: classified as unknown requiring ground review.""]",4,uncertain,0.0,0.9997,unclassified,0.0
40,7.33388,80.93858,6.69,337.02,2026-09-02,,999.0,999.0,999.0,999.0,999.0,999.0,unclassified,0.0,0.9997,low,uncertain,False,False,True,Both rule engine and ML model have insufficient evidence.,unclassified,0,unclassified,0.9997,0.0,"[""Moderate thermal signature (FRP: 6.7 MW)."", ""All 14 labeling functions abstained due to lack of spatial context."", ""XGBoost also abstained: its most probable class was 'unclassified' (100.0%), meaning no specific class met the evidence threshold."", ""Decision [uncertain]: classified as unknown requiring ground review.""]",4,uncertain,0.0,0.9997,unclassified,0.0
41,7.33598,81.23946,6.2,345.38,2026-09-02,,999.0,999.0,999.0,999.0,999.0,999.0,unclassified,0.0,0.9997,low,uncertain,False,False,True,Both rule engine and ML model have insufficient evidence.,unclassified,0,unclassified,0.9997,0.0,"[""Moderate thermal signature (FRP: 6.2 MW)."", ""All 14 labeling functions abstained due to lack of spatial context."", ""XGBoost also abstained: its most probable class was 'unclassified' (100.0%), meaning no specific class met the evidence threshold."", ""Decision [uncertain]: classified as unknown requiring ground review.""]",4,uncertain,0.0,0.9997,unclassified,0.0
42,7.33735,81.20861,4.7,333.25,2026-09-02,,999.0,999.0,999.0,999.0,999.0,999.0,unclassified,0.0,0.9997,low,uncertain,False,False,True,Both rule engine and ML model have insufficient evidence.,unclassified,0,unclassified,0.9997,0.0,"[""Low-intensity thermal source (FRP: 4.7 MW)."", ""All 14 labeling functions abstained due to lack of spatial context."", ""XGBoost also abstained: its most probable class was 'unclassified' (100.0%), meaning no specific class met the evidence threshold."", ""Decision [uncertain]: classified as unknown requiring ground review.""]",4,uncertain,0.0,0.9997,unclassified,0.0
43,7.34089,81.19734,4.46,344.8,2026-09-02,,999.0,999.0,999.0,999.0,999.0,999.0,unclassified,0.0,0.9997,low,uncertain,False,False,True,Both rule engine and ML model have insufficient evidence.,unclassified,0,unclassified,0.9997,0.0,"[""Low-intensity thermal source (FRP: 4.5 MW)."", ""All 14 labeling functions abstained due to lack of spatial context."", ""XGBoost also abstained: its most probable class was 'unclassified' (100.0%), meaning no specific class met the evidence threshold."", ""Decision [uncertain]: classified as unknown requiring ground review.""]",4,uncertain,0.0,0.9997,unclassified,0.0
44,7.34386,81.72089,2.01,335.09,2026-09-02,,999.0,999.0,999.0,999.0,999.0,999.0,unclassified,0.0,0.9997,low,uncertain,False,False,True,Both rule engine and ML model have insufficient evidence.,unclassified,0,unclassified,0.9997,0.0,"[""Low-intensity thermal source (FRP: 2.0 MW)."", ""All 14 labeling functions abstained due to lack of spatial context."", ""XGBoost also abstained: its most probable class was 'unclassified' (100.0%), meaning no specific class met the evidence threshold."", ""Decision [uncertain]: classified as unknown requiring ground review.""]",4,uncertain,0.0,0.9997,unclassified,0.0
45,7.35963,81.1146,2.52,331.95,2026-09-02,,999.0,999.0,999.0,999.0,999.0,999.0,unclassified,0.0,0.9996,low,uncertain,False,False,True,Both rule engine and ML model have insufficient evidence.,unclassified,0,unclassified,0.9996,0.0,"[""Low-intensity thermal source (FRP: 2.5 MW)."", ""All 14 labeling functions abstained due to lack of spatial context."", ""XGBoost also abstained: its most probable class was 'unclassified' (100.0%), meaning no specific class met the evidence threshold."", ""Decision [uncertain]: classified as unknown requiring ground review.""]",4,uncertain,0.0,0.9996,unclassified,0.0
46,7.37055,81.71949,3.16,342.46,2026-09-02,,999.0,999.0,999.0,999.0,999.0,999.0,unclassified,0.0,0.9997,low,uncertain,False,False,True,Both rule engine and ML model have insufficient evidence.,unclassified,0,unclassified,0.9997,0.0,"[""Low-intensity thermal source (FRP: 3.2 MW)."", ""All 14 labeling functions abstained due to lack of spatial context."", ""XGBoost also abstained: its most probable class was 'unclassified' (100.0%), meaning no specific class met the evidence threshold."", ""Decision [uncertain]: classified as unknown requiring ground review.""]",4,uncertain,0.0,0.9997,unclassified,0.0
47,7.37772,81.37109,4.19,345.05,2026-09-02,,999.0,999.0,999.0,999.0,999.0,999.0,unclassified,0.0,0.9997,low,uncertain,False,False,True,Both rule engine and ML model have insufficient evidence.,unclassified,0,unclassified,0.9997,0.0,"[""Low-intensity thermal source (FRP: 4.2 MW)."", ""All 14 labeling functions abstained due to lack of spatial context."", ""XGBoost also abstained: its most probable class was 'unclassified' (100.0%), meaning no specific class met the evidence threshold."", ""Decision [uncertain]: classified as unknown requiring ground review.""]",4,uncertain,0.0,0.9997,unclassified,0.0
48,7.37863,81.15845,3.32,337.06,2026-09-02,,999.0,999.0,999.0,999.0,999.0,999.0,unclassified,0.0,0.9997,low,uncertain,False,False,True,Both rule engine and ML model have insufficient evidence.,unclassified,0,unclassified,0.9997,0.0,"[""Low-intensity thermal source (FRP: 3.3 MW)."", ""All 14 labeling functions abstained due to lack of spatial context."", ""XGBoost also abstained: its most probable class was 'unclassified' (100.0%), meaning no specific class met the evidence threshold."", ""Decision [uncertain]: classified as unknown requiring ground review.""]",4,uncertain,0.0,0.9997,unclassified,0.0
49,7.38031,81.00896,4.13,335.97,2026-09-02,,999.0,999.0,999.0,999.0,999.0,999.0,unclassified,0.0,0.9997,low,uncertain,False,False,True,Both rule engine and ML model have insufficient evidence.,unclassified,0,unclassified,0.9997,0.0,"[""Low-intensity thermal source (FRP: 4.1 MW)."", ""All 14 labeling functions abstained due to lack of spatial context."", ""XGBoost also abstained: its most probable class was 'unclassified' (100.0%), meaning no specific class met the evidence threshold."", ""Decision [uncertain]: classified as unknown requiring ground review.""]",4,uncertain,0.0,0.9997,unclassified,0.0
50,7.39372,81.18061,1.87,330.66,2026-09-02,,999.0,999.0,999.0,999.0,999.0,999.0,unclassified,0.0,0.9997,low,uncertain,False,False,True,Both rule engine and ML model have insufficient evidence.,unclassified,0,unclassified,0.9997,0.0,"[""Low-intensity thermal source (FRP: 1.9 MW)."", ""All 14 labeling functions abstained due to lack of spatial context."", ""XGBoost also abstained: its most probable class was 'unclassified' (100.0%), meaning no specific class met the evidence threshold."", ""Decision [uncertain]: classified as unknown requiring ground review.""]",4,uncertain,0.0,0.9997,unclassified,0.0
51,7.4081,81.06524,2.34,330.17,2026-09-02,,999.0,999.0,999.0,999.0,999.0,999.0,unclassified,0.0,0.9996,low,uncertain,False,False,True,Both rule engine and ML model have insufficient evidence.,unclassified,0,unclassified,0.9996,0.0,"[""Low-intensity thermal source (FRP: 2.3 MW)."", ""All 14 labeling functions abstained due to lack of spatial context."", ""XGBoost also abstained: its most probable class was 'unclassified' (100.0%), meaning no specific class met the evidence threshold."", ""Decision [uncertain]: classified as unknown requiring ground review.""]",4,uncertain,0.0,0.9996,unclassified,0.0
52,7.47581,80.9069,5.28,343.34,2026-09-02,,999.0,999.0,999.0,999.0,999.0,999.0,unclassified,0.0,0.9998,low,uncertain,False,False,True,Both rule engine and ML model have insufficient evidence.,unclassified,0,unclassified,0.9998,0.0,"[""Moderate thermal signature (FRP: 5.3 MW)."", ""All 14 labeling functions abstained due to lack of spatial context."", ""XGBoost also abstained: its most probable class was 'unclassified' (100.0%), meaning no specific class met the evidence threshold."", ""Decision [uncertain]: classified as unknown requiring ground review.""]",4,uncertain,0.0,0.9998,unclassified,0.0
53,7.47632,81.74171,2.49,331.6,2026-09-02,,999.0,999.0,999.0,999.0,999.0,999.0,unclassified,0.0,0.9996,low,uncertain,False,False,True,Both rule engine and ML model have insufficient evidence.,unclassified,0,unclassified,0.9996,0.0,"[""Low-intensity thermal source (FRP: 2.5 MW)."", ""All 14 labeling functions abstained due to lack of spatial context."", ""XGBoost also abstained: its most probable class was 'unclassified' (100.0%), meaning no specific class met the evidence threshold."", ""Decision [uncertain]: classified as unknown requiring ground review.""]",4,uncertain,0.0,0.9996,unclassified,0.0
54,7.48,80.90331,9.56,337.82,2026-09-02,,999.0,999.0,999.0,999.0,999.0,999.0,unclassified,0.0,0.9998,low,uncertain,False,False,True,Both rule engine and ML model have insufficient evidence.,unclassified,0,unclassified,0.9998,0.0,"[""Moderate thermal signature (FRP: 9.6 MW)."", ""All 14 labeling functions abstained due to lack of spatial context."", ""XGBoost also abstained: its most probable class was 'unclassified' (100.0%), meaning no specific class met the evidence threshold."", ""Decision [uncertain]: classified as unknown requiring ground review.""]",4,uncertain,0.0,0.9998,unclassified,0.0
55,7.4839,81.20641,4.16,348.72,2026-09-02,,999.0,999.0,999.0,999.0,999.0,999.0,unclassified,0.0,0.9997,low,uncertain,False,False,True,Both rule engine and ML model have insufficient evidence.,unclassified,0,unclassified,0.9997,0.0,"[""Low-intensity thermal source (FRP: 4.2 MW)."", ""All 14 labeling functions abstained due to lack of spatial context."", ""XGBoost also abstained: its most probable class was 'unclassified' (100.0%), meaning no specific class met the evidence threshold."", ""Decision [uncertain]: classified as unknown requiring ground review.""]",4,uncertain,0.0,0.9997,unclassified,0.0
56,7.5465,81.29754,10.43,367.0,2026-09-02,,999.0,999.0,999.0,999.0,999.0,999.0,unclassified,0.0,0.9997,low,uncertain,False,False,True,Both rule engine and ML model have insufficient evidence.,unclassified,0,unclassified,0.9997,0.0,"[""Moderate thermal signature (FRP: 10.4 MW)."", ""All 14 labeling functions abstained due to lack of spatial context."", ""XGBoost also abstained: its most probable class was 'unclassified' (100.0%), meaning no specific class met the evidence threshold."", ""Decision [uncertain]: classified as unknown requiring ground review.""]",4,uncertain,0.0,0.9997,unclassified,0.0
57,7.55034,81.30028,10.62,339.76,2026-09-02,,999.0,999.0,999.0,999.0,999.0,999.0,unclassified,0.0,0.9998,low,uncertain,False,False,True,Both rule engine and ML model have insufficient evidence.,unclassified,0,unclassified,0.9998,0.0,"[""Moderate thermal signature (FRP: 10.6 MW)."", ""All 14 labeling functions abstained due to lack of spatial context."", ""XGBoost also abstained: its most probable class was 'unclassified' (100.0%), meaning no specific class met the evidence threshold."", ""Decision [uncertain]: classified as unknown requiring ground review.""]",4,uncertain,0.0,0.9998,unclassified,0.0
58,7.5525,81.30016,12.95,333.64,2026-09-02,,999.0,999.0,999.0,999.0,999.0,999.0,unclassified,0.0,0.9998,low,uncertain,False,False,True,Both rule engine and ML model have insufficient evidence.,unclassified,0,unclassified,0.9998,0.0,"[""Moderate thermal signature (FRP: 12.9 MW)."", ""All 14 labeling functions abstained due to lack of spatial context."", ""XGBoost also abstained: its most probable class was 'unclassified' (100.0%), meaning no specific class met the evidence threshold."", ""Decision [uncertain]: classified as unknown requiring ground review.""]",4,uncertain,0.0,0.9998,unclassified,0.0
59,7.55483,81.72664,2.19,332.58,2026-09-02,,999.0,999.0,999.0,999.0,999.0,999.0,unclassified,0.0,0.9997,low,uncertain,False,False,True,Both rule engine and ML model have insufficient evidence.,unclassified,0,unclassified,0.9997,0.0,"[""Low-intensity thermal source (FRP: 2.2 MW)."", ""All 14 labeling functions abstained due to lack of spatial context."", ""XGBoost also abstained: its most probable class was 'unclassified' (100.0%), meaning no specific class met the evidence threshold."", ""Decision [uncertain]: classified as unknown requiring ground review.""]",4,uncertain,0.0,0.9997,unclassified,0.0
60,7.69899,81.23794,4.47,339.41,2026-09-02,,999.0,999.0,999.0,999.0,999.0,999.0,unclassified,0.0,0.9997,low,uncertain,False,False,True,Both rule engine and ML model have insufficient evidence.,unclassified,0,unclassified,0.9997,0.0,"[""Low-intensity thermal source (FRP: 4.5 MW)."", ""All 14 labeling functions abstained due to lack of spatial context."", ""XGBoost also abstained: its most probable class was 'unclassified' (100.0%), meaning no specific class met the evidence threshold."", ""Decision [uncertain]: classified as unknown requiring ground review.""]",4,uncertain,0.0,0.9997,unclassified,0.0
61,7.6996,81.24136,4.47,331.83,2026-09-02,,999.0,999.0,999.0,999.0,999.0,999.0,unclassified,0.0,0.9996,low,uncertain,False,False,True,Both rule engine and ML model have insufficient evidence.,unclassified,0,unclassified,0.9996,0.0,"[""Low-intensity thermal source (FRP: 4.5 MW)."", ""All 14 labeling functions abstained due to lack of spatial context."", ""XGBoost also abstained: its most probable class was 'unclassified' (100.0%), meaning no specific class met the evidence threshold."", ""Decision [uncertain]: classified as unknown requiring ground review.""]",4,uncertain,0.0,0.9996,unclassified,0.0
62,7.71905,80.52895,4.94,336.52,2026-09-02,,999.0,999.0,999.0,999.0,999.0,999.0,unclassified,0.0,0.9998,low,uncertain,False,False,True,Both rule engine and ML model have insufficient evidence.,unclassified,0,unclassified,0.9998,0.0,"[""Low-intensity thermal source (FRP: 4.9 MW)."", ""All 14 labeling functions abstained due to lack of spatial context."", ""XGBoost also abstained: its most probable class was 'unclassified' (100.0%), meaning no specific class met the evidence threshold."", ""Decision [uncertain]: classified as unknown requiring ground review.""]",4,uncertain,0.0,0.9998,unclassified,0.0
63,7.8105,80.81985,4.91,331.91,2026-09-02,,999.0,999.0,999.0,999.0,999.0,999.0,unclassified,0.0,0.9997,low,uncertain,False,False,True,Both rule engine and ML model have insufficient evidence.,unclassified,0,unclassified,0.9997,0.0,"[""Low-intensity thermal source (FRP: 4.9 MW)."", ""All 14 labeling functions abstained due to lack of spatial context."", ""XGBoost also abstained: its most probable class was 'unclassified' (100.0%), meaning no specific class met the evidence threshold."", ""Decision [uncertain]: classified as unknown requiring ground review.""]",4,uncertain,0.0,0.9997,unclassified,0.0
64,7.86967,80.6083,10.48,367.0,2026-09-02,,999.0,999.0,999.0,999.0,999.0,999.0,unclassified,0.0,0.9998,low,uncertain,False,False,True,Both rule engine and ML model have insufficient evidence.,unclassified,0,unclassified,0.9998,0.0,"[""Moderate thermal signature (FRP: 10.5 MW)."", ""All 14 labeling functions abstained due to lack of spatial context."", ""XGBoost also abstained: its most probable class was 'unclassified' (100.0%), meaning no specific class met the evidence threshold."", ""Decision [uncertain]: classified as unknown requiring ground review.""]",4,uncertain,0.0,0.9998,unclassified,0.0
65,7.87255,80.60516,6.15,331.94,2026-09-02,,999.0,999.0,999.0,999.0,999.0,999.0,unclassified,0.0,0.9997,low,uncertain,False,False,True,Both rule engine and ML model have insufficient evidence.,unclassified,0,unclassified,0.9997,0.0,"[""Moderate thermal signature (FRP: 6.2 MW)."", ""All 14 labeling functions abstained due to lack of spatial context."", ""XGBoost also abstained: its most probable class was 'unclassified' (100.0%), meaning no specific class met the evidence threshold."", ""Decision [uncertain]: classified as unknown requiring ground review.""]",4,uncertain,0.0,0.9997,unclassified,0.0
66,7.87323,80.60886,6.15,356.53,2026-09-02,,999.0,999.0,999.0,999.0,999.0,999.0,unclassified,0.0,0.9998,low,uncertain,False,False,True,Both rule engine and ML model have insufficient evidence.,unclassified,0,unclassified,0.9998,0.0,"[""Moderate thermal signature (FRP: 6.2 MW)."", ""All 14 labeling functions abstained due to lack of spatial context."", ""XGBoost also abstained: its most probable class was 'unclassified' (100.0%), meaning no specific class met the evidence threshold."", ""Decision [uncertain]: classified as unknown requiring ground review.""]",4,uncertain,0.0,0.9998,unclassified,0.0
67,7.89672,80.64297,6.12,346.26,2026-09-02,,999.0,999.0,999.0,999.0,999.0,999.0,unclassified,0.0,0.9998,low,uncertain,False,False,True,Both rule engine and ML model have insufficient evidence.,unclassified,0,unclassified,0.9998,0.0,"[""Moderate thermal signature (FRP: 6.1 MW)."", ""All 14 labeling functions abstained due to lack of spatial context."", ""XGBoost also abstained: its most probable class was 'unclassified' (100.0%), meaning no specific class met the evidence threshold."", ""Decision [uncertain]: classified as unknown requiring ground review.""]",4,uncertain,0.0,0.9998,unclassified,0.0
68,7.9031,80.61494,6.45,333.33,2026-09-02,,999.0,999.0,999.0,999.0,999.0,999.0,unclassified,0.0,0.9998,low,uncertain,False,False,True,Both rule engine and ML model have insufficient evidence.,unclassified,0,unclassified,0.9998,0.0,"[""Moderate thermal signature (FRP: 6.5 MW)."", ""All 14 labeling functions abstained due to lack of spatial context."", ""XGBoost also abstained: its most probable class was 'unclassified' (100.0%), meaning no specific class met the evidence threshold."", ""Decision [uncertain]: classified as unknown requiring ground review.""]",4,uncertain,0.0,0.9998,unclassified,0.0
69,7.90335,81.47719,3.85,353.32,2026-09-02,,999.0,999.0,999.0,999.0,999.0,999.0,unclassified,0.0,0.9997,low,uncertain,False,False,True,Both rule engine and ML model have insufficient evidence.,unclassified,0,unclassified,0.9997,0.0,"[""Low-intensity thermal source (FRP: 3.9 MW)."", ""All 14 labeling functions abstained due to lack of spatial context."", ""XGBoost also abstained: its most probable class was 'unclassified' (100.0%), meaning no specific class met the evidence threshold."", ""Decision [uncertain]: classified as unknown requiring ground review.""]",4,uncertain,0.0,0.9997,unclassified,0.0
70,7.90781,81.475,5.98,345.59,2026-09-02,,999.0,999.0,999.0,999.0,999.0,999.0,unclassified,0.0,0.9997,low,uncertain,False,False,True,Both rule engine and ML model have insufficient evidence.,unclassified,0,unclassified,0.9997,0.0,"[""Moderate thermal signature (FRP: 6.0 MW)."", ""All 14 labeling functions abstained due to lack of spatial context."", ""XGBoost also abstained: its most probable class was 'unclassified' (100.0%), meaning no specific class met the evidence threshold."", ""Decision [uncertain]: classified as unknown requiring ground review.""]",4,uncertain,0.0,0.9997,unclassified,0.0
71,7.9084,81.47823,7.3,337.97,2026-09-02,,999.0,999.0,999.0,999.0,999.0,999.0,unclassified,0.0,0.9997,low,uncertain,False,False,True,Both rule engine and ML model have insufficient evidence.,unclassified,0,unclassified,0.9997,0.0,"[""Moderate thermal signature (FRP: 7.3 MW)."", ""All 14 labeling functions abstained due to lack of spatial context."", ""XGBoost also abstained: its most probable class was 'unclassified' (100.0%), meaning no specific class met the evidence threshold."", ""Decision [uncertain]: classified as unknown requiring ground review.""]",4,uncertain,0.0,0.9997,unclassified,0.0
72,7.90861,81.47627,3.85,344.69,2026-09-02,,999.0,999.0,999.0,999.0,999.0,999.0,unclassified,0.0,0.9997,low,uncertain,False,False,True,Both rule engine and ML model have insufficient evidence.,unclassified,0,unclassified,0.9997,0.0,"[""Low-intensity thermal source (FRP: 3.9 MW)."", ""All 14 labeling functions abstained due to lack of spatial context."", ""XGBoost also abstained: its most probable class was 'unclassified' (100.0%), meaning no specific class met the evidence threshold."", ""Decision [uncertain]: classified as unknown requiring ground review.""]",4,uncertain,0.0,0.9997,unclassified,0.0
73,7.93935,81.31718,10.06,348.87,2026-09-02,,999.0,999.0,999.0,999.0,999.0,999.0,unclassified,0.0,0.9997,low,uncertain,False,False,True,Both rule engine and ML model have insufficient evidence.,unclassified,0,unclassified,0.9997,0.0,"[""Moderate thermal signature (FRP: 10.1 MW)."", ""All 14 labeling functions abstained due to lack of spatial context."", ""XGBoost also abstained: its most probable class was 'unclassified' (100.0%), meaning no specific class met the evidence threshold."", ""Decision [uncertain]: classified as unknown requiring ground review.""]",4,uncertain,0.0,0.9997,unclassified,0.0
74,7.94051,81.29297,2.97,341.44,2026-09-02,,999.0,999.0,999.0,999.0,999.0,999.0,unclassified,0.0,0.9996,low,uncertain,False,False,True,Both rule engine and ML model have insufficient evidence.,unclassified,0,unclassified,0.9996,0.0,"[""Low-intensity thermal source (FRP: 3.0 MW)."", ""All 14 labeling functions abstained due to lack of spatial context."", ""XGBoost also abstained: its most probable class was 'unclassified' (100.0%), meaning no specific class met the evidence threshold."", ""Decision [uncertain]: classified as unknown requiring ground review.""]",4,uncertain,0.0,0.9996,unclassified,0.0
75,7.94348,81.30961,7.38,331.33,2026-09-02,,999.0,999.0,999.0,999.0,999.0,999.0,unclassified,0.0,0.9996,low,uncertain,False,False,True,Both rule engine and ML model have insufficient evidence.,unclassified,0,unclassified,0.9996,0.0,"[""Moderate thermal signature (FRP: 7.4 MW)."", ""All 14 labeling functions abstained due to lack of spatial context."", ""XGBoost also abstained: its most probable class was 'unclassified' (100.0%), meaning no specific class met the evidence threshold."", ""Decision [uncertain]: classified as unknown requiring ground review.""]",4,uncertain,0.0,0.9996,unclassified,0.0
76,8.07954,80.59356,4.34,347.93,2026-09-02,,999.0,999.0,999.0,999.0,999.0,999.0,unclassified,0.0,0.9998,low,uncertain,False,False,True,Both rule engine and ML model have insufficient evidence.,unclassified,0,unclassified,0.9998,0.0,"[""Low-intensity thermal source (FRP: 4.3 MW)."", ""All 14 labeling functions abstained due to lack of spatial context."", ""XGBoost also abstained: its most probable class was 'unclassified' (100.0%), meaning no specific class met the evidence threshold."", ""Decision [uncertain]: classified as unknown requiring ground review.""]",4,uncertain,0.0,0.9998,unclassified,0.0
77,8.08167,80.59393,4.24,343.59,2026-09-02,,999.0,999.0,999.0,999.0,999.0,999.0,unclassified,0.0,0.9998,low,uncertain,False,False,True,Both rule engine and ML model have insufficient evidence.,unclassified,0,unclassified,0.9998,0.0,"[""Low-intensity thermal source (FRP: 4.2 MW)."", ""All 14 labeling functions abstained due to lack of spatial context."", ""XGBoost also abstained: its most probable class was 'unclassified' (100.0%), meaning no specific class met the evidence threshold."", ""Decision [uncertain]: classified as unknown requiring ground review.""]",4,uncertain,0.0,0.9998,unclassified,0.0
78,8.09333,80.78801,3.14,334.83,2026-09-02,,999.0,999.0,999.0,999.0,999.0,999.0,unclassified,0.0,0.9998,low,uncertain,False,False,True,Both rule engine and ML model have insufficient evidence.,unclassified,0,unclassified,0.9998,0.0,"[""Low-intensity thermal source (FRP: 3.1 MW)."", ""All 14 labeling functions abstained due to lack of spatial context."", ""XGBoost also abstained: its most probable class was 'unclassified' (100.0%), meaning no specific class met the evidence threshold."", ""Decision [uncertain]: classified as unknown requiring ground review.""]",4,uncertain,0.0,0.9998,unclassified,0.0
79,8.16788,80.58058,5.0,333.46,2026-09-02,,999.0,999.0,999.0,999.0,999.0,999.0,unclassified,0.0,0.9998,low,uncertain,False,False,True,Both rule engine and ML model have insufficient evidence.,unclassified,0,unclassified,0.9998,0.0,"[""Moderate thermal signature (FRP: 5.0 MW)."", ""All 14 labeling functions abstained due to lack of spatial context."", ""XGBoost also abstained: its most probable class was 'unclassified' (100.0%), meaning no specific class met the evidence threshold."", ""Decision [uncertain]: classified as unknown requiring ground review.""]",4,uncertain,0.0,0.9998,unclassified,0.0
80,8.16905,80.58099,3.37,334.55,2026-09-02,,999.0,999.0,999.0,999.0,999.0,999.0,unclassified,0.0,0.9998,low,uncertain,False,False,True,Both rule engine and ML model have insufficient evidence.,unclassified,0,unclassified,0.9998,0.0,"[""Low-intensity thermal source (FRP: 3.4 MW)."", ""All 14 labeling functions abstained due to lack of spatial context."", ""XGBoost also abstained: its most probable class was 'unclassified' (100.0%), meaning no specific class met the evidence threshold."", ""Decision [uncertain]: classified as unknown requiring ground review.""]",4,uncertain,0.0,0.9998,unclassified,0.0
81,8.1841,81.33057,3.51,330.49,2026-09-02,,999.0,999.0,999.0,999.0,999.0,999.0,unclassified,0.0,0.9996,low,uncertain,False,False,True,Both rule engine and ML model have insufficient evidence.,unclassified,0,unclassified,0.9996,0.0,"[""Low-intensity thermal source (FRP: 3.5 MW)."", ""All 14 labeling functions abstained due to lack of spatial context."", ""XGBoost also abstained: its most probable class was 'unclassified' (100.0%), meaning no specific class met the evidence threshold."", ""Decision [uncertain]: classified as unknown requiring ground review.""]",4,uncertain,0.0,0.9996,unclassified,0.0
82,8.28928,81.02506,3.87,346.97,2026-09-02,,999.0,999.0,999.0,999.0,999.0,999.0,unclassified,0.0,0.9998,low,uncertain,False,False,True,Both rule engine and ML model have insufficient evidence.,unclassified,0,unclassified,0.9998,0.0,"[""Low-intensity thermal source (FRP: 3.9 MW)."", ""All 14 labeling functions abstained due to lack of spatial context."", ""XGBoost also abstained: its most probable class was 'unclassified' (100.0%), meaning no specific class met the evidence threshold."", ""Decision [uncertain]: classified as unknown requiring ground review.""]",4,uncertain,0.0,0.9998,unclassified,0.0
83,8.34616,81.03253,2.38,332.66,2026-09-02,,999.0,999.0,999.0,999.0,999.0,999.0,unclassified,0.0,0.9998,low,uncertain,False,False,True,Both rule engine and ML model have insufficient evidence.,unclassified,0,unclassified,0.9998,0.0,"[""Low-intensity thermal source (FRP: 2.4 MW)."", ""All 14 labeling functions abstained due to lack of spatial context."", ""XGBoost also abstained: its most probable class was 'unclassified' (100.0%), meaning no specific class met the evidence threshold."", ""Decision [uncertain]: classified as unknown requiring ground review.""]",4,uncertain,0.0,0.9998,unclassified,0.0
84,8.3484,80.66866,10.6,367.0,2026-09-02,,999.0,999.0,999.0,999.0,999.0,999.0,unclassified,0.0,0.9998,low,uncertain,False,False,True,Both rule engine and ML model have insufficient evidence.,unclassified,0,unclassified,0.9998,0.0,"[""Moderate thermal signature (FRP: 10.6 MW)."", ""All 14 labeling functions abstained due to lack of spatial context."", ""XGBoost also abstained: its most probable class was 'unclassified' (100.0%), meaning no specific class met the evidence threshold."", ""Decision [uncertain]: classified as unknown requiring ground review.""]",4,uncertain,0.0,0.9998,unclassified,0.0
85,8.35486,80.79696,5.46,332.79,2026-09-02,,999.0,999.0,999.0,999.0,999.0,999.0,unclassified,0.0,0.9998,low,uncertain,False,False,True,Both rule engine and ML model have insufficient evidence.,unclassified,0,unclassified,0.9998,0.0,"[""Moderate thermal signature (FRP: 5.5 MW)."", ""All 14 labeling functions abstained due to lack of spatial context."", ""XGBoost also abstained: its most probable class was 'unclassified' (100.0%), meaning no specific class met the evidence threshold."", ""Decision [uncertain]: classified as unknown requiring ground review.""]",4,uncertain,0.0,0.9998,unclassified,0.0
86,8.36511,80.79137,4.83,339.09,2026-09-02,,999.0,999.0,999.0,999.0,999.0,999.0,unclassified,0.0,0.9998,low,uncertain,False,False,True,Both rule engine and ML model have insufficient evidence.,unclassified,0,unclassified,0.9998,0.0,"[""Low-intensity thermal source (FRP: 4.8 MW)."", ""All 14 labeling functions abstained due to lack of spatial context."", ""XGBoost also abstained: its most probable class was 'unclassified' (100.0%), meaning no specific class met the evidence threshold."", ""Decision [uncertain]: classified as unknown requiring ground review.""]",4,uncertain,0.0,0.9998,unclassified,0.0
87,8.37057,80.79036,3.42,340.53,2026-09-02,,999.0,999.0,999.0,999.0,999.0,999.0,unclassified,0.0,0.9998,low,uncertain,False,False,True,Both rule engine and ML model have insufficient evidence.,unclassified,0,unclassified,0.9998,0.0,"[""Low-intensity thermal source (FRP: 3.4 MW)."", ""All 14 labeling functions abstained due to lack of spatial context."", ""XGBoost also abstained: its most probable class was 'unclassified' (100.0%), meaning no specific class met the evidence threshold."", ""Decision [uncertain]: classified as unknown requiring ground review.""]",4,uncertain,0.0,0.9998,unclassified,0.0
88,8.38044,80.47367,15.26,367.0,2026-09-02,,999.0,999.0,999.0,999.0,999.0,999.0,unclassified,0.0,0.9998,low,uncertain,False,False,True,Both rule engine and ML model have insufficient evidence.,unclassified,0,unclassified,0.9998,0.0,"[""High-intensity thermal signature (FRP: 15.3 MW)."", ""All 14 labeling functions abstained due to lack of spatial context."", ""XGBoost also abstained: its most probable class was 'unclassified' (100.0%), meaning no specific class met the evidence threshold."", ""Decision [uncertain]: classified as unknown requiring ground review.""]",4,uncertain,0.0,0.9998,unclassified,0.0
89,8.38162,80.47205,7.16,348.29,2026-09-02,,999.0,999.0,999.0,999.0,999.0,999.0,unclassified,0.0,0.9998,low,uncertain,False,False,True,Both rule engine and ML model have insufficient evidence.,unclassified,0,unclassified,0.9998,0.0,"[""Moderate thermal signature (FRP: 7.2 MW)."", ""All 14 labeling functions abstained due to lack of spatial context."", ""XGBoost also abstained: its most probable class was 'unclassified' (100.0%), meaning no specific class met the evidence threshold."", ""Decision [uncertain]: classified as unknown requiring ground review.""]",4,uncertain,0.0,0.9998,unclassified,0.0
90,8.38184,80.82143,3.93,333.79,2026-09-02,,999.0,999.0,999.0,999.0,999.0,999.0,unclassified,0.0,0.9998,low,uncertain,False,False,True,Both rule engine and ML model have insufficient evidence.,unclassified,0,unclassified,0.9998,0.0,"[""Low-intensity thermal source (FRP: 3.9 MW)."", ""All 14 labeling functions abstained due to lack of spatial context."", ""XGBoost also abstained: its most probable class was 'unclassified' (100.0%), meaning no specific class met the evidence threshold."", ""Decision [uncertain]: classified as unknown requiring ground review.""]",4,uncertain,0.0,0.9998,unclassified,0.0
91,8.38229,80.47581,7.16,349.91,2026-09-02,,999.0,999.0,999.0,999.0,999.0,999.0,unclassified,0.0,0.9998,low,uncertain,False,False,True,Both rule engine and ML model have insufficient evidence.,unclassified,0,unclassified,0.9998,0.0,"[""Moderate thermal signature (FRP: 7.2 MW)."", ""All 14 labeling functions abstained due to lack of spatial context."", ""XGBoost also abstained: its most probable class was 'unclassified' (100.0%), meaning no specific class met the evidence threshold."", ""Decision [uncertain]: classified as unknown requiring ground review.""]",4,uncertain,0.0,0.9998,unclassified,0.0
92,8.38728,80.82038,10.5,367.0,2026-09-02,,999.0,999.0,999.0,999.0,999.0,999.0,unclassified,0.0,0.9998,low,uncertain,False,False,True,Both rule engine and ML model have insufficient evidence.,unclassified,0,unclassified,0.9998,0.0,"[""Moderate thermal signature (FRP: 10.5 MW)."", ""All 14 labeling functions abstained due to lack of spatial context."", ""XGBoost also abstained: its most probable class was 'unclassified' (100.0%), meaning no specific class met the evidence threshold."", ""Decision [uncertain]: classified as unknown requiring ground review.""]",4,uncertain,0.0,0.9998,unclassified,0.0
93,8.41492,80.56696,4.19,346.91,2026-09-02,,999.0,999.0,999.0,999.0,999.0,999.0,unclassified,0.0,0.9998,low,uncertain,False,False,True,Both rule engine and ML model have insufficient evidence.,unclassified,0,unclassified,0.9998,0.0,"[""Low-intensity thermal source (FRP: 4.2 MW)."", ""All 14 labeling functions abstained due to lack of spatial context."", ""XGBoost also abstained: its most probable class was 'unclassified' (100.0%), meaning no specific class met the evidence threshold."", ""Decision [uncertain]: classified as unknown requiring ground review.""]",4,uncertain,0.0,0.9998,unclassified,0.0
94,8.41631,80.3227,8.01,350.19,2026-09-02,,999.0,999.0,999.0,999.0,999.0,999.0,unclassified,0.0,0.9998,low,uncertain,False,False,True,Both rule engine and ML model have insufficient evidence.,unclassified,0,unclassified,0.9998,0.0,"[""Moderate thermal signature (FRP: 8.0 MW)."", ""All 14 labeling functions abstained due to lack of spatial context."", ""XGBoost also abstained: its most probable class was 'unclassified' (100.0%), meaning no specific class met the evidence threshold."", ""Decision [uncertain]: classified as unknown requiring ground review.""]",4,uncertain,0.0,0.9998,unclassified,0.0
95,8.417,80.32652,11.58,338.39,2026-09-02,,999.0,999.0,999.0,999.0,999.0,999.0,unclassified,0.0,0.9998,low,uncertain,False,False,True,Both rule engine and ML model have insufficient evidence.,unclassified,0,unclassified,0.9998,0.0,"[""Moderate thermal signature (FRP: 11.6 MW)."", ""All 14 labeling functions abstained due to lack of spatial context."", ""XGBoost also abstained: its most probable class was 'unclassified' (100.0%), meaning no specific class met the evidence threshold."", ""Decision [uncertain]: classified as unknown requiring ground review.""]",4,uncertain,0.0,0.9998,unclassified,0.0
96,8.43109,80.65472,4.76,337.46,2026-09-02,,999.0,999.0,999.0,999.0,999.0,999.0,unclassified,0.0,0.9998,low,uncertain,False,False,True,Both rule engine and ML model have insufficient evidence.,unclassified,0,unclassified,0.9998,0.0,"[""Low-intensity thermal source (FRP: 4.8 MW)."", ""All 14 labeling functions abstained due to lack of spatial context."", ""XGBoost also abstained: its most probable class was 'unclassified' (100.0%), meaning no specific class met the evidence threshold."", ""Decision [uncertain]: classified as unknown requiring ground review.""]",4,uncertain,0.0,0.9998,unclassified,0.0
97,8.43729,80.78544,7.09,346.61,2026-09-02,,999.0,999.0,999.0,999.0,999.0,999.0,unclassified,0.0,0.9998,low,uncertain,False,False,True,Both rule engine and ML model have insufficient evidence.,unclassified,0,unclassified,0.9998,0.0,"[""Moderate thermal signature (FRP: 7.1 MW)."", ""All 14 labeling functions abstained due to lack of spatial context."", ""XGBoost also abstained: its most probable class was 'unclassified' (100.0%), meaning no specific class met the evidence threshold."", ""Decision [uncertain]: classified as unknown requiring ground review.""]",4,uncertain,0.0,0.9998,unclassified,0.0
98,8.43836,80.78616,5.6,346.04,2026-09-02,,999.0,999.0,999.0,999.0,999.0,999.0,unclassified,0.0,0.9998,low,uncertain,False,False,True,Both rule engine and ML model have insufficient evidence.,unclassified,0,unclassified,0.9998,0.0,"[""Moderate thermal signature (FRP: 5.6 MW)."", ""All 14 labeling functions abstained due to lack of spatial context."", ""XGBoost also abstained: its most probable class was 'unclassified' (100.0%), meaning no specific class met the evidence threshold."", ""Decision [uncertain]: classified as unknown requiring ground review.""]",4,uncertain,0.0,0.9998,unclassified,0.0
99,8.44558,80.73347,9.66,367.0,2026-09-02,,999.0,999.0,999.0,999.0,999.0,999.0,unclassified,0.0,0.9998,low,uncertain,False,False,True,Both rule engine and ML model have insufficient evidence.,unclassified,0,unclassified,0.9998,0.0,"[""Moderate thermal signature (FRP: 9.7 MW)."", ""All 14 labeling functions abstained due to lack of spatial context."", ""XGBoost also abstained: its most probable class was 'unclassified' (100.0%), meaning no specific class met the evidence threshold."", ""Decision [uncertain]: classified as unknown requiring ground review.""]",4,uncertain,0.0,0.9998,unclassified,0.0
100,8.46852,81.11768,6.59,354.33,2026-09-02,,999.0,999.0,999.0,999.0,999.0,999.0,unclassified,0.0,0.9998,low,uncertain,False,False,True,Both rule engine and ML model have insufficient evidence.,unclassified,0,unclassified,0.9998,0.0,"[""Moderate thermal signature (FRP: 6.6 MW)."", ""All 14 labeling functions abstained due to lack of spatial context."", ""XGBoost also abstained: its most probable class was 'unclassified' (100.0%), meaning no specific class met the evidence threshold."", ""Decision [uncertain]: classified as unknown requiring ground review.""]",4,uncertain,0.0,0.9998,unclassified,0.0
101,8.47271,80.81999,5.79,343.04,2026-09-02,,999.0,999.0,999.0,999.0,999.0,999.0,unclassified,0.0,0.9998,low,uncertain,False,False,True,Both rule engine and ML model have insufficient evidence.,unclassified,0,unclassified,0.9998,0.0,"[""Moderate thermal signature (FRP: 5.8 MW)."", ""All 14 labeling functions abstained due to lack of spatial context."", ""XGBoost also abstained: its most probable class was 'unclassified' (100.0%), meaning no specific class met the evidence threshold."", ""Decision [uncertain]: classified as unknown requiring ground review.""]",4,uncertain,0.0,0.9998,unclassified,0.0
102,8.47463,80.83051,9.47,367.0,2026-09-02,,999.0,999.0,999.0,999.0,999.0,999.0,unclassified,0.0,0.9998,low,uncertain,False,False,True,Both rule engine and ML model have insufficient evidence.,unclassified,0,unclassified,0.9998,0.0,"[""Moderate thermal signature (FRP: 9.5 MW)."", ""All 14 labeling functions abstained due to lack of spatial context."", ""XGBoost also abstained: its most probable class was 'unclassified' (100.0%), meaning no specific class met the evidence threshold."", ""Decision [uncertain]: classified as unknown requiring ground review.""]",4,uncertain,0.0,0.9998,unclassified,0.0
103,8.47527,80.83401,9.47,335.16,2026-09-02,,999.0,999.0,999.0,999.0,999.0,999.0,unclassified,0.0,0.9998,low,uncertain,False,False,True,Both rule engine and ML model have insufficient evidence.,unclassified,0,unclassified,0.9998,0.0,"[""Moderate thermal signature (FRP: 9.5 MW)."", ""All 14 labeling functions abstained due to lack of spatial context."", ""XGBoost also abstained: its most probable class was 'unclassified' (100.0%), meaning no specific class met the evidence threshold."", ""Decision [uncertain]: classified as unknown requiring ground review.""]",4,uncertain,0.0,0.9998,unclassified,0.0
104,8.47878,80.82249,6.74,346.96,2026-09-02,,999.0,999.0,999.0,999.0,999.0,999.0,unclassified,0.0,0.9998,low,uncertain,False,False,True,Both rule engine and ML model have insufficient evidence.,unclassified,0,unclassified,0.9998,0.0,"[""Moderate thermal signature (FRP: 6.7 MW)."", ""All 14 labeling functions abstained due to lack of spatial context."", ""XGBoost also abstained: its most probable class was 'unclassified' (100.0%), meaning no specific class met the evidence threshold."", ""Decision [uncertain]: classified as unknown requiring ground review.""]",4,uncertain,0.0,0.9998,unclassified,0.0
105,8.47942,80.826,6.74,334.44,2026-09-02,,999.0,999.0,999.0,999.0,999.0,999.0,unclassified,0.0,0.9998,low,uncertain,False,False,True,Both rule engine and ML model have insufficient evidence.,unclassified,0,unclassified,0.9998,0.0,"[""Moderate thermal signature (FRP: 6.7 MW)."", ""All 14 labeling functions abstained due to lack of spatial context."", ""XGBoost also abstained: its most probable class was 'unclassified' (100.0%), meaning no specific class met the evidence threshold."", ""Decision [uncertain]: classified as unknown requiring ground review.""]",4,uncertain,0.0,0.9998,unclassified,0.0
106,8.49191,80.80196,1.95,339.61,2026-09-02,,999.0,999.0,999.0,999.0,999.0,999.0,unclassified,0.0,0.9998,low,uncertain,False,False,True,Both rule engine and ML model have insufficient evidence.,unclassified,0,unclassified,0.9998,0.0,"[""Low-intensity thermal source (FRP: 1.9 MW)."", ""All 14 labeling functions abstained due to lack of spatial context."", ""XGBoost also abstained: its most probable class was 'unclassified' (100.0%), meaning no specific class met the evidence threshold."", ""Decision [uncertain]: classified as unknown requiring ground review.""]",4,uncertain,0.0,0.9998,unclassified,0.0
107,8.49255,80.8055,3.02,332.88,2026-09-02,,999.0,999.0,999.0,999.0,999.0,999.0,unclassified,0.0,0.9997,low,uncertain,False,False,True,Both rule engine and ML model have insufficient evidence.,unclassified,0,unclassified,0.9997,0.0,"[""Low-intensity thermal source (FRP: 3.0 MW)."", ""All 14 labeling functions abstained due to lack of spatial context."", ""XGBoost also abstained: its most probable class was 'unclassified' (100.0%), meaning no specific class met the evidence threshold."", ""Decision [uncertain]: classified as unknown requiring ground review.""]",4,uncertain,0.0,0.9997,unclassified,0.0
108,8.4979,80.15121,3.34,330.36,2026-09-02,,999.0,999.0,999.0,999.0,999.0,999.0,unclassified,0.0,0.9997,low,uncertain,False,False,True,Both rule engine and ML model have insufficient evidence.,unclassified,0,unclassified,0.9997,0.0,"[""Low-intensity thermal source (FRP: 3.3 MW)."", ""All 14 labeling functions abstained due to lack of spatial context."", ""XGBoost also abstained: its most probable class was 'unclassified' (100.0%), meaning no specific class met the evidence threshold."", ""Decision [uncertain]: classified as unknown requiring ground review.""]",4,uncertain,0.0,0.9997,unclassified,0.0
109,8.51043,80.68813,3.76,333.16,2026-09-02,,999.0,999.0,999.0,999.0,999.0,999.0,unclassified,0.0,0.9998,low,uncertain,False,False,True,Both rule engine and ML model have insufficient evidence.,unclassified,0,unclassified,0.9998,0.0,"[""Low-intensity thermal source (FRP: 3.8 MW)."", ""All 14 labeling functions abstained due to lack of spatial context."", ""XGBoost also abstained: its most probable class was 'unclassified' (100.0%), meaning no specific class met the evidence threshold."", ""Decision [uncertain]: classified as unknown requiring ground review.""]",4,uncertain,0.0,0.9998,unclassified,0.0
110,8.52422,80.67086,3.47,344.89,2026-09-02,,999.0,999.0,999.0,999.0,999.0,999.0,unclassified,0.0,0.9998,low,uncertain,False,False,True,Both rule engine and ML model have insufficient evidence.,unclassified,0,unclassified,0.9998,0.0,"[""Low-intensity thermal source (FRP: 3.5 MW)."", ""All 14 labeling functions abstained due to lack of spatial context."", ""XGBoost also abstained: its most probable class was 'unclassified' (100.0%), meaning no specific class met the evidence threshold."", ""Decision [uncertain]: classified as unknown requiring ground review.""]",4,uncertain,0.0,0.9998,unclassified,0.0
111,8.52491,80.67143,3.08,347.72,2026-09-02,,999.0,999.0,999.0,999.0,999.0,999.0,unclassified,0.0,0.9997,low,uncertain,False,False,True,Both rule engine and ML model have insufficient evidence.,unclassified,0,unclassified,0.9997,0.0,"[""Low-intensity thermal source (FRP: 3.1 MW)."", ""All 14 labeling functions abstained due to lack of spatial context."", ""XGBoost also abstained: its most probable class was 'unclassified' (100.0%), meaning no specific class met the evidence threshold."", ""Decision [uncertain]: classified as unknown requiring ground review.""]",4,uncertain,0.0,0.9997,unclassified,0.0
112,8.52835,80.81718,3.41,337.48,2026-09-02,,999.0,999.0,999.0,999.0,999.0,999.0,unclassified,0.0,0.9998,low,uncertain,False,False,True,Both rule engine and ML model have insufficient evidence.,unclassified,0,unclassified,0.9998,0.0,"[""Low-intensity thermal source (FRP: 3.4 MW)."", ""All 14 labeling functions abstained due to lack of spatial context."", ""XGBoost also abstained: its most probable class was 'unclassified' (100.0%), meaning no specific class met the evidence threshold."", ""Decision [uncertain]: classified as unknown requiring ground review.""]",4,uncertain,0.0,0.9998,unclassified,0.0
113,8.53487,80.79079,6.76,333.26,2026-09-02,,999.0,999.0,999.0,999.0,999.0,999.0,unclassified,0.0,0.9998,low,uncertain,False,False,True,Both rule engine and ML model have insufficient evidence.,unclassified,0,unclassified,0.9998,0.0,"[""Moderate thermal signature (FRP: 6.8 MW)."", ""All 14 labeling functions abstained due to lack of spatial context."", ""XGBoost also abstained: its most probable class was 'unclassified' (100.0%), meaning no specific class met the evidence threshold."", ""Decision [uncertain]: classified as unknown requiring ground review.""]",4,uncertain,0.0,0.9998,unclassified,0.0
114,8.53549,80.7943,6.76,367.0,2026-09-02,,999.0,999.0,999.0,999.0,999.0,999.0,unclassified,0.0,0.9998,low,uncertain,False,False,True,Both rule engine and ML model have insufficient evidence.,unclassified,0,unclassified,0.9998,0.0,"[""Moderate thermal signature (FRP: 6.8 MW)."", ""All 14 labeling functions abstained due to lack of spatial context."", ""XGBoost also abstained: its most probable class was 'unclassified' (100.0%), meaning no specific class met the evidence threshold."", ""Decision [uncertain]: classified as unknown requiring ground review.""]",4,uncertain,0.0,0.9998,unclassified,0.0
115,8.53568,80.79343,11.89,367.0,2026-09-02,,999.0,999.0,999.0,999.0,999.0,999.0,unclassified,0.0,0.9998,low,uncertain,False,False,True,Both rule engine and ML model have insufficient evidence.,unclassified,0,unclassified,0.9998,0.0,"[""Moderate thermal signature (FRP: 11.9 MW)."", ""All 14 labeling functions abstained due to lack of spatial context."", ""XGBoost also abstained: its most probable class was 'unclassified' (100.0%), meaning no specific class met the evidence threshold."", ""Decision [uncertain]: classified as unknown requiring ground review.""]",4,uncertain,0.0,0.9998,unclassified,0.0
116,8.54068,80.66792,1.52,336.61,2026-09-02,,999.0,999.0,999.0,999.0,999.0,999.0,unclassified,0.0,0.9997,low,uncertain,False,False,True,Both rule engine and ML model have insufficient evidence.,unclassified,0,unclassified,0.9997,0.0,"[""Low-intensity thermal source (FRP: 1.5 MW)."", ""All 14 labeling functions abstained due to lack of spatial context."", ""XGBoost also abstained: its most probable class was 'unclassified' (100.0%), meaning no specific class met the evidence threshold."", ""Decision [uncertain]: classified as unknown requiring ground review.""]",4,uncertain,0.0,0.9997,unclassified,0.0
117,8.54718,80.61058,4.57,333.05,2026-09-02,,999.0,999.0,999.0,999.0,999.0,999.0,unclassified,0.0,0.9998,low,uncertain,False,False,True,Both rule engine and ML model have insufficient evidence.,unclassified,0,unclassified,0.9998,0.0,"[""Low-intensity thermal source (FRP: 4.6 MW)."", ""All 14 labeling functions abstained due to lack of spatial context."", ""XGBoost also abstained: its most probable class was 'unclassified' (100.0%), meaning no specific class met the evidence threshold."", ""Decision [uncertain]: classified as unknown requiring ground review.""]",4,uncertain,0.0,0.9998,unclassified,0.0
118,8.55356,80.76841,2.86,336.61,2026-09-02,,999.0,999.0,999.0,999.0,999.0,999.0,unclassified,0.0,0.9997,low,uncertain,False,False,True,Both rule engine and ML model have insufficient evidence.,unclassified,0,unclassified,0.9997,0.0,"[""Low-intensity thermal source (FRP: 2.9 MW)."", ""All 14 labeling functions abstained due to lack of spatial context."", ""XGBoost also abstained: its most probable class was 'unclassified' (100.0%), meaning no specific class met the evidence threshold."", ""Decision [uncertain]: classified as unknown requiring ground review.""]",4,uncertain,0.0,0.9997,unclassified,0.0
119,8.55561,80.68747,4.1,330.74,2026-09-02,,999.0,999.0,999.0,999.0,999.0,999.0,unclassified,0.0,0.9997,low,uncertain,False,False,True,Both rule engine and ML model have insufficient evidence.,unclassified,0,unclassified,0.9997,0.0,"[""Low-intensity thermal source (FRP: 4.1 MW)."", ""All 14 labeling functions abstained due to lack of spatial context."", ""XGBoost also abstained: its most probable class was 'unclassified' (100.0%), meaning no specific class met the evidence threshold."", ""Decision [uncertain]: classified as unknown requiring ground review.""]",4,uncertain,0.0,0.9997,unclassified,0.0
120,8.57298,80.41463,3.36,332.67,2026-09-02,,999.0,999.0,999.0,999.0,999.0,999.0,unclassified,0.0,0.9997,low,uncertain,False,False,True,Both rule engine and ML model have insufficient evidence.,unclassified,0,unclassified,0.9997,0.0,"[""Low-intensity thermal source (FRP: 3.4 MW)."", ""All 14 labeling functions abstained due to lack of spatial context."", ""XGBoost also abstained: its most probable class was 'unclassified' (100.0%), meaning no specific class met the evidence threshold."", ""Decision [uncertain]: classified as unknown requiring ground review.""]",4,uncertain,0.0,0.9997,unclassified,0.0
121,8.57462,80.41475,7.07,334.48,2026-09-02,,999.0,999.0,999.0,999.0,999.0,999.0,unclassified,0.0,0.9998,low,uncertain,False,False,True,Both rule engine and ML model have insufficient evidence.,unclassified,0,unclassified,0.9998,0.0,"[""Moderate thermal signature (FRP: 7.1 MW)."", ""All 14 labeling functions abstained due to lack of spatial context."", ""XGBoost also abstained: its most probable class was 'unclassified' (100.0%), meaning no specific class met the evidence threshold."", ""Decision [uncertain]: classified as unknown requiring ground review.""]",4,uncertain,0.0,0.9998,unclassified,0.0
122,8.57646,80.64652,4.88,330.72,2026-09-02,,999.0,999.0,999.0,999.0,999.0,999.0,unclassified,0.0,0.9997,low,uncertain,False,False,True,Both rule engine and ML model have insufficient evidence.,unclassified,0,unclassified,0.9997,0.0,"[""Low-intensity thermal source (FRP: 4.9 MW)."", ""All 14 labeling functions abstained due to lack of spatial context."", ""XGBoost also abstained: its most probable class was 'unclassified' (100.0%), meaning no specific class met the evidence threshold."", ""Decision [uncertain]: classified as unknown requiring ground review.""]",4,uncertain,0.0,0.9997,unclassified,0.0
123,8.5813,80.64192,5.5,331.96,2026-09-02,,999.0,999.0,999.0,999.0,999.0,999.0,unclassified,0.0,0.9997,low,uncertain,False,False,True,Both rule engine and ML model have insufficient evidence.,unclassified,0,unclassified,0.9997,0.0,"[""Moderate thermal signature (FRP: 5.5 MW)."", ""All 14 labeling functions abstained due to lack of spatial context."", ""XGBoost also abstained: its most probable class was 'unclassified' (100.0%), meaning no specific class met the evidence threshold."", ""Decision [uncertain]: classified as unknown requiring ground review.""]",4,uncertain,0.0,0.9997,unclassified,0.0
124,8.58795,80.74087,2.65,337.58,2026-09-02,,999.0,999.0,999.0,999.0,999.0,999.0,unclassified,0.0,0.9998,low,uncertain,False,False,True,Both rule engine and ML model have insufficient evidence.,unclassified,0,unclassified,0.9998,0.0,"[""Low-intensity thermal source (FRP: 2.6 MW)."", ""All 14 labeling functions abstained due to lack of spatial context."", ""XGBoost also abstained: its most probable class was 'unclassified' (100.0%), meaning no specific class met the evidence threshold."", ""Decision [uncertain]: classified as unknown requiring ground review.""]",4,uncertain,0.0,0.9998,unclassified,0.0
125,8.59681,80.66502,3.05,332.41,2026-09-02,,999.0,999.0,999.0,999.0,999.0,999.0,unclassified,0.0,0.9996,low,uncertain,False,False,True,Both rule engine and ML model have insufficient evidence.,unclassified,0,unclassified,0.9996,0.0,"[""Low-intensity thermal source (FRP: 3.0 MW)."", ""All 14 labeling functions abstained due to lack of spatial context."", ""XGBoost also abstained: its most probable class was 'unclassified' (100.0%), meaning no specific class met the evidence threshold."", ""Decision [uncertain]: classified as unknown requiring ground review.""]",4,uncertain,0.0,0.9996,unclassified,0.0
126,8.61355,80.69516,6.82,330.01,2026-09-02,,999.0,999.0,999.0,999.0,999.0,999.0,unclassified,0.0,0.9997,low,uncertain,False,False,True,Both rule engine and ML model have insufficient evidence.,unclassified,0,unclassified,0.9997,0.0,"[""Moderate thermal signature (FRP: 6.8 MW)."", ""All 14 labeling functions abstained due to lack of spatial context."", ""XGBoost also abstained: its most probable class was 'unclassified' (100.0%), meaning no specific class met the evidence threshold."", ""Decision [uncertain]: classified as unknown requiring ground review.""]",4,uncertain,0.0,0.9997,unclassified,0.0
127,8.61902,80.69415,6.82,356.1,2026-09-02,,999.0,999.0,999.0,999.0,999.0,999.0,unclassified,0.0,0.9998,low,uncertain,False,False,True,Both rule engine and ML model have insufficient evidence.,unclassified,0,unclassified,0.9998,0.0,"[""Moderate thermal signature (FRP: 6.8 MW)."", ""All 14 labeling functions abstained due to lack of spatial context."", ""XGBoost also abstained: its most probable class was 'unclassified' (100.0%), meaning no specific class met the evidence threshold."", ""Decision [uncertain]: classified as unknown requiring ground review.""]",4,uncertain,0.0,0.9998,unclassified,0.0
128,8.61938,80.69332,4.64,336.36,2026-09-02,,999.0,999.0,999.0,999.0,999.0,999.0,unclassified,0.0,0.9998,low,uncertain,False,False,True,Both rule engine and ML model have insufficient evidence.,unclassified,0,unclassified,0.9998,0.0,"[""Low-intensity thermal source (FRP: 4.6 MW)."", ""All 14 labeling functions abstained due to lack of spatial context."", ""XGBoost also abstained: its most probable class was 'unclassified' (100.0%), meaning no specific class met the evidence threshold."", ""Decision [uncertain]: classified as unknown requiring ground review.""]",4,uncertain,0.0,0.9998,unclassified,0.0
129,8.62972,80.6591,6.08,341.84,2026-09-02,,999.0,999.0,999.0,999.0,999.0,999.0,unclassified,0.0,0.9998,low,uncertain,False,False,True,Both rule engine and ML model have insufficient evidence.,unclassified,0,unclassified,0.9998,0.0,"[""Moderate thermal signature (FRP: 6.1 MW)."", ""All 14 labeling functions abstained due to lack of spatial context."", ""XGBoost also abstained: its most probable class was 'unclassified' (100.0%), meaning no specific class met the evidence threshold."", ""Decision [uncertain]: classified as unknown requiring ground review.""]",4,uncertain,0.0,0.9998,unclassified,0.0
130,8.62986,80.65842,5.23,353.41,2026-09-02,,999.0,999.0,999.0,999.0,999.0,999.0,unclassified,0.0,0.9998,low,uncertain,False,False,True,Both rule engine and ML model have insufficient evidence.,unclassified,0,unclassified,0.9998,0.0,"[""Moderate thermal signature (FRP: 5.2 MW)."", ""All 14 labeling functions abstained due to lack of spatial context."", ""XGBoost also abstained: its most probable class was 'unclassified' (100.0%), meaning no specific class met the evidence threshold."", ""Decision [uncertain]: classified as unknown requiring ground review.""]",4,uncertain,0.0,0.9998,unclassified,0.0
131,8.63088,80.72893,2.95,334.37,2026-09-02,,999.0,999.0,999.0,999.0,999.0,999.0,unclassified,0.0,0.9997,low,uncertain,False,False,True,Both rule engine and ML model have insufficient evidence.,unclassified,0,unclassified,0.9997,0.0,"[""Low-intensity thermal source (FRP: 3.0 MW)."", ""All 14 labeling functions abstained due to lack of spatial context."", ""XGBoost also abstained: its most probable class was 'unclassified' (100.0%), meaning no specific class met the evidence threshold."", ""Decision [uncertain]: classified as unknown requiring ground review.""]",4,uncertain,0.0,0.9997,unclassified,0.0
132,8.6315,80.72802,3.78,340.11,2026-09-02,,999.0,999.0,999.0,999.0,999.0,999.0,unclassified,0.0,0.9998,low,uncertain,False,False,True,Both rule engine and ML model have insufficient evidence.,unclassified,0,unclassified,0.9998,0.0,"[""Low-intensity thermal source (FRP: 3.8 MW)."", ""All 14 labeling functions abstained due to lack of spatial context."", ""XGBoost also abstained: its most probable class was 'unclassified' (100.0%), meaning no specific class met the evidence threshold."", ""Decision [uncertain]: classified as unknown requiring ground review.""]",4,uncertain,0.0,0.9998,unclassified,0.0
133,8.63386,80.52625,6.05,333.95,2026-09-02,,999.0,999.0,999.0,999.0,999.0,999.0,unclassified,0.0,0.9998,low,uncertain,False,False,True,Both rule engine and ML model have insufficient evidence.,unclassified,0,unclassified,0.9998,0.0,"[""Moderate thermal signature (FRP: 6.0 MW)."", ""All 14 labeling functions abstained due to lack of spatial context."", ""XGBoost also abstained: its most probable class was 'unclassified' (100.0%), meaning no specific class met the evidence threshold."", ""Decision [uncertain]: classified as unknown requiring ground review.""]",4,uncertain,0.0,0.9998,unclassified,0.0
134,8.63886,80.4912,5.31,330.18,2026-09-02,,999.0,999.0,999.0,999.0,999.0,999.0,unclassified,0.0,0.9997,low,uncertain,False,False,True,Both rule engine and ML model have insufficient evidence.,unclassified,0,unclassified,0.9997,0.0,"[""Moderate thermal signature (FRP: 5.3 MW)."", ""All 14 labeling functions abstained due to lack of spatial context."", ""XGBoost also abstained: its most probable class was 'unclassified' (100.0%), meaning no specific class met the evidence threshold."", ""Decision [uncertain]: classified as unknown requiring ground review.""]",4,uncertain,0.0,0.9997,unclassified,0.0
135,8.63953,80.49488,7.96,339.61,2026-09-02,,999.0,999.0,999.0,999.0,999.0,999.0,unclassified,0.0,0.9998,low,uncertain,False,False,True,Both rule engine and ML model have insufficient evidence.,unclassified,0,unclassified,0.9998,0.0,"[""Moderate thermal signature (FRP: 8.0 MW)."", ""All 14 labeling functions abstained due to lack of spatial context."", ""XGBoost also abstained: its most probable class was 'unclassified' (100.0%), meaning no specific class met the evidence threshold."", ""Decision [uncertain]: classified as unknown requiring ground review.""]",4,uncertain,0.0,0.9998,unclassified,0.0
136,8.6888,80.35437,3.92,340.54,2026-09-02,,999.0,999.0,999.0,999.0,999.0,999.0,unclassified,0.0,0.9998,low,uncertain,False,False,True,Both rule engine and ML model have insufficient evidence.,unclassified,0,unclassified,0.9998,0.0,"[""Low-intensity thermal source (FRP: 3.9 MW)."", ""All 14 labeling functions abstained due to lack of spatial context."", ""XGBoost also abstained: its most probable class was 'unclassified' (100.0%), meaning no specific class met the evidence threshold."", ""Decision [uncertain]: classified as unknown requiring ground review.""]",4,uncertain,0.0,0.9998,unclassified,0.0
137,8.69176,80.35313,4.47,349.2,2026-09-02,,999.0,999.0,999.0,999.0,999.0,999.0,unclassified,0.0,0.9998,low,uncertain,False,False,True,Both rule engine and ML model have insufficient evidence.,unclassified,0,unclassified,0.9998,0.0,"[""Low-intensity thermal source (FRP: 4.5 MW)."", ""All 14 labeling functions abstained due to lack of spatial context."", ""XGBoost also abstained: its most probable class was 'unclassified' (100.0%), meaning no specific class met the evidence threshold."", ""Decision [uncertain]: classified as unknown requiring ground review.""]",4,uncertain,0.0,0.9998,unclassified,0.0
138,8.72116,81.12231,5.77,349.27,2026-09-02,,999.0,999.0,999.0,999.0,999.0,999.0,unclassified,0.0,0.9998,low,uncertain,False,False,True,Both rule engine and ML model have insufficient evidence.,unclassified,0,unclassified,0.9998,0.0,"[""Moderate thermal signature (FRP: 5.8 MW)."", ""All 14 labeling functions abstained due to lack of spatial context."", ""XGBoost also abstained: its most probable class was 'unclassified' (100.0%), meaning no specific class met the evidence threshold."", ""Decision [uncertain]: classified as unknown requiring ground review.""]",4,uncertain,0.0,0.9998,unclassified,0.0
139,8.72707,81.12466,5.77,334.56,2026-09-02,,999.0,999.0,999.0,999.0,999.0,999.0,unclassified,0.0,0.9998,low,uncertain,False,False,True,Both rule engine and ML model have insufficient evidence.,unclassified,0,unclassified,0.9998,0.0,"[""Moderate thermal signature (FRP: 5.8 MW)."", ""All 14 labeling functions abstained due to lack of spatial context."", ""XGBoost also abstained: its most probable class was 'unclassified' (100.0%), meaning no specific class met the evidence threshold."", ""Decision [uncertain]: classified as unknown requiring ground review.""]",4,uncertain,0.0,0.9998,unclassified,0.0
140,8.76981,80.87205,3.67,336.94,2026-09-02,,999.0,999.0,999.0,999.0,999.0,999.0,unclassified,0.0,0.9998,low,uncertain,False,False,True,Both rule engine and ML model have insufficient evidence.,unclassified,0,unclassified,0.9998,0.0,"[""Low-intensity thermal source (FRP: 3.7 MW)."", ""All 14 labeling functions abstained due to lack of spatial context."", ""XGBoost also abstained: its most probable class was 'unclassified' (100.0%), meaning no specific class met the evidence threshold."", ""Decision [uncertain]: classified as unknown requiring ground review.""]",4,uncertain,0.0,0.9998,unclassified,0.0
141,8.85165,80.32201,5.21,333.34,2026-09-02,,999.0,999.0,999.0,999.0,999.0,999.0,unclassified,0.0,0.9998,low,uncertain,False,False,True,Both rule engine and ML model have insufficient evidence.,unclassified,0,unclassified,0.9998,0.0,"[""Moderate thermal signature (FRP: 5.2 MW)."", ""All 14 labeling functions abstained due to lack of spatial context."", ""XGBoost also abstained: its most probable class was 'unclassified' (100.0%), meaning no specific class met the evidence threshold."", ""Decision [uncertain]: classified as unknown requiring ground review.""]",4,uncertain,0.0,0.9998,unclassified,0.0
142,9.41724,80.38377,4.93,337.57,2026-09-02,,999.0,999.0,999.0,999.0,999.0,999.0,unclassified,0.0,0.9998,low,uncertain,False,False,True,Both rule engine and ML model have insufficient evidence.,unclassified,0,unclassified,0.9998,0.0,"[""Low-intensity thermal source (FRP: 4.9 MW)."", ""All 14 labeling functions abstained due to lack of spatial context."", ""XGBoost also abstained: its most probable class was 'unclassified' (100.0%), meaning no specific class met the evidence threshold."", ""Decision [uncertain]: classified as unknown requiring ground review.""]",4,uncertain,0.0,0.9998,unclassified,0.0
143,9.43089,80.39628,3.24,332.16,2026-09-02,,999.0,999.0,999.0,999.0,999.0,999.0,unclassified,0.0,0.9997,low,uncertain,False,False,True,Both rule engine and ML model have insufficient evidence.,unclassified,0,unclassified,0.9997,0.0,"[""Low-intensity thermal source (FRP: 3.2 MW)."", ""All 14 labeling functions abstained due to lack of spatial context."", ""XGBoost also abstained: its most probable class was 'unclassified' (100.0%), meaning no specific class met the evidence threshold."", ""Decision [uncertain]: classified as unknown requiring ground review.""]",4,uncertain,0.0,0.9997,unclassified,0.0
144,9.43142,80.39938,3.58,330.56,2026-09-02,,999.0,999.0,999.0,999.0,999.0,999.0,unclassified,0.0,0.9997,low,uncertain,False,False,True,Both rule engine and ML model have insufficient evidence.,unclassified,0,unclassified,0.9997,0.0,"[""Low-intensity thermal source (FRP: 3.6 MW)."", ""All 14 labeling functions abstained due to lack of spatial context."", ""XGBoost also abstained: its most probable class was 'unclassified' (100.0%), meaning no specific class met the evidence threshold."", ""Decision [uncertain]: classified as unknown requiring ground review.""]",4,uncertain,0.0,0.9997,unclassified,0.0
145,9.43211,80.3729,6.05,335.15,2026-09-02,,999.0,999.0,999.0,999.0,999.0,999.0,unclassified,0.0,0.9998,low,uncertain,False,False,True,Both rule engine and ML model have insufficient evidence.,unclassified,0,unclassified,0.9998,0.0,"[""Moderate thermal signature (FRP: 6.0 MW)."", ""All 14 labeling functions abstained due to lack of spatial context."", ""XGBoost also abstained: its most probable class was 'unclassified' (100.0%), meaning no specific class met the evidence threshold."", ""Decision [uncertain]: classified as unknown requiring ground review.""]",4,uncertain,0.0,0.9998,unclassified,0.0
146,9.43242,80.37336,6.5,341.55,2026-09-02,,999.0,999.0,999.0,999.0,999.0,999.0,unclassified,0.0,0.9998,low,uncertain,False,False,True,Both rule engine and ML model have insufficient evidence.,unclassified,0,unclassified,0.9998,0.0,"[""Moderate thermal signature (FRP: 6.5 MW)."", ""All 14 labeling functions abstained due to lack of spatial context."", ""XGBoost also abstained: its most probable class was 'unclassified' (100.0%), meaning no specific class met the evidence threshold."", ""Decision [uncertain]: classified as unknown requiring ground review.""]",4,uncertain,0.0,0.9998,unclassified,0.0
147,9.4328,80.37656,10.97,354.0,2026-09-02,,999.0,999.0,999.0,999.0,999.0,999.0,unclassified,0.0,0.9998,low,uncertain,False,False,True,Both rule engine and ML model have insufficient evidence.,unclassified,0,unclassified,0.9998,0.0,"[""Moderate thermal signature (FRP: 11.0 MW)."", ""All 14 labeling functions abstained due to lack of spatial context."", ""XGBoost also abstained: its most probable class was 'unclassified' (100.0%), meaning no specific class met the evidence threshold."", ""Decision [uncertain]: classified as unknown requiring ground review.""]",4,uncertain,0.0,0.9998,unclassified,0.0
148,9.43308,80.37701,8.7,347.25,2026-09-02,,999.0,999.0,999.0,999.0,999.0,999.0,unclassified,0.0,0.9998,low,uncertain,False,False,True,Both rule engine and ML model have insufficient evidence.,unclassified,0,unclassified,0.9998,0.0,"[""Moderate thermal signature (FRP: 8.7 MW)."", ""All 14 labeling functions abstained due to lack of spatial context."", ""XGBoost also abstained: its most probable class was 'unclassified' (100.0%), meaning no specific class met the evidence threshold."", ""Decision [uncertain]: classified as unknown requiring ground review.""]",4,uncertain,0.0,0.9998,unclassified,0.0
149,9.43506,80.38796,3.54,330.6,2026-09-02,,999.0,999.0,999.0,999.0,999.0,999.0,unclassified,0.0,0.9997,low,uncertain,False,False,True,Both rule engine and ML model have insufficient evidence.,unclassified,0,unclassified,0.9997,0.0,"[""Low-intensity thermal source (FRP: 3.5 MW)."", ""All 14 labeling functions abstained due to lack of spatial context."", ""XGBoost also abstained: its most probable class was 'unclassified' (100.0%), meaning no specific class met the evidence threshold."", ""Decision [uncertain]: classified as unknown requiring ground review.""]",4,uncertain,0.0,0.9997,unclassified,0.0
150,9.43638,80.39525,3.24,330.96,2026-09-02,,999.0,999.0,999.0,999.0,999.0,999.0,unclassified,0.0,0.9997,low,uncertain,False,False,True,Both rule engine and ML model have insufficient evidence.,unclassified,0,unclassified,0.9997,0.0,"[""Low-intensity thermal source (FRP: 3.2 MW)."", ""All 14 labeling functions abstained due to lack of spatial context."", ""XGBoost also abstained: its most probable class was 'unclassified' (100.0%), meaning no specific class met the evidence threshold."", ""Decision [uncertain]: classified as unknown requiring ground review.""]",4,uncertain,0.0,0.9997,unclassified,0.0
151,9.64267,80.31721,9.47,354.25,2026-09-02,,999.0,999.0,999.0,999.0,999.0,999.0,unclassified,0.0,0.9998,low,uncertain,False,False,True,Both rule engine and ML model have insufficient evidence.,unclassified,0,unclassified,0.9998,0.0,"[""Moderate thermal signature (FRP: 9.5 MW)."", ""All 14 labeling functions abstained due to lack of spatial context."", ""XGBoost also abstained: its most probable class was 'unclassified' (100.0%), meaning no specific class met the evidence threshold."", ""Decision [uncertain]: classified as unknown requiring ground review.""]",4,uncertain,0.0,0.9998,unclassified,0.0
152,9.643,80.31789,8.95,367.0,2026-09-02,,999.0,999.0,999.0,999.0,999.0,999.0,unclassified,0.0,0.9998,low,uncertain,False,False,True,Both rule engine and ML model have insufficient evidence.,unclassified,0,unclassified,0.9998,0.0,"[""Moderate thermal signature (FRP: 8.9 MW)."", ""All 14 labeling functions abstained due to lack of spatial context."", ""XGBoost also abstained: its most probable class was 'unclassified' (100.0%), meaning no specific class met the evidence threshold."", ""Decision [uncertain]: classified as unknown requiring ground review.""]",4,uncertain,0.0,0.9998,unclassified,0.0
153,9.64335,80.32085,11.93,353.27,2026-09-02,,999.0,999.0,999.0,999.0,999.0,999.0,unclassified,0.0,0.9998,low,uncertain,False,False,True,Both rule engine and ML model have insufficient evidence.,unclassified,0,unclassified,0.9998,0.0,"[""Moderate thermal signature (FRP: 11.9 MW)."", ""All 14 labeling functions abstained due to lack of spatial context."", ""XGBoost also abstained: its most probable class was 'unclassified' (100.0%), meaning no specific class met the evidence threshold."", ""Decision [uncertain]: classified as unknown requiring ground review.""]",4,uncertain,0.0,0.9998,unclassified,0.0
154,9.64366,80.32153,8.44,345.81,2026-09-02,,999.0,999.0,999.0,999.0,999.0,999.0,unclassified,0.0,0.9998,low,uncertain,False,False,True,Both rule engine and ML model have insufficient evidence.,unclassified,0,unclassified,0.9998,0.0,"[""Moderate thermal signature (FRP: 8.4 MW)."", ""All 14 labeling functions abstained due to lack of spatial context."", ""XGBoost also abstained: its most probable class was 'unclassified' (100.0%), meaning no specific class met the evidence threshold."", ""Decision [uncertain]: classified as unknown requiring ground review.""]",4,uncertain,0.0,0.9998,unclassified,0.0
155,6.15852,80.93163,4.42,340.74,2026-09-02,,999.0,999.0,999.0,999.0,999.0,999.0,unclassified,0.0,0.9998,low,uncertain,False,False,True,Both rule engine and ML model have insufficient evidence.,unclassified,0,unclassified,0.9998,0.0,"[""Low-intensity thermal source (FRP: 4.4 MW)."", ""All 14 labeling functions abstained due to lack of spatial context."", ""XGBoost also abstained: its most probable class was 'unclassified' (100.0%), meaning no specific class met the evidence threshold."", ""Decision [uncertain]: classified as unknown requiring ground review.""]",4,uncertain,0.0,0.9998,unclassified,0.0
156,9.94405,78.17075,8.81,330.98,2026-09-02,,999.0,999.0,999.0,999.0,999.0,999.0,unclassified,0.0,0.9997,low,uncertain,False,False,True,Both rule engine and ML model have insufficient evidence.,unclassified,0,unclassified,0.9997,0.0,"[""Moderate thermal signature (FRP: 8.8 MW)."", ""All 14 labeling functions abstained due to lack of spatial context."", ""XGBoost also abstained: its most probable class was 'unclassified' (100.0%), meaning no specific class met the evidence threshold."", ""Decision [uncertain]: classified as unknown requiring ground review.""]",4,uncertain,0.0,0.9997,unclassified,0.0
157,9.99482,79.18996,4.89,341.62,2026-09-02,,999.0,999.0,999.0,999.0,999.0,999.0,unclassified,0.0,0.9991,low,uncertain,False,False,True,Both rule engine and ML model have insufficient evidence.,unclassified,0,unclassified,0.9991,0.0,"[""Low-intensity thermal source (FRP: 4.9 MW)."", ""All 14 labeling functions abstained due to lack of spatial context."", ""XGBoost also abstained: its most probable class was 'unclassified' (99.9%), meaning no specific class met the evidence threshold."", ""Decision [uncertain]: classified as unknown requiring ground review.""]",4,uncertain,0.0,0.9991,unclassified,0.0
158,12.1557,79.81212,2.65,330.94,2026-09-02,,999.0,999.0,999.0,999.0,999.0,999.0,unclassified,0.0,0.9989,low,uncertain,False,False,True,Both rule engine and ML model have insufficient evidence.,unclassified,0,unclassified,0.9989,0.0,"[""Low-intensity thermal source (FRP: 2.6 MW)."", ""All 14 labeling functions abstained due to lack of spatial context."", ""XGBoost also abstained: its most probable class was 'unclassified' (99.9%), meaning no specific class met the evidence threshold."", ""Decision [uncertain]: classified as unknown requiring ground review.""]",4,uncertain,0.0,0.9989,unclassified,0.0
159,14.88849,79.31078,2.5,332.39,2026-09-02,,999.0,999.0,999.0,999.0,999.0,999.0,industrial_fire,0.99,0.9659,high,hybrid_agreement,True,False,False,,industrial_fire,1,industrial_fire,0.9659,99.0,"[""Low-intensity thermal source (FRP: 2.5 MW)."", ""Industrial infrastructure within 1.4 km."", ""1 labeling function(s) voted 'industrial_fire' (lf_factory_proximity_thermal)."", ""XGBoost predicted 'industrial_fire' with 96.6% probability."", ""Decision [hybrid_agreement]: independent rule evidence and ML agree on 'industrial_fire' — status confirmed.""]",5,confirmed,0.99,0.9659,industrial_fire,1.0
160,15.95654,79.91642,4.66,341.23,2026-09-02,,999.0,999.0,999.0,999.0,999.0,5.9,unclassified,0.0,0.9967,low,uncertain,False,False,True,Both rule engine and ML model have insufficient evidence.,unclassified,0,unclassified,0.9967,0.0,"[""Low-intensity thermal source (FRP: 4.7 MW)."", ""All 14 labeling functions abstained due to lack of spatial context."", ""XGBoost also abstained: its most probable class was 'unclassified' (99.7%), meaning no specific class met the evidence threshold."", ""Decision [uncertain]: classified as unknown requiring ground review.""]",4,uncertain,0.0,0.9967,unclassified,0.0
161,17.67918,75.30824,6.74,332.06,2026-09-02,,999.0,999.0,999.0,999.0,999.0,999.0,unclassified,0.0,0.9988,low,uncertain,False,False,True,Both rule engine and ML model have insufficient evidence.,unclassified,0,unclassified,0.9988,0.0,"[""Moderate thermal signature (FRP: 6.7 MW)."", ""All 14 labeling functions abstained due to lack of spatial context."", ""XGBoost also abstained: its most probable class was 'unclassified' (99.9%), meaning no specific class met the evidence threshold."", ""Decision [uncertain]: classified as unknown requiring ground review.""]",4,uncertain,0.0,0.9988,unclassified,0.0
162,20.96492,85.17074,7.94,326.69,2026-09-02,,9.848,999.0,999.0,999.0,999.0,999.0,forest_natural_fire,0.99,0.9823,high,hybrid_agreement,True,False,False,,forest_natural_fire,1,forest_natural_fire,0.9823,99.0,"[""Moderate thermal signature (FRP: 7.9 MW)."", ""1 labeling function(s) voted 'forest_natural_fire' (lf_forest_vegetation_fire)."", ""XGBoost predicted 'forest_natural_fire' with 98.2% probability."", ""Decision [hybrid_agreement]: independent rule evidence and ML agree on 'forest_natural_fire' — status confirmed.""]",4,confirmed,0.99,0.9823,forest_natural_fire,1.0
163,30.44718,73.801,2.56,331.74,2026-09-02,,999.0,999.0,999.0,999.0,999.0,999.0,unclassified,0.0,0.9997,low,uncertain,False,False,True,Both rule engine and ML model have insufficient evidence.,unclassified,0,unclassified,0.9997,0.0,"[""Low-intensity thermal source (FRP: 2.6 MW)."", ""All 14 labeling functions abstained due to lack of spatial context."", ""XGBoost also abstained: its most probable class was 'unclassified' (100.0%), meaning no specific class met the evidence threshold."", ""Decision [uncertain]: classified as unknown requiring ground review.""]",4,uncertain,0.0,0.9997,unclassified,0.0
164,31.09262,74.68887,3.98,340.43,2026-09-02,,999.0,999.0,999.0,999.0,999.0,19.066,unclassified,0.0,0.999,low,uncertain,False,False,True,Both rule engine and ML model have insufficient evidence.,unclassified,0,unclassified,0.999,0.0,"[""Low-intensity thermal source (FRP: 4.0 MW)."", ""All 14 labeling functions abstained due to lack of spatial context."", ""XGBoost also abstained: its most probable class was 'unclassified' (99.9%), meaning no specific class met the evidence threshold."", ""Decision [uncertain]: classified as unknown requiring ground review.""]",4,uncertain,0.0,0.999,unclassified,0.0
165,9.92334,78.1786,8.28,333.46,2026-09-02,,999.0,999.0,999.0,999.0,999.0,999.0,unclassified,0.0,0.999,low,uncertain,False,False,True,Both rule engine and ML model have insufficient evidence.,unclassified,0,unclassified,0.999,0.0,"[""Moderate thermal signature (FRP: 8.3 MW)."", ""All 14 labeling functions abstained due to lack of spatial context."", ""XGBoost also abstained: its most probable class was 'unclassified' (99.9%), meaning no specific class met the evidence threshold."", ""Decision [uncertain]: classified as unknown requiring ground review.""]",4,uncertain,0.0,0.999,unclassified,0.0
166,11.34867,77.58162,6.73,343.48,2026-09-02,,999.0,999.0,999.0,999.0,999.0,999.0,unclassified,0.0,0.9998,low,uncertain,False,False,True,Both rule engine and ML model have insufficient evidence.,unclassified,0,unclassified,0.9998,0.0,"[""Moderate thermal signature (FRP: 6.7 MW)."", ""All 14 labeling functions abstained due to lack of spatial context."", ""XGBoost also abstained: its most probable class was 'unclassified' (100.0%), meaning no specific class met the evidence threshold."", ""Decision [uncertain]: classified as unknown requiring ground review.""]",4,uncertain,0.0,0.9998,unclassified,0.0
167,18.5739,72.24182,4.18,327.45,2026-09-02,,999.0,999.0,999.0,999.0,999.0,999.0,unclassified,0.0,0.9986,low,uncertain,False,False,True,Both rule engine and ML model have insufficient evidence.,unclassified,0,unclassified,0.9986,0.0,"[""Low-intensity thermal source (FRP: 4.2 MW)."", ""All 14 labeling functions abstained due to lack of spatial context."", ""XGBoost also abstained: its most probable class was 'unclassified' (99.9%), meaning no specific class met the evidence threshold."", ""Decision [uncertain]: classified as unknown requiring ground review.""]",4,uncertain,0.0,0.9986,unclassified,0.0
168,27.85456,72.35793,6.23,335.36,2026-09-02,,999.0,999.0,999.0,999.0,999.0,999.0,unclassified,0.0,0.9998,low,uncertain,False,False,True,Both rule engine and ML model have insufficient evidence.,unclassified,0,unclassified,0.9998,0.0,"[""Moderate thermal signature (FRP: 6.2 MW)."", ""All 14 labeling functions abstained due to lack of spatial context."", ""XGBoost also abstained: its most probable class was 'unclassified' (100.0%), meaning no specific class met the evidence threshold."", ""Decision [uncertain]: classified as unknown requiring ground review.""]",4,uncertain,0.0,0.9998,unclassified,0.0
169,27.37742,95.33333,1.17,296.12,2026-09-02,,6.523,999.0,9.832,999.0,999.0,8.303,unclassified,0.0,0.997,low,uncertain,False,False,True,Both rule engine and ML model have insufficient evidence.,unclassified,0,unclassified,0.997,0.0,"[""Low-intensity thermal source (FRP: 1.2 MW)."", ""Industrial infrastructure within 0.48 km."", ""All 14 labeling functions abstained due to lack of spatial context."", ""XGBoost also abstained: its most probable class was 'unclassified' (99.7%), meaning no specific class met the evidence threshold."", ""Decision [uncertain]: classified as unknown requiring ground review.""]",5,uncertain,0.0,0.997,unclassified,0.0
170,20.94712,86.04544,2.41,299.71,2026-09-02,,21.15,999.0,999.0,999.0,999.0,999.0,unclassified,0.0,0.9991,low,uncertain,False,False,True,Both rule engine and ML model have insufficient evidence.,unclassified,0,unclassified,0.9991,0.0,"[""Low-intensity thermal source (FRP: 2.4 MW)."", ""All 14 labeling functions abstained due to lack of spatial context."", ""XGBoost also abstained: its most probable class was 'unclassified' (99.9%), meaning no specific class met the evidence threshold."", ""Decision [uncertain]: classified as unknown requiring ground review.""]",4,uncertain,0.0,0.9991,unclassified,0.0
171,20.94769,86.04173,2.41,329.92,2026-09-02,,20.787,999.0,999.0,999.0,999.0,999.0,unclassified,0.0,0.9983,low,uncertain,False,False,True,Both rule engine and ML model have insufficient evidence.,unclassified,0,unclassified,0.9983,0.0,"[""Low-intensity thermal source (FRP: 2.4 MW)."", ""All 14 labeling functions abstained due to lack of spatial context."", ""XGBoost also abstained: its most probable class was 'unclassified' (99.8%), meaning no specific class met the evidence threshold."", ""Decision [uncertain]: classified as unknown requiring ground review.""]",4,uncertain,0.0,0.9983,unclassified,0.0
172,20.94987,86.04974,1.99,317.46,2026-09-02,,21.382,999.0,999.0,999.0,999.0,999.0,unclassified,0.0,0.9993,low,uncertain,False,False,True,Both rule engine and ML model have insufficient evidence.,unclassified,0,unclassified,0.9993,0.0,"[""Low-intensity thermal source (FRP: 2.0 MW)."", ""All 14 labeling functions abstained due to lack of spatial context."", ""XGBoost also abstained: its most probable class was 'unclassified' (99.9%), meaning no specific class met the evidence threshold."", ""Decision [uncertain]: classified as unknown requiring ground review.""]",4,uncertain,0.0,0.9993,unclassified,0.0
173,20.95044,86.04603,2.41,320.77,2026-09-02,,21.016,999.0,999.0,999.0,999.0,999.0,unclassified,0.0,0.9983,low,uncertain,False,False,True,Both rule engine and ML model have insufficient evidence.,unclassified,0,unclassified,0.9983,0.0,"[""Low-intensity thermal source (FRP: 2.4 MW)."", ""All 14 labeling functions abstained due to lack of spatial context."", ""XGBoost also abstained: its most probable class was 'unclassified' (99.8%), meaning no specific class met the evidence threshold."", ""Decision [uncertain]: classified as unknown requiring ground review.""]",4,uncertain,0.0,0.9983,unclassified,0.0
174,20.96373,86.04834,0.85,300.88,2026-09-02,,20.536,999.0,999.0,999.0,999.0,999.0,unclassified,0.0,0.9997,low,uncertain,False,False,True,Both rule engine and ML model have insufficient evidence.,unclassified,0,unclassified,0.9997,0.0,"[""Low-intensity thermal source (FRP: 0.8 MW)."", ""All 14 labeling functions abstained due to lack of spatial context."", ""XGBoost also abstained: its most probable class was 'unclassified' (100.0%), meaning no specific class met the evidence threshold."", ""Decision [uncertain]: classified as unknown requiring ground review.""]",4,uncertain,0.0,0.9997,unclassified,0.0
175,20.97057,86.0037,1.07,307.75,2026-09-02,,16.092,999.0,999.0,999.0,999.0,999.0,unclassified,0.0,0.9997,low,uncertain,False,False,True,Both rule engine and ML model have insufficient evidence.,unclassified,0,unclassified,0.9997,0.0,"[""Low-intensity thermal source (FRP: 1.1 MW)."", ""All 14 labeling functions abstained due to lack of spatial context."", ""XGBoost also abstained: its most probable class was 'unclassified' (100.0%), meaning no specific class met the evidence threshold."", ""Decision [uncertain]: classified as unknown requiring ground review.""]",4,uncertain,0.0,0.9997,unclassified,0.0
176,20.97389,86.00428,0.75,303.42,2026-09-02,,15.959,999.0,999.0,999.0,999.0,999.0,unclassified,0.0,0.9997,low,uncertain,False,False,True,Both rule engine and ML model have insufficient evidence.,unclassified,0,unclassified,0.9997,0.0,"[""Low-intensity thermal source (FRP: 0.8 MW)."", ""All 14 labeling functions abstained due to lack of spatial context."", ""XGBoost also abstained: its most probable class was 'unclassified' (100.0%), meaning no specific class met the evidence threshold."", ""Decision [uncertain]: classified as unknown requiring ground review.""]",4,uncertain,0.0,0.9997,unclassified,0.0
177,22.24434,87.38933,1.69,307.58,2026-09-02,,999.0,19.762,999.0,999.0,999.0,999.0,unclassified,0.0,0.9998,low,uncertain,False,False,True,Both rule engine and ML model have insufficient evidence.,unclassified,0,unclassified,0.9998,0.0,"[""Low-intensity thermal source (FRP: 1.7 MW)."", ""All 14 labeling functions abstained due to lack of spatial context."", ""XGBoost also abstained: its most probable class was 'unclassified' (100.0%), meaning no specific class met the evidence threshold."", ""Decision [uncertain]: classified as unknown requiring ground review.""]",4,uncertain,0.0,0.9998,unclassified,0.0
178,23.66686,86.09244,2.0,303.59,2026-09-02,,9.809,999.0,999.0,999.0,4.712,999.0,forest_natural_fire,0.99,0.9818,high,hybrid_agreement,True,False,False,,forest_natural_fire,1,forest_natural_fire,0.9818,99.0,"[""Low-intensity thermal source (FRP: 2.0 MW)."", ""1 labeling function(s) voted 'forest_natural_fire' (lf_forest_vegetation_fire)."", ""XGBoost predicted 'forest_natural_fire' with 98.2% probability."", ""Decision [hybrid_agreement]: independent rule evidence and ML agree on 'forest_natural_fire' — status confirmed.""]",4,confirmed,0.99,0.9818,forest_natural_fire,1.0
179,23.69712,85.35915,0.72,298.21,2026-09-02,,18.809,999.0,999.0,999.0,999.0,999.0,unclassified,0.0,0.9997,low,uncertain,False,False,True,Both rule engine and ML model have insufficient evidence.,unclassified,0,unclassified,0.9997,0.0,"[""Low-intensity thermal source (FRP: 0.7 MW)."", ""All 14 labeling functions abstained due to lack of spatial context."", ""XGBoost also abstained: its most probable class was 'unclassified' (100.0%), meaning no specific class met the evidence threshold."", ""Decision [uncertain]: classified as unknown requiring ground review.""]",4,uncertain,0.0,0.9997,unclassified,0.0
180,23.75301,86.3995,1.79,306.1,2026-09-02,,3.831,999.0,999.0,999.0,7.821,999.0,unclassified,0.0,0.9962,low,uncertain,False,False,True,Both rule engine and ML model have insufficient evidence.,unclassified,0,unclassified,0.9962,0.0,"[""Low-intensity thermal source (FRP: 1.8 MW)."", ""Forest cover within 3.8 km."", ""All 14 labeling functions abstained due to lack of spatial context."", ""XGBoost also abstained: its most probable class was 'unclassified' (99.6%), meaning no specific class met the evidence threshold."", ""Decision [uncertain]: classified as unknown requiring ground review.""]",5,uncertain,0.0,0.9962,unclassified,0.0
181,23.75577,86.40394,1.05,306.39,2026-09-02,,3.395,999.0,999.0,999.0,7.774,999.0,unclassified,0.0,0.9988,low,uncertain,False,False,True,Both rule engine and ML model have insufficient evidence.,unclassified,0,unclassified,0.9988,0.0,"[""Low-intensity thermal source (FRP: 1.1 MW)."", ""Forest cover within 3.4 km."", ""All 14 labeling functions abstained due to lack of spatial context."", ""XGBoost also abstained: its most probable class was 'unclassified' (99.9%), meaning no specific class met the evidence threshold."", ""Decision [uncertain]: classified as unknown requiring ground review.""]",5,uncertain,0.0,0.9988,unclassified,0.0
182,23.75693,86.39625,1.45,306.5,2026-09-02,,4.187,999.0,999.0,999.0,8.367,999.0,unclassified,0.0,0.9988,low,uncertain,False,False,True,Both rule engine and ML model have insufficient evidence.,unclassified,0,unclassified,0.9988,0.0,"[""Low-intensity thermal source (FRP: 1.4 MW)."", ""Forest cover within 4.2 km."", ""All 14 labeling functions abstained due to lack of spatial context."", ""XGBoost also abstained: its most probable class was 'unclassified' (99.9%), meaning no specific class met the evidence threshold."", ""Decision [uncertain]: classified as unknown requiring ground review.""]",5,uncertain,0.0,0.9988,unclassified,0.0
183,23.75911,86.40453,1.05,307.12,2026-09-02,,3.392,999.0,999.0,999.0,8.039,999.0,unclassified,0.0,0.9987,low,uncertain,False,False,True,Both rule engine and ML model have insufficient evidence.,unclassified,0,unclassified,0.9987,0.0,"[""Low-intensity thermal source (FRP: 1.1 MW)."", ""Forest cover within 3.4 km."", ""All 14 labeling functions abstained due to lack of spatial context."", ""XGBoost also abstained: its most probable class was 'unclassified' (99.9%), meaning no specific class met the evidence threshold."", ""Decision [uncertain]: classified as unknown requiring ground review.""]",5,uncertain,0.0,0.9987,unclassified,0.0
184,23.75969,86.40069,1.45,312.71,2026-09-02,,3.788,999.0,999.0,999.0,8.322,999.0,unclassified,0.0,0.9982,low,uncertain,False,False,True,Both rule engine and ML model have insufficient evidence.,unclassified,0,unclassified,0.9982,0.0,"[""Low-intensity thermal source (FRP: 1.4 MW)."", ""Forest cover within 3.8 km."", ""All 14 labeling functions abstained due to lack of spatial context."", ""XGBoost also abstained: its most probable class was 'unclassified' (99.8%), meaning no specific class met the evidence threshold."", ""Decision [uncertain]: classified as unknown requiring ground review.""]",5,uncertain,0.0,0.9982,unclassified,0.0
185,23.76244,86.40514,1.07,302.54,2026-09-02,,3.428,999.0,999.0,999.0,8.31,999.0,unclassified,0.0,0.9992,low,uncertain,False,False,True,Both rule engine and ML model have insufficient evidence.,unclassified,0,unclassified,0.9992,0.0,"[""Low-intensity thermal source (FRP: 1.1 MW)."", ""Forest cover within 3.4 km."", ""All 14 labeling functions abstained due to lack of spatial context."", ""XGBoost also abstained: its most probable class was 'unclassified' (99.9%), meaning no specific class met the evidence threshold."", ""Decision [uncertain]: classified as unknown requiring ground review.""]",5,uncertain,0.0,0.9992,unclassified,0.0
186,23.76303,86.40129,0.98,306.39,2026-09-02,,3.821,999.0,999.0,999.0,8.585,999.0,unclassified,0.0,0.9992,low,uncertain,False,False,True,Both rule engine and ML model have insufficient evidence.,unclassified,0,unclassified,0.9992,0.0,"[""Low-intensity thermal source (FRP: 1.0 MW)."", ""Forest cover within 3.8 km."", ""All 14 labeling functions abstained due to lack of spatial context."", ""XGBoost also abstained: its most probable class was 'unclassified' (99.9%), meaning no specific class met the evidence threshold."", ""Decision [uncertain]: classified as unknown requiring ground review.""]",5,uncertain,0.0,0.9992,unclassified,0.0
187,23.76419,86.39362,1.77,305.69,2026-09-02,,4.606,999.0,999.0,999.0,9.159,999.0,unclassified,0.0,0.9969,low,uncertain,False,False,True,Both rule engine and ML model have insufficient evidence.,unclassified,0,unclassified,0.9969,0.0,"[""Low-intensity thermal source (FRP: 1.8 MW)."", ""Forest cover within 4.6 km."", ""All 14 labeling functions abstained due to lack of spatial context."", ""XGBoost also abstained: its most probable class was 'unclassified' (99.7%), meaning no specific class met the evidence threshold."", ""Decision [uncertain]: classified as unknown requiring ground review.""]",5,uncertain,0.0,0.9969,unclassified,0.0
188,23.76637,86.40189,0.98,301.52,2026-09-02,,3.891,999.0,999.0,999.0,8.857,999.0,unclassified,0.0,0.9992,low,uncertain,False,False,True,Both rule engine and ML model have insufficient evidence.,unclassified,0,unclassified,0.9992,0.0,"[""Low-intensity thermal source (FRP: 1.0 MW)."", ""Forest cover within 3.9 km."", ""All 14 labeling functions abstained due to lack of spatial context."", ""XGBoost also abstained: its most probable class was 'unclassified' (99.9%), meaning no specific class met the evidence threshold."", ""Decision [uncertain]: classified as unknown requiring ground review.""]",5,uncertain,0.0,0.9992,unclassified,0.0
189,23.7665,86.37826,1.13,303.1,2026-09-02,,6.183,999.0,999.0,999.0,10.393,999.0,unclassified,0.0,0.9994,low,uncertain,False,False,True,Both rule engine and ML model have insufficient evidence.,unclassified,0,unclassified,0.9994,0.0,"[""Low-intensity thermal source (FRP: 1.1 MW)."", ""All 14 labeling functions abstained due to lack of spatial context."", ""XGBoost also abstained: its most probable class was 'unclassified' (99.9%), meaning no specific class met the evidence threshold."", ""Decision [uncertain]: classified as unknown requiring ground review.""]",4,uncertain,0.0,0.9994,unclassified,0.0
190,23.76929,86.01326,1.06,303.69,2026-09-02,,4.437,999.0,999.0,999.0,9.084,999.0,unclassified,0.0,0.999,low,uncertain,False,False,True,Both rule engine and ML model have insufficient evidence.,unclassified,0,unclassified,0.999,0.0,"[""Low-intensity thermal source (FRP: 1.1 MW)."", ""Forest cover within 4.4 km."", ""All 14 labeling functions abstained due to lack of spatial context."", ""XGBoost also abstained: its most probable class was 'unclassified' (99.9%), meaning no specific class met the evidence threshold."", ""Decision [uncertain]: classified as unknown requiring ground review.""]",5,uncertain,0.0,0.999,unclassified,0.0
191,23.77496,85.99825,0.93,304.92,2026-09-02,,5.081,999.0,999.0,999.0,10.72,999.0,unclassified,0.0,0.9992,low,uncertain,False,False,True,Both rule engine and ML model have insufficient evidence.,unclassified,0,unclassified,0.9992,0.0,"[""Low-intensity thermal source (FRP: 0.9 MW)."", ""All 14 labeling functions abstained due to lack of spatial context."", ""XGBoost also abstained: its most probable class was 'unclassified' (99.9%), meaning no specific class met the evidence threshold."", ""Decision [uncertain]: classified as unknown requiring ground review.""]",4,uncertain,0.0,0.9992,unclassified,0.0
192,23.77536,86.38774,2.1,305.74,2026-09-02,,5.618,999.0,999.0,999.0,10.506,999.0,forest_natural_fire,0.9681,0.9281,high,hybrid_agreement,True,False,False,,forest_natural_fire,1,forest_natural_fire,0.9281,96.8,"[""Low-intensity thermal source (FRP: 2.1 MW)."", ""1 labeling function(s) voted 'forest_natural_fire' (lf_forest_vegetation_fire)."", ""XGBoost predicted 'forest_natural_fire' with 92.8% probability."", ""Decision [hybrid_agreement]: independent rule evidence and ML agree on 'forest_natural_fire' — status confirmed.""]",4,confirmed,0.9681,0.9281,forest_natural_fire,1.0
193,23.77554,85.99434,0.93,303.22,2026-09-02,,5.374,999.0,999.0,999.0,11.121,999.0,unclassified,0.0,0.9993,low,uncertain,False,False,True,Both rule engine and ML model have insufficient evidence.,unclassified,0,unclassified,0.9993,0.0,"[""Low-intensity thermal source (FRP: 0.9 MW)."", ""All 14 labeling functions abstained due to lack of spatial context."", ""XGBoost also abstained: its most probable class was 'unclassified' (99.9%), meaning no specific class met the evidence threshold."", ""Decision [uncertain]: classified as unknown requiring ground review.""]",4,uncertain,0.0,0.9993,unclassified,0.0
194,23.77812,86.39218,1.06,303.48,2026-09-02,,5.372,999.0,999.0,999.0,10.492,999.0,unclassified,0.0,0.9993,low,uncertain,False,False,True,Both rule engine and ML model have insufficient evidence.,unclassified,0,unclassified,0.9993,0.0,"[""Low-intensity thermal source (FRP: 1.1 MW)."", ""All 14 labeling functions abstained due to lack of spatial context."", ""XGBoost also abstained: its most probable class was 'unclassified' (99.9%), meaning no specific class met the evidence threshold."", ""Decision [uncertain]: classified as unknown requiring ground review.""]",4,uncertain,0.0,0.9993,unclassified,0.0
195,23.7787,86.38834,1.75,311.58,2026-09-02,,5.74,999.0,999.0,999.0,10.769,999.0,unclassified,0.0,0.9982,low,uncertain,False,False,True,Both rule engine and ML model have insufficient evidence.,unclassified,0,unclassified,0.9982,0.0,"[""Low-intensity thermal source (FRP: 1.8 MW)."", ""All 14 labeling functions abstained due to lack of spatial context."", ""XGBoost also abstained: its most probable class was 'unclassified' (99.8%), meaning no specific class met the evidence threshold."", ""Decision [uncertain]: classified as unknown requiring ground review.""]",4,uncertain,0.0,0.9982,unclassified,0.0
196,23.78102,86.37297,1.41,301.83,2026-09-02,,7.245,999.0,999.0,999.0,11.943,999.0,unclassified,0.0,0.9989,low,uncertain,False,False,True,Both rule engine and ML model have insufficient evidence.,unclassified,0,unclassified,0.9989,0.0,"[""Low-intensity thermal source (FRP: 1.4 MW)."", ""All 14 labeling functions abstained due to lack of spatial context."", ""XGBoost also abstained: its most probable class was 'unclassified' (99.9%), meaning no specific class met the evidence threshold."", ""Decision [uncertain]: classified as unknown requiring ground review.""]",4,uncertain,0.0,0.9989,unclassified,0.0
197,23.80136,86.32924,0.85,302.76,2026-09-02,,12.198,999.0,999.0,999.0,16.676,999.0,unclassified,0.0,0.9992,low,uncertain,False,False,True,Both rule engine and ML model have insufficient evidence.,unclassified,0,unclassified,0.9992,0.0,"[""Low-intensity thermal source (FRP: 0.8 MW)."", ""All 14 labeling functions abstained due to lack of spatial context."", ""XGBoost also abstained: its most probable class was 'unclassified' (99.9%), meaning no specific class met the evidence threshold."", ""Decision [uncertain]: classified as unknown requiring ground review.""]",4,uncertain,0.0,0.9992,unclassified,0.0
198,23.80471,86.32983,0.85,311.61,2026-09-02,,12.011,999.0,999.0,999.0,16.886,999.0,unclassified,0.0,0.9994,low,uncertain,False,False,True,Both rule engine and ML model have insufficient evidence.,unclassified,0,unclassified,0.9994,0.0,"[""Low-intensity thermal source (FRP: 0.8 MW)."", ""All 14 labeling functions abstained due to lack of spatial context."", ""XGBoost also abstained: its most probable class was 'unclassified' (99.9%), meaning no specific class met the evidence threshold."", ""Decision [uncertain]: classified as unknown requiring ground review.""]",4,uncertain,0.0,0.9994,unclassified,0.0
199,23.80529,86.32597,0.85,299.68,2026-09-02,,11.664,999.0,999.0,999.0,17.217,999.0,unclassified,0.0,0.9994,low,uncertain,False,False,True,Both rule engine and ML model have insufficient evidence.,unclassified,0,unclassified,0.9994,0.0,"[""Low-intensity thermal source (FRP: 0.8 MW)."", ""All 14 labeling functions abstained due to lack of spatial context."", ""XGBoost also abstained: its most probable class was 'unclassified' (99.9%), meaning no specific class met the evidence threshold."", ""Decision [uncertain]: classified as unknown requiring ground review.""]",4,uncertain,0.0,0.9994,unclassified,0.0
200,15.16884,76.38137,1.08,303.55,2026-09-02,,21.98,20.815,999.0,999.0,13.194,999.0,unclassified,0.0,0.9998,low,uncertain,False,False,True,Both rule engine and ML model have insufficient evidence.,unclassified,0,unclassified,0.9998,0.0,"[""Low-intensity thermal source (FRP: 1.1 MW)."", ""All 14 labeling functions abstained due to lack of spatial context."", ""XGBoost also abstained: its most probable class was 'unclassified' (100.0%), meaning no specific class met the evidence threshold."", ""Decision [uncertain]: classified as unknown requiring ground review.""]",4,uncertain,0.0,0.9998,unclassified,0.0
201,15.17321,76.65722,1.52,298.31,2026-09-02,,25.517,28.418,999.0,999.0,17.133,22.459,unclassified,0.0,0.9997,low,uncertain,False,False,True,Both rule engine and ML model have insufficient evidence.,unclassified,0,unclassified,0.9997,0.0,"[""Low-intensity thermal source (FRP: 1.5 MW)."", ""All 14 labeling functions abstained due to lack of spatial context."", ""XGBoost also abstained: its most probable class was 'unclassified' (100.0%), meaning no specific class met the evidence threshold."", ""Decision [uncertain]: classified as unknown requiring ground review.""]",4,uncertain,0.0,0.9997,unclassified,0.0
202,15.17359,76.65408,1.23,300.96,2026-09-02,,25.251,28.137,999.0,999.0,16.793,22.763,unclassified,0.0,0.9996,low,uncertain,False,False,True,Both rule engine and ML model have insufficient evidence.,unclassified,0,unclassified,0.9996,0.0,"[""Low-intensity thermal source (FRP: 1.2 MW)."", ""All 14 labeling functions abstained due to lack of spatial context."", ""XGBoost also abstained: its most probable class was 'unclassified' (100.0%), meaning no specific class met the evidence threshold."", ""Decision [uncertain]: classified as unknown requiring ground review.""]",4,uncertain,0.0,0.9996,unclassified,0.0
203,15.17838,76.65782,1.94,304.14,2026-09-02,,25.157,28.093,999.0,999.0,17.105,22.213,unclassified,0.0,0.9994,low,uncertain,False,False,True,Both rule engine and ML model have insufficient evidence.,unclassified,0,unclassified,0.9994,0.0,"[""Low-intensity thermal source (FRP: 1.9 MW)."", ""All 14 labeling functions abstained due to lack of spatial context."", ""XGBoost also abstained: its most probable class was 'unclassified' (99.9%), meaning no specific class met the evidence threshold."", ""Decision [uncertain]: classified as unknown requiring ground review.""]",4,uncertain,0.0,0.9994,unclassified,0.0
204,15.17876,76.65467,1.51,303.64,2026-09-02,,24.887,27.807,999.0,999.0,16.765,22.522,unclassified,0.0,0.9997,low,uncertain,False,False,True,Both rule engine and ML model have insufficient evidence.,unclassified,0,unclassified,0.9997,0.0,"[""Low-intensity thermal source (FRP: 1.5 MW)."", ""All 14 labeling functions abstained due to lack of spatial context."", ""XGBoost also abstained: its most probable class was 'unclassified' (100.0%), meaning no specific class met the evidence threshold."", ""Decision [uncertain]: classified as unknown requiring ground review.""]",4,uncertain,0.0,0.9997,unclassified,0.0
205,15.18241,76.66785,2.21,303.1,2026-09-02,,25.637,999.0,999.0,999.0,18.118,21.051,unclassified,0.0,0.9978,low,uncertain,False,False,True,Both rule engine and ML model have insufficient evidence.,unclassified,0,unclassified,0.9978,0.0,"[""Low-intensity thermal source (FRP: 2.2 MW)."", ""All 14 labeling functions abstained due to lack of spatial context."", ""XGBoost also abstained: its most probable class was 'unclassified' (99.8%), meaning no specific class met the evidence threshold."", ""Decision [uncertain]: classified as unknown requiring ground review.""]",4,uncertain,0.0,0.9978,unclassified,0.0
206,15.78634,80.24809,1.63,304.51,2026-09-02,,999.0,999.0,999.0,999.0,999.0,15.586,unclassified,0.0,0.9964,low,uncertain,False,False,True,Both rule engine and ML model have insufficient evidence.,unclassified,0,unclassified,0.9964,0.0,"[""Low-intensity thermal source (FRP: 1.6 MW)."", ""All 14 labeling functions abstained due to lack of spatial context."", ""XGBoost also abstained: its most probable class was 'unclassified' (99.6%), meaning no specific class met the evidence threshold."", ""Decision [uncertain]: classified as unknown requiring ground review.""]",4,uncertain,0.0,0.9964,unclassified,0.0
207,17.60491,83.19991,1.14,295.25,2026-09-02,,6.45,17.582,999.0,11.006,999.0,0.437,unclassified,0.0,0.9929,low,uncertain,False,False,True,Both rule engine and ML model have insufficient evidence.,unclassified,0,unclassified,0.9929,0.0,"[""Low-intensity thermal source (FRP: 1.1 MW)."", ""Industrial infrastructure within 0.46 km."", ""All 14 labeling functions abstained due to lack of spatial context."", ""XGBoost also abstained: its most probable class was 'unclassified' (99.3%), meaning no specific class met the evidence threshold."", ""Decision [uncertain]: classified as unknown requiring ground review.""]",5,uncertain,0.0,0.9929,unclassified,0.0
208,17.60785,83.20464,0.82,298.93,2026-09-02,,6.779,17.226,999.0,10.499,999.0,1.002,unclassified,0.0,0.9888,low,uncertain,False,False,True,Both rule engine and ML model have insufficient evidence.,unclassified,0,unclassified,0.9888,0.0,"[""Low-intensity thermal source (FRP: 0.8 MW)."", ""Industrial infrastructure within 0.16 km."", ""All 14 labeling functions abstained due to lack of spatial context."", ""XGBoost also abstained: its most probable class was 'unclassified' (98.9%), meaning no specific class met the evidence threshold."", ""Decision [uncertain]: classified as unknown requiring ground review.""]",5,uncertain,0.0,0.9888,unclassified,0.0
209,17.61139,83.20518,1.06,299.79,2026-09-02,,6.7,16.831,999.0,10.117,999.0,1.245,unclassified,0.0,0.9907,low,uncertain,False,False,True,Both rule engine and ML model have insufficient evidence.,unclassified,0,unclassified,0.9907,0.0,"[""Low-intensity thermal source (FRP: 1.1 MW)."", ""Industrial infrastructure within 0.55 km."", ""All 14 labeling functions abstained due to lack of spatial context."", ""XGBoost also abstained: its most probable class was 'unclassified' (99.1%), meaning no specific class met the evidence threshold."", ""Decision [uncertain]: classified as unknown requiring ground review.""]",5,uncertain,0.0,0.9907,unclassified,0.0
210,18.68321,73.04121,3.91,301.76,2026-09-02,,22.0,25.009,999.0,999.0,999.0,999.0,unclassified,0.0,0.9993,low,uncertain,False,False,True,Both rule engine and ML model have insufficient evidence.,unclassified,0,unclassified,0.9993,0.0,"[""Low-intensity thermal source (FRP: 3.9 MW)."", ""All 14 labeling functions abstained due to lack of spatial context."", ""XGBoost also abstained: its most probable class was 'unclassified' (99.9%), meaning no specific class met the evidence threshold."", ""Decision [uncertain]: classified as unknown requiring ground review.""]",4,uncertain,0.0,0.9993,unclassified,0.0
211,18.68376,73.03494,2.69,307.43,2026-09-02,,22.099,24.623,999.0,999.0,999.0,999.0,unclassified,0.0,0.9993,low,uncertain,False,False,True,Both rule engine and ML model have insufficient evidence.,unclassified,0,unclassified,0.9993,0.0,"[""Low-intensity thermal source (FRP: 2.7 MW)."", ""All 14 labeling functions abstained due to lack of spatial context."", ""XGBoost also abstained: its most probable class was 'unclassified' (99.9%), meaning no specific class met the evidence threshold."", ""Decision [uncertain]: classified as unknown requiring ground review.""]",4,uncertain,0.0,0.9993,unclassified,0.0
212,18.6843,73.02866,2.69,303.48,2026-09-02,,21.807,24.251,999.0,999.0,999.0,999.0,unclassified,0.0,0.9993,low,uncertain,False,False,True,Both rule engine and ML model have insufficient evidence.,unclassified,0,unclassified,0.9993,0.0,"[""Low-intensity thermal source (FRP: 2.7 MW)."", ""All 14 labeling functions abstained due to lack of spatial context."", ""XGBoost also abstained: its most probable class was 'unclassified' (99.9%), meaning no specific class met the evidence threshold."", ""Decision [uncertain]: classified as unknown requiring ground review.""]",4,uncertain,0.0,0.9993,unclassified,0.0
213,21.16249,72.6673,1.98,304.69,2026-09-02,,999.0,4.465,8.67,999.0,999.0,0.668,unclassified,0.0,0.9907,low,uncertain,False,False,True,Both rule engine and ML model have insufficient evidence.,unclassified,0,unclassified,0.9907,0.0,"[""Low-intensity thermal source (FRP: 2.0 MW)."", ""Industrial infrastructure within 0.47 km."", ""Agricultural land within 4.5 km."", ""All 14 labeling functions abstained due to lack of spatial context."", ""XGBoost also abstained: its most probable class was 'unclassified' (99.1%), meaning no specific class met the evidence threshold."", ""Decision [uncertain]: classified as unknown requiring ground review.""]",6,uncertain,0.0,0.9907,unclassified,0.0
214,21.1658,72.66228,1.54,301.64,2026-09-02,,999.0,4.351,8.716,999.0,999.0,0.032,unclassified,0.0,0.9896,low,uncertain,False,False,True,Both rule engine and ML model have insufficient evidence.,unclassified,0,unclassified,0.9896,0.0,"[""Low-intensity thermal source (FRP: 1.5 MW)."", ""Industrial infrastructure within 0.37 km."", ""Agricultural land within 4.4 km."", ""All 14 labeling functions abstained due to lack of spatial context."", ""XGBoost also abstained: its most probable class was 'unclassified' (99.0%), meaning no specific class met the evidence threshold."", ""Decision [uncertain]: classified as unknown requiring ground review.""]",6,uncertain,0.0,0.9896,unclassified,0.0
215,7.47998,81.08479,2.11,311.65,2026-09-02,,999.0,999.0,999.0,999.0,999.0,999.0,unclassified,0.0,0.9996,low,uncertain,False,False,True,Both rule engine and ML model have insufficient evidence.,unclassified,0,unclassified,0.9996,0.0,"[""Low-intensity thermal source (FRP: 2.1 MW)."", ""All 14 labeling functions abstained due to lack of spatial context."", ""XGBoost also abstained: its most probable class was 'unclassified' (100.0%), meaning no specific class met the evidence threshold."", ""Decision [uncertain]: classified as unknown requiring ground review.""]",4,uncertain,0.0,0.9996,unclassified,0.0
216,7.5548,81.30308,3.47,323.29,2026-09-02,,999.0,999.0,999.0,999.0,999.0,999.0,unclassified,0.0,0.9997,low,uncertain,False,False,True,Both rule engine and ML model have insufficient evidence.,unclassified,0,unclassified,0.9997,0.0,"[""Low-intensity thermal source (FRP: 3.5 MW)."", ""All 14 labeling functions abstained due to lack of spatial context."", ""XGBoost also abstained: its most probable class was 'unclassified' (100.0%), meaning no specific class met the evidence threshold."", ""Decision [uncertain]: classified as unknown requiring ground review.""]",4,uncertain,0.0,0.9997,unclassified,0.0
217,7.55889,81.2997,1.3,309.37,2026-09-02,,999.0,999.0,999.0,999.0,999.0,999.0,unclassified,0.0,0.9997,low,uncertain,False,False,True,Both rule engine and ML model have insufficient evidence.,unclassified,0,unclassified,0.9997,0.0,"[""Low-intensity thermal source (FRP: 1.3 MW)."", ""All 14 labeling functions abstained due to lack of spatial context."", ""XGBoost also abstained: its most probable class was 'unclassified' (100.0%), meaning no specific class met the evidence threshold."", ""Decision [uncertain]: classified as unknown requiring ground review.""]",4,uncertain,0.0,0.9997,unclassified,0.0
218,7.76356,80.32153,1.7,306.91,2026-09-02,,999.0,999.0,999.0,999.0,999.0,999.0,unclassified,0.0,0.9998,low,uncertain,False,False,True,Both rule engine and ML model have insufficient evidence.,unclassified,0,unclassified,0.9998,0.0,"[""Low-intensity thermal source (FRP: 1.7 MW)."", ""All 14 labeling functions abstained due to lack of spatial context."", ""XGBoost also abstained: its most probable class was 'unclassified' (100.0%), meaning no specific class met the evidence threshold."", ""Decision [uncertain]: classified as unknown requiring ground review.""]",4,uncertain,0.0,0.9998,unclassified,0.0
219,7.96894,79.79425,3.02,308.78,2026-09-02,,999.0,999.0,999.0,999.0,999.0,999.0,unclassified,0.0,0.9995,low,uncertain,False,False,True,Both rule engine and ML model have insufficient evidence.,unclassified,0,unclassified,0.9995,0.0,"[""Low-intensity thermal source (FRP: 3.0 MW)."", ""All 14 labeling functions abstained due to lack of spatial context."", ""XGBoost also abstained: its most probable class was 'unclassified' (100.0%), meaning no specific class met the evidence threshold."", ""Decision [uncertain]: classified as unknown requiring ground review.""]",4,uncertain,0.0,0.9995,unclassified,0.0
220,7.97252,80.73882,2.91,321.51,2026-09-02,,999.0,999.0,999.0,999.0,999.0,999.0,unclassified,0.0,0.9996,low,uncertain,False,False,True,Both rule engine and ML model have insufficient evidence.,unclassified,0,unclassified,0.9996,0.0,"[""Low-intensity thermal source (FRP: 2.9 MW)."", ""All 14 labeling functions abstained due to lack of spatial context."", ""XGBoost also abstained: its most probable class was 'unclassified' (100.0%), meaning no specific class met the evidence threshold."", ""Decision [uncertain]: classified as unknown requiring ground review.""]",4,uncertain,0.0,0.9996,unclassified,0.0
221,8.01085,81.28994,1.23,306.92,2026-09-02,,999.0,999.0,999.0,999.0,999.0,999.0,unclassified,0.0,0.9997,low,uncertain,False,False,True,Both rule engine and ML model have insufficient evidence.,unclassified,0,unclassified,0.9997,0.0,"[""Low-intensity thermal source (FRP: 1.2 MW)."", ""All 14 labeling functions abstained due to lack of spatial context."", ""XGBoost also abstained: its most probable class was 'unclassified' (100.0%), meaning no specific class met the evidence threshold."", ""Decision [uncertain]: classified as unknown requiring ground review.""]",4,uncertain,0.0,0.9997,unclassified,0.0
222,8.08357,80.79222,6.49,328.17,2026-09-02,,999.0,999.0,999.0,999.0,999.0,999.0,unclassified,0.0,0.9997,low,uncertain,False,False,True,Both rule engine and ML model have insufficient evidence.,unclassified,0,unclassified,0.9997,0.0,"[""Moderate thermal signature (FRP: 6.5 MW)."", ""All 14 labeling functions abstained due to lack of spatial context."", ""XGBoost also abstained: its most probable class was 'unclassified' (100.0%), meaning no specific class met the evidence threshold."", ""Decision [uncertain]: classified as unknown requiring ground review.""]",4,uncertain,0.0,0.9997,unclassified,0.0
223,8.08421,80.78805,6.49,330.49,2026-09-02,,999.0,999.0,999.0,999.0,999.0,999.0,unclassified,0.0,0.9997,low,uncertain,False,False,True,Both rule engine and ML model have insufficient evidence.,unclassified,0,unclassified,0.9997,0.0,"[""Moderate thermal signature (FRP: 6.5 MW)."", ""All 14 labeling functions abstained due to lack of spatial context."", ""XGBoost also abstained: its most probable class was 'unclassified' (100.0%), meaning no specific class met the evidence threshold."", ""Decision [uncertain]: classified as unknown requiring ground review.""]",4,uncertain,0.0,0.9997,unclassified,0.0
224,8.35069,80.99633,0.44,308.39,2026-09-02,,999.0,999.0,999.0,999.0,999.0,999.0,unclassified,0.0,0.9997,low,uncertain,False,False,True,Both rule engine and ML model have insufficient evidence.,unclassified,0,unclassified,0.9997,0.0,"[""Low-intensity thermal source (FRP: 0.4 MW)."", ""All 14 labeling functions abstained due to lack of spatial context."", ""XGBoost also abstained: its most probable class was 'unclassified' (100.0%), meaning no specific class met the evidence threshold."", ""Decision [uncertain]: classified as unknown requiring ground review.""]",4,uncertain,0.0,0.9997,unclassified,0.0
225,9.55174,77.51925,0.75,300.72,2026-09-02,,999.0,999.0,999.0,999.0,999.0,999.0,unclassified,0.0,0.9997,low,uncertain,False,False,True,Both rule engine and ML model have insufficient evidence.,unclassified,0,unclassified,0.9997,0.0,"[""Low-intensity thermal source (FRP: 0.8 MW)."", ""All 14 labeling functions abstained due to lack of spatial context."", ""XGBoost also abstained: its most probable class was 'unclassified' (100.0%), meaning no specific class met the evidence threshold."", ""Decision [uncertain]: classified as unknown requiring ground review.""]",4,uncertain,0.0,0.9997,unclassified,0.0
226,9.55315,77.52262,2.59,321.0,2026-09-02,,999.0,999.0,999.0,999.0,999.0,999.0,unclassified,0.0,0.9985,low,uncertain,False,False,True,Both rule engine and ML model have insufficient evidence.,unclassified,0,unclassified,0.9985,0.0,"[""Low-intensity thermal source (FRP: 2.6 MW)."", ""All 14 labeling functions abstained due to lack of spatial context."", ""XGBoost also abstained: its most probable class was 'unclassified' (99.8%), meaning no specific class met the evidence threshold."", ""Decision [uncertain]: classified as unknown requiring ground review.""]",4,uncertain,0.0,0.9985,unclassified,0.0
227,9.55481,77.51051,0.75,305.7,2026-09-02,,999.0,999.0,999.0,999.0,999.0,999.0,unclassified,0.0,0.9997,low,uncertain,False,False,True,Both rule engine and ML model have insufficient evidence.,unclassified,0,unclassified,0.9997,0.0,"[""Low-intensity thermal source (FRP: 0.8 MW)."", ""All 14 labeling functions abstained due to lack of spatial context."", ""XGBoost also abstained: its most probable class was 'unclassified' (100.0%), meaning no specific class met the evidence threshold."", ""Decision [uncertain]: classified as unknown requiring ground review.""]",4,uncertain,0.0,0.9997,unclassified,0.0
228,9.55874,77.51527,2.55,299.36,2026-09-02,,999.0,999.0,999.0,999.0,999.0,999.0,unclassified,0.0,0.999,low,uncertain,False,False,True,Both rule engine and ML model have insufficient evidence.,unclassified,0,unclassified,0.999,0.0,"[""Low-intensity thermal source (FRP: 2.5 MW)."", ""All 14 labeling functions abstained due to lack of spatial context."", ""XGBoost also abstained: its most probable class was 'unclassified' (99.9%), meaning no specific class met the evidence threshold."", ""Decision [uncertain]: classified as unknown requiring ground review.""]",4,uncertain,0.0,0.999,unclassified,0.0
229,9.55933,77.5109,0.75,299.08,2026-09-02,,999.0,999.0,999.0,999.0,999.0,999.0,unclassified,0.0,0.9997,low,uncertain,False,False,True,Both rule engine and ML model have insufficient evidence.,unclassified,0,unclassified,0.9997,0.0,"[""Low-intensity thermal source (FRP: 0.8 MW)."", ""All 14 labeling functions abstained due to lack of spatial context."", ""XGBoost also abstained: its most probable class was 'unclassified' (100.0%), meaning no specific class met the evidence threshold."", ""Decision [uncertain]: classified as unknown requiring ground review.""]",4,uncertain,0.0,0.9997,unclassified,0.0
230,9.56071,77.53418,2.32,314.02,2026-09-02,,999.0,999.0,999.0,999.0,999.0,999.0,unclassified,0.0,0.9985,low,uncertain,False,False,True,Both rule engine and ML model have insufficient evidence.,unclassified,0,unclassified,0.9985,0.0,"[""Low-intensity thermal source (FRP: 2.3 MW)."", ""All 14 labeling functions abstained due to lack of spatial context."", ""XGBoost also abstained: its most probable class was 'unclassified' (99.8%), meaning no specific class met the evidence threshold."", ""Decision [uncertain]: classified as unknown requiring ground review.""]",4,uncertain,0.0,0.9985,unclassified,0.0
231,9.56267,77.52,2.11,312.46,2026-09-02,,999.0,999.0,999.0,999.0,999.0,999.0,unclassified,0.0,0.999,low,uncertain,False,False,True,Both rule engine and ML model have insufficient evidence.,unclassified,0,unclassified,0.999,0.0,"[""Low-intensity thermal source (FRP: 2.1 MW)."", ""All 14 labeling functions abstained due to lack of spatial context."", ""XGBoost also abstained: its most probable class was 'unclassified' (99.9%), meaning no specific class met the evidence threshold."", ""Decision [uncertain]: classified as unknown requiring ground review.""]",4,uncertain,0.0,0.999,unclassified,0.0
232,11.17563,79.08776,0.63,304.65,2026-09-02,,19.991,999.0,999.0,999.0,999.0,999.0,unclassified,0.0,0.9998,low,uncertain,False,False,True,Both rule engine and ML model have insufficient evidence.,unclassified,0,unclassified,0.9998,0.0,"[""Low-intensity thermal source (FRP: 0.6 MW)."", ""All 14 labeling functions abstained due to lack of spatial context."", ""XGBoost also abstained: its most probable class was 'unclassified' (100.0%), meaning no specific class met the evidence threshold."", ""Decision [uncertain]: classified as unknown requiring ground review.""]",4,uncertain,0.0,0.9998,unclassified,0.0
233,11.59482,77.264,1.73,308.29,2026-09-02,,999.0,999.0,999.0,999.0,999.0,999.0,unclassified,0.0,0.9997,low,uncertain,False,False,True,Both rule engine and ML model have insufficient evidence.,unclassified,0,unclassified,0.9997,0.0,"[""Low-intensity thermal source (FRP: 1.7 MW)."", ""All 14 labeling functions abstained due to lack of spatial context."", ""XGBoost also abstained: its most probable class was 'unclassified' (100.0%), meaning no specific class met the evidence threshold."", ""Decision [uncertain]: classified as unknown requiring ground review.""]",4,uncertain,0.0,0.9997,unclassified,0.0
234,11.59569,77.25757,1.73,301.79,2026-09-02,,999.0,999.0,999.0,999.0,999.0,999.0,unclassified,0.0,0.9997,low,uncertain,False,False,True,Both rule engine and ML model have insufficient evidence.,unclassified,0,unclassified,0.9997,0.0,"[""Low-intensity thermal source (FRP: 1.7 MW)."", ""All 14 labeling functions abstained due to lack of spatial context."", ""XGBoost also abstained: its most probable class was 'unclassified' (100.0%), meaning no specific class met the evidence threshold."", ""Decision [uncertain]: classified as unknown requiring ground review.""]",4,uncertain,0.0,0.9997,unclassified,0.0
235,11.80807,77.92142,2.3,313.58,2026-09-02,,999.0,999.0,999.0,999.0,999.0,999.0,unclassified,0.0,0.9988,low,uncertain,False,False,True,Both rule engine and ML model have insufficient evidence.,unclassified,0,unclassified,0.9988,0.0,"[""Low-intensity thermal source (FRP: 2.3 MW)."", ""All 14 labeling functions abstained due to lack of spatial context."", ""XGBoost also abstained: its most probable class was 'unclassified' (99.9%), meaning no specific class met the evidence threshold."", ""Decision [uncertain]: classified as unknown requiring ground review.""]",4,uncertain,0.0,0.9988,unclassified,0.0
236,12.84852,79.90374,4.0,334.6,2026-09-02,,9.937,999.0,999.0,999.0,999.0,5.602,industrial_fire,0.99,0.9636,high,hybrid_agreement,True,False,False,,industrial_fire,2,industrial_fire,0.9636,99.0,"[""Low-intensity thermal source (FRP: 4.0 MW)."", ""Industrial infrastructure within 1.3 km."", ""2 labeling function(s) voted 'industrial_fire' (lf_factory_proximity_thermal, lf_nighttime_process_heat)."", ""XGBoost predicted 'industrial_fire' with 96.4% probability."", ""Decision [hybrid_agreement]: independent rule evidence and ML agree on 'industrial_fire' — status confirmed.""]",5,confirmed,0.99,0.9636,industrial_fire,2.0
237,12.85253,79.90434,5.36,343.13,2026-09-02,,10.069,999.0,999.0,999.0,999.0,5.578,industrial_fire,0.99,0.986,high,hybrid_agreement,True,False,False,,industrial_fire,5,industrial_fire,0.986,99.0,"[""Moderate thermal signature (FRP: 5.4 MW)."", ""Industrial infrastructure within 1.8 km."", ""5 labeling function(s) voted 'industrial_fire' (lf_industry_high_frp, lf_factory_proximity_thermal, lf_industrial_zone_cluster, lf_forest_vegetation_fire, lf_nighttime_process_heat)."", ""XGBoost predicted 'industrial_fire' with 98.6% probability."", ""Decision [hybrid_agreement]: independent rule evidence and ML agree on 'industrial_fire' — status confirmed.""]",5,confirmed,0.99,0.986,industrial_fire,5.0
238,13.09088,79.98233,0.52,304.44,2026-09-02,,21.914,18.712,999.0,999.0,24.387,13.26,unclassified,0.0,0.9987,low,uncertain,False,False,True,Both rule engine and ML model have insufficient evidence.,unclassified,0,unclassified,0.9987,0.0,"[""Low-intensity thermal source (FRP: 0.5 MW)."", ""Industrial infrastructure within 1.2 km."", ""All 14 labeling functions abstained due to lack of spatial context."", ""XGBoost also abstained: its most probable class was 'unclassified' (99.9%), meaning no specific class met the evidence threshold."", ""Decision [uncertain]: classified as unknown requiring ground review.""]",5,uncertain,0.0,0.9987,unclassified,0.0
239,6.3556,80.89746,2.06,304.67,2026-09-02,,999.0,999.0,999.0,999.0,999.0,999.0,unclassified,0.0,0.9996,low,uncertain,False,False,True,Both rule engine and ML model have insufficient evidence.,unclassified,0,unclassified,0.9996,0.0,"[""Low-intensity thermal source (FRP: 2.1 MW)."", ""All 14 labeling functions abstained due to lack of spatial context."", ""XGBoost also abstained: its most probable class was 'unclassified' (100.0%), meaning no specific class met the evidence threshold."", ""Decision [uncertain]: classified as unknown requiring ground review.""]",4,uncertain,0.0,0.9996,unclassified,0.0
240,6.35586,80.89634,1.69,309.53,2026-09-02,,999.0,999.0,999.0,999.0,999.0,999.0,unclassified,0.0,0.9998,low,uncertain,False,False,True,Both rule engine and ML model have insufficient evidence.,unclassified,0,unclassified,0.9998,0.0,"[""Low-intensity thermal source (FRP: 1.7 MW)."", ""All 14 labeling functions abstained due to lack of spatial context."", ""XGBoost also abstained: its most probable class was 'unclassified' (100.0%), meaning no specific class met the evidence threshold."", ""Decision [uncertain]: classified as unknown requiring ground review.""]",4,uncertain,0.0,0.9998,unclassified,0.0
241,6.35938,80.89688,1.33,309.14,2026-09-02,,999.0,999.0,999.0,999.0,999.0,999.0,unclassified,0.0,0.9997,low,uncertain,False,False,True,Both rule engine and ML model have insufficient evidence.,unclassified,0,unclassified,0.9997,0.0,"[""Low-intensity thermal source (FRP: 1.3 MW)."", ""All 14 labeling functions abstained due to lack of spatial context."", ""XGBoost also abstained: its most probable class was 'unclassified' (100.0%), meaning no specific class met the evidence threshold."", ""Decision [uncertain]: classified as unknown requiring ground review.""]",4,uncertain,0.0,0.9997,unclassified,0.0
242,6.60946,81.25787,4.13,336.98,2026-09-02,,999.0,999.0,999.0,999.0,999.0,999.0,unclassified,0.0,0.9998,low,uncertain,False,False,True,Both rule engine and ML model have insufficient evidence.,unclassified,0,unclassified,0.9998,0.0,"[""Low-intensity thermal source (FRP: 4.1 MW)."", ""All 14 labeling functions abstained due to lack of spatial context."", ""XGBoost also abstained: its most probable class was 'unclassified' (100.0%), meaning no specific class met the evidence threshold."", ""Decision [uncertain]: classified as unknown requiring ground review.""]",4,uncertain,0.0,0.9998,unclassified,0.0
243,6.73874,80.70068,0.37,300.53,2026-09-02,,999.0,999.0,999.0,999.0,999.0,999.0,unclassified,0.0,0.9997,low,uncertain,False,False,True,Both rule engine and ML model have insufficient evidence.,unclassified,0,unclassified,0.9997,0.0,"[""Low-intensity thermal source (FRP: 0.4 MW)."", ""All 14 labeling functions abstained due to lack of spatial context."", ""XGBoost also abstained: its most probable class was 'unclassified' (100.0%), meaning no specific class met the evidence threshold."", ""Decision [uncertain]: classified as unknown requiring ground review.""]",4,uncertain,0.0,0.9997,unclassified,0.0
244,6.77251,80.99814,1.18,303.55,2026-09-02,,999.0,999.0,999.0,999.0,999.0,999.0,unclassified,0.0,0.9996,low,uncertain,False,False,True,Both rule engine and ML model have insufficient evidence.,unclassified,0,unclassified,0.9996,0.0,"[""Low-intensity thermal source (FRP: 1.2 MW)."", ""All 14 labeling functions abstained due to lack of spatial context."", ""XGBoost also abstained: its most probable class was 'unclassified' (100.0%), meaning no specific class met the evidence threshold."", ""Decision [uncertain]: classified as unknown requiring ground review.""]",4,uncertain,0.0,0.9996,unclassified,0.0
245,6.79936,81.55991,0.61,306.69,2026-09-02,,999.0,999.0,999.0,999.0,999.0,999.0,unclassified,0.0,0.9997,low,uncertain,False,False,True,Both rule engine and ML model have insufficient evidence.,unclassified,0,unclassified,0.9997,0.0,"[""Low-intensity thermal source (FRP: 0.6 MW)."", ""All 14 labeling functions abstained due to lack of spatial context."", ""XGBoost also abstained: its most probable class was 'unclassified' (100.0%), meaning no specific class met the evidence threshold."", ""Decision [uncertain]: classified as unknown requiring ground review.""]",4,uncertain,0.0,0.9997,unclassified,0.0
246,6.85798,80.95795,0.78,299.78,2026-09-02,,999.0,999.0,999.0,999.0,999.0,999.0,unclassified,0.0,0.9997,low,uncertain,False,False,True,Both rule engine and ML model have insufficient evidence.,unclassified,0,unclassified,0.9997,0.0,"[""Low-intensity thermal source (FRP: 0.8 MW)."", ""All 14 labeling functions abstained due to lack of spatial context."", ""XGBoost also abstained: its most probable class was 'unclassified' (100.0%), meaning no specific class met the evidence threshold."", ""Decision [uncertain]: classified as unknown requiring ground review.""]",4,uncertain,0.0,0.9997,unclassified,0.0
247,6.97714,80.86381,0.61,302.77,2026-09-02,,999.0,999.0,999.0,999.0,999.0,999.0,unclassified,0.0,0.9998,low,uncertain,False,False,True,Both rule engine and ML model have insufficient evidence.,unclassified,0,unclassified,0.9998,0.0,"[""Low-intensity thermal source (FRP: 0.6 MW)."", ""All 14 labeling functions abstained due to lack of spatial context."", ""XGBoost also abstained: its most probable class was 'unclassified' (100.0%), meaning no specific class met the evidence threshold."", ""Decision [uncertain]: classified as unknown requiring ground review.""]",4,uncertain,0.0,0.9998,unclassified,0.0
248,31.3686,76.35826,0.62,302.36,2026-09-02,,1.07,999.0,999.0,999.0,999.0,999.0,unclassified,0.0,0.9989,low,uncertain,False,False,True,Both rule engine and ML model have insufficient evidence.,unclassified,0,unclassified,0.9989,0.0,"[""Low-intensity thermal source (FRP: 0.6 MW)."", ""Forest cover within 1.1 km."", ""All 14 labeling functions abstained due to lack of spatial context."", ""XGBoost also abstained: its most probable class was 'unclassified' (99.9%), meaning no specific class met the evidence threshold."", ""Decision [uncertain]: classified as unknown requiring ground review.""]",5,uncertain,0.0,0.9989,unclassified,0.0
249,33.29454,71.18691,1.12,307.08,2026-09-02,,999.0,999.0,999.0,999.0,999.0,999.0,unclassified,0.0,0.9997,low,uncertain,False,False,True,Both rule engine and ML model have insufficient evidence.,unclassified,0,unclassified,0.9997,0.0,"[""Low-intensity thermal source (FRP: 1.1 MW)."", ""All 14 labeling functions abstained due to lack of spatial context."", ""XGBoost also abstained: its most probable class was 'unclassified' (100.0%), meaning no specific class met the evidence threshold."", ""Decision [uncertain]: classified as unknown requiring ground review.""]",4,uncertain,0.0,0.9997,unclassified,0.0
250,33.29733,71.18526,0.66,306.32,2026-09-02,,999.0,999.0,999.0,999.0,999.0,999.0,unclassified,0.0,0.9997,low,uncertain,False,False,True,Both rule engine and ML model have insufficient evidence.,unclassified,0,unclassified,0.9997,0.0,"[""Low-intensity thermal source (FRP: 0.7 MW)."", ""All 14 labeling functions abstained due to lack of spatial context."", ""XGBoost also abstained: its most probable class was 'unclassified' (100.0%), meaning no specific class met the evidence threshold."", ""Decision [uncertain]: classified as unknown requiring ground review.""]",4,uncertain,0.0,0.9997,unclassified,0.0
251,35.70838,73.66257,0.87,297.97,2026-09-02,,999.0,999.0,999.0,999.0,999.0,999.0,unclassified,0.0,0.9997,low,uncertain,False,False,True,Both rule engine and ML model have insufficient evidence.,unclassified,0,unclassified,0.9997,0.0,"[""Low-intensity thermal source (FRP: 0.9 MW)."", ""All 14 labeling functions abstained due to lack of spatial context."", ""XGBoost also abstained: its most probable class was 'unclassified' (100.0%), meaning no specific class met the evidence threshold."", ""Decision [uncertain]: classified as unknown requiring ground review.""]",4,uncertain,0.0,0.9997,unclassified,0.0
252,24.82198,73.09294,0.64,304.11,2026-09-02,,999.0,999.0,999.0,999.0,999.0,15.961,unclassified,0.0,0.9969,low,uncertain,False,False,True,Both rule engine and ML model have insufficient evidence.,unclassified,0,unclassified,0.9969,0.0,"[""Low-intensity thermal source (FRP: 0.6 MW)."", ""All 14 labeling functions abstained due to lack of spatial context."", ""XGBoost also abstained: its most probable class was 'unclassified' (99.7%), meaning no specific class met the evidence threshold."", ""Decision [uncertain]: classified as unknown requiring ground review.""]",4,uncertain,0.0,0.9969,unclassified,0.0
253,25.38768,68.58337,2.03,321.46,2026-09-02,,999.0,999.0,999.0,999.0,999.0,999.0,unclassified,0.0,0.9997,low,uncertain,False,False,True,Both rule engine and ML model have insufficient evidence.,unclassified,0,unclassified,0.9997,0.0,"[""Low-intensity thermal source (FRP: 2.0 MW)."", ""All 14 labeling functions abstained due to lack of spatial context."", ""XGBoost also abstained: its most probable class was 'unclassified' (100.0%), meaning no specific class met the evidence threshold."", ""Decision [uncertain]: classified as unknown requiring ground review.""]",4,uncertain,0.0,0.9997,unclassified,0.0
254,25.38928,68.58535,1.52,314.02,2026-09-02,,999.0,999.0,999.0,999.0,999.0,999.0,unclassified,0.0,0.9997,low,uncertain,False,False,True,Both rule engine and ML model have insufficient evidence.,unclassified,0,unclassified,0.9997,0.0,"[""Low-intensity thermal source (FRP: 1.5 MW)."", ""All 14 labeling functions abstained due to lack of spatial context."", ""XGBoost also abstained: its most probable class was 'unclassified' (100.0%), meaning no specific class met the evidence threshold."", ""Decision [uncertain]: classified as unknown requiring ground review.""]",4,uncertain,0.0,0.9997,unclassified,0.0
255,27.28717,73.83898,0.55,303.91,2026-09-02,,999.0,999.0,999.0,999.0,999.0,999.0,unclassified,0.0,0.9996,low,uncertain,False,False,True,Both rule engine and ML model have insufficient evidence.,unclassified,0,unclassified,0.9996,0.0,"[""Low-intensity thermal source (FRP: 0.6 MW)."", ""All 14 labeling functions abstained due to lack of spatial context."", ""XGBoost also abstained: its most probable class was 'unclassified' (100.0%), meaning no specific class met the evidence threshold."", ""Decision [uncertain]: classified as unknown requiring ground review.""]",4,uncertain,0.0,0.9996,unclassified,0.0
256,28.42361,69.70264,1.7,310.88,2026-09-02,,999.0,999.0,999.0,999.0,999.0,999.0,unclassified,0.0,0.9998,low,uncertain,False,False,True,Both rule engine and ML model have insufficient evidence.,unclassified,0,unclassified,0.9998,0.0,"[""Low-intensity thermal source (FRP: 1.7 MW)."", ""All 14 labeling functions abstained due to lack of spatial context."", ""XGBoost also abstained: its most probable class was 'unclassified' (100.0%), meaning no specific class met the evidence threshold."", ""Decision [uncertain]: classified as unknown requiring ground review.""]",4,uncertain,0.0,0.9998,unclassified,0.0
257,21.10142,72.64466,2.25,307.16,2026-09-02,,999.0,4.037,2.449,999.0,999.0,1.508,unclassified,0.0,0.9664,low,uncertain,False,False,True,Both rule engine and ML model have insufficient evidence.,unclassified,0,unclassified,0.9664,0.0,"[""Low-intensity thermal source (FRP: 2.2 MW)."", ""Industrial infrastructure within 0.94 km."", ""Agricultural land within 4.0 km."", ""All 14 labeling functions abstained due to lack of spatial context."", ""XGBoost also abstained: its most probable class was 'unclassified' (96.6%), meaning no specific class met the evidence threshold."", ""Decision [uncertain]: classified as unknown requiring ground review.""]",6,uncertain,0.0,0.9664,unclassified,0.0
258,21.10334,72.63613,2.34,318.44,2026-09-02,,999.0,3.688,1.663,999.0,999.0,1.845,industrial_fire,0.99,0.947,high,hybrid_agreement,True,False,False,,industrial_fire,3,industrial_fire,0.947,99.0,"[""Low-intensity thermal source (FRP: 2.3 MW)."", ""Industrial infrastructure within 1.1 km."", ""Agricultural land within 3.7 km."", ""3 labeling function(s) voted 'industrial_fire' (lf_factory_proximity_thermal, lf_oil_gas_flare, lf_nighttime_process_heat)."", ""XGBoost predicted 'industrial_fire' with 94.7% probability."", ""Decision [hybrid_agreement]: independent rule evidence and ML agree on 'industrial_fire' — status confirmed.""]",6,confirmed,0.99,0.947,industrial_fire,3.0
259,21.1071,72.64617,7.05,347.86,2026-09-02,,999.0,3.482,2.785,999.0,999.0,1.059,industrial_fire,0.99,0.9972,high,hybrid_agreement,True,False,False,,industrial_fire,4,industrial_fire,0.9972,99.0,"[""Moderate thermal signature (FRP: 7.0 MW)."", ""Industrial infrastructure within 0.40 km."", ""Agricultural land within 3.5 km."", ""4 labeling function(s) voted 'industrial_fire' (lf_industry_high_frp, lf_factory_proximity_thermal, lf_industrial_zone_cluster, lf_nighttime_process_heat)."", ""XGBoost predicted 'industrial_fire' with 99.7% probability."", ""Decision [hybrid_agreement]: independent rule evidence and ML agree on 'industrial_fire' — status confirmed.""]",6,confirmed,0.99,0.9972,industrial_fire,4.0
260,21.10903,72.63763,2.25,307.73,2026-09-02,,999.0,3.068,2.125,999.0,999.0,1.194,unclassified,0.0,0.9258,low,uncertain,False,False,True,Both rule engine and ML model have insufficient evidence.,unclassified,0,unclassified,0.9258,0.0,"[""Low-intensity thermal source (FRP: 2.2 MW)."", ""Industrial infrastructure within 0.64 km."", ""Agricultural land within 3.1 km."", ""All 14 labeling functions abstained due to lack of spatial context."", ""XGBoost also abstained: its most probable class was 'unclassified' (92.6%), meaning no specific class met the evidence threshold."", ""Decision [uncertain]: classified as unknown requiring ground review.""]",6,uncertain,0.0,0.9258,unclassified,0.0
261,6.8226,81.4782,8.35,340.95,2026-09-03,,999.0,999.0,999.0,999.0,999.0,999.0,unclassified,0.0,0.9998,low,uncertain,False,False,True,Both rule engine and ML model have insufficient evidence.,unclassified,0,unclassified,0.9998,0.0,"[""Moderate thermal signature (FRP: 8.3 MW)."", ""All 14 labeling functions abstained due to lack of spatial context."", ""XGBoost also abstained: its most probable class was 'unclassified' (100.0%), meaning no specific class met the evidence threshold."", ""Decision [uncertain]: classified as unknown requiring ground review.""]",4,uncertain,0.0,0.9998,unclassified,0.0
262,6.82737,81.47894,4.66,330.42,2026-09-03,,999.0,999.0,999.0,999.0,999.0,999.0,unclassified,0.0,0.9997,low,uncertain,False,False,True,Both rule engine and ML model have insufficient evidence.,unclassified,0,unclassified,0.9997,0.0,"[""Low-intensity thermal source (FRP: 4.7 MW)."", ""All 14 labeling functions abstained due to lack of spatial context."", ""XGBoost also abstained: its most probable class was 'unclassified' (100.0%), meaning no specific class met the evidence threshold."", ""Decision [uncertain]: classified as unknown requiring ground review.""]",4,uncertain,0.0,0.9997,unclassified,0.0
263,8.94729,80.78709,6.04,333.81,2026-09-03,,999.0,999.0,999.0,999.0,999.0,999.0,unclassified,0.0,0.9988,low,uncertain,False,False,True,Both rule engine and ML model have insufficient evidence.,unclassified,0,unclassified,0.9988,0.0,"[""Moderate thermal signature (FRP: 6.0 MW)."", ""All 14 labeling functions abstained due to lack of spatial context."", ""XGBoost also abstained: its most probable class was 'unclassified' (99.9%), meaning no specific class met the evidence threshold."", ""Decision [uncertain]: classified as unknown requiring ground review.""]",4,uncertain,0.0,0.9988,unclassified,0.0
264,8.94969,80.79314,11.49,336.01,2026-09-03,,999.0,999.0,999.0,999.0,999.0,999.0,unclassified,0.0,0.9991,low,uncertain,False,False,True,Both rule engine and ML model have insufficient evidence.,unclassified,0,unclassified,0.9991,0.0,"[""Moderate thermal signature (FRP: 11.5 MW)."", ""All 14 labeling functions abstained due to lack of spatial context."", ""XGBoost also abstained: its most probable class was 'unclassified' (99.9%), meaning no specific class met the evidence threshold."", ""Decision [uncertain]: classified as unknown requiring ground review.""]",4,uncertain,0.0,0.9991,unclassified,0.0
265,23.80334,86.3283,4.25,329.9,2026-09-03,,11.984,999.0,999.0,999.0,16.895,999.0,forest_natural_fire,0.99,0.9856,high,hybrid_agreement,True,False,False,,forest_natural_fire,1,forest_natural_fire,0.9856,99.0,"[""Low-intensity thermal source (FRP: 4.2 MW)."", ""1 labeling function(s) voted 'forest_natural_fire' (lf_forest_vegetation_fire)."", ""XGBoost predicted 'forest_natural_fire' with 98.6% probability."", ""Decision [hybrid_agreement]: independent rule evidence and ML agree on 'forest_natural_fire' — status confirmed.""]",4,confirmed,0.99,0.9856,forest_natural_fire,1.0
266,26.52341,90.53152,3.17,337.85,2026-09-03,,999.0,999.0,999.0,0.439,999.0,17.857,unclassified,0.0,0.9735,low,uncertain,False,False,True,Both rule engine and ML model have insufficient evidence.,unclassified,0,unclassified,0.9735,0.0,"[""Low-intensity thermal source (FRP: 3.2 MW)."", ""Petroleum/chemical refinery within 0.4 km."", ""All 14 labeling functions abstained due to lack of spatial context."", ""XGBoost also abstained: its most probable class was 'unclassified' (97.3%), meaning no specific class met the evidence threshold."", ""Decision [uncertain]: classified as unknown requiring ground review.""]",5,uncertain,0.0,0.9735,unclassified,0.0
267,26.80206,90.32026,4.05,331.09,2026-09-03,,999.0,999.0,999.0,999.0,999.0,999.0,unclassified,0.0,0.9993,low,uncertain,False,False,True,Both rule engine and ML model have insufficient evidence.,unclassified,0,unclassified,0.9993,0.0,"[""Low-intensity thermal source (FRP: 4.0 MW)."", ""All 14 labeling functions abstained due to lack of spatial context."", ""XGBoost also abstained: its most probable class was 'unclassified' (99.9%), meaning no specific class met the evidence threshold."", ""Decision [uncertain]: classified as unknown requiring ground review.""]",4,uncertain,0.0,0.9993,unclassified,0.0
268,26.88079,92.32764,6.54,335.88,2026-09-03,,999.0,999.0,999.0,999.0,999.0,999.0,unclassified,0.0,0.9995,low,uncertain,False,False,True,Both rule engine and ML model have insufficient evidence.,unclassified,0,unclassified,0.9995,0.0,"[""Moderate thermal signature (FRP: 6.5 MW)."", ""All 14 labeling functions abstained due to lack of spatial context."", ""XGBoost also abstained: its most probable class was 'unclassified' (100.0%), meaning no specific class met the evidence threshold."", ""Decision [uncertain]: classified as unknown requiring ground review.""]",4,uncertain,0.0,0.9995,unclassified,0.0
269,27.37946,95.33263,1.57,333.29,2026-09-03,,6.66,999.0,9.87,999.0,999.0,8.474,industrial_fire,0.99,0.9598,high,hybrid_agreement,True,False,False,,industrial_fire,1,industrial_fire,0.9598,99.0,"[""Low-intensity thermal source (FRP: 1.6 MW)."", ""Industrial infrastructure within 0.27 km."", ""1 labeling function(s) voted 'industrial_fire' (lf_factory_proximity_thermal)."", ""XGBoost predicted 'industrial_fire' with 96.0% probability."", ""Decision [hybrid_agreement]: independent rule evidence and ML agree on 'industrial_fire' — status confirmed.""]",5,confirmed,0.99,0.9598,industrial_fire,1.0
270,27.98586,95.93726,5.03,334.3,2026-09-03,,999.0,999.0,999.0,999.0,999.0,999.0,unclassified,0.0,0.9998,low,uncertain,False,False,True,Both rule engine and ML model have insufficient evidence.,unclassified,0,unclassified,0.9998,0.0,"[""Moderate thermal signature (FRP: 5.0 MW)."", ""All 14 labeling functions abstained due to lack of spatial context."", ""XGBoost also abstained: its most probable class was 'unclassified' (100.0%), meaning no specific class met the evidence threshold."", ""Decision [uncertain]: classified as unknown requiring ground review.""]",4,uncertain,0.0,0.9998,unclassified,0.0
271,27.99035,95.94063,6.05,340.52,2026-09-03,,999.0,999.0,999.0,999.0,999.0,999.0,unclassified,0.0,0.9998,low,uncertain,False,False,True,Both rule engine and ML model have insufficient evidence.,unclassified,0,unclassified,0.9998,0.0,"[""Moderate thermal signature (FRP: 6.0 MW)."", ""All 14 labeling functions abstained due to lack of spatial context."", ""XGBoost also abstained: its most probable class was 'unclassified' (100.0%), meaning no specific class met the evidence threshold."", ""Decision [uncertain]: classified as unknown requiring ground review.""]",4,uncertain,0.0,0.9998,unclassified,0.0
272,28.181,95.66731,5.65,333.32,2026-09-03,,999.0,999.0,999.0,999.0,999.0,999.0,unclassified,0.0,0.9998,low,uncertain,False,False,True,Both rule engine and ML model have insufficient evidence.,unclassified,0,unclassified,0.9998,0.0,"[""Moderate thermal signature (FRP: 5.7 MW)."", ""All 14 labeling functions abstained due to lack of spatial context."", ""XGBoost also abstained: its most probable class was 'unclassified' (100.0%), meaning no specific class met the evidence threshold."", ""Decision [uncertain]: classified as unknown requiring ground review.""]",4,uncertain,0.0,0.9998,unclassified,0.0
273,6.44193,81.0908,6.84,348.26,2026-09-03,,999.0,999.0,999.0,999.0,999.0,999.0,unclassified,0.0,0.9998,low,uncertain,False,False,True,Both rule engine and ML model have insufficient evidence.,unclassified,0,unclassified,0.9998,0.0,"[""Moderate thermal signature (FRP: 6.8 MW)."", ""All 14 labeling functions abstained due to lack of spatial context."", ""XGBoost also abstained: its most probable class was 'unclassified' (100.0%), meaning no specific class met the evidence threshold."", ""Decision [uncertain]: classified as unknown requiring ground review.""]",4,uncertain,0.0,0.9998,unclassified,0.0
274,6.74363,81.52365,4.18,330.37,2026-09-03,,999.0,999.0,999.0,999.0,999.0,999.0,unclassified,0.0,0.9997,low,uncertain,False,False,True,Both rule engine and ML model have insufficient evidence.,unclassified,0,unclassified,0.9997,0.0,"[""Low-intensity thermal source (FRP: 4.2 MW)."", ""All 14 labeling functions abstained due to lack of spatial context."", ""XGBoost also abstained: its most probable class was 'unclassified' (100.0%), meaning no specific class met the evidence threshold."", ""Decision [uncertain]: classified as unknown requiring ground review.""]",4,uncertain,0.0,0.9997,unclassified,0.0
275,6.82773,81.55322,4.08,330.62,2026-09-03,,999.0,999.0,999.0,999.0,999.0,999.0,unclassified,0.0,0.9997,low,uncertain,False,False,True,Both rule engine and ML model have insufficient evidence.,unclassified,0,unclassified,0.9997,0.0,"[""Low-intensity thermal source (FRP: 4.1 MW)."", ""All 14 labeling functions abstained due to lack of spatial context."", ""XGBoost also abstained: its most probable class was 'unclassified' (100.0%), meaning no specific class met the evidence threshold."", ""Decision [uncertain]: classified as unknown requiring ground review.""]",4,uncertain,0.0,0.9997,unclassified,0.0
276,6.82839,81.55818,4.08,337.28,2026-09-03,,999.0,999.0,999.0,999.0,999.0,999.0,unclassified,0.0,0.9998,low,uncertain,False,False,True,Both rule engine and ML model have insufficient evidence.,unclassified,0,unclassified,0.9998,0.0,"[""Low-intensity thermal source (FRP: 4.1 MW)."", ""All 14 labeling functions abstained due to lack of spatial context."", ""XGBoost also abstained: its most probable class was 'unclassified' (100.0%), meaning no specific class met the evidence threshold."", ""Decision [uncertain]: classified as unknown requiring ground review.""]",4,uncertain,0.0,0.9998,unclassified,0.0
277,7.13617,80.9217,10.53,341.43,2026-09-03,,999.0,999.0,999.0,999.0,999.0,999.0,unclassified,0.0,0.9998,low,uncertain,False,False,True,Both rule engine and ML model have insufficient evidence.,unclassified,0,unclassified,0.9998,0.0,"[""Moderate thermal signature (FRP: 10.5 MW)."", ""All 14 labeling functions abstained due to lack of spatial context."", ""XGBoost also abstained: its most probable class was 'unclassified' (100.0%), meaning no specific class met the evidence threshold."", ""Decision [uncertain]: classified as unknown requiring ground review.""]",4,uncertain,0.0,0.9998,unclassified,0.0
278,7.22182,80.83134,4.3,334.52,2026-09-03,,999.0,999.0,999.0,999.0,999.0,999.0,unclassified,0.0,0.9998,low,uncertain,False,False,True,Both rule engine and ML model have insufficient evidence.,unclassified,0,unclassified,0.9998,0.0,"[""Low-intensity thermal source (FRP: 4.3 MW)."", ""All 14 labeling functions abstained due to lack of spatial context."", ""XGBoost also abstained: its most probable class was 'unclassified' (100.0%), meaning no specific class met the evidence threshold."", ""Decision [uncertain]: classified as unknown requiring ground review.""]",4,uncertain,0.0,0.9998,unclassified,0.0
279,7.22432,80.83115,3.97,333.28,2026-09-03,,999.0,999.0,999.0,999.0,999.0,999.0,unclassified,0.0,0.9997,low,uncertain,False,False,True,Both rule engine and ML model have insufficient evidence.,unclassified,0,unclassified,0.9997,0.0,"[""Low-intensity thermal source (FRP: 4.0 MW)."", ""All 14 labeling functions abstained due to lack of spatial context."", ""XGBoost also abstained: its most probable class was 'unclassified' (100.0%), meaning no specific class met the evidence threshold."", ""Decision [uncertain]: classified as unknown requiring ground review.""]",4,uncertain,0.0,0.9997,unclassified,0.0
280,7.32894,81.20289,9.62,339.3,2026-09-03,,999.0,999.0,999.0,999.0,999.0,999.0,unclassified,0.0,0.9998,low,uncertain,False,False,True,Both rule engine and ML model have insufficient evidence.,unclassified,0,unclassified,0.9998,0.0,"[""Moderate thermal signature (FRP: 9.6 MW)."", ""All 14 labeling functions abstained due to lack of spatial context."", ""XGBoost also abstained: its most probable class was 'unclassified' (100.0%), meaning no specific class met the evidence threshold."", ""Decision [uncertain]: classified as unknown requiring ground review.""]",4,uncertain,0.0,0.9998,unclassified,0.0
281,7.36543,81.77074,4.81,334.51,2026-09-03,,999.0,999.0,999.0,999.0,999.0,999.0,unclassified,0.0,0.9998,low,uncertain,False,False,True,Both rule engine and ML model have insufficient evidence.,unclassified,0,unclassified,0.9998,0.0,"[""Low-intensity thermal source (FRP: 4.8 MW)."", ""All 14 labeling functions abstained due to lack of spatial context."", ""XGBoost also abstained: its most probable class was 'unclassified' (100.0%), meaning no specific class met the evidence threshold."", ""Decision [uncertain]: classified as unknown requiring ground review.""]",4,uncertain,0.0,0.9998,unclassified,0.0
282,7.36605,81.10909,4.69,331.16,2026-09-03,,999.0,999.0,999.0,999.0,999.0,999.0,unclassified,0.0,0.9997,low,uncertain,False,False,True,Both rule engine and ML model have insufficient evidence.,unclassified,0,unclassified,0.9997,0.0,"[""Low-intensity thermal source (FRP: 4.7 MW)."", ""All 14 labeling functions abstained due to lack of spatial context."", ""XGBoost also abstained: its most probable class was 'unclassified' (100.0%), meaning no specific class met the evidence threshold."", ""Decision [uncertain]: classified as unknown requiring ground review.""]",4,uncertain,0.0,0.9997,unclassified,0.0
283,7.36618,81.10924,4.5,330.55,2026-09-03,,999.0,999.0,999.0,999.0,999.0,999.0,unclassified,0.0,0.9997,low,uncertain,False,False,True,Both rule engine and ML model have insufficient evidence.,unclassified,0,unclassified,0.9997,0.0,"[""Low-intensity thermal source (FRP: 4.5 MW)."", ""All 14 labeling functions abstained due to lack of spatial context."", ""XGBoost also abstained: its most probable class was 'unclassified' (100.0%), meaning no specific class met the evidence threshold."", ""Decision [uncertain]: classified as unknown requiring ground review.""]",4,uncertain,0.0,0.9997,unclassified,0.0
284,7.52924,81.65376,4.86,337.63,2026-09-03,,999.0,999.0,999.0,999.0,999.0,999.0,unclassified,0.0,0.9998,low,uncertain,False,False,True,Both rule engine and ML model have insufficient evidence.,unclassified,0,unclassified,0.9998,0.0,"[""Low-intensity thermal source (FRP: 4.9 MW)."", ""All 14 labeling functions abstained due to lack of spatial context."", ""XGBoost also abstained: its most probable class was 'unclassified' (100.0%), meaning no specific class met the evidence threshold."", ""Decision [uncertain]: classified as unknown requiring ground review.""]",4,uncertain,0.0,0.9998,unclassified,0.0
285,7.55661,80.95155,5.75,334.53,2026-09-03,,999.0,999.0,999.0,999.0,999.0,999.0,unclassified,0.0,0.9998,low,uncertain,False,False,True,Both rule engine and ML model have insufficient evidence.,unclassified,0,unclassified,0.9998,0.0,"[""Moderate thermal signature (FRP: 5.8 MW)."", ""All 14 labeling functions abstained due to lack of spatial context."", ""XGBoost also abstained: its most probable class was 'unclassified' (100.0%), meaning no specific class met the evidence threshold."", ""Decision [uncertain]: classified as unknown requiring ground review.""]",4,uncertain,0.0,0.9998,unclassified,0.0
286,7.55712,80.94936,4.55,331.3,2026-09-03,,999.0,999.0,999.0,999.0,999.0,999.0,unclassified,0.0,0.9997,low,uncertain,False,False,True,Both rule engine and ML model have insufficient evidence.,unclassified,0,unclassified,0.9997,0.0,"[""Low-intensity thermal source (FRP: 4.5 MW)."", ""All 14 labeling functions abstained due to lack of spatial context."", ""XGBoost also abstained: its most probable class was 'unclassified' (100.0%), meaning no specific class met the evidence threshold."", ""Decision [uncertain]: classified as unknown requiring ground review.""]",4,uncertain,0.0,0.9997,unclassified,0.0
287,7.72298,81.26734,5.61,336.62,2026-09-03,,999.0,999.0,999.0,999.0,999.0,999.0,unclassified,0.0,0.9998,low,uncertain,False,False,True,Both rule engine and ML model have insufficient evidence.,unclassified,0,unclassified,0.9998,0.0,"[""Moderate thermal signature (FRP: 5.6 MW)."", ""All 14 labeling functions abstained due to lack of spatial context."", ""XGBoost also abstained: its most probable class was 'unclassified' (100.0%), meaning no specific class met the evidence threshold."", ""Decision [uncertain]: classified as unknown requiring ground review.""]",4,uncertain,0.0,0.9998,unclassified,0.0
288,7.75647,81.23419,4.19,331.0,2026-09-03,,999.0,999.0,999.0,999.0,999.0,999.0,unclassified,0.0,0.9997,low,uncertain,False,False,True,Both rule engine and ML model have insufficient evidence.,unclassified,0,unclassified,0.9997,0.0,"[""Low-intensity thermal source (FRP: 4.2 MW)."", ""All 14 labeling functions abstained due to lack of spatial context."", ""XGBoost also abstained: its most probable class was 'unclassified' (100.0%), meaning no specific class met the evidence threshold."", ""Decision [uncertain]: classified as unknown requiring ground review.""]",4,uncertain,0.0,0.9997,unclassified,0.0
289,7.92578,81.39906,7.19,335.63,2026-09-03,,999.0,999.0,999.0,999.0,999.0,999.0,unclassified,0.0,0.9998,low,uncertain,False,False,True,Both rule engine and ML model have insufficient evidence.,unclassified,0,unclassified,0.9998,0.0,"[""Moderate thermal signature (FRP: 7.2 MW)."", ""All 14 labeling functions abstained due to lack of spatial context."", ""XGBoost also abstained: its most probable class was 'unclassified' (100.0%), meaning no specific class met the evidence threshold."", ""Decision [uncertain]: classified as unknown requiring ground review.""]",4,uncertain,0.0,0.9998,unclassified,0.0
290,7.9395,81.25786,3.46,336.74,2026-09-03,,999.0,999.0,999.0,999.0,999.0,999.0,unclassified,0.0,0.9998,low,uncertain,False,False,True,Both rule engine and ML model have insufficient evidence.,unclassified,0,unclassified,0.9998,0.0,"[""Low-intensity thermal source (FRP: 3.5 MW)."", ""All 14 labeling functions abstained due to lack of spatial context."", ""XGBoost also abstained: its most probable class was 'unclassified' (100.0%), meaning no specific class met the evidence threshold."", ""Decision [uncertain]: classified as unknown requiring ground review.""]",4,uncertain,0.0,0.9998,unclassified,0.0
291,8.05081,81.30357,7.7,337.97,2026-09-03,,999.0,999.0,999.0,999.0,999.0,999.0,unclassified,0.0,0.9998,low,uncertain,False,False,True,Both rule engine and ML model have insufficient evidence.,unclassified,0,unclassified,0.9998,0.0,"[""Moderate thermal signature (FRP: 7.7 MW)."", ""All 14 labeling functions abstained due to lack of spatial context."", ""XGBoost also abstained: its most probable class was 'unclassified' (100.0%), meaning no specific class met the evidence threshold."", ""Decision [uncertain]: classified as unknown requiring ground review.""]",4,uncertain,0.0,0.9998,unclassified,0.0
292,8.05333,80.59547,3.63,333.4,2026-09-03,,999.0,999.0,999.0,999.0,999.0,999.0,unclassified,0.0,0.9997,low,uncertain,False,False,True,Both rule engine and ML model have insufficient evidence.,unclassified,0,unclassified,0.9997,0.0,"[""Low-intensity thermal source (FRP: 3.6 MW)."", ""All 14 labeling functions abstained due to lack of spatial context."", ""XGBoost also abstained: its most probable class was 'unclassified' (100.0%), meaning no specific class met the evidence threshold."", ""Decision [uncertain]: classified as unknown requiring ground review.""]",4,uncertain,0.0,0.9997,unclassified,0.0
293,8.05642,81.2979,6.6,338.69,2026-09-03,,999.0,999.0,999.0,999.0,999.0,999.0,unclassified,0.0,0.9998,low,uncertain,False,False,True,Both rule engine and ML model have insufficient evidence.,unclassified,0,unclassified,0.9998,0.0,"[""Moderate thermal signature (FRP: 6.6 MW)."", ""All 14 labeling functions abstained due to lack of spatial context."", ""XGBoost also abstained: its most probable class was 'unclassified' (100.0%), meaning no specific class met the evidence threshold."", ""Decision [uncertain]: classified as unknown requiring ground review.""]",4,uncertain,0.0,0.9998,unclassified,0.0
294,8.05706,81.30285,6.6,344.06,2026-09-03,,999.0,999.0,999.0,999.0,999.0,999.0,unclassified,0.0,0.9998,low,uncertain,False,False,True,Both rule engine and ML model have insufficient evidence.,unclassified,0,unclassified,0.9998,0.0,"[""Moderate thermal signature (FRP: 6.6 MW)."", ""All 14 labeling functions abstained due to lack of spatial context."", ""XGBoost also abstained: its most probable class was 'unclassified' (100.0%), meaning no specific class met the evidence threshold."", ""Decision [uncertain]: classified as unknown requiring ground review.""]",4,uncertain,0.0,0.9998,unclassified,0.0
295,8.14806,81.33616,11.6,367.0,2026-09-03,,999.0,999.0,999.0,999.0,999.0,999.0,unclassified,0.0,0.9998,low,uncertain,False,False,True,Both rule engine and ML model have insufficient evidence.,unclassified,0,unclassified,0.9998,0.0,"[""Moderate thermal signature (FRP: 11.6 MW)."", ""All 14 labeling functions abstained due to lack of spatial context."", ""XGBoost also abstained: its most probable class was 'unclassified' (100.0%), meaning no specific class met the evidence threshold."", ""Decision [uncertain]: classified as unknown requiring ground review.""]",4,uncertain,0.0,0.9998,unclassified,0.0
296,8.1625,81.34946,19.64,367.0,2026-09-03,,999.0,999.0,999.0,999.0,999.0,999.0,unclassified,0.0,0.9998,low,uncertain,False,False,True,Both rule engine and ML model have insufficient evidence.,unclassified,0,unclassified,0.9998,0.0,"[""High-intensity thermal signature (FRP: 19.6 MW)."", ""All 14 labeling functions abstained due to lack of spatial context."", ""XGBoost also abstained: its most probable class was 'unclassified' (100.0%), meaning no specific class met the evidence threshold."", ""Decision [uncertain]: classified as unknown requiring ground review.""]",4,uncertain,0.0,0.9998,unclassified,0.0
297,8.20065,81.06894,3.11,330.69,2026-09-03,,999.0,999.0,999.0,999.0,999.0,999.0,unclassified,0.0,0.9996,low,uncertain,False,False,True,Both rule engine and ML model have insufficient evidence.,unclassified,0,unclassified,0.9996,0.0,"[""Low-intensity thermal source (FRP: 3.1 MW)."", ""All 14 labeling functions abstained due to lack of spatial context."", ""XGBoost also abstained: its most probable class was 'unclassified' (100.0%), meaning no specific class met the evidence threshold."", ""Decision [uncertain]: classified as unknown requiring ground review.""]",4,uncertain,0.0,0.9996,unclassified,0.0
298,8.20337,80.99162,5.13,336.41,2026-09-03,,999.0,999.0,999.0,999.0,999.0,999.0,unclassified,0.0,0.9998,low,uncertain,False,False,True,Both rule engine and ML model have insufficient evidence.,unclassified,0,unclassified,0.9998,0.0,"[""Moderate thermal signature (FRP: 5.1 MW)."", ""All 14 labeling functions abstained due to lack of spatial context."", ""XGBoost also abstained: its most probable class was 'unclassified' (100.0%), meaning no specific class met the evidence threshold."", ""Decision [uncertain]: classified as unknown requiring ground review.""]",4,uncertain,0.0,0.9998,unclassified,0.0
299,8.20392,80.99172,6.22,332.07,2026-09-03,,999.0,999.0,999.0,999.0,999.0,999.0,unclassified,0.0,0.9997,low,uncertain,False,False,True,Both rule engine and ML model have insufficient evidence.,unclassified,0,unclassified,0.9997,0.0,"[""Moderate thermal signature (FRP: 6.2 MW)."", ""All 14 labeling functions abstained due to lack of spatial context."", ""XGBoost also abstained: its most probable class was 'unclassified' (100.0%), meaning no specific class met the evidence threshold."", ""Decision [uncertain]: classified as unknown requiring ground review.""]",4,uncertain,0.0,0.9997,unclassified,0.0
300,8.21999,80.57515,1.81,330.34,2026-09-03,,999.0,999.0,999.0,999.0,999.0,999.0,unclassified,0.0,0.9998,low,uncertain,False,False,True,Both rule engine and ML model have insufficient evidence.,unclassified,0,unclassified,0.9998,0.0,"[""Low-intensity thermal source (FRP: 1.8 MW)."", ""All 14 labeling functions abstained due to lack of spatial context."", ""XGBoost also abstained: its most probable class was 'unclassified' (100.0%), meaning no specific class met the evidence threshold."", ""Decision [uncertain]: classified as unknown requiring ground review.""]",4,uncertain,0.0,0.9998,unclassified,0.0
301,8.284,80.23323,8.64,330.92,2026-09-03,,999.0,999.0,999.0,999.0,999.0,999.0,unclassified,0.0,0.9997,low,uncertain,False,False,True,Both rule engine and ML model have insufficient evidence.,unclassified,0,unclassified,0.9997,0.0,"[""Moderate thermal signature (FRP: 8.6 MW)."", ""All 14 labeling functions abstained due to lack of spatial context."", ""XGBoost also abstained: its most probable class was 'unclassified' (100.0%), meaning no specific class met the evidence threshold."", ""Decision [uncertain]: classified as unknown requiring ground review.""]",4,uncertain,0.0,0.9997,unclassified,0.0
302,8.28842,80.23164,7.83,331.07,2026-09-03,,999.0,999.0,999.0,999.0,999.0,999.0,unclassified,0.0,0.9997,low,uncertain,False,False,True,Both rule engine and ML model have insufficient evidence.,unclassified,0,unclassified,0.9997,0.0,"[""Moderate thermal signature (FRP: 7.8 MW)."", ""All 14 labeling functions abstained due to lack of spatial context."", ""XGBoost also abstained: its most probable class was 'unclassified' (100.0%), meaning no specific class met the evidence threshold."", ""Decision [uncertain]: classified as unknown requiring ground review.""]",4,uncertain,0.0,0.9997,unclassified,0.0
303,8.39178,80.16251,46.39,340.35,2026-09-03,,999.0,999.0,999.0,999.0,999.0,999.0,unclassified,0.0,0.9998,low,uncertain,False,False,True,Both rule engine and ML model have insufficient evidence.,unclassified,0,unclassified,0.9998,0.0,"[""High-intensity thermal signature (FRP: 46.4 MW)."", ""All 14 labeling functions abstained due to lack of spatial context."", ""XGBoost also abstained: its most probable class was 'unclassified' (100.0%), meaning no specific class met the evidence threshold."", ""Decision [uncertain]: classified as unknown requiring ground review.""]",4,uncertain,0.0,0.9998,unclassified,0.0
304,8.39199,80.16026,23.58,334.57,2026-09-03,,999.0,999.0,999.0,999.0,999.0,999.0,unclassified,0.0,0.9998,low,uncertain,False,False,True,Both rule engine and ML model have insufficient evidence.,unclassified,0,unclassified,0.9998,0.0,"[""High-intensity thermal signature (FRP: 23.6 MW)."", ""All 14 labeling functions abstained due to lack of spatial context."", ""XGBoost also abstained: its most probable class was 'unclassified' (100.0%), meaning no specific class met the evidence threshold."", ""Decision [uncertain]: classified as unknown requiring ground review.""]",4,uncertain,0.0,0.9998,unclassified,0.0
305,8.3923,80.16667,41.89,351.18,2026-09-03,,999.0,999.0,999.0,999.0,999.0,999.0,unclassified,0.0,0.9998,low,uncertain,False,False,True,Both rule engine and ML model have insufficient evidence.,unclassified,0,unclassified,0.9998,0.0,"[""High-intensity thermal signature (FRP: 41.9 MW)."", ""All 14 labeling functions abstained due to lack of spatial context."", ""XGBoost also abstained: its most probable class was 'unclassified' (100.0%), meaning no specific class met the evidence threshold."", ""Decision [uncertain]: classified as unknown requiring ground review.""]",4,uncertain,0.0,0.9998,unclassified,0.0
306,8.39254,80.16441,62.8,367.0,2026-09-03,,999.0,999.0,999.0,999.0,999.0,999.0,unclassified,0.0,0.9998,low,uncertain,False,False,True,Both rule engine and ML model have insufficient evidence.,unclassified,0,unclassified,0.9998,0.0,"[""High-intensity thermal signature (FRP: 62.8 MW)."", ""All 14 labeling functions abstained due to lack of spatial context."", ""XGBoost also abstained: its most probable class was 'unclassified' (100.0%), meaning no specific class met the evidence threshold."", ""Decision [uncertain]: classified as unknown requiring ground review.""]",4,uncertain,0.0,0.9998,unclassified,0.0
307,8.4028,80.65507,5.58,332.44,2026-09-03,,999.0,999.0,999.0,999.0,999.0,999.0,unclassified,0.0,0.9997,low,uncertain,False,False,True,Both rule engine and ML model have insufficient evidence.,unclassified,0,unclassified,0.9997,0.0,"[""Moderate thermal signature (FRP: 5.6 MW)."", ""All 14 labeling functions abstained due to lack of spatial context."", ""XGBoost also abstained: its most probable class was 'unclassified' (100.0%), meaning no specific class met the evidence threshold."", ""Decision [uncertain]: classified as unknown requiring ground review.""]",4,uncertain,0.0,0.9997,unclassified,0.0
308,8.4287,80.5266,6.28,330.2,2026-09-03,,999.0,999.0,999.0,999.0,999.0,999.0,unclassified,0.0,0.9997,low,uncertain,False,False,True,Both rule engine and ML model have insufficient evidence.,unclassified,0,unclassified,0.9997,0.0,"[""Moderate thermal signature (FRP: 6.3 MW)."", ""All 14 labeling functions abstained due to lack of spatial context."", ""XGBoost also abstained: its most probable class was 'unclassified' (100.0%), meaning no specific class met the evidence threshold."", ""Decision [uncertain]: classified as unknown requiring ground review.""]",4,uncertain,0.0,0.9997,unclassified,0.0
309,8.43132,80.52473,7.77,346.03,2026-09-03,,999.0,999.0,999.0,999.0,999.0,999.0,unclassified,0.0,0.9998,low,uncertain,False,False,True,Both rule engine and ML model have insufficient evidence.,unclassified,0,unclassified,0.9998,0.0,"[""Moderate thermal signature (FRP: 7.8 MW)."", ""All 14 labeling functions abstained due to lack of spatial context."", ""XGBoost also abstained: its most probable class was 'unclassified' (100.0%), meaning no specific class met the evidence threshold."", ""Decision [uncertain]: classified as unknown requiring ground review.""]",4,uncertain,0.0,0.9998,unclassified,0.0
310,8.55929,80.3675,17.44,367.0,2026-09-03,,999.0,999.0,999.0,999.0,999.0,999.0,unclassified,0.0,0.9998,low,uncertain,False,False,True,Both rule engine and ML model have insufficient evidence.,unclassified,0,unclassified,0.9998,0.0,"[""High-intensity thermal signature (FRP: 17.4 MW)."", ""All 14 labeling functions abstained due to lack of spatial context."", ""XGBoost also abstained: its most probable class was 'unclassified' (100.0%), meaning no specific class met the evidence threshold."", ""Decision [uncertain]: classified as unknown requiring ground review.""]",4,uncertain,0.0,0.9998,unclassified,0.0
311,8.564,80.79541,6.69,333.78,2026-09-03,,999.0,999.0,999.0,999.0,999.0,999.0,unclassified,0.0,0.9998,low,uncertain,False,False,True,Both rule engine and ML model have insufficient evidence.,unclassified,0,unclassified,0.9998,0.0,"[""Moderate thermal signature (FRP: 6.7 MW)."", ""All 14 labeling functions abstained due to lack of spatial context."", ""XGBoost also abstained: its most probable class was 'unclassified' (100.0%), meaning no specific class met the evidence threshold."", ""Decision [uncertain]: classified as unknown requiring ground review.""]",4,uncertain,0.0,0.9998,unclassified,0.0
312,8.56422,80.79527,3.8,332.99,2026-09-03,,999.0,999.0,999.0,999.0,999.0,999.0,unclassified,0.0,0.9997,low,uncertain,False,False,True,Both rule engine and ML model have insufficient evidence.,unclassified,0,unclassified,0.9997,0.0,"[""Low-intensity thermal source (FRP: 3.8 MW)."", ""All 14 labeling functions abstained due to lack of spatial context."", ""XGBoost also abstained: its most probable class was 'unclassified' (100.0%), meaning no specific class met the evidence threshold."", ""Decision [uncertain]: classified as unknown requiring ground review.""]",4,uncertain,0.0,0.9997,unclassified,0.0
313,8.60062,80.454,2.76,335.49,2026-09-03,,999.0,999.0,999.0,999.0,999.0,999.0,unclassified,0.0,0.9997,low,uncertain,False,False,True,Both rule engine and ML model have insufficient evidence.,unclassified,0,unclassified,0.9997,0.0,"[""Low-intensity thermal source (FRP: 2.8 MW)."", ""All 14 labeling functions abstained due to lack of spatial context."", ""XGBoost also abstained: its most probable class was 'unclassified' (100.0%), meaning no specific class met the evidence threshold."", ""Decision [uncertain]: classified as unknown requiring ground review.""]",4,uncertain,0.0,0.9997,unclassified,0.0
314,8.60401,80.48016,6.33,334.16,2026-09-03,,999.0,999.0,999.0,999.0,999.0,999.0,unclassified,0.0,0.9997,low,uncertain,False,False,True,Both rule engine and ML model have insufficient evidence.,unclassified,0,unclassified,0.9997,0.0,"[""Moderate thermal signature (FRP: 6.3 MW)."", ""All 14 labeling functions abstained due to lack of spatial context."", ""XGBoost also abstained: its most probable class was 'unclassified' (100.0%), meaning no specific class met the evidence threshold."", ""Decision [uncertain]: classified as unknown requiring ground review.""]",4,uncertain,0.0,0.9997,unclassified,0.0
315,8.60457,80.48453,5.78,331.25,2026-09-03,,999.0,999.0,999.0,999.0,999.0,999.0,unclassified,0.0,0.9997,low,uncertain,False,False,True,Both rule engine and ML model have insufficient evidence.,unclassified,0,unclassified,0.9997,0.0,"[""Moderate thermal signature (FRP: 5.8 MW)."", ""All 14 labeling functions abstained due to lack of spatial context."", ""XGBoost also abstained: its most probable class was 'unclassified' (100.0%), meaning no specific class met the evidence threshold."", ""Decision [uncertain]: classified as unknown requiring ground review.""]",4,uncertain,0.0,0.9997,unclassified,0.0
316,8.62868,80.4115,4.52,334.84,2026-09-03,,999.0,999.0,999.0,999.0,999.0,999.0,unclassified,0.0,0.9998,low,uncertain,False,False,True,Both rule engine and ML model have insufficient evidence.,unclassified,0,unclassified,0.9998,0.0,"[""Low-intensity thermal source (FRP: 4.5 MW)."", ""All 14 labeling functions abstained due to lack of spatial context."", ""XGBoost also abstained: its most probable class was 'unclassified' (100.0%), meaning no specific class met the evidence threshold."", ""Decision [uncertain]: classified as unknown requiring ground review.""]",4,uncertain,0.0,0.9998,unclassified,0.0
317,8.62922,80.41586,4.52,339.61,2026-09-03,,999.0,999.0,999.0,999.0,999.0,999.0,unclassified,0.0,0.9998,low,uncertain,False,False,True,Both rule engine and ML model have insufficient evidence.,unclassified,0,unclassified,0.9998,0.0,"[""Low-intensity thermal source (FRP: 4.5 MW)."", ""All 14 labeling functions abstained due to lack of spatial context."", ""XGBoost also abstained: its most probable class was 'unclassified' (100.0%), meaning no specific class met the evidence threshold."", ""Decision [uncertain]: classified as unknown requiring ground review.""]",4,uncertain,0.0,0.9998,unclassified,0.0
318,8.63185,80.41512,7.79,342.85,2026-09-03,,999.0,999.0,999.0,999.0,999.0,999.0,unclassified,0.0,0.9998,low,uncertain,False,False,True,Both rule engine and ML model have insufficient evidence.,unclassified,0,unclassified,0.9998,0.0,"[""Moderate thermal signature (FRP: 7.8 MW)."", ""All 14 labeling functions abstained due to lack of spatial context."", ""XGBoost also abstained: its most probable class was 'unclassified' (100.0%), meaning no specific class met the evidence threshold."", ""Decision [uncertain]: classified as unknown requiring ground review.""]",4,uncertain,0.0,0.9998,unclassified,0.0
319,8.6559,80.50523,8.48,349.78,2026-09-03,,999.0,999.0,999.0,999.0,999.0,999.0,unclassified,0.0,0.9998,low,uncertain,False,False,True,Both rule engine and ML model have insufficient evidence.,unclassified,0,unclassified,0.9998,0.0,"[""Moderate thermal signature (FRP: 8.5 MW)."", ""All 14 labeling functions abstained due to lack of spatial context."", ""XGBoost also abstained: its most probable class was 'unclassified' (100.0%), meaning no specific class met the evidence threshold."", ""Decision [uncertain]: classified as unknown requiring ground review.""]",4,uncertain,0.0,0.9998,unclassified,0.0
320,8.65861,80.50542,11.33,356.68,2026-09-03,,999.0,999.0,999.0,999.0,999.0,999.0,unclassified,0.0,0.9998,low,uncertain,False,False,True,Both rule engine and ML model have insufficient evidence.,unclassified,0,unclassified,0.9998,0.0,"[""Moderate thermal signature (FRP: 11.3 MW)."", ""All 14 labeling functions abstained due to lack of spatial context."", ""XGBoost also abstained: its most probable class was 'unclassified' (100.0%), meaning no specific class met the evidence threshold."", ""Decision [uncertain]: classified as unknown requiring ground review.""]",4,uncertain,0.0,0.9998,unclassified,0.0
321,8.66189,80.50454,5.56,333.14,2026-09-03,,999.0,999.0,999.0,999.0,999.0,999.0,unclassified,0.0,0.9998,low,uncertain,False,False,True,Both rule engine and ML model have insufficient evidence.,unclassified,0,unclassified,0.9998,0.0,"[""Moderate thermal signature (FRP: 5.6 MW)."", ""All 14 labeling functions abstained due to lack of spatial context."", ""XGBoost also abstained: its most probable class was 'unclassified' (100.0%), meaning no specific class met the evidence threshold."", ""Decision [uncertain]: classified as unknown requiring ground review.""]",4,uncertain,0.0,0.9998,unclassified,0.0
322,8.81097,78.0528,0.97,333.07,2026-09-03,,999.0,999.0,999.0,999.0,999.0,999.0,unclassified,0.0,0.9997,low,uncertain,False,False,True,Both rule engine and ML model have insufficient evidence.,unclassified,0,unclassified,0.9997,0.0,"[""Low-intensity thermal source (FRP: 1.0 MW)."", ""All 14 labeling functions abstained due to lack of spatial context."", ""XGBoost also abstained: its most probable class was 'unclassified' (100.0%), meaning no specific class met the evidence threshold."", ""Decision [uncertain]: classified as unknown requiring ground review.""]",4,uncertain,0.0,0.9997,unclassified,0.0
323,8.82872,80.53358,7.51,335.37,2026-09-03,,999.0,999.0,999.0,999.0,999.0,999.0,unclassified,0.0,0.9998,low,uncertain,False,False,True,Both rule engine and ML model have insufficient evidence.,unclassified,0,unclassified,0.9998,0.0,"[""Moderate thermal signature (FRP: 7.5 MW)."", ""All 14 labeling functions abstained due to lack of spatial context."", ""XGBoost also abstained: its most probable class was 'unclassified' (100.0%), meaning no specific class met the evidence threshold."", ""Decision [uncertain]: classified as unknown requiring ground review.""]",4,uncertain,0.0,0.9998,unclassified,0.0
324,8.86421,78.08301,2.55,337.52,2026-09-03,,999.0,999.0,999.0,999.0,999.0,999.0,unclassified,0.0,0.9998,low,uncertain,False,False,True,Both rule engine and ML model have insufficient evidence.,unclassified,0,unclassified,0.9998,0.0,"[""Low-intensity thermal source (FRP: 2.5 MW)."", ""All 14 labeling functions abstained due to lack of spatial context."", ""XGBoost also abstained: its most probable class was 'unclassified' (100.0%), meaning no specific class met the evidence threshold."", ""Decision [uncertain]: classified as unknown requiring ground review.""]",4,uncertain,0.0,0.9998,unclassified,0.0
325,8.86688,78.08226,1.34,334.12,2026-09-03,,999.0,999.0,999.0,999.0,999.0,999.0,unclassified,0.0,0.9997,low,uncertain,False,False,True,Both rule engine and ML model have insufficient evidence.,unclassified,0,unclassified,0.9997,0.0,"[""Low-intensity thermal source (FRP: 1.3 MW)."", ""All 14 labeling functions abstained due to lack of spatial context."", ""XGBoost also abstained: its most probable class was 'unclassified' (100.0%), meaning no specific class met the evidence threshold."", ""Decision [uncertain]: classified as unknown requiring ground review.""]",4,uncertain,0.0,0.9997,unclassified,0.0
326,8.8697,80.70795,2.61,331.08,2026-09-03,,999.0,999.0,999.0,999.0,999.0,999.0,unclassified,0.0,0.9996,low,uncertain,False,False,True,Both rule engine and ML model have insufficient evidence.,unclassified,0,unclassified,0.9996,0.0,"[""Low-intensity thermal source (FRP: 2.6 MW)."", ""All 14 labeling functions abstained due to lack of spatial context."", ""XGBoost also abstained: its most probable class was 'unclassified' (100.0%), meaning no specific class met the evidence threshold."", ""Decision [uncertain]: classified as unknown requiring ground review.""]",4,uncertain,0.0,0.9996,unclassified,0.0
327,8.99572,78.11298,1.58,337.77,2026-09-03,,999.0,999.0,999.0,999.0,999.0,999.0,unclassified,0.0,0.9997,low,uncertain,False,False,True,Both rule engine and ML model have insufficient evidence.,unclassified,0,unclassified,0.9997,0.0,"[""Low-intensity thermal source (FRP: 1.6 MW)."", ""All 14 labeling functions abstained due to lack of spatial context."", ""XGBoost also abstained: its most probable class was 'unclassified' (100.0%), meaning no specific class met the evidence threshold."", ""Decision [uncertain]: classified as unknown requiring ground review.""]",4,uncertain,0.0,0.9997,unclassified,0.0
328,8.99612,78.11604,1.58,340.09,2026-09-03,,999.0,999.0,999.0,999.0,999.0,999.0,unclassified,0.0,0.9997,low,uncertain,False,False,True,Both rule engine and ML model have insufficient evidence.,unclassified,0,unclassified,0.9997,0.0,"[""Low-intensity thermal source (FRP: 1.6 MW)."", ""All 14 labeling functions abstained due to lack of spatial context."", ""XGBoost also abstained: its most probable class was 'unclassified' (100.0%), meaning no specific class met the evidence threshold."", ""Decision [uncertain]: classified as unknown requiring ground review.""]",4,uncertain,0.0,0.9997,unclassified,0.0
329,9.09281,79.79891,4.75,331.83,2026-09-03,,999.0,999.0,999.0,999.0,999.0,999.0,unclassified,0.0,0.9997,low,uncertain,False,False,True,Both rule engine and ML model have insufficient evidence.,unclassified,0,unclassified,0.9997,0.0,"[""Low-intensity thermal source (FRP: 4.8 MW)."", ""All 14 labeling functions abstained due to lack of spatial context."", ""XGBoost also abstained: its most probable class was 'unclassified' (100.0%), meaning no specific class met the evidence threshold."", ""Decision [uncertain]: classified as unknown requiring ground review.""]",4,uncertain,0.0,0.9997,unclassified,0.0
330,9.2081,80.67667,4.85,332.64,2026-09-03,,999.0,999.0,999.0,999.0,999.0,999.0,unclassified,0.0,0.9997,low,uncertain,False,False,True,Both rule engine and ML model have insufficient evidence.,unclassified,0,unclassified,0.9997,0.0,"[""Low-intensity thermal source (FRP: 4.8 MW)."", ""All 14 labeling functions abstained due to lack of spatial context."", ""XGBoost also abstained: its most probable class was 'unclassified' (100.0%), meaning no specific class met the evidence threshold."", ""Decision [uncertain]: classified as unknown requiring ground review.""]",4,uncertain,0.0,0.9997,unclassified,0.0
331,9.20827,80.67661,6.18,333.84,2026-09-03,,999.0,999.0,999.0,999.0,999.0,999.0,unclassified,0.0,0.9998,low,uncertain,False,False,True,Both rule engine and ML model have insufficient evidence.,unclassified,0,unclassified,0.9998,0.0,"[""Moderate thermal signature (FRP: 6.2 MW)."", ""All 14 labeling functions abstained due to lack of spatial context."", ""XGBoost also abstained: its most probable class was 'unclassified' (100.0%), meaning no specific class met the evidence threshold."", ""Decision [uncertain]: classified as unknown requiring ground review.""]",4,uncertain,0.0,0.9998,unclassified,0.0
332,9.3942,80.43369,7.95,335.74,2026-09-03,,999.0,999.0,999.0,999.0,999.0,999.0,unclassified,0.0,0.9998,low,uncertain,False,False,True,Both rule engine and ML model have insufficient evidence.,unclassified,0,unclassified,0.9998,0.0,"[""Moderate thermal signature (FRP: 8.0 MW)."", ""All 14 labeling functions abstained due to lack of spatial context."", ""XGBoost also abstained: its most probable class was 'unclassified' (100.0%), meaning no specific class met the evidence threshold."", ""Decision [uncertain]: classified as unknown requiring ground review.""]",4,uncertain,0.0,0.9998,unclassified,0.0
333,9.39609,80.43563,6.93,331.09,2026-09-03,,999.0,999.0,999.0,999.0,999.0,999.0,unclassified,0.0,0.9997,low,uncertain,False,False,True,Both rule engine and ML model have insufficient evidence.,unclassified,0,unclassified,0.9997,0.0,"[""Moderate thermal signature (FRP: 6.9 MW)."", ""All 14 labeling functions abstained due to lack of spatial context."", ""XGBoost also abstained: its most probable class was 'unclassified' (100.0%), meaning no specific class met the evidence threshold."", ""Decision [uncertain]: classified as unknown requiring ground review.""]",4,uncertain,0.0,0.9997,unclassified,0.0
334,9.40996,78.80921,0.73,341.22,2026-09-03,,999.0,999.0,999.0,999.0,999.0,999.0,unclassified,0.0,0.9997,low,uncertain,False,False,True,Both rule engine and ML model have insufficient evidence.,unclassified,0,unclassified,0.9997,0.0,"[""Low-intensity thermal source (FRP: 0.7 MW)."", ""All 14 labeling functions abstained due to lack of spatial context."", ""XGBoost also abstained: its most probable class was 'unclassified' (100.0%), meaning no specific class met the evidence threshold."", ""Decision [uncertain]: classified as unknown requiring ground review.""]",4,uncertain,0.0,0.9997,unclassified,0.0
335,10.23653,79.19613,11.42,367.0,2026-09-03,,999.0,999.0,999.0,999.0,999.0,999.0,unclassified,0.0,0.9998,low,uncertain,False,False,True,Both rule engine and ML model have insufficient evidence.,unclassified,0,unclassified,0.9998,0.0,"[""Moderate thermal signature (FRP: 11.4 MW)."", ""All 14 labeling functions abstained due to lack of spatial context."", ""XGBoost also abstained: its most probable class was 'unclassified' (100.0%), meaning no specific class met the evidence threshold."", ""Decision [uncertain]: classified as unknown requiring ground review.""]",4,uncertain,0.0,0.9998,unclassified,0.0
336,10.9525,78.43614,2.9,334.3,2026-09-03,,999.0,999.0,999.0,999.0,999.0,999.0,unclassified,0.0,0.9985,low,uncertain,False,False,True,Both rule engine and ML model have insufficient evidence.,unclassified,0,unclassified,0.9985,0.0,"[""Low-intensity thermal source (FRP: 2.9 MW)."", ""All 14 labeling functions abstained due to lack of spatial context."", ""XGBoost also abstained: its most probable class was 'unclassified' (99.8%), meaning no specific class met the evidence threshold."", ""Decision [uncertain]: classified as unknown requiring ground review.""]",4,uncertain,0.0,0.9985,unclassified,0.0
337,11.5078,79.52651,4.34,346.56,2026-09-03,,999.0,999.0,999.0,999.0,999.0,999.0,unclassified,0.0,0.9998,low,uncertain,False,False,True,Both rule engine and ML model have insufficient evidence.,unclassified,0,unclassified,0.9998,0.0,"[""Low-intensity thermal source (FRP: 4.3 MW)."", ""All 14 labeling functions abstained due to lack of spatial context."", ""XGBoost also abstained: its most probable class was 'unclassified' (100.0%), meaning no specific class met the evidence threshold."", ""Decision [uncertain]: classified as unknown requiring ground review.""]",4,uncertain,0.0,0.9998,unclassified,0.0
338,11.50817,79.52599,2.7,344.98,2026-09-03,,999.0,999.0,999.0,999.0,999.0,999.0,unclassified,0.0,0.9998,low,uncertain,False,False,True,Both rule engine and ML model have insufficient evidence.,unclassified,0,unclassified,0.9998,0.0,"[""Low-intensity thermal source (FRP: 2.7 MW)."", ""All 14 labeling functions abstained due to lack of spatial context."", ""XGBoost also abstained: its most probable class was 'unclassified' (100.0%), meaning no specific class met the evidence threshold."", ""Decision [uncertain]: classified as unknown requiring ground review.""]",4,uncertain,0.0,0.9998,unclassified,0.0
339,18.51854,74.3471,4.86,334.46,2026-09-03,,999.0,999.0,999.0,999.0,999.0,999.0,unclassified,0.0,0.9998,low,uncertain,False,False,True,Both rule engine and ML model have insufficient evidence.,unclassified,0,unclassified,0.9998,0.0,"[""Low-intensity thermal source (FRP: 4.9 MW)."", ""All 14 labeling functions abstained due to lack of spatial context."", ""XGBoost also abstained: its most probable class was 'unclassified' (100.0%), meaning no specific class met the evidence threshold."", ""Decision [uncertain]: classified as unknown requiring ground review.""]",4,uncertain,0.0,0.9998,unclassified,0.0
340,18.51911,74.35187,4.86,330.29,2026-09-03,,999.0,999.0,999.0,999.0,999.0,999.0,unclassified,0.0,0.9997,low,uncertain,False,False,True,Both rule engine and ML model have insufficient evidence.,unclassified,0,unclassified,0.9997,0.0,"[""Low-intensity thermal source (FRP: 4.9 MW)."", ""All 14 labeling functions abstained due to lack of spatial context."", ""XGBoost also abstained: its most probable class was 'unclassified' (100.0%), meaning no specific class met the evidence threshold."", ""Decision [uncertain]: classified as unknown requiring ground review.""]",4,uncertain,0.0,0.9997,unclassified,0.0
341,18.56307,74.36423,7.46,332.55,2026-09-03,,999.0,999.0,999.0,999.0,999.0,999.0,unclassified,0.0,0.9997,low,uncertain,False,False,True,Both rule engine and ML model have insufficient evidence.,unclassified,0,unclassified,0.9997,0.0,"[""Moderate thermal signature (FRP: 7.5 MW)."", ""All 14 labeling functions abstained due to lack of spatial context."", ""XGBoost also abstained: its most probable class was 'unclassified' (100.0%), meaning no specific class met the evidence threshold."", ""Decision [uncertain]: classified as unknown requiring ground review.""]",4,uncertain,0.0,0.9997,unclassified,0.0
342,18.69169,73.04173,5.14,334.81,2026-09-03,,21.753,24.233,999.0,999.0,999.0,999.0,unclassified,0.0,0.9998,low,uncertain,False,False,True,Both rule engine and ML model have insufficient evidence.,unclassified,0,unclassified,0.9998,0.0,"[""Moderate thermal signature (FRP: 5.1 MW)."", ""All 14 labeling functions abstained due to lack of spatial context."", ""XGBoost also abstained: its most probable class was 'unclassified' (100.0%), meaning no specific class met the evidence threshold."", ""Decision [uncertain]: classified as unknown requiring ground review.""]",4,uncertain,0.0,0.9998,unclassified,0.0
343,21.10661,72.64839,4.4,332.65,2026-09-03,,999.0,3.619,2.979,999.0,999.0,0.866,industrial_fire,0.99,0.9975,high,hybrid_agreement,True,False,False,,industrial_fire,1,industrial_fire,0.9975,99.0,"[""Low-intensity thermal source (FRP: 4.4 MW)."", ""Industrial infrastructure within 0.60 km."", ""Agricultural land within 3.6 km."", ""1 labeling function(s) voted 'industrial_fire' (lf_factory_proximity_thermal)."", ""XGBoost predicted 'industrial_fire' with 99.7% probability."", ""Decision [hybrid_agreement]: independent rule evidence and ML agree on 'industrial_fire' — status confirmed.""]",6,confirmed,0.99,0.9975,industrial_fire,1.0
344,22.4173,69.04085,5.33,340.77,2026-09-03,,999.0,999.0,999.0,999.0,999.0,4.328,industrial_fire,0.99,0.9805,high,hybrid_agreement,True,False,False,,industrial_fire,3,industrial_fire,0.9805,99.0,"[""Moderate thermal signature (FRP: 5.3 MW)."", ""Industrial infrastructure within 0.25 km."", ""3 labeling function(s) voted 'industrial_fire' (lf_industry_high_frp, lf_factory_proximity_thermal, lf_industrial_zone_cluster)."", ""XGBoost predicted 'industrial_fire' with 98.0% probability."", ""Decision [hybrid_agreement]: independent rule evidence and ML agree on 'industrial_fire' — status confirmed.""]",5,confirmed,0.99,0.9805,industrial_fire,3.0
345,22.92752,70.11013,3.07,330.19,2026-09-03,,999.0,999.0,999.0,999.0,999.0,19.704,industrial_fire,0.99,0.9792,high,hybrid_agreement,True,False,False,,industrial_fire,1,industrial_fire,0.9792,99.0,"[""Low-intensity thermal source (FRP: 3.1 MW)."", ""Industrial infrastructure within 1.1 km."", ""1 labeling function(s) voted 'industrial_fire' (lf_factory_proximity_thermal)."", ""XGBoost predicted 'industrial_fire' with 97.9% probability."", ""Decision [hybrid_agreement]: independent rule evidence and ML agree on 'industrial_fire' — status confirmed.""]",5,confirmed,0.99,0.9792,industrial_fire,1.0
346,22.93244,69.69634,4.13,330.89,2026-09-03,,999.0,999.0,999.0,999.0,999.0,0.645,unclassified,0.0,0.6516,low,uncertain,False,False,True,Rule evidence below the strong-consensus threshold (1/2 votes) and ML offered no confident class.,industrial_process_heat,1,unclassified,0.6516,0.0,"[""Low-intensity thermal source (FRP: 4.1 MW)."", ""Only 1 labeling function(s) fired — below the strong-consensus threshold (2)."", ""XGBoost also abstained: its most probable class was 'unclassified' (65.2%), meaning no specific class met the evidence threshold."", ""Decision [uncertain]: classified as unknown requiring ground review.""]",4,uncertain,0.0,0.6516,industrial_process_heat,1.0
347,25.3869,68.5815,2.61,331.52,2026-09-03,,999.0,999.0,999.0,999.0,999.0,999.0,unclassified,0.0,0.9996,low,uncertain,False,False,True,Both rule engine and ML model have insufficient evidence.,unclassified,0,unclassified,0.9996,0.0,"[""Low-intensity thermal source (FRP: 2.6 MW)."", ""All 14 labeling functions abstained due to lack of spatial context."", ""XGBoost also abstained: its most probable class was 'unclassified' (100.0%), meaning no specific class met the evidence threshold."", ""Decision [uncertain]: classified as unknown requiring ground review.""]",4,uncertain,0.0,0.9996,unclassified,0.0
348,29.88983,73.90404,1.81,333.23,2026-09-03,,999.0,999.0,999.0,999.0,999.0,999.0,unclassified,0.0,0.9998,low,uncertain,False,False,True,Both rule engine and ML model have insufficient evidence.,unclassified,0,unclassified,0.9998,0.0,"[""Low-intensity thermal source (FRP: 1.8 MW)."", ""All 14 labeling functions abstained due to lack of spatial context."", ""XGBoost also abstained: its most probable class was 'unclassified' (100.0%), meaning no specific class met the evidence threshold."", ""Decision [uncertain]: classified as unknown requiring ground review.""]",4,uncertain,0.0,0.9998,unclassified,0.0
349,32.51342,82.42087,0.12,311.6,2026-09-03,,999.0,999.0,999.0,999.0,999.0,999.0,unclassified,0.0,0.9997,low,uncertain,False,False,True,Both rule engine and ML model have insufficient evidence.,unclassified,0,unclassified,0.9997,0.0,"[""Low-intensity thermal source (FRP: 0.1 MW)."", ""All 14 labeling functions abstained due to lack of spatial context."", ""XGBoost also abstained: its most probable class was 'unclassified' (100.0%), meaning no specific class met the evidence threshold."", ""Decision [uncertain]: classified as unknown requiring ground review.""]",4,uncertain,0.0,0.9997,unclassified,0.0
350,35.99179,94.82908,0.74,299.89,2026-09-03,,999.0,999.0,999.0,999.0,999.0,999.0,unclassified,0.0,0.9997,low,uncertain,False,False,True,Both rule engine and ML model have insufficient evidence.,unclassified,0,unclassified,0.9997,0.0,"[""Low-intensity thermal source (FRP: 0.7 MW)."", ""All 14 labeling functions abstained due to lack of spatial context."", ""XGBoost also abstained: its most probable class was 'unclassified' (100.0%), meaning no specific class met the evidence threshold."", ""Decision [uncertain]: classified as unknown requiring ground review.""]",4,uncertain,0.0,0.9997,unclassified,0.0
351,26.75918,83.19909,1.16,306.85,2026-09-03,,999.0,999.0,999.0,999.0,999.0,999.0,unclassified,0.0,0.9997,low,uncertain,False,False,True,Both rule engine and ML model have insufficient evidence.,unclassified,0,unclassified,0.9997,0.0,"[""Low-intensity thermal source (FRP: 1.2 MW)."", ""All 14 labeling functions abstained due to lack of spatial context."", ""XGBoost also abstained: its most probable class was 'unclassified' (100.0%), meaning no specific class met the evidence threshold."", ""Decision [uncertain]: classified as unknown requiring ground review.""]",4,uncertain,0.0,0.9997,unclassified,0.0
352,23.56118,87.08237,2.48,307.04,2026-09-03,,999.0,999.0,999.0,999.0,999.0,999.0,unclassified,0.0,0.9991,low,uncertain,False,False,True,Both rule engine and ML model have insufficient evidence.,unclassified,0,unclassified,0.9991,0.0,"[""Low-intensity thermal source (FRP: 2.5 MW)."", ""All 14 labeling functions abstained due to lack of spatial context."", ""XGBoost also abstained: its most probable class was 'unclassified' (99.9%), meaning no specific class met the evidence threshold."", ""Decision [uncertain]: classified as unknown requiring ground review.""]",4,uncertain,0.0,0.9991,unclassified,0.0
353,23.58044,86.72423,1.24,309.01,2026-09-03,,6.446,999.0,999.0,999.0,999.0,999.0,unclassified,0.0,0.9996,low,uncertain,False,False,True,Both rule engine and ML model have insufficient evidence.,unclassified,0,unclassified,0.9996,0.0,"[""Low-intensity thermal source (FRP: 1.2 MW)."", ""All 14 labeling functions abstained due to lack of spatial context."", ""XGBoost also abstained: its most probable class was 'unclassified' (100.0%), meaning no specific class met the evidence threshold."", ""Decision [uncertain]: classified as unknown requiring ground review.""]",4,uncertain,0.0,0.9996,unclassified,0.0
354,23.6091,85.67449,0.98,308.9,2026-09-03,,17.451,999.0,999.0,999.0,999.0,999.0,unclassified,0.0,0.9998,low,uncertain,False,False,True,Both rule engine and ML model have insufficient evidence.,unclassified,0,unclassified,0.9998,0.0,"[""Low-intensity thermal source (FRP: 1.0 MW)."", ""All 14 labeling functions abstained due to lack of spatial context."", ""XGBoost also abstained: its most probable class was 'unclassified' (100.0%), meaning no specific class met the evidence threshold."", ""Decision [uncertain]: classified as unknown requiring ground review.""]",4,uncertain,0.0,0.9998,unclassified,0.0
355,23.61394,86.78859,1.7,309.63,2026-09-03,,2.529,999.0,999.0,999.0,999.0,999.0,unclassified,0.0,0.9974,low,uncertain,False,False,True,Both rule engine and ML model have insufficient evidence.,unclassified,0,unclassified,0.9974,0.0,"[""Low-intensity thermal source (FRP: 1.7 MW)."", ""Forest cover within 2.5 km."", ""All 14 labeling functions abstained due to lack of spatial context."", ""XGBoost also abstained: its most probable class was 'unclassified' (99.7%), meaning no specific class met the evidence threshold."", ""Decision [uncertain]: classified as unknown requiring ground review.""]",5,uncertain,0.0,0.9974,unclassified,0.0
356,23.63301,86.83422,0.84,306.94,2026-09-03,,7.003,999.0,999.0,999.0,999.0,999.0,unclassified,0.0,0.9996,low,uncertain,False,False,True,Both rule engine and ML model have insufficient evidence.,unclassified,0,unclassified,0.9996,0.0,"[""Low-intensity thermal source (FRP: 0.8 MW)."", ""All 14 labeling functions abstained due to lack of spatial context."", ""XGBoost also abstained: its most probable class was 'unclassified' (100.0%), meaning no specific class met the evidence threshold."", ""Decision [uncertain]: classified as unknown requiring ground review.""]",4,uncertain,0.0,0.9996,unclassified,0.0
357,23.64893,85.44199,1.15,304.53,2026-09-03,,18.237,999.0,999.0,999.0,999.0,999.0,unclassified,0.0,0.9998,low,uncertain,False,False,True,Both rule engine and ML model have insufficient evidence.,unclassified,0,unclassified,0.9998,0.0,"[""Low-intensity thermal source (FRP: 1.1 MW)."", ""All 14 labeling functions abstained due to lack of spatial context."", ""XGBoost also abstained: its most probable class was 'unclassified' (100.0%), meaning no specific class met the evidence threshold."", ""Decision [uncertain]: classified as unknown requiring ground review.""]",4,uncertain,0.0,0.9998,unclassified,0.0
358,23.64945,85.43736,4.0,328.16,2026-09-03,,18.35,999.0,999.0,999.0,999.0,999.0,unclassified,0.0,0.9985,low,uncertain,False,False,True,Both rule engine and ML model have insufficient evidence.,unclassified,0,unclassified,0.9985,0.0,"[""Low-intensity thermal source (FRP: 4.0 MW)."", ""All 14 labeling functions abstained due to lack of spatial context."", ""XGBoost also abstained: its most probable class was 'unclassified' (99.8%), meaning no specific class met the evidence threshold."", ""Decision [uncertain]: classified as unknown requiring ground review.""]",4,uncertain,0.0,0.9985,unclassified,0.0
359,23.66326,87.15506,2.72,315.58,2026-09-03,,999.0,999.0,999.0,999.0,999.0,999.0,unclassified,0.0,0.9989,low,uncertain,False,False,True,Both rule engine and ML model have insufficient evidence.,unclassified,0,unclassified,0.9989,0.0,"[""Low-intensity thermal source (FRP: 2.7 MW)."", ""All 14 labeling functions abstained due to lack of spatial context."", ""XGBoost also abstained: its most probable class was 'unclassified' (99.9%), meaning no specific class met the evidence threshold."", ""Decision [uncertain]: classified as unknown requiring ground review.""]",4,uncertain,0.0,0.9989,unclassified,0.0
360,23.6662,84.99924,1.64,305.61,2026-09-03,,10.678,999.0,999.0,999.0,999.0,999.0,unclassified,0.0,0.9983,low,uncertain,False,False,True,Both rule engine and ML model have insufficient evidence.,unclassified,0,unclassified,0.9983,0.0,"[""Low-intensity thermal source (FRP: 1.6 MW)."", ""All 14 labeling functions abstained due to lack of spatial context."", ""XGBoost also abstained: its most probable class was 'unclassified' (99.8%), meaning no specific class met the evidence threshold."", ""Decision [uncertain]: classified as unknown requiring ground review.""]",4,uncertain,0.0,0.9983,unclassified,0.0
361,23.66999,86.93584,0.5,305.31,2026-09-03,,18.024,999.0,999.0,999.0,999.0,999.0,unclassified,0.0,0.9998,low,uncertain,False,False,True,Both rule engine and ML model have insufficient evidence.,unclassified,0,unclassified,0.9998,0.0,"[""Low-intensity thermal source (FRP: 0.5 MW)."", ""All 14 labeling functions abstained due to lack of spatial context."", ""XGBoost also abstained: its most probable class was 'unclassified' (100.0%), meaning no specific class met the evidence threshold."", ""Decision [uncertain]: classified as unknown requiring ground review.""]",4,uncertain,0.0,0.9998,unclassified,0.0
362,23.67128,84.99492,0.81,302.0,2026-09-03,,10.692,999.0,999.0,999.0,999.0,999.0,unclassified,0.0,0.9996,low,uncertain,False,False,True,Both rule engine and ML model have insufficient evidence.,unclassified,0,unclassified,0.9996,0.0,"[""Low-intensity thermal source (FRP: 0.8 MW)."", ""All 14 labeling functions abstained due to lack of spatial context."", ""XGBoost also abstained: its most probable class was 'unclassified' (100.0%), meaning no specific class met the evidence threshold."", ""Decision [uncertain]: classified as unknown requiring ground review.""]",4,uncertain,0.0,0.9996,unclassified,0.0
363,23.67558,85.32627,0.87,302.56,2026-09-03,,22.92,999.0,999.0,999.0,999.0,999.0,unclassified,0.0,0.9998,low,uncertain,False,False,True,Both rule engine and ML model have insufficient evidence.,unclassified,0,unclassified,0.9998,0.0,"[""Low-intensity thermal source (FRP: 0.9 MW)."", ""All 14 labeling functions abstained due to lack of spatial context."", ""XGBoost also abstained: its most probable class was 'unclassified' (100.0%), meaning no specific class met the evidence threshold."", ""Decision [uncertain]: classified as unknown requiring ground review.""]",4,uncertain,0.0,0.9998,unclassified,0.0
364,23.68263,87.12968,1.02,304.46,2026-09-03,,999.0,999.0,999.0,999.0,999.0,999.0,unclassified,0.0,0.9998,low,uncertain,False,False,True,Both rule engine and ML model have insufficient evidence.,unclassified,0,unclassified,0.9998,0.0,"[""Low-intensity thermal source (FRP: 1.0 MW)."", ""All 14 labeling functions abstained due to lack of spatial context."", ""XGBoost also abstained: its most probable class was 'unclassified' (100.0%), meaning no specific class met the evidence threshold."", ""Decision [uncertain]: classified as unknown requiring ground review.""]",4,uncertain,0.0,0.9998,unclassified,0.0
365,23.68801,87.11914,1.93,310.76,2026-09-03,,999.0,999.0,999.0,999.0,999.0,999.0,unclassified,0.0,0.9998,low,uncertain,False,False,True,Both rule engine and ML model have insufficient evidence.,unclassified,0,unclassified,0.9998,0.0,"[""Low-intensity thermal source (FRP: 1.9 MW)."", ""All 14 labeling functions abstained due to lack of spatial context."", ""XGBoost also abstained: its most probable class was 'unclassified' (100.0%), meaning no specific class met the evidence threshold."", ""Decision [uncertain]: classified as unknown requiring ground review.""]",4,uncertain,0.0,0.9998,unclassified,0.0
366,23.69199,87.11974,1.93,307.04,2026-09-03,,999.0,999.0,999.0,999.0,999.0,999.0,unclassified,0.0,0.9998,low,uncertain,False,False,True,Both rule engine and ML model have insufficient evidence.,unclassified,0,unclassified,0.9998,0.0,"[""Low-intensity thermal source (FRP: 1.9 MW)."", ""All 14 labeling functions abstained due to lack of spatial context."", ""XGBoost also abstained: its most probable class was 'unclassified' (100.0%), meaning no specific class met the evidence threshold."", ""Decision [uncertain]: classified as unknown requiring ground review.""]",4,uncertain,0.0,0.9998,unclassified,0.0
367,23.69338,87.10863,1.71,305.36,2026-09-03,,999.0,999.0,999.0,999.0,999.0,999.0,unclassified,0.0,0.9998,low,uncertain,False,False,True,Both rule engine and ML model have insufficient evidence.,unclassified,0,unclassified,0.9998,0.0,"[""Low-intensity thermal source (FRP: 1.7 MW)."", ""All 14 labeling functions abstained due to lack of spatial context."", ""XGBoost also abstained: its most probable class was 'unclassified' (100.0%), meaning no specific class met the evidence threshold."", ""Decision [uncertain]: classified as unknown requiring ground review.""]",4,uncertain,0.0,0.9998,unclassified,0.0
368,23.69777,85.2904,1.48,303.8,2026-09-03,,999.0,999.0,999.0,999.0,999.0,999.0,unclassified,0.0,0.9998,low,uncertain,False,False,True,Both rule engine and ML model have insufficient evidence.,unclassified,0,unclassified,0.9998,0.0,"[""Low-intensity thermal source (FRP: 1.5 MW)."", ""All 14 labeling functions abstained due to lack of spatial context."", ""XGBoost also abstained: its most probable class was 'unclassified' (100.0%), meaning no specific class met the evidence threshold."", ""Decision [uncertain]: classified as unknown requiring ground review.""]",4,uncertain,0.0,0.9998,unclassified,0.0
369,23.69792,85.36774,0.93,302.62,2026-09-03,,18.078,999.0,999.0,999.0,999.0,999.0,unclassified,0.0,0.9998,low,uncertain,False,False,True,Both rule engine and ML model have insufficient evidence.,unclassified,0,unclassified,0.9998,0.0,"[""Low-intensity thermal source (FRP: 0.9 MW)."", ""All 14 labeling functions abstained due to lack of spatial context."", ""XGBoost also abstained: its most probable class was 'unclassified' (100.0%), meaning no specific class met the evidence threshold."", ""Decision [uncertain]: classified as unknown requiring ground review.""]",4,uncertain,0.0,0.9998,unclassified,0.0
370,23.70747,86.44939,0.94,305.52,2026-09-03,,5.194,999.0,999.0,999.0,0.833,999.0,unclassified,0.0,0.9932,low,uncertain,False,False,True,Both rule engine and ML model have insufficient evidence.,unclassified,0,unclassified,0.9932,0.0,"[""Low-intensity thermal source (FRP: 0.9 MW)."", ""Mining/extraction site within 0.8 km."", ""All 14 labeling functions abstained due to lack of spatial context."", ""XGBoost also abstained: its most probable class was 'unclassified' (99.3%), meaning no specific class met the evidence threshold."", ""Decision [uncertain]: classified as unknown requiring ground review.""]",5,uncertain,0.0,0.9932,unclassified,0.0
371,23.71034,86.42485,1.8,309.97,2026-09-03,,4.886,999.0,999.0,999.0,2.807,999.0,unclassified,0.0,0.9956,low,uncertain,False,False,True,Both rule engine and ML model have insufficient evidence.,unclassified,0,unclassified,0.9956,0.0,"[""Low-intensity thermal source (FRP: 1.8 MW)."", ""Forest cover within 4.9 km."", ""All 14 labeling functions abstained due to lack of spatial context."", ""XGBoost also abstained: its most probable class was 'unclassified' (99.6%), meaning no specific class met the evidence threshold."", ""Decision [uncertain]: classified as unknown requiring ground review.""]",5,uncertain,0.0,0.9956,unclassified,0.0
372,23.71161,86.45001,1.59,317.27,2026-09-03,,4.765,999.0,999.0,999.0,1.291,999.0,mining_activity,0.8854,0.8454,high,hybrid_agreement,True,False,False,,mining_activity,1,mining_activity,0.8454,88.5,"[""Low-intensity thermal source (FRP: 1.6 MW)."", ""Mining/extraction site within 1.3 km."", ""Forest cover within 4.8 km."", ""1 labeling function(s) voted 'mining_activity' (lf_mining_thermal_activity)."", ""XGBoost predicted 'mining_activity' with 84.5% probability."", ""Decision [hybrid_agreement]: independent rule evidence and ML agree on 'mining_activity' — status confirmed.""]",6,confirmed,0.8854,0.8454,mining_activity,1.0
373,23.7117,85.28757,0.73,301.95,2026-09-03,,999.0,999.0,999.0,999.0,999.0,999.0,unclassified,0.0,0.9998,low,uncertain,False,False,True,Both rule engine and ML model have insufficient evidence.,unclassified,0,unclassified,0.9998,0.0,"[""Low-intensity thermal source (FRP: 0.7 MW)."", ""All 14 labeling functions abstained due to lack of spatial context."", ""XGBoost also abstained: its most probable class was 'unclassified' (100.0%), meaning no specific class met the evidence threshold."", ""Decision [uncertain]: classified as unknown requiring ground review.""]",4,uncertain,0.0,0.9998,unclassified,0.0
374,23.71498,86.42139,1.61,307.53,2026-09-03,,4.502,999.0,999.0,999.0,3.355,999.0,unclassified,0.0,0.9932,low,uncertain,False,False,True,Both rule engine and ML model have insufficient evidence.,unclassified,0,unclassified,0.9932,0.0,"[""Low-intensity thermal source (FRP: 1.6 MW)."", ""Forest cover within 4.5 km."", ""All 14 labeling functions abstained due to lack of spatial context."", ""XGBoost also abstained: its most probable class was 'unclassified' (99.3%), meaning no specific class met the evidence threshold."", ""Decision [uncertain]: classified as unknown requiring ground review.""]",5,uncertain,0.0,0.9932,unclassified,0.0
375,23.71576,86.45063,1.59,309.84,2026-09-03,,4.343,999.0,999.0,999.0,1.754,999.0,unclassified,0.0,0.9906,low,uncertain,False,False,True,Both rule engine and ML model have insufficient evidence.,unclassified,0,unclassified,0.9906,0.0,"[""Low-intensity thermal source (FRP: 1.6 MW)."", ""Mining/extraction site within 1.8 km."", ""Forest cover within 4.3 km."", ""All 14 labeling functions abstained due to lack of spatial context."", ""XGBoost also abstained: its most probable class was 'unclassified' (99.1%), meaning no specific class met the evidence threshold."", ""Decision [uncertain]: classified as unknown requiring ground review.""]",6,uncertain,0.0,0.9906,unclassified,0.0
376,23.71672,86.44246,0.91,305.75,2026-09-03,,4.05,999.0,999.0,999.0,2.011,999.0,unclassified,0.0,0.9979,low,uncertain,False,False,True,Both rule engine and ML model have insufficient evidence.,unclassified,0,unclassified,0.9979,0.0,"[""Low-intensity thermal source (FRP: 0.9 MW)."", ""Forest cover within 4.0 km."", ""All 14 labeling functions abstained due to lack of spatial context."", ""XGBoost also abstained: its most probable class was 'unclassified' (99.8%), meaning no specific class met the evidence threshold."", ""Decision [uncertain]: classified as unknown requiring ground review.""]",5,uncertain,0.0,0.9979,unclassified,0.0
377,23.71913,86.422,1.61,311.36,2026-09-03,,4.05,999.0,999.0,999.0,3.557,999.0,unclassified,0.0,0.9941,low,uncertain,False,False,True,Both rule engine and ML model have insufficient evidence.,unclassified,0,unclassified,0.9941,0.0,"[""Low-intensity thermal source (FRP: 1.6 MW)."", ""Forest cover within 4.0 km."", ""All 14 labeling functions abstained due to lack of spatial context."", ""XGBoost also abstained: its most probable class was 'unclassified' (99.4%), meaning no specific class met the evidence threshold."", ""Decision [uncertain]: classified as unknown requiring ground review.""]",5,uncertain,0.0,0.9941,unclassified,0.0
378,23.72328,86.4226,2.1,307.96,2026-09-03,,3.602,999.0,999.0,999.0,3.806,999.0,forest_natural_fire,0.99,0.9831,high,hybrid_agreement,True,False,False,,forest_natural_fire,1,forest_natural_fire,0.9831,99.0,"[""Low-intensity thermal source (FRP: 2.1 MW)."", ""Forest cover within 3.6 km."", ""1 labeling function(s) voted 'forest_natural_fire' (lf_forest_vegetation_fire)."", ""XGBoost predicted 'forest_natural_fire' with 98.3% probability."", ""Decision [hybrid_agreement]: independent rule evidence and ML agree on 'forest_natural_fire' — status confirmed.""]",5,confirmed,0.99,0.9831,forest_natural_fire,1.0
379,23.7255,86.43961,2.79,312.66,2026-09-03,,3.047,999.0,999.0,999.0,3.026,999.0,forest_natural_fire,0.99,0.9799,high,hybrid_agreement,True,False,False,,forest_natural_fire,1,forest_natural_fire,0.9799,99.0,"[""Low-intensity thermal source (FRP: 2.8 MW)."", ""Forest cover within 3.0 km."", ""1 labeling function(s) voted 'forest_natural_fire' (lf_forest_vegetation_fire)."", ""XGBoost predicted 'forest_natural_fire' with 98.0% probability."", ""Decision [hybrid_agreement]: independent rule evidence and ML agree on 'forest_natural_fire' — status confirmed.""]",5,confirmed,0.99,0.9799,forest_natural_fire,1.0
380,23.73892,86.43327,4.27,332.15,2026-09-03,,1.594,999.0,999.0,999.0,4.651,999.0,forest_natural_fire,0.99,0.9897,high,hybrid_agreement,True,False,False,,forest_natural_fire,1,forest_natural_fire,0.9897,99.0,"[""Low-intensity thermal source (FRP: 4.3 MW)."", ""Forest cover within 1.6 km."", ""1 labeling function(s) voted 'forest_natural_fire' (lf_forest_vegetation_fire)."", ""XGBoost predicted 'forest_natural_fire' with 99.0% probability."", ""Decision [hybrid_agreement]: independent rule evidence and ML agree on 'forest_natural_fire' — status confirmed.""]",5,confirmed,0.99,0.9897,forest_natural_fire,1.0
381,23.73894,85.0092,1.68,308.95,2026-09-03,,5.422,999.0,999.0,999.0,999.0,999.0,unclassified,0.0,0.9985,low,uncertain,False,False,True,Both rule engine and ML model have insufficient evidence.,unclassified,0,unclassified,0.9985,0.0,"[""Low-intensity thermal source (FRP: 1.7 MW)."", ""All 14 labeling functions abstained due to lack of spatial context."", ""XGBoost also abstained: its most probable class was 'unclassified' (99.9%), meaning no specific class met the evidence threshold."", ""Decision [uncertain]: classified as unknown requiring ground review.""]",4,uncertain,0.0,0.9985,unclassified,0.0
382,23.73955,85.01097,1.92,308.09,2026-09-03,,5.452,999.0,999.0,999.0,999.0,999.0,unclassified,0.0,0.9982,low,uncertain,False,False,True,Both rule engine and ML model have insufficient evidence.,unclassified,0,unclassified,0.9982,0.0,"[""Low-intensity thermal source (FRP: 1.9 MW)."", ""All 14 labeling functions abstained due to lack of spatial context."", ""XGBoost also abstained: its most probable class was 'unclassified' (99.8%), meaning no specific class met the evidence threshold."", ""Decision [uncertain]: classified as unknown requiring ground review.""]",4,uncertain,0.0,0.9982,unclassified,0.0
383,23.75333,86.41881,2.21,306.57,2026-09-03,,1.867,999.0,999.0,999.0,6.726,999.0,forest_natural_fire,0.99,0.9893,high,hybrid_agreement,True,False,False,,forest_natural_fire,1,forest_natural_fire,0.9893,99.0,"[""Low-intensity thermal source (FRP: 2.2 MW)."", ""Forest cover within 1.9 km."", ""1 labeling function(s) voted 'forest_natural_fire' (lf_forest_vegetation_fire)."", ""XGBoost predicted 'forest_natural_fire' with 98.9% probability."", ""Decision [hybrid_agreement]: independent rule evidence and ML agree on 'forest_natural_fire' — status confirmed.""]",5,confirmed,0.99,0.9893,forest_natural_fire,1.0
384,23.75436,85.85263,1.3,310.98,2026-09-03,,16.05,999.0,999.0,999.0,23.205,999.0,unclassified,0.0,0.9998,low,uncertain,False,False,True,Both rule engine and ML model have insufficient evidence.,unclassified,0,unclassified,0.9998,0.0,"[""Low-intensity thermal source (FRP: 1.3 MW)."", ""All 14 labeling functions abstained due to lack of spatial context."", ""XGBoost also abstained: its most probable class was 'unclassified' (100.0%), meaning no specific class met the evidence threshold."", ""Decision [uncertain]: classified as unknown requiring ground review.""]",4,uncertain,0.0,0.9998,unclassified,0.0
385,23.75678,85.85565,1.56,310.42,2026-09-03,,15.646,999.0,999.0,999.0,23.077,999.0,unclassified,0.0,0.9998,low,uncertain,False,False,True,Both rule engine and ML model have insufficient evidence.,unclassified,0,unclassified,0.9998,0.0,"[""Low-intensity thermal source (FRP: 1.6 MW)."", ""All 14 labeling functions abstained due to lack of spatial context."", ""XGBoost also abstained: its most probable class was 'unclassified' (100.0%), meaning no specific class met the evidence threshold."", ""Decision [uncertain]: classified as unknown requiring ground review.""]",4,uncertain,0.0,0.9998,unclassified,0.0
386,23.75731,85.85121,1.56,303.97,2026-09-03,,15.898,999.0,999.0,999.0,23.495,999.0,unclassified,0.0,0.9997,low,uncertain,False,False,True,Both rule engine and ML model have insufficient evidence.,unclassified,0,unclassified,0.9997,0.0,"[""Low-intensity thermal source (FRP: 1.6 MW)."", ""All 14 labeling functions abstained due to lack of spatial context."", ""XGBoost also abstained: its most probable class was 'unclassified' (100.0%), meaning no specific class met the evidence threshold."", ""Decision [uncertain]: classified as unknown requiring ground review.""]",4,uncertain,0.0,0.9997,unclassified,0.0
387,23.75867,85.85327,1.3,305.82,2026-09-03,,15.646,999.0,999.0,999.0,23.392,999.0,unclassified,0.0,0.9998,low,uncertain,False,False,True,Both rule engine and ML model have insufficient evidence.,unclassified,0,unclassified,0.9998,0.0,"[""Low-intensity thermal source (FRP: 1.3 MW)."", ""All 14 labeling functions abstained due to lack of spatial context."", ""XGBoost also abstained: its most probable class was 'unclassified' (100.0%), meaning no specific class met the evidence threshold."", ""Decision [uncertain]: classified as unknown requiring ground review.""]",4,uncertain,0.0,0.9998,unclassified,0.0
388,23.75945,86.403,1.9,311.53,2026-09-03,,3.552,999.0,999.0,999.0,8.16,999.0,unclassified,0.0,0.9966,low,uncertain,False,False,True,Both rule engine and ML model have insufficient evidence.,unclassified,0,unclassified,0.9966,0.0,"[""Low-intensity thermal source (FRP: 1.9 MW)."", ""Forest cover within 3.6 km."", ""All 14 labeling functions abstained due to lack of spatial context."", ""XGBoost also abstained: its most probable class was 'unclassified' (99.7%), meaning no specific class met the evidence threshold."", ""Decision [uncertain]: classified as unknown requiring ground review.""]",5,uncertain,0.0,0.9966,unclassified,0.0
389,23.75995,86.39886,1.13,303.16,2026-09-03,,3.976,999.0,999.0,999.0,8.458,999.0,unclassified,0.0,0.9992,low,uncertain,False,False,True,Both rule engine and ML model have insufficient evidence.,unclassified,0,unclassified,0.9992,0.0,"[""Low-intensity thermal source (FRP: 1.1 MW)."", ""Forest cover within 4.0 km."", ""All 14 labeling functions abstained due to lack of spatial context."", ""XGBoost also abstained: its most probable class was 'unclassified' (99.9%), meaning no specific class met the evidence threshold."", ""Decision [uncertain]: classified as unknown requiring ground review.""]",5,uncertain,0.0,0.9992,unclassified,0.0
390,23.76361,86.40362,1.9,319.57,2026-09-03,,3.617,999.0,999.0,999.0,8.504,999.0,unclassified,0.0,0.8749,low,uncertain,False,False,True,Both rule engine and ML model have insufficient evidence.,unclassified,0,unclassified,0.8749,0.0,"[""Low-intensity thermal source (FRP: 1.9 MW)."", ""Forest cover within 3.6 km."", ""All 14 labeling functions abstained due to lack of spatial context."", ""XGBoost also abstained: its most probable class was 'unclassified' (87.5%), meaning no specific class met the evidence threshold."", ""Decision [uncertain]: classified as unknown requiring ground review.""]",5,uncertain,0.0,0.8749,unclassified,0.0
391,23.76411,86.39948,1.13,301.48,2026-09-03,,4.033,999.0,999.0,999.0,8.79,999.0,unclassified,0.0,0.9992,low,uncertain,False,False,True,Both rule engine and ML model have insufficient evidence.,unclassified,0,unclassified,0.9992,0.0,"[""Low-intensity thermal source (FRP: 1.1 MW)."", ""Forest cover within 4.0 km."", ""All 14 labeling functions abstained due to lack of spatial context."", ""XGBoost also abstained: its most probable class was 'unclassified' (99.9%), meaning no specific class met the evidence threshold."", ""Decision [uncertain]: classified as unknown requiring ground review.""]",5,uncertain,0.0,0.9992,unclassified,0.0
392,23.76777,86.40421,2.0,320.79,2026-09-03,,3.741,999.0,999.0,999.0,8.861,999.0,forest_natural_fire,0.99,0.991,high,hybrid_agreement,True,False,False,,forest_natural_fire,1,forest_natural_fire,0.991,99.0,"[""Low-intensity thermal source (FRP: 2.0 MW)."", ""Forest cover within 3.7 km."", ""1 labeling function(s) voted 'forest_natural_fire' (lf_forest_vegetation_fire)."", ""XGBoost predicted 'forest_natural_fire' with 99.1% probability."", ""Decision [hybrid_agreement]: independent rule evidence and ML agree on 'forest_natural_fire' — status confirmed.""]",5,confirmed,0.99,0.991,forest_natural_fire,1.0
393,23.76827,86.40009,1.42,301.49,2026-09-03,,4.144,999.0,999.0,999.0,9.134,999.0,unclassified,0.0,0.9992,low,uncertain,False,False,True,Both rule engine and ML model have insufficient evidence.,unclassified,0,unclassified,0.9992,0.0,"[""Low-intensity thermal source (FRP: 1.4 MW)."", ""Forest cover within 4.1 km."", ""All 14 labeling functions abstained due to lack of spatial context."", ""XGBoost also abstained: its most probable class was 'unclassified' (99.9%), meaning no specific class met the evidence threshold."", ""Decision [uncertain]: classified as unknown requiring ground review.""]",5,uncertain,0.0,0.9992,unclassified,0.0
394,23.77272,86.36308,1.88,311.0,2026-09-03,,7.855,999.0,999.0,999.0,11.986,999.0,unclassified,0.0,0.9981,low,uncertain,False,False,True,Both rule engine and ML model have insufficient evidence.,unclassified,0,unclassified,0.9981,0.0,"[""Low-intensity thermal source (FRP: 1.9 MW)."", ""All 14 labeling functions abstained due to lack of spatial context."", ""XGBoost also abstained: its most probable class was 'unclassified' (99.8%), meaning no specific class met the evidence threshold."", ""Decision [uncertain]: classified as unknown requiring ground review.""]",4,uncertain,0.0,0.9981,unclassified,0.0
395,23.7769,86.36366,1.88,309.48,2026-09-03,,7.943,999.0,999.0,999.0,12.262,999.0,unclassified,0.0,0.9981,low,uncertain,False,False,True,Both rule engine and ML model have insufficient evidence.,unclassified,0,unclassified,0.9981,0.0,"[""Low-intensity thermal source (FRP: 1.9 MW)."", ""All 14 labeling functions abstained due to lack of spatial context."", ""XGBoost also abstained: its most probable class was 'unclassified' (99.8%), meaning no specific class met the evidence threshold."", ""Decision [uncertain]: classified as unknown requiring ground review.""]",4,uncertain,0.0,0.9981,unclassified,0.0
396,23.77807,86.38908,1.38,317.93,2026-09-03,,5.64,999.0,999.0,999.0,10.668,999.0,unclassified,0.0,0.991,low,uncertain,False,False,True,Both rule engine and ML model have insufficient evidence.,unclassified,0,unclassified,0.991,0.0,"[""Low-intensity thermal source (FRP: 1.4 MW)."", ""All 14 labeling functions abstained due to lack of spatial context."", ""XGBoost also abstained: its most probable class was 'unclassified' (99.1%), meaning no specific class met the evidence threshold."", ""Decision [uncertain]: classified as unknown requiring ground review.""]",4,uncertain,0.0,0.991,unclassified,0.0
397,23.77853,86.20712,1.4,305.87,2026-09-03,,10.752,999.0,999.0,999.0,11.354,999.0,unclassified,0.0,0.9993,low,uncertain,False,False,True,Both rule engine and ML model have insufficient evidence.,unclassified,0,unclassified,0.9993,0.0,"[""Low-intensity thermal source (FRP: 1.4 MW)."", ""All 14 labeling functions abstained due to lack of spatial context."", ""XGBoost also abstained: its most probable class was 'unclassified' (99.9%), meaning no specific class met the evidence threshold."", ""Decision [uncertain]: classified as unknown requiring ground review.""]",4,uncertain,0.0,0.9993,unclassified,0.0
398,23.78174,86.39377,1.38,300.97,2026-09-03,,5.461,999.0,999.0,999.0,10.741,999.0,unclassified,0.0,0.9994,low,uncertain,False,False,True,Both rule engine and ML model have insufficient evidence.,unclassified,0,unclassified,0.9994,0.0,"[""Low-intensity thermal source (FRP: 1.4 MW)."", ""All 14 labeling functions abstained due to lack of spatial context."", ""XGBoost also abstained: its most probable class was 'unclassified' (99.9%), meaning no specific class met the evidence threshold."", ""Decision [uncertain]: classified as unknown requiring ground review.""]",4,uncertain,0.0,0.9994,unclassified,0.0
399,23.78223,86.3897,1.38,305.21,2026-09-03,,5.832,999.0,999.0,999.0,11.012,999.0,unclassified,0.0,0.9994,low,uncertain,False,False,True,Both rule engine and ML model have insufficient evidence.,unclassified,0,unclassified,0.9994,0.0,"[""Low-intensity thermal source (FRP: 1.4 MW)."", ""All 14 labeling functions abstained due to lack of spatial context."", ""XGBoost also abstained: its most probable class was 'unclassified' (99.9%), meaning no specific class met the evidence threshold."", ""Decision [uncertain]: classified as unknown requiring ground review.""]",4,uncertain,0.0,0.9994,unclassified,0.0
400,23.78732,85.55491,1.46,301.71,2026-09-03,,5.544,999.0,999.0,999.0,999.0,999.0,unclassified,0.0,0.9995,low,uncertain,False,False,True,Both rule engine and ML model have insufficient evidence.,unclassified,0,unclassified,0.9995,0.0,"[""Low-intensity thermal source (FRP: 1.5 MW)."", ""All 14 labeling functions abstained due to lack of spatial context."", ""XGBoost also abstained: its most probable class was 'unclassified' (99.9%), meaning no specific class met the evidence threshold."", ""Decision [uncertain]: classified as unknown requiring ground review.""]",4,uncertain,0.0,0.9995,unclassified,0.0
401,23.78801,85.55334,0.87,308.69,2026-09-03,,5.368,999.0,999.0,999.0,999.0,999.0,unclassified,0.0,0.9995,low,uncertain,False,False,True,Both rule engine and ML model have insufficient evidence.,unclassified,0,unclassified,0.9995,0.0,"[""Low-intensity thermal source (FRP: 0.9 MW)."", ""All 14 labeling functions abstained due to lack of spatial context."", ""XGBoost also abstained: its most probable class was 'unclassified' (99.9%), meaning no specific class met the evidence threshold."", ""Decision [uncertain]: classified as unknown requiring ground review.""]",4,uncertain,0.0,0.9995,unclassified,0.0
402,23.79508,86.35372,0.83,302.73,2026-09-03,,9.703,999.0,999.0,999.0,14.415,999.0,unclassified,0.0,0.9994,low,uncertain,False,False,True,Both rule engine and ML model have insufficient evidence.,unclassified,0,unclassified,0.9994,0.0,"[""Low-intensity thermal source (FRP: 0.8 MW)."", ""All 14 labeling functions abstained due to lack of spatial context."", ""XGBoost also abstained: its most probable class was 'unclassified' (99.9%), meaning no specific class met the evidence threshold."", ""Decision [uncertain]: classified as unknown requiring ground review.""]",4,uncertain,0.0,0.9994,unclassified,0.0
403,23.79559,86.34954,0.83,297.82,2026-09-03,,10.104,999.0,999.0,999.0,14.749,999.0,unclassified,0.0,0.9993,low,uncertain,False,False,True,Both rule engine and ML model have insufficient evidence.,unclassified,0,unclassified,0.9993,0.0,"[""Low-intensity thermal source (FRP: 0.8 MW)."", ""All 14 labeling functions abstained due to lack of spatial context."", ""XGBoost also abstained: its most probable class was 'unclassified' (99.9%), meaning no specific class met the evidence threshold."", ""Decision [uncertain]: classified as unknown requiring ground review.""]",4,uncertain,0.0,0.9993,unclassified,0.0
404,23.79659,86.2353,0.51,298.0,2026-09-03,,8.311,999.0,999.0,999.0,14.71,999.0,unclassified,0.0,0.9994,low,uncertain,False,False,True,Both rule engine and ML model have insufficient evidence.,unclassified,0,unclassified,0.9994,0.0,"[""Low-intensity thermal source (FRP: 0.5 MW)."", ""All 14 labeling functions abstained due to lack of spatial context."", ""XGBoost also abstained: its most probable class was 'unclassified' (99.9%), meaning no specific class met the evidence threshold."", ""Decision [uncertain]: classified as unknown requiring ground review.""]",4,uncertain,0.0,0.9994,unclassified,0.0
405,23.79976,86.35018,0.74,300.15,2026-09-03,,10.274,999.0,999.0,999.0,15.042,999.0,unclassified,0.0,0.9993,low,uncertain,False,False,True,Both rule engine and ML model have insufficient evidence.,unclassified,0,unclassified,0.9993,0.0,"[""Low-intensity thermal source (FRP: 0.7 MW)."", ""All 14 labeling functions abstained due to lack of spatial context."", ""XGBoost also abstained: its most probable class was 'unclassified' (99.9%), meaning no specific class met the evidence threshold."", ""Decision [uncertain]: classified as unknown requiring ground review.""]",4,uncertain,0.0,0.9993,unclassified,0.0
406,23.80228,86.32954,1.77,314.47,2026-09-03,,12.156,999.0,999.0,999.0,16.723,999.0,unclassified,0.0,0.9919,low,uncertain,False,False,True,Both rule engine and ML model have insufficient evidence.,unclassified,0,unclassified,0.9919,0.0,"[""Low-intensity thermal source (FRP: 1.8 MW)."", ""All 14 labeling functions abstained due to lack of spatial context."", ""XGBoost also abstained: its most probable class was 'unclassified' (99.2%), meaning no specific class met the evidence threshold."", ""Decision [uncertain]: classified as unknown requiring ground review.""]",4,uncertain,0.0,0.9919,unclassified,0.0
407,23.80646,86.33013,1.77,307.16,2026-09-03,,11.916,999.0,999.0,999.0,16.999,999.0,unclassified,0.0,0.9983,low,uncertain,False,False,True,Both rule engine and ML model have insufficient evidence.,unclassified,0,unclassified,0.9983,0.0,"[""Low-intensity thermal source (FRP: 1.8 MW)."", ""All 14 labeling functions abstained due to lack of spatial context."", ""XGBoost also abstained: its most probable class was 'unclassified' (99.8%), meaning no specific class met the evidence threshold."", ""Decision [uncertain]: classified as unknown requiring ground review.""]",4,uncertain,0.0,0.9983,unclassified,0.0
408,23.80754,86.32885,0.61,303.74,2026-09-03,,11.74,999.0,999.0,999.0,17.176,999.0,unclassified,0.0,0.9995,low,uncertain,False,False,True,Both rule engine and ML model have insufficient evidence.,unclassified,0,unclassified,0.9995,0.0,"[""Low-intensity thermal source (FRP: 0.6 MW)."", ""All 14 labeling functions abstained due to lack of spatial context."", ""XGBoost also abstained: its most probable class was 'unclassified' (99.9%), meaning no specific class met the evidence threshold."", ""Decision [uncertain]: classified as unknown requiring ground review.""]",4,uncertain,0.0,0.9995,unclassified,0.0
409,24.11606,86.86103,2.21,316.46,2026-09-03,,999.0,999.0,999.0,999.0,999.0,999.0,unclassified,0.0,0.999,low,uncertain,False,False,True,Both rule engine and ML model have insufficient evidence.,unclassified,0,unclassified,0.999,0.0,"[""Low-intensity thermal source (FRP: 2.2 MW)."", ""All 14 labeling functions abstained due to lack of spatial context."", ""XGBoost also abstained: its most probable class was 'unclassified' (99.9%), meaning no specific class met the evidence threshold."", ""Decision [uncertain]: classified as unknown requiring ground review.""]",4,uncertain,0.0,0.999,unclassified,0.0
410,24.11965,86.86556,0.4,305.15,2026-09-03,,999.0,999.0,999.0,999.0,999.0,999.0,unclassified,0.0,0.9998,low,uncertain,False,False,True,Both rule engine and ML model have insufficient evidence.,unclassified,0,unclassified,0.9998,0.0,"[""Low-intensity thermal source (FRP: 0.4 MW)."", ""All 14 labeling functions abstained due to lack of spatial context."", ""XGBoost also abstained: its most probable class was 'unclassified' (100.0%), meaning no specific class met the evidence threshold."", ""Decision [uncertain]: classified as unknown requiring ground review.""]",4,uncertain,0.0,0.9998,unclassified,0.0
411,6.81018,81.6179,2.04,309.69,2026-09-03,,999.0,999.0,999.0,999.0,999.0,999.0,unclassified,0.0,0.9995,low,uncertain,False,False,True,Both rule engine and ML model have insufficient evidence.,unclassified,0,unclassified,0.9995,0.0,"[""Low-intensity thermal source (FRP: 2.0 MW)."", ""All 14 labeling functions abstained due to lack of spatial context."", ""XGBoost also abstained: its most probable class was 'unclassified' (99.9%), meaning no specific class met the evidence threshold."", ""Decision [uncertain]: classified as unknown requiring ground review.""]",4,uncertain,0.0,0.9995,unclassified,0.0
412,6.81469,81.61859,2.04,319.84,2026-09-03,,999.0,999.0,999.0,999.0,999.0,999.0,unclassified,0.0,0.9997,low,uncertain,False,False,True,Both rule engine and ML model have insufficient evidence.,unclassified,0,unclassified,0.9997,0.0,"[""Low-intensity thermal source (FRP: 2.0 MW)."", ""All 14 labeling functions abstained due to lack of spatial context."", ""XGBoost also abstained: its most probable class was 'unclassified' (100.0%), meaning no specific class met the evidence threshold."", ""Decision [uncertain]: classified as unknown requiring ground review.""]",4,uncertain,0.0,0.9997,unclassified,0.0
413,6.83187,81.33813,2.09,315.79,2026-09-03,,999.0,999.0,999.0,999.0,999.0,999.0,unclassified,0.0,0.9996,low,uncertain,False,False,True,Both rule engine and ML model have insufficient evidence.,unclassified,0,unclassified,0.9996,0.0,"[""Low-intensity thermal source (FRP: 2.1 MW)."", ""All 14 labeling functions abstained due to lack of spatial context."", ""XGBoost also abstained: its most probable class was 'unclassified' (100.0%), meaning no specific class met the evidence threshold."", ""Decision [uncertain]: classified as unknown requiring ground review.""]",4,uncertain,0.0,0.9996,unclassified,0.0
414,6.96157,79.96043,0.88,307.13,2026-09-03,,999.0,999.0,999.0,999.0,999.0,999.0,unclassified,0.0,0.9996,low,uncertain,False,False,True,Both rule engine and ML model have insufficient evidence.,unclassified,0,unclassified,0.9996,0.0,"[""Low-intensity thermal source (FRP: 0.9 MW)."", ""All 14 labeling functions abstained due to lack of spatial context."", ""XGBoost also abstained: its most probable class was 'unclassified' (100.0%), meaning no specific class met the evidence threshold."", ""Decision [uncertain]: classified as unknown requiring ground review.""]",4,uncertain,0.0,0.9996,unclassified,0.0
415,7.38557,80.83266,1.68,304.7,2026-09-03,,999.0,999.0,999.0,999.0,999.0,999.0,unclassified,0.0,0.9998,low,uncertain,False,False,True,Both rule engine and ML model have insufficient evidence.,unclassified,0,unclassified,0.9998,0.0,"[""Low-intensity thermal source (FRP: 1.7 MW)."", ""All 14 labeling functions abstained due to lack of spatial context."", ""XGBoost also abstained: its most probable class was 'unclassified' (100.0%), meaning no specific class met the evidence threshold."", ""Decision [uncertain]: classified as unknown requiring ground review.""]",4,uncertain,0.0,0.9998,unclassified,0.0
416,7.38579,80.83545,1.2,301.64,2026-09-03,,999.0,999.0,999.0,999.0,999.0,999.0,unclassified,0.0,0.9996,low,uncertain,False,False,True,Both rule engine and ML model have insufficient evidence.,unclassified,0,unclassified,0.9996,0.0,"[""Low-intensity thermal source (FRP: 1.2 MW)."", ""All 14 labeling functions abstained due to lack of spatial context."", ""XGBoost also abstained: its most probable class was 'unclassified' (100.0%), meaning no specific class met the evidence threshold."", ""Decision [uncertain]: classified as unknown requiring ground review.""]",4,uncertain,0.0,0.9996,unclassified,0.0
417,15.02242,78.01557,2.54,301.82,2026-09-03,,999.0,999.0,999.0,999.0,999.0,1.157,unclassified,0.0,0.9875,low,uncertain,False,False,True,Both rule engine and ML model have insufficient evidence.,unclassified,0,unclassified,0.9875,0.0,"[""Low-intensity thermal source (FRP: 2.5 MW)."", ""Industrial infrastructure within 0.35 km."", ""All 14 labeling functions abstained due to lack of spatial context."", ""XGBoost also abstained: its most probable class was 'unclassified' (98.8%), meaning no specific class met the evidence threshold."", ""Decision [uncertain]: classified as unknown requiring ground review.""]",5,uncertain,0.0,0.9875,unclassified,0.0
418,15.18083,76.6638,2.73,298.03,2026-09-03,,25.434,999.0,999.0,999.0,17.706,21.519,unclassified,0.0,0.9974,low,uncertain,False,False,True,Both rule engine and ML model have insufficient evidence.,unclassified,0,unclassified,0.9974,0.0,"[""Low-intensity thermal source (FRP: 2.7 MW)."", ""All 14 labeling functions abstained due to lack of spatial context."", ""XGBoost also abstained: its most probable class was 'unclassified' (99.7%), meaning no specific class met the evidence threshold."", ""Decision [uncertain]: classified as unknown requiring ground review.""]",4,uncertain,0.0,0.9974,unclassified,0.0
419,15.18106,76.67557,1.25,302.03,2026-09-03,,26.357,999.0,999.0,999.0,18.958,20.312,unclassified,0.0,0.9996,low,uncertain,False,False,True,Both rule engine and ML model have insufficient evidence.,unclassified,0,unclassified,0.9996,0.0,"[""Low-intensity thermal source (FRP: 1.2 MW)."", ""All 14 labeling functions abstained due to lack of spatial context."", ""XGBoost also abstained: its most probable class was 'unclassified' (100.0%), meaning no specific class met the evidence threshold."", ""Decision [uncertain]: classified as unknown requiring ground review.""]",4,uncertain,0.0,0.9996,unclassified,0.0
420,15.18172,76.66895,1.25,299.3,2026-09-03,,25.776,999.0,999.0,999.0,18.244,20.962,unclassified,0.0,0.9996,low,uncertain,False,False,True,Both rule engine and ML model have insufficient evidence.,unclassified,0,unclassified,0.9996,0.0,"[""Low-intensity thermal source (FRP: 1.2 MW)."", ""All 14 labeling functions abstained due to lack of spatial context."", ""XGBoost also abstained: its most probable class was 'unclassified' (100.0%), meaning no specific class met the evidence threshold."", ""Decision [uncertain]: classified as unknown requiring ground review.""]",4,uncertain,0.0,0.9996,unclassified,0.0
421,17.3574,76.87903,0.63,295.01,2026-09-03,,999.0,999.0,999.0,999.0,999.0,18.483,unclassified,0.0,0.9976,low,uncertain,False,False,True,Both rule engine and ML model have insufficient evidence.,unclassified,0,unclassified,0.9976,0.0,"[""Low-intensity thermal source (FRP: 0.6 MW)."", ""Industrial infrastructure within 3.8 km."", ""All 14 labeling functions abstained due to lack of spatial context."", ""XGBoost also abstained: its most probable class was 'unclassified' (99.8%), meaning no specific class met the evidence threshold."", ""Decision [uncertain]: classified as unknown requiring ground review.""]",5,uncertain,0.0,0.9976,unclassified,0.0
422,8.57317,80.40264,1.68,311.9,2026-09-03,,999.0,999.0,999.0,999.0,999.0,999.0,unclassified,0.0,0.9997,low,uncertain,False,False,True,Both rule engine and ML model have insufficient evidence.,unclassified,0,unclassified,0.9997,0.0,"[""Low-intensity thermal source (FRP: 1.7 MW)."", ""All 14 labeling functions abstained due to lack of spatial context."", ""XGBoost also abstained: its most probable class was 'unclassified' (100.0%), meaning no specific class met the evidence threshold."", ""Decision [uncertain]: classified as unknown requiring ground review.""]",4,uncertain,0.0,0.9997,unclassified,0.0
423,9.54534,77.51893,2.19,301.06,2026-09-03,,999.0,999.0,999.0,999.0,999.0,999.0,unclassified,0.0,0.9991,low,uncertain,False,False,True,Both rule engine and ML model have insufficient evidence.,unclassified,0,unclassified,0.9991,0.0,"[""Low-intensity thermal source (FRP: 2.2 MW)."", ""All 14 labeling functions abstained due to lack of spatial context."", ""XGBoost also abstained: its most probable class was 'unclassified' (99.9%), meaning no specific class met the evidence threshold."", ""Decision [uncertain]: classified as unknown requiring ground review.""]",4,uncertain,0.0,0.9991,unclassified,0.0
424,9.54608,77.51984,1.59,305.2,2026-09-03,,999.0,999.0,999.0,999.0,999.0,999.0,unclassified,0.0,0.9996,low,uncertain,False,False,True,Both rule engine and ML model have insufficient evidence.,unclassified,0,unclassified,0.9996,0.0,"[""Low-intensity thermal source (FRP: 1.6 MW)."", ""All 14 labeling functions abstained due to lack of spatial context."", ""XGBoost also abstained: its most probable class was 'unclassified' (100.0%), meaning no specific class met the evidence threshold."", ""Decision [uncertain]: classified as unknown requiring ground review.""]",4,uncertain,0.0,0.9996,unclassified,0.0
425,22.33898,69.85583,2.56,307.29,2026-09-03,,999.0,3.833,3.142,1.133,999.0,1.12,gas_flare,0.965,0.925,high,hybrid_agreement,True,False,False,,gas_flare,1,gas_flare,0.925,96.5,"[""Low-intensity thermal source (FRP: 2.6 MW)."", ""Industrial infrastructure within 0.59 km."", ""Petroleum/chemical refinery within 1.1 km."", ""Agricultural land within 3.8 km."", ""1 labeling function(s) voted 'gas_flare' (lf_refinery_flare)."", ""XGBoost predicted 'gas_flare' with 92.5% probability."", ""Decision [hybrid_agreement]: independent rule evidence and ML agree on 'gas_flare' — status confirmed.""]",7,confirmed,0.965,0.925,gas_flare,1.0
426,22.38261,73.12849,0.81,303.37,2026-09-03,,999.0,999.0,999.0,1.069,999.0,2.28,gas_flare,0.99,0.9748,high,hybrid_agreement,True,False,False,,gas_flare,1,gas_flare,0.9748,99.0,"[""Low-intensity thermal source (FRP: 0.8 MW)."", ""Industrial infrastructure within 0.82 km."", ""Petroleum/chemical refinery within 1.1 km."", ""1 labeling function(s) voted 'gas_flare' (lf_refinery_flare)."", ""XGBoost predicted 'gas_flare' with 97.5% probability."", ""Decision [hybrid_agreement]: independent rule evidence and ML agree on 'gas_flare' — status confirmed.""]",6,confirmed,0.99,0.9748,gas_flare,1.0
427,22.92733,69.82601,2.2,305.45,2026-09-03,,999.0,999.0,999.0,999.0,999.0,8.137,unclassified,0.0,0.9809,low,uncertain,False,False,True,Both rule engine and ML model have insufficient evidence.,unclassified,0,unclassified,0.9809,0.0,"[""Low-intensity thermal source (FRP: 2.2 MW)."", ""Industrial infrastructure within 0.30 km."", ""All 14 labeling functions abstained due to lack of spatial context."", ""XGBoost also abstained: its most probable class was 'unclassified' (98.1%), meaning no specific class met the evidence threshold."", ""Decision [uncertain]: classified as unknown requiring ground review.""]",5,uncertain,0.0,0.9809,unclassified,0.0
428,22.93135,69.70153,1.43,306.91,2026-09-03,,999.0,999.0,999.0,999.0,999.0,0.103,unclassified,0.0,0.9934,low,uncertain,False,False,True,Both rule engine and ML model have insufficient evidence.,unclassified,0,unclassified,0.9934,0.0,"[""Low-intensity thermal source (FRP: 1.4 MW)."", ""Industrial infrastructure within 5.0 km."", ""All 14 labeling functions abstained due to lack of spatial context."", ""XGBoost also abstained: its most probable class was 'unclassified' (99.3%), meaning no specific class met the evidence threshold."", ""Decision [uncertain]: classified as unknown requiring ground review.""]",5,uncertain,0.0,0.9934,unclassified,0.0
429,22.93212,69.69724,1.43,321.98,2026-09-03,,999.0,999.0,999.0,999.0,999.0,0.549,unclassified,0.0,0.9889,low,uncertain,False,False,True,Both rule engine and ML model have insufficient evidence.,unclassified,0,unclassified,0.9889,0.0,"[""Low-intensity thermal source (FRP: 1.4 MW)."", ""All 14 labeling functions abstained due to lack of spatial context."", ""XGBoost also abstained: its most probable class was 'unclassified' (98.9%), meaning no specific class met the evidence threshold."", ""Decision [uncertain]: classified as unknown requiring ground review.""]",4,uncertain,0.0,0.9889,unclassified,0.0
430,22.93487,69.70225,1.43,311.79,2026-09-03,,999.0,999.0,999.0,999.0,999.0,0.39,unclassified,0.0,0.9774,low,uncertain,False,False,True,Both rule engine and ML model have insufficient evidence.,unclassified,0,unclassified,0.9774,0.0,"[""Low-intensity thermal source (FRP: 1.4 MW)."", ""Industrial infrastructure within 4.6 km."", ""All 14 labeling functions abstained due to lack of spatial context."", ""XGBoost also abstained: its most probable class was 'unclassified' (97.7%), meaning no specific class met the evidence threshold."", ""Decision [uncertain]: classified as unknown requiring ground review.""]",5,uncertain,0.0,0.9774,unclassified,0.0
431,22.93564,69.69796,1.43,316.67,2026-09-03,,999.0,999.0,999.0,999.0,999.0,0.667,unclassified,0.0,0.9867,low,uncertain,False,False,True,Both rule engine and ML model have insufficient evidence.,unclassified,0,unclassified,0.9867,0.0,"[""Low-intensity thermal source (FRP: 1.4 MW)."", ""Industrial infrastructure within 4.7 km."", ""All 14 labeling functions abstained due to lack of spatial context."", ""XGBoost also abstained: its most probable class was 'unclassified' (98.7%), meaning no specific class met the evidence threshold."", ""Decision [uncertain]: classified as unknown requiring ground review.""]",5,uncertain,0.0,0.9867,unclassified,0.0
432,22.97782,72.56509,1.43,308.61,2026-09-03,,2.737,999.0,999.0,999.0,999.0,10.793,unclassified,0.0,0.9936,low,uncertain,False,False,True,Both rule engine and ML model have insufficient evidence.,unclassified,0,unclassified,0.9936,0.0,"[""Low-intensity thermal source (FRP: 1.4 MW)."", ""Industrial infrastructure within 0.36 km."", ""Forest cover within 2.7 km."", ""All 14 labeling functions abstained due to lack of spatial context."", ""XGBoost also abstained: its most probable class was 'unclassified' (99.4%), meaning no specific class met the evidence threshold."", ""Decision [uncertain]: classified as unknown requiring ground review.""]",6,uncertain,0.0,0.9936,unclassified,0.0
433,23.12061,70.08583,3.65,325.11,2026-09-03,,999.0,999.0,999.0,999.0,999.0,1.929,industrial_fire,0.99,0.9949,high,hybrid_agreement,True,False,False,,industrial_fire,2,industrial_fire,0.9949,99.0,"[""Low-intensity thermal source (FRP: 3.6 MW)."", ""Industrial infrastructure within 1.1 km."", ""2 labeling function(s) voted 'industrial_fire' (lf_factory_proximity_thermal, lf_nighttime_process_heat)."", ""XGBoost predicted 'industrial_fire' with 99.5% probability."", ""Decision [hybrid_agreement]: independent rule evidence and ML agree on 'industrial_fire' — status confirmed.""]",5,confirmed,0.99,0.9949,industrial_fire,2.0
434,23.4967,68.57797,1.65,310.58,2026-09-03,,999.0,999.0,999.0,999.0,999.0,0.305,industrial_fire,0.99,0.9532,high,hybrid_agreement,True,False,False,,industrial_fire,2,industrial_fire,0.9532,99.0,"[""Low-intensity thermal source (FRP: 1.6 MW)."", ""Industrial infrastructure within 0.29 km."", ""2 labeling function(s) voted 'industrial_fire' (lf_factory_proximity_thermal, lf_nighttime_process_heat)."", ""XGBoost predicted 'industrial_fire' with 95.3% probability."", ""Decision [hybrid_agreement]: independent rule evidence and ML agree on 'industrial_fire' — status confirmed.""]",5,confirmed,0.99,0.9532,industrial_fire,2.0
435,24.68892,73.00289,2.05,302.62,2026-09-03,,22.152,999.0,999.0,999.0,999.0,1.536,unclassified,0.0,0.994,low,uncertain,False,False,True,Both rule engine and ML model have insufficient evidence.,unclassified,0,unclassified,0.994,0.0,"[""Low-intensity thermal source (FRP: 2.0 MW)."", ""Industrial infrastructure within 0.35 km."", ""All 14 labeling functions abstained due to lack of spatial context."", ""XGBoost also abstained: its most probable class was 'unclassified' (99.4%), meaning no specific class met the evidence threshold."", ""Decision [uncertain]: classified as unknown requiring ground review.""]",5,uncertain,0.0,0.994,unclassified,0.0
436,28.42567,69.70049,1.59,319.9,2026-09-03,,999.0,999.0,999.0,999.0,999.0,999.0,unclassified,0.0,0.9997,low,uncertain,False,False,True,Both rule engine and ML model have insufficient evidence.,unclassified,0,unclassified,0.9997,0.0,"[""Low-intensity thermal source (FRP: 1.6 MW)."", ""All 14 labeling functions abstained due to lack of spatial context."", ""XGBoost also abstained: its most probable class was 'unclassified' (100.0%), meaning no specific class met the evidence threshold."", ""Decision [uncertain]: classified as unknown requiring ground review.""]",4,uncertain,0.0,0.9997,unclassified,0.0
437,29.47329,76.85825,5.35,320.78,2026-09-03,,999.0,999.0,999.0,1.95,999.0,1.796,industrial_fire,0.99,0.9968,high,hybrid_agreement,True,False,False,,industrial_fire,5,industrial_fire,0.9968,99.0,"[""Moderate thermal signature (FRP: 5.3 MW)."", ""Industrial infrastructure within 0.79 km."", ""Petroleum/chemical refinery within 1.9 km."", ""5 labeling function(s) voted 'industrial_fire' (lf_industry_high_frp, lf_factory_proximity_thermal, lf_industrial_zone_cluster, lf_refinery_flare, lf_nighttime_process_heat)."", ""XGBoost predicted 'industrial_fire' with 99.7% probability."", ""Decision [hybrid_agreement]: independent rule evidence and ML agree on 'industrial_fire' — status confirmed.""]",6,confirmed,0.99,0.9968,industrial_fire,5.0
438,29.47491,76.86111,4.53,321.58,2026-09-03,,999.0,999.0,999.0,1.718,999.0,1.623,industrial_fire,0.99,0.993,high,hybrid_agreement,True,False,False,,industrial_fire,3,industrial_fire,0.993,99.0,"[""Low-intensity thermal source (FRP: 4.5 MW)."", ""Industrial infrastructure within 0.91 km."", ""Petroleum/chemical refinery within 1.7 km."", ""3 labeling function(s) voted 'industrial_fire' (lf_factory_proximity_thermal, lf_refinery_flare, lf_nighttime_process_heat)."", ""XGBoost predicted 'industrial_fire' with 99.3% probability."", ""Decision [hybrid_agreement]: independent rule evidence and ML agree on 'industrial_fire' — status confirmed.""]",6,confirmed,0.99,0.993,industrial_fire,3.0
439,29.47618,76.85554,4.41,311.96,2026-09-03,,999.0,999.0,999.0,2.275,999.0,2.166,industrial_fire,0.99,0.9918,high,hybrid_agreement,True,False,False,,industrial_fire,2,industrial_fire,0.9918,99.0,"[""Low-intensity thermal source (FRP: 4.4 MW)."", ""Industrial infrastructure within 1.2 km."", ""2 labeling function(s) voted 'industrial_fire' (lf_factory_proximity_thermal, lf_nighttime_process_heat)."", ""XGBoost predicted 'industrial_fire' with 99.2% probability."", ""Decision [hybrid_agreement]: independent rule evidence and ML agree on 'industrial_fire' — status confirmed.""]",5,confirmed,0.99,0.9918,industrial_fire,2.0
440,29.4779,76.85962,5.5,322.24,2026-09-03,,999.0,999.0,999.0,1.968,999.0,1.927,industrial_fire,0.99,0.9964,high,hybrid_agreement,True,False,False,,industrial_fire,5,industrial_fire,0.9964,99.0,"[""Moderate thermal signature (FRP: 5.5 MW)."", ""Industrial infrastructure within 1.2 km."", ""Petroleum/chemical refinery within 2.0 km."", ""5 labeling function(s) voted 'industrial_fire' (lf_industry_high_frp, lf_factory_proximity_thermal, lf_industrial_zone_cluster, lf_refinery_flare, lf_nighttime_process_heat)."", ""XGBoost predicted 'industrial_fire' with 99.6% probability."", ""Decision [hybrid_agreement]: independent rule evidence and ML agree on 'industrial_fire' — status confirmed.""]",6,confirmed,0.99,0.9964,industrial_fire,5.0
441,31.26022,76.92496,2.04,303.07,2026-09-03,,999.0,999.0,999.0,999.0,999.0,999.0,unclassified,0.0,0.9994,low,uncertain,False,False,True,Both rule engine and ML model have insufficient evidence.,unclassified,0,unclassified,0.9994,0.0,"[""Low-intensity thermal source (FRP: 2.0 MW)."", ""All 14 labeling functions abstained due to lack of spatial context."", ""XGBoost also abstained: its most probable class was 'unclassified' (99.9%), meaning no specific class met the evidence threshold."", ""Decision [uncertain]: classified as unknown requiring ground review.""]",4,uncertain,0.0,0.9994,unclassified,0.0
442,31.42277,72.99947,0.81,312.39,2026-09-03,,999.0,999.0,999.0,999.0,999.0,999.0,unclassified,0.0,0.9997,low,uncertain,False,False,True,Both rule engine and ML model have insufficient evidence.,unclassified,0,unclassified,0.9997,0.0,"[""Low-intensity thermal source (FRP: 0.8 MW)."", ""All 14 labeling functions abstained due to lack of spatial context."", ""XGBoost also abstained: its most probable class was 'unclassified' (100.0%), meaning no specific class met the evidence threshold."", ""Decision [uncertain]: classified as unknown requiring ground review.""]",4,uncertain,0.0,0.9997,unclassified,0.0
443,32.72092,72.92194,1.17,304.86,2026-09-03,,999.0,999.0,999.0,999.0,999.0,999.0,unclassified,0.0,0.9997,low,uncertain,False,False,True,Both rule engine and ML model have insufficient evidence.,unclassified,0,unclassified,0.9997,0.0,"[""Low-intensity thermal source (FRP: 1.2 MW)."", ""All 14 labeling functions abstained due to lack of spatial context."", ""XGBoost also abstained: its most probable class was 'unclassified' (100.0%), meaning no specific class met the evidence threshold."", ""Decision [uncertain]: classified as unknown requiring ground review.""]",4,uncertain,0.0,0.9997,unclassified,0.0
444,32.88893,71.61838,2.91,314.87,2026-09-03,,999.0,999.0,999.0,999.0,999.0,999.0,unclassified,0.0,0.9997,low,uncertain,False,False,True,Both rule engine and ML model have insufficient evidence.,unclassified,0,unclassified,0.9997,0.0,"[""Low-intensity thermal source (FRP: 2.9 MW)."", ""All 14 labeling functions abstained due to lack of spatial context."", ""XGBoost also abstained: its most probable class was 'unclassified' (100.0%), meaning no specific class met the evidence threshold."", ""Decision [uncertain]: classified as unknown requiring ground review.""]",4,uncertain,0.0,0.9997,unclassified,0.0
445,33.2953,71.1847,1.2,313.43,2026-09-03,,999.0,999.0,999.0,999.0,999.0,999.0,unclassified,0.0,0.9998,low,uncertain,False,False,True,Both rule engine and ML model have insufficient evidence.,unclassified,0,unclassified,0.9998,0.0,"[""Low-intensity thermal source (FRP: 1.2 MW)."", ""All 14 labeling functions abstained due to lack of spatial context."", ""XGBoost also abstained: its most probable class was 'unclassified' (100.0%), meaning no specific class met the evidence threshold."", ""Decision [uncertain]: classified as unknown requiring ground review.""]",4,uncertain,0.0,0.9998,unclassified,0.0
446,33.40643,71.93991,0.6,307.17,2026-09-03,,999.0,999.0,999.0,999.0,999.0,999.0,unclassified,0.0,0.9997,low,uncertain,False,False,True,Both rule engine and ML model have insufficient evidence.,unclassified,0,unclassified,0.9997,0.0,"[""Low-intensity thermal source (FRP: 0.6 MW)."", ""All 14 labeling functions abstained due to lack of spatial context."", ""XGBoost also abstained: its most probable class was 'unclassified' (100.0%), meaning no specific class met the evidence threshold."", ""Decision [uncertain]: classified as unknown requiring ground review.""]",4,uncertain,0.0,0.9997,unclassified,0.0
447,33.54525,71.54886,1.19,307.45,2026-09-03,,999.0,999.0,999.0,999.0,999.0,999.0,unclassified,0.0,0.9997,low,uncertain,False,False,True,Both rule engine and ML model have insufficient evidence.,unclassified,0,unclassified,0.9997,0.0,"[""Low-intensity thermal source (FRP: 1.2 MW)."", ""All 14 labeling functions abstained due to lack of spatial context."", ""XGBoost also abstained: its most probable class was 'unclassified' (100.0%), meaning no specific class met the evidence threshold."", ""Decision [uncertain]: classified as unknown requiring ground review.""]",4,uncertain,0.0,0.9997,unclassified,0.0
448,33.90302,71.91702,3.14,306.15,2026-09-03,,999.0,999.0,999.0,999.0,999.0,999.0,unclassified,0.0,0.9995,low,uncertain,False,False,True,Both rule engine and ML model have insufficient evidence.,unclassified,0,unclassified,0.9995,0.0,"[""Low-intensity thermal source (FRP: 3.1 MW)."", ""All 14 labeling functions abstained due to lack of spatial context."", ""XGBoost also abstained: its most probable class was 'unclassified' (100.0%), meaning no specific class met the evidence threshold."", ""Decision [uncertain]: classified as unknown requiring ground review.""]",4,uncertain,0.0,0.9995,unclassified,0.0
449,15.01009,77.61835,0.98,303.55,2026-09-03,,999.0,999.0,999.0,999.0,999.0,9.935,unclassified,0.0,0.9968,low,uncertain,False,False,True,Both rule engine and ML model have insufficient evidence.,unclassified,0,unclassified,0.9968,0.0,"[""Low-intensity thermal source (FRP: 1.0 MW)."", ""All 14 labeling functions abstained due to lack of spatial context."", ""XGBoost also abstained: its most probable class was 'unclassified' (99.7%), meaning no specific class met the evidence threshold."", ""Decision [uncertain]: classified as unknown requiring ground review.""]",4,uncertain,0.0,0.9968,unclassified,0.0
450,15.07013,76.86538,1.56,303.5,2026-09-03,,8.651,999.0,999.0,999.0,999.0,15.463,unclassified,0.0,0.9982,low,uncertain,False,False,True,Both rule engine and ML model have insufficient evidence.,unclassified,0,unclassified,0.9982,0.0,"[""Low-intensity thermal source (FRP: 1.6 MW)."", ""Industrial infrastructure within 0.20 km."", ""All 14 labeling functions abstained due to lack of spatial context."", ""XGBoost also abstained: its most probable class was 'unclassified' (99.8%), meaning no specific class met the evidence threshold."", ""Decision [uncertain]: classified as unknown requiring ground review.""]",5,uncertain,0.0,0.9982,unclassified,0.0
451,15.17637,77.09987,1.68,300.85,2026-09-03,,19.301,999.0,999.0,999.0,999.0,2.436,unclassified,0.0,0.9964,low,uncertain,False,False,True,Both rule engine and ML model have insufficient evidence.,unclassified,0,unclassified,0.9964,0.0,"[""Low-intensity thermal source (FRP: 1.7 MW)."", ""Industrial infrastructure within 0.81 km."", ""All 14 labeling functions abstained due to lack of spatial context."", ""XGBoost also abstained: its most probable class was 'unclassified' (99.6%), meaning no specific class met the evidence threshold."", ""Decision [uncertain]: classified as unknown requiring ground review.""]",5,uncertain,0.0,0.9964,unclassified,0.0
452,15.17781,76.65665,3.05,313.84,2026-09-03,,25.112,28.038,999.0,999.0,16.99,22.352,unclassified,0.0,0.9933,low,uncertain,False,False,True,Both rule engine and ML model have insufficient evidence.,unclassified,0,unclassified,0.9933,0.0,"[""Low-intensity thermal source (FRP: 3.0 MW)."", ""All 14 labeling functions abstained due to lack of spatial context."", ""XGBoost also abstained: its most probable class was 'unclassified' (99.3%), meaning no specific class met the evidence threshold."", ""Decision [uncertain]: classified as unknown requiring ground review.""]",4,uncertain,0.0,0.9933,unclassified,0.0
453,15.18179,76.66799,2.6,306.52,2026-09-03,,25.694,999.0,999.0,999.0,18.14,21.058,unclassified,0.0,0.9974,low,uncertain,False,False,True,Both rule engine and ML model have insufficient evidence.,unclassified,0,unclassified,0.9974,0.0,"[""Low-intensity thermal source (FRP: 2.6 MW)."", ""All 14 labeling functions abstained due to lack of spatial context."", ""XGBoost also abstained: its most probable class was 'unclassified' (99.7%), meaning no specific class met the evidence threshold."", ""Decision [uncertain]: classified as unknown requiring ground review.""]",4,uncertain,0.0,0.9974,unclassified,0.0
454,15.19833,76.37807,1.14,297.68,2026-09-03,,19.494,18.009,999.0,999.0,11.699,999.0,unclassified,0.0,0.9997,low,uncertain,False,False,True,Both rule engine and ML model have insufficient evidence.,unclassified,0,unclassified,0.9997,0.0,"[""Low-intensity thermal source (FRP: 1.1 MW)."", ""All 14 labeling functions abstained due to lack of spatial context."", ""XGBoost also abstained: its most probable class was 'unclassified' (100.0%), meaning no specific class met the evidence threshold."", ""Decision [uncertain]: classified as unknown requiring ground review.""]",4,uncertain,0.0,0.9997,unclassified,0.0
455,15.19921,76.37984,1.48,298.37,2026-09-03,,19.301,17.833,999.0,999.0,11.656,999.0,unclassified,0.0,0.9997,low,uncertain,False,False,True,Both rule engine and ML model have insufficient evidence.,unclassified,0,unclassified,0.9997,0.0,"[""Low-intensity thermal source (FRP: 1.5 MW)."", ""All 14 labeling functions abstained due to lack of spatial context."", ""XGBoost also abstained: its most probable class was 'unclassified' (100.0%), meaning no specific class met the evidence threshold."", ""Decision [uncertain]: classified as unknown requiring ground review.""]",4,uncertain,0.0,0.9997,unclassified,0.0
456,16.18613,78.91606,3.56,303.5,2026-09-03,,999.0,999.0,999.0,999.0,999.0,10.196,unclassified,0.0,0.9937,low,uncertain,False,False,True,Both rule engine and ML model have insufficient evidence.,unclassified,0,unclassified,0.9937,0.0,"[""Low-intensity thermal source (FRP: 3.6 MW)."", ""All 14 labeling functions abstained due to lack of spatial context."", ""XGBoost also abstained: its most probable class was 'unclassified' (99.4%), meaning no specific class met the evidence threshold."", ""Decision [uncertain]: classified as unknown requiring ground review.""]",4,uncertain,0.0,0.9937,unclassified,0.0
457,16.18728,78.91104,6.01,307.9,2026-09-03,,999.0,999.0,999.0,999.0,999.0,10.264,unclassified,0.0,0.9907,low,uncertain,False,False,True,Both rule engine and ML model have insufficient evidence.,unclassified,0,unclassified,0.9907,0.0,"[""Moderate thermal signature (FRP: 6.0 MW)."", ""All 14 labeling functions abstained due to lack of spatial context."", ""XGBoost also abstained: its most probable class was 'unclassified' (99.1%), meaning no specific class met the evidence threshold."", ""Decision [uncertain]: classified as unknown requiring ground review.""]",4,uncertain,0.0,0.9907,unclassified,0.0
458,18.68138,73.03857,1.63,306.06,2026-09-03,,21.81,25.043,999.0,999.0,999.0,999.0,unclassified,0.0,0.9999,low,uncertain,False,False,True,Both rule engine and ML model have insufficient evidence.,unclassified,0,unclassified,0.9999,0.0,"[""Low-intensity thermal source (FRP: 1.6 MW)."", ""All 14 labeling functions abstained due to lack of spatial context."", ""XGBoost also abstained: its most probable class was 'unclassified' (100.0%), meaning no specific class met the evidence threshold."", ""Decision [uncertain]: classified as unknown requiring ground review.""]",4,uncertain,0.0,0.9999,unclassified,0.0
459,18.68235,73.03365,1.63,304.96,2026-09-03,,21.954,24.693,999.0,999.0,999.0,999.0,unclassified,0.0,0.9999,low,uncertain,False,False,True,Both rule engine and ML model have insufficient evidence.,unclassified,0,unclassified,0.9999,0.0,"[""Low-intensity thermal source (FRP: 1.6 MW)."", ""All 14 labeling functions abstained due to lack of spatial context."", ""XGBoost also abstained: its most probable class was 'unclassified' (100.0%), meaning no specific class met the evidence threshold."", ""Decision [uncertain]: classified as unknown requiring ground review.""]",4,uncertain,0.0,0.9999,unclassified,0.0
460,18.68331,73.0287,2.72,301.11,2026-09-03,,21.907,24.35,999.0,999.0,999.0,999.0,unclassified,0.0,0.9995,low,uncertain,False,False,True,Both rule engine and ML model have insufficient evidence.,unclassified,0,unclassified,0.9995,0.0,"[""Low-intensity thermal source (FRP: 2.7 MW)."", ""All 14 labeling functions abstained due to lack of spatial context."", ""XGBoost also abstained: its most probable class was 'unclassified' (100.0%), meaning no specific class met the evidence threshold."", ""Decision [uncertain]: classified as unknown requiring ground review.""]",4,uncertain,0.0,0.9995,unclassified,0.0
461,18.68517,73.04121,2.63,303.66,2026-09-03,,22.217,24.822,999.0,999.0,999.0,999.0,unclassified,0.0,0.9995,low,uncertain,False,False,True,Both rule engine and ML model have insufficient evidence.,unclassified,0,unclassified,0.9995,0.0,"[""Low-intensity thermal source (FRP: 2.6 MW)."", ""All 14 labeling functions abstained due to lack of spatial context."", ""XGBoost also abstained: its most probable class was 'unclassified' (100.0%), meaning no specific class met the evidence threshold."", ""Decision [uncertain]: classified as unknown requiring ground review.""]",4,uncertain,0.0,0.9995,unclassified,0.0
462,18.68594,73.03958,1.63,303.16,2026-09-03,,22.191,24.66,999.0,999.0,999.0,999.0,unclassified,0.0,0.9999,low,uncertain,False,False,True,Both rule engine and ML model have insufficient evidence.,unclassified,0,unclassified,0.9999,0.0,"[""Low-intensity thermal source (FRP: 1.6 MW)."", ""All 14 labeling functions abstained due to lack of spatial context."", ""XGBoost also abstained: its most probable class was 'unclassified' (100.0%), meaning no specific class met the evidence threshold."", ""Decision [uncertain]: classified as unknown requiring ground review.""]",4,uncertain,0.0,0.9999,unclassified,0.0
463,18.68717,73.03136,3.48,303.75,2026-09-03,,21.654,24.108,999.0,999.0,999.0,999.0,unclassified,0.0,0.9995,low,uncertain,False,False,True,Both rule engine and ML model have insufficient evidence.,unclassified,0,unclassified,0.9995,0.0,"[""Low-intensity thermal source (FRP: 3.5 MW)."", ""All 14 labeling functions abstained due to lack of spatial context."", ""XGBoost also abstained: its most probable class was 'unclassified' (100.0%), meaning no specific class met the evidence threshold."", ""Decision [uncertain]: classified as unknown requiring ground review.""]",4,uncertain,0.0,0.9995,unclassified,0.0
464,18.69051,73.04059,2.42,303.23,2026-09-03,,21.805,24.281,999.0,999.0,999.0,999.0,unclassified,0.0,0.9995,low,uncertain,False,False,True,Both rule engine and ML model have insufficient evidence.,unclassified,0,unclassified,0.9995,0.0,"[""Low-intensity thermal source (FRP: 2.4 MW)."", ""All 14 labeling functions abstained due to lack of spatial context."", ""XGBoost also abstained: its most probable class was 'unclassified' (100.0%), meaning no specific class met the evidence threshold."", ""Decision [uncertain]: classified as unknown requiring ground review.""]",4,uncertain,0.0,0.9995,unclassified,0.0
465,19.67624,71.67017,2.7,324.65,2026-09-03,,999.0,999.0,999.0,999.0,999.0,999.0,unclassified,0.0,0.9988,low,uncertain,False,False,True,Both rule engine and ML model have insufficient evidence.,unclassified,0,unclassified,0.9988,0.0,"[""Low-intensity thermal source (FRP: 2.7 MW)."", ""All 14 labeling functions abstained due to lack of spatial context."", ""XGBoost also abstained: its most probable class was 'unclassified' (99.9%), meaning no specific class met the evidence threshold."", ""Decision [uncertain]: classified as unknown requiring ground review.""]",4,uncertain,0.0,0.9988,unclassified,0.0
466,20.35351,72.95026,0.44,295.9,2026-09-03,,23.688,16.971,999.0,999.0,999.0,9.986,unclassified,0.0,0.9899,low,uncertain,False,False,True,Both rule engine and ML model have insufficient evidence.,unclassified,0,unclassified,0.9899,0.0,"[""Low-intensity thermal source (FRP: 0.4 MW)."", ""Industrial infrastructure within 1.2 km."", ""All 14 labeling functions abstained due to lack of spatial context."", ""XGBoost also abstained: its most probable class was 'unclassified' (99.0%), meaning no specific class met the evidence threshold."", ""Decision [uncertain]: classified as unknown requiring ground review.""]",5,uncertain,0.0,0.9899,unclassified,0.0
467,20.35693,72.94828,1.12,312.62,2026-09-03,,23.963,17.263,999.0,999.0,999.0,10.404,industrial_fire,0.99,0.9401,high,hybrid_agreement,True,False,False,,industrial_fire,2,industrial_fire,0.9401,99.0,"[""Low-intensity thermal source (FRP: 1.1 MW)."", ""Industrial infrastructure within 0.95 km."", ""2 labeling function(s) voted 'industrial_fire' (lf_factory_proximity_thermal, lf_nighttime_process_heat)."", ""XGBoost predicted 'industrial_fire' with 94.0% probability."", ""Decision [hybrid_agreement]: independent rule evidence and ML agree on 'industrial_fire' — status confirmed.""]",5,confirmed,0.99,0.9401,industrial_fire,2.0
468,20.86657,70.56716,1.43,305.32,2026-09-03,,999.0,999.0,999.0,999.0,999.0,13.339,unclassified,0.0,0.9955,low,uncertain,False,False,True,Both rule engine and ML model have insufficient evidence.,unclassified,0,unclassified,0.9955,0.0,"[""Low-intensity thermal source (FRP: 1.4 MW)."", ""Industrial infrastructure within 0.36 km."", ""All 14 labeling functions abstained due to lack of spatial context."", ""XGBoost also abstained: its most probable class was 'unclassified' (99.6%), meaning no specific class met the evidence threshold."", ""Decision [uncertain]: classified as unknown requiring ground review.""]",5,uncertain,0.0,0.9955,unclassified,0.0
469,20.90932,71.46124,0.99,307.63,2026-09-03,,999.0,999.0,999.0,999.0,999.0,1.217,unclassified,0.0,0.9914,low,uncertain,False,False,True,Both rule engine and ML model have insufficient evidence.,unclassified,0,unclassified,0.9914,0.0,"[""Low-intensity thermal source (FRP: 1.0 MW)."", ""Industrial infrastructure within 0.11 km."", ""All 14 labeling functions abstained due to lack of spatial context."", ""XGBoost also abstained: its most probable class was 'unclassified' (99.1%), meaning no specific class met the evidence threshold."", ""Decision [uncertain]: classified as unknown requiring ground review.""]",5,uncertain,0.0,0.9914,unclassified,0.0
470,20.91002,71.45757,0.89,304.58,2026-09-03,,999.0,999.0,999.0,999.0,999.0,1.458,unclassified,0.0,0.9887,low,uncertain,False,False,True,Both rule engine and ML model have insufficient evidence.,unclassified,0,unclassified,0.9887,0.0,"[""Low-intensity thermal source (FRP: 0.9 MW)."", ""Industrial infrastructure within 0.45 km."", ""All 14 labeling functions abstained due to lack of spatial context."", ""XGBoost also abstained: its most probable class was 'unclassified' (98.9%), meaning no specific class met the evidence threshold."", ""Decision [uncertain]: classified as unknown requiring ground review.""]",5,uncertain,0.0,0.9887,unclassified,0.0
471,21.10058,72.63622,1.6,307.03,2026-09-03,,999.0,3.994,1.573,999.0,999.0,2.143,unclassified,0.0,0.6722,low,uncertain,False,False,True,Rule evidence below the strong-consensus threshold (1/2 votes) and ML offered no confident class.,gas_flare,1,unclassified,0.6722,0.0,"[""Low-intensity thermal source (FRP: 1.6 MW)."", ""Industrial infrastructure within 1.3 km."", ""Agricultural land within 4.0 km."", ""Only 1 labeling function(s) fired — below the strong-consensus threshold (2)."", ""XGBoost also abstained: its most probable class was 'unclassified' (67.2%), meaning no specific class met the evidence threshold."", ""Decision [uncertain]: classified as unknown requiring ground review.""]",6,uncertain,0.0,0.6722,gas_flare,1.0
472,21.10314,72.64573,2.61,307.67,2026-09-03,,999.0,3.884,2.599,999.0,999.0,1.303,unclassified,0.0,0.9019,low,uncertain,False,False,True,Both rule engine and ML model have insufficient evidence.,unclassified,0,unclassified,0.9019,0.0,"[""Low-intensity thermal source (FRP: 2.6 MW)."", ""Industrial infrastructure within 0.78 km."", ""Agricultural land within 3.9 km."", ""All 14 labeling functions abstained due to lack of spatial context."", ""XGBoost also abstained: its most probable class was 'unclassified' (90.2%), meaning no specific class met the evidence threshold."", ""Decision [uncertain]: classified as unknown requiring ground review.""]",6,uncertain,0.0,0.9019,unclassified,0.0
473,21.10483,72.63718,1.6,307.78,2026-09-03,,999.0,3.529,1.833,999.0,999.0,1.661,gas_flare,0.8283,0.7883,high,hybrid_agreement,True,False,False,,gas_flare,1,gas_flare,0.7883,82.8,"[""Low-intensity thermal source (FRP: 1.6 MW)."", ""Industrial infrastructure within 0.88 km."", ""Agricultural land within 3.5 km."", ""1 labeling function(s) voted 'gas_flare' (lf_oil_gas_flare)."", ""XGBoost predicted 'gas_flare' with 78.8% probability."", ""Decision [hybrid_agreement]: independent rule evidence and ML agree on 'gas_flare' — status confirmed.""]",6,confirmed,0.8283,0.7883,gas_flare,1.0
474,21.10739,72.64669,7.81,342.3,2026-09-03,,999.0,3.471,2.847,999.0,999.0,0.998,industrial_fire,0.99,0.997,high,hybrid_agreement,True,False,False,,industrial_fire,4,industrial_fire,0.997,99.0,"[""Moderate thermal signature (FRP: 7.8 MW)."", ""Industrial infrastructure within 0.41 km."", ""Agricultural land within 3.5 km."", ""4 labeling function(s) voted 'industrial_fire' (lf_industry_high_frp, lf_factory_proximity_thermal, lf_industrial_zone_cluster, lf_nighttime_process_heat)."", ""XGBoost predicted 'industrial_fire' with 99.7% probability."", ""Decision [hybrid_agreement]: independent rule evidence and ML agree on 'industrial_fire' — status confirmed.""]",6,confirmed,0.99,0.997,industrial_fire,4.0
475,21.16286,72.67182,4.97,331.87,2026-09-03,,999.0,4.856,8.969,999.0,999.0,0.8,industrial_fire,0.99,0.9977,high,hybrid_agreement,True,False,False,,industrial_fire,2,industrial_fire,0.9977,99.0,"[""Low-intensity thermal source (FRP: 5.0 MW)."", ""Industrial infrastructure within 0.66 km."", ""Agricultural land within 4.9 km."", ""2 labeling function(s) voted 'industrial_fire' (lf_factory_proximity_thermal, lf_nighttime_process_heat)."", ""XGBoost predicted 'industrial_fire' with 99.8% probability."", ""Decision [hybrid_agreement]: independent rule evidence and ML agree on 'industrial_fire' — status confirmed.""]",6,confirmed,0.99,0.9977,industrial_fire,2.0
476,21.1644,72.67298,4.37,336.65,2026-09-03,,999.0,5.056,9.178,999.0,999.0,0.626,industrial_fire,0.99,0.9959,high,hybrid_agreement,True,False,False,,industrial_fire,2,industrial_fire,0.9959,99.0,"[""Low-intensity thermal source (FRP: 4.4 MW)."", ""Industrial infrastructure within 0.51 km."", ""2 labeling function(s) voted 'industrial_fire' (lf_factory_proximity_thermal, lf_nighttime_process_heat)."", ""XGBoost predicted 'industrial_fire' with 99.6% probability."", ""Decision [hybrid_agreement]: independent rule evidence and ML agree on 'industrial_fire' — status confirmed.""]",5,confirmed,0.99,0.9959,industrial_fire,2.0
477,21.16523,72.66869,4.37,321.34,2026-09-03,,999.0,4.774,9.004,999.0,999.0,0.699,industrial_fire,0.99,0.9976,high,hybrid_agreement,True,False,False,,industrial_fire,2,industrial_fire,0.9976,99.0,"[""Low-intensity thermal source (FRP: 4.4 MW)."", ""Industrial infrastructure within 0.67 km."", ""Agricultural land within 4.8 km."", ""2 labeling function(s) voted 'industrial_fire' (lf_factory_proximity_thermal, lf_nighttime_process_heat)."", ""XGBoost predicted 'industrial_fire' with 99.8% probability."", ""Decision [hybrid_agreement]: independent rule evidence and ML agree on 'industrial_fire' — status confirmed.""]",6,confirmed,0.99,0.9976,industrial_fire,2.0
478,21.16711,72.67277,7.63,339.36,2026-09-03,,999.0,5.23,9.413,999.0,999.0,0.637,industrial_fire,0.99,0.9949,high,hybrid_agreement,True,False,False,,industrial_fire,4,industrial_fire,0.9949,99.0,"[""Moderate thermal signature (FRP: 7.6 MW)."", ""Industrial infrastructure within 0.23 km."", ""4 labeling function(s) voted 'industrial_fire' (lf_industry_high_frp, lf_factory_proximity_thermal, lf_industrial_zone_cluster, lf_nighttime_process_heat)."", ""XGBoost predicted 'industrial_fire' with 99.5% probability."", ""Decision [hybrid_agreement]: independent rule evidence and ML agree on 'industrial_fire' — status confirmed.""]",5,confirmed,0.99,0.9949,industrial_fire,4.0
479,25.94198,72.19152,4.61,328.97,2026-09-03,,999.0,999.0,999.0,999.0,999.0,999.0,unclassified,0.0,0.9997,low,uncertain,False,False,True,Both rule engine and ML model have insufficient evidence.,unclassified,0,unclassified,0.9997,0.0,"[""Low-intensity thermal source (FRP: 4.6 MW)."", ""All 14 labeling functions abstained due to lack of spatial context."", ""XGBoost also abstained: its most probable class was 'unclassified' (100.0%), meaning no specific class met the evidence threshold."", ""Decision [uncertain]: classified as unknown requiring ground review.""]",4,uncertain,0.0,0.9997,unclassified,0.0
480,25.94338,72.19575,2.18,311.07,2026-09-03,,999.0,999.0,999.0,999.0,999.0,999.0,unclassified,0.0,0.9996,low,uncertain,False,False,True,Both rule engine and ML model have insufficient evidence.,unclassified,0,unclassified,0.9996,0.0,"[""Low-intensity thermal source (FRP: 2.2 MW)."", ""All 14 labeling functions abstained due to lack of spatial context."", ""XGBoost also abstained: its most probable class was 'unclassified' (100.0%), meaning no specific class met the evidence threshold."", ""Decision [uncertain]: classified as unknown requiring ground review.""]",4,uncertain,0.0,0.9996,unclassified,0.0
481,25.94437,72.19054,2.7,317.01,2026-09-03,,999.0,999.0,999.0,999.0,999.0,999.0,unclassified,0.0,0.9998,low,uncertain,False,False,True,Both rule engine and ML model have insufficient evidence.,unclassified,0,unclassified,0.9998,0.0,"[""Low-intensity thermal source (FRP: 2.7 MW)."", ""All 14 labeling functions abstained due to lack of spatial context."", ""XGBoost also abstained: its most probable class was 'unclassified' (100.0%), meaning no specific class met the evidence threshold."", ""Decision [uncertain]: classified as unknown requiring ground review.""]",4,uncertain,0.0,0.9998,unclassified,0.0
482,26.87735,73.51431,1.4,305.85,2026-09-03,,999.0,999.0,999.0,999.0,999.0,999.0,unclassified,0.0,0.9997,low,uncertain,False,False,True,Both rule engine and ML model have insufficient evidence.,unclassified,0,unclassified,0.9997,0.0,"[""Low-intensity thermal source (FRP: 1.4 MW)."", ""All 14 labeling functions abstained due to lack of spatial context."", ""XGBoost also abstained: its most probable class was 'unclassified' (100.0%), meaning no specific class met the evidence threshold."", ""Decision [uncertain]: classified as unknown requiring ground review.""]",4,uncertain,0.0,0.9997,unclassified,0.0
483,27.081,73.81882,0.77,306.77,2026-09-03,,999.0,999.0,999.0,999.0,999.0,999.0,unclassified,0.0,0.9997,low,uncertain,False,False,True,Both rule engine and ML model have insufficient evidence.,unclassified,0,unclassified,0.9997,0.0,"[""Low-intensity thermal source (FRP: 0.8 MW)."", ""All 14 labeling functions abstained due to lack of spatial context."", ""XGBoost also abstained: its most probable class was 'unclassified' (100.0%), meaning no specific class met the evidence threshold."", ""Decision [uncertain]: classified as unknown requiring ground review.""]",4,uncertain,0.0,0.9997,unclassified,0.0
484,27.28717,73.83929,0.98,306.83,2026-09-03,,999.0,999.0,999.0,999.0,999.0,999.0,unclassified,0.0,0.9997,low,uncertain,False,False,True,Both rule engine and ML model have insufficient evidence.,unclassified,0,unclassified,0.9997,0.0,"[""Low-intensity thermal source (FRP: 1.0 MW)."", ""All 14 labeling functions abstained due to lack of spatial context."", ""XGBoost also abstained: its most probable class was 'unclassified' (100.0%), meaning no specific class met the evidence threshold."", ""Decision [uncertain]: classified as unknown requiring ground review.""]",4,uncertain,0.0,0.9997,unclassified,0.0
485,12.75382,92.88086,2.49,332.85,2026-09-04,,999.0,999.0,999.0,999.0,999.0,999.0,unclassified,0.0,0.9989,low,uncertain,False,False,True,Both rule engine and ML model have insufficient evidence.,unclassified,0,unclassified,0.9989,0.0,"[""Low-intensity thermal source (FRP: 2.5 MW)."", ""All 14 labeling functions abstained due to lack of spatial context."", ""XGBoost also abstained: its most probable class was 'unclassified' (99.9%), meaning no specific class met the evidence threshold."", ""Decision [uncertain]: classified as unknown requiring ground review.""]",4,uncertain,0.0,0.9989,unclassified,0.0
486,29.18748,88.53117,2.61,326.49,2026-09-04,,999.0,999.0,999.0,999.0,999.0,999.0,unclassified,0.0,0.9997,low,uncertain,False,False,True,Both rule engine and ML model have insufficient evidence.,unclassified,0,unclassified,0.9997,0.0,"[""Low-intensity thermal source (FRP: 2.6 MW)."", ""All 14 labeling functions abstained due to lack of spatial context."", ""XGBoost also abstained: its most probable class was 'unclassified' (100.0%), meaning no specific class met the evidence threshold."", ""Decision [uncertain]: classified as unknown requiring ground review.""]",4,uncertain,0.0,0.9997,unclassified,0.0
487,29.24429,91.86042,3.18,330.81,2026-09-04,,999.0,999.0,999.0,999.0,999.0,999.0,unclassified,0.0,0.9996,low,uncertain,False,False,True,Both rule engine and ML model have insufficient evidence.,unclassified,0,unclassified,0.9996,0.0,"[""Low-intensity thermal source (FRP: 3.2 MW)."", ""All 14 labeling functions abstained due to lack of spatial context."", ""XGBoost also abstained: its most probable class was 'unclassified' (100.0%), meaning no specific class met the evidence threshold."", ""Decision [uncertain]: classified as unknown requiring ground review.""]",4,uncertain,0.0,0.9996,unclassified,0.0
488,29.2485,91.86387,2.42,328.58,2026-09-04,,999.0,999.0,999.0,999.0,999.0,999.0,unclassified,0.0,0.9996,low,uncertain,False,False,True,Both rule engine and ML model have insufficient evidence.,unclassified,0,unclassified,0.9996,0.0,"[""Low-intensity thermal source (FRP: 2.4 MW)."", ""All 14 labeling functions abstained due to lack of spatial context."", ""XGBoost also abstained: its most probable class was 'unclassified' (100.0%), meaning no specific class met the evidence threshold."", ""Decision [uncertain]: classified as unknown requiring ground review.""]",4,uncertain,0.0,0.9996,unclassified,0.0
489,29.29299,88.90841,2.5,325.44,2026-09-04,,999.0,999.0,999.0,999.0,999.0,999.0,unclassified,0.0,0.9997,low,uncertain,False,False,True,Both rule engine and ML model have insufficient evidence.,unclassified,0,unclassified,0.9997,0.0,"[""Low-intensity thermal source (FRP: 2.5 MW)."", ""All 14 labeling functions abstained due to lack of spatial context."", ""XGBoost also abstained: its most probable class was 'unclassified' (100.0%), meaning no specific class met the evidence threshold."", ""Decision [uncertain]: classified as unknown requiring ground review.""]",4,uncertain,0.0,0.9997,unclassified,0.0
490,6.34224,81.12547,3.7,337.03,2026-09-04,,999.0,999.0,999.0,999.0,999.0,999.0,unclassified,0.0,0.9998,low,uncertain,False,False,True,Both rule engine and ML model have insufficient evidence.,unclassified,0,unclassified,0.9998,0.0,"[""Low-intensity thermal source (FRP: 3.7 MW)."", ""All 14 labeling functions abstained due to lack of spatial context."", ""XGBoost also abstained: its most probable class was 'unclassified' (100.0%), meaning no specific class met the evidence threshold."", ""Decision [uncertain]: classified as unknown requiring ground review.""]",4,uncertain,0.0,0.9998,unclassified,0.0
491,6.42538,81.01639,5.43,342.32,2026-09-04,,999.0,999.0,999.0,999.0,999.0,999.0,unclassified,0.0,0.9998,low,uncertain,False,False,True,Both rule engine and ML model have insufficient evidence.,unclassified,0,unclassified,0.9998,0.0,"[""Moderate thermal signature (FRP: 5.4 MW)."", ""All 14 labeling functions abstained due to lack of spatial context."", ""XGBoost also abstained: its most probable class was 'unclassified' (100.0%), meaning no specific class met the evidence threshold."", ""Decision [uncertain]: classified as unknown requiring ground review.""]",4,uncertain,0.0,0.9998,unclassified,0.0
492,6.42972,81.01575,5.43,342.18,2026-09-04,,999.0,999.0,999.0,999.0,999.0,999.0,unclassified,0.0,0.9998,low,uncertain,False,False,True,Both rule engine and ML model have insufficient evidence.,unclassified,0,unclassified,0.9998,0.0,"[""Moderate thermal signature (FRP: 5.4 MW)."", ""All 14 labeling functions abstained due to lack of spatial context."", ""XGBoost also abstained: its most probable class was 'unclassified' (100.0%), meaning no specific class met the evidence threshold."", ""Decision [uncertain]: classified as unknown requiring ground review.""]",4,uncertain,0.0,0.9998,unclassified,0.0
493,6.47065,81.08218,3.72,333.3,2026-09-04,,999.0,999.0,999.0,999.0,999.0,999.0,unclassified,0.0,0.9998,low,uncertain,False,False,True,Both rule engine and ML model have insufficient evidence.,unclassified,0,unclassified,0.9998,0.0,"[""Low-intensity thermal source (FRP: 3.7 MW)."", ""All 14 labeling functions abstained due to lack of spatial context."", ""XGBoost also abstained: its most probable class was 'unclassified' (100.0%), meaning no specific class met the evidence threshold."", ""Decision [uncertain]: classified as unknown requiring ground review.""]",4,uncertain,0.0,0.9998,unclassified,0.0
494,6.5269,80.76523,4.39,332.45,2026-09-04,,999.0,999.0,999.0,999.0,999.0,999.0,unclassified,0.0,0.9997,low,uncertain,False,False,True,Both rule engine and ML model have insufficient evidence.,unclassified,0,unclassified,0.9997,0.0,"[""Low-intensity thermal source (FRP: 4.4 MW)."", ""All 14 labeling functions abstained due to lack of spatial context."", ""XGBoost also abstained: its most probable class was 'unclassified' (100.0%), meaning no specific class met the evidence threshold."", ""Decision [uncertain]: classified as unknown requiring ground review.""]",4,uncertain,0.0,0.9997,unclassified,0.0
495,6.66989,80.91605,0.71,331.85,2026-09-04,,999.0,999.0,999.0,999.0,999.0,999.0,unclassified,0.0,0.9997,low,uncertain,False,False,True,Both rule engine and ML model have insufficient evidence.,unclassified,0,unclassified,0.9997,0.0,"[""Low-intensity thermal source (FRP: 0.7 MW)."", ""All 14 labeling functions abstained due to lack of spatial context."", ""XGBoost also abstained: its most probable class was 'unclassified' (100.0%), meaning no specific class met the evidence threshold."", ""Decision [uncertain]: classified as unknown requiring ground review.""]",4,uncertain,0.0,0.9997,unclassified,0.0
496,6.71661,81.32898,2.4,331.0,2026-09-04,,999.0,999.0,999.0,999.0,999.0,999.0,unclassified,0.0,0.9997,low,uncertain,False,False,True,Both rule engine and ML model have insufficient evidence.,unclassified,0,unclassified,0.9997,0.0,"[""Low-intensity thermal source (FRP: 2.4 MW)."", ""All 14 labeling functions abstained due to lack of spatial context."", ""XGBoost also abstained: its most probable class was 'unclassified' (100.0%), meaning no specific class met the evidence threshold."", ""Decision [uncertain]: classified as unknown requiring ground review.""]",4,uncertain,0.0,0.9997,unclassified,0.0
497,6.73734,81.53592,6.56,331.56,2026-09-04,,999.0,999.0,999.0,999.0,999.0,999.0,unclassified,0.0,0.9997,low,uncertain,False,False,True,Both rule engine and ML model have insufficient evidence.,unclassified,0,unclassified,0.9997,0.0,"[""Moderate thermal signature (FRP: 6.6 MW)."", ""All 14 labeling functions abstained due to lack of spatial context."", ""XGBoost also abstained: its most probable class was 'unclassified' (100.0%), meaning no specific class met the evidence threshold."", ""Decision [uncertain]: classified as unknown requiring ground review.""]",4,uncertain,0.0,0.9997,unclassified,0.0
498,6.75082,81.39299,6.91,339.34,2026-09-04,,999.0,999.0,999.0,999.0,999.0,999.0,unclassified,0.0,0.9997,low,uncertain,False,False,True,Both rule engine and ML model have insufficient evidence.,unclassified,0,unclassified,0.9997,0.0,"[""Moderate thermal signature (FRP: 6.9 MW)."", ""All 14 labeling functions abstained due to lack of spatial context."", ""XGBoost also abstained: its most probable class was 'unclassified' (100.0%), meaning no specific class met the evidence threshold."", ""Decision [uncertain]: classified as unknown requiring ground review.""]",4,uncertain,0.0,0.9997,unclassified,0.0
499,6.79404,81.53845,7.82,348.92,2026-09-04,,999.0,999.0,999.0,999.0,999.0,999.0,unclassified,0.0,0.9998,low,uncertain,False,False,True,Both rule engine and ML model have insufficient evidence.,unclassified,0,unclassified,0.9998,0.0,"[""Moderate thermal signature (FRP: 7.8 MW)."", ""All 14 labeling functions abstained due to lack of spatial context."", ""XGBoost also abstained: its most probable class was 'unclassified' (100.0%), meaning no specific class met the evidence threshold."", ""Decision [uncertain]: classified as unknown requiring ground review.""]",4,uncertain,0.0,0.9998,unclassified,0.0
500,6.79797,81.46822,4.24,337.38,2026-09-04,,999.0,999.0,999.0,999.0,999.0,999.0,unclassified,0.0,0.9997,low,uncertain,False,False,True,Both rule engine and ML model have insufficient evidence.,unclassified,0,unclassified,0.9997,0.0,"[""Low-intensity thermal source (FRP: 4.2 MW)."", ""All 14 labeling functions abstained due to lack of spatial context."", ""XGBoost also abstained: its most probable class was 'unclassified' (100.0%), meaning no specific class met the evidence threshold."", ""Decision [uncertain]: classified as unknown requiring ground review.""]",4,uncertain,0.0,0.9997,unclassified,0.0
501,6.82711,81.33308,7.18,341.55,2026-09-04,,999.0,999.0,999.0,999.0,999.0,999.0,unclassified,0.0,0.9998,low,uncertain,False,False,True,Both rule engine and ML model have insufficient evidence.,unclassified,0,unclassified,0.9998,0.0,"[""Moderate thermal signature (FRP: 7.2 MW)."", ""All 14 labeling functions abstained due to lack of spatial context."", ""XGBoost also abstained: its most probable class was 'unclassified' (100.0%), meaning no specific class met the evidence threshold."", ""Decision [uncertain]: classified as unknown requiring ground review.""]",4,uncertain,0.0,0.9998,unclassified,0.0
502,6.82874,81.33171,6.6,343.08,2026-09-04,,999.0,999.0,999.0,999.0,999.0,999.0,unclassified,0.0,0.9998,low,uncertain,False,False,True,Both rule engine and ML model have insufficient evidence.,unclassified,0,unclassified,0.9998,0.0,"[""Moderate thermal signature (FRP: 6.6 MW)."", ""All 14 labeling functions abstained due to lack of spatial context."", ""XGBoost also abstained: its most probable class was 'unclassified' (100.0%), meaning no specific class met the evidence threshold."", ""Decision [uncertain]: classified as unknown requiring ground review.""]",4,uncertain,0.0,0.9998,unclassified,0.0
503,6.83144,81.47736,2.68,335.68,2026-09-04,,999.0,999.0,999.0,999.0,999.0,999.0,unclassified,0.0,0.9998,low,uncertain,False,False,True,Both rule engine and ML model have insufficient evidence.,unclassified,0,unclassified,0.9998,0.0,"[""Low-intensity thermal source (FRP: 2.7 MW)."", ""All 14 labeling functions abstained due to lack of spatial context."", ""XGBoost also abstained: its most probable class was 'unclassified' (100.0%), meaning no specific class met the evidence threshold."", ""Decision [uncertain]: classified as unknown requiring ground review.""]",4,uncertain,0.0,0.9998,unclassified,0.0
504,6.90904,81.66004,8.05,336.95,2026-09-04,,999.0,999.0,999.0,999.0,999.0,999.0,unclassified,0.0,0.9997,low,uncertain,False,False,True,Both rule engine and ML model have insufficient evidence.,unclassified,0,unclassified,0.9997,0.0,"[""Moderate thermal signature (FRP: 8.1 MW)."", ""All 14 labeling functions abstained due to lack of spatial context."", ""XGBoost also abstained: its most probable class was 'unclassified' (100.0%), meaning no specific class met the evidence threshold."", ""Decision [uncertain]: classified as unknown requiring ground review.""]",4,uncertain,0.0,0.9997,unclassified,0.0
505,6.97485,81.5989,9.27,342.62,2026-09-04,,999.0,999.0,999.0,999.0,999.0,999.0,unclassified,0.0,0.9998,low,uncertain,False,False,True,Both rule engine and ML model have insufficient evidence.,unclassified,0,unclassified,0.9998,0.0,"[""Moderate thermal signature (FRP: 9.3 MW)."", ""All 14 labeling functions abstained due to lack of spatial context."", ""XGBoost also abstained: its most probable class was 'unclassified' (100.0%), meaning no specific class met the evidence threshold."", ""Decision [uncertain]: classified as unknown requiring ground review.""]",4,uncertain,0.0,0.9998,unclassified,0.0
506,7.20339,81.01457,6.32,333.96,2026-09-04,,999.0,999.0,999.0,999.0,999.0,999.0,unclassified,0.0,0.9997,low,uncertain,False,False,True,Both rule engine and ML model have insufficient evidence.,unclassified,0,unclassified,0.9997,0.0,"[""Moderate thermal signature (FRP: 6.3 MW)."", ""All 14 labeling functions abstained due to lack of spatial context."", ""XGBoost also abstained: its most probable class was 'unclassified' (100.0%), meaning no specific class met the evidence threshold."", ""Decision [uncertain]: classified as unknown requiring ground review.""]",4,uncertain,0.0,0.9997,unclassified,0.0
507,7.30575,81.13636,5.23,334.07,2026-09-04,,999.0,999.0,999.0,999.0,999.0,999.0,unclassified,0.0,0.9997,low,uncertain,False,False,True,Both rule engine and ML model have insufficient evidence.,unclassified,0,unclassified,0.9997,0.0,"[""Moderate thermal signature (FRP: 5.2 MW)."", ""All 14 labeling functions abstained due to lack of spatial context."", ""XGBoost also abstained: its most probable class was 'unclassified' (100.0%), meaning no specific class met the evidence threshold."", ""Decision [uncertain]: classified as unknown requiring ground review.""]",4,uncertain,0.0,0.9997,unclassified,0.0
508,7.3628,81.3008,7.25,344.12,2026-09-04,,999.0,999.0,999.0,999.0,999.0,999.0,unclassified,0.0,0.9997,low,uncertain,False,False,True,Both rule engine and ML model have insufficient evidence.,unclassified,0,unclassified,0.9997,0.0,"[""Moderate thermal signature (FRP: 7.2 MW)."", ""All 14 labeling functions abstained due to lack of spatial context."", ""XGBoost also abstained: its most probable class was 'unclassified' (100.0%), meaning no specific class met the evidence threshold."", ""Decision [uncertain]: classified as unknown requiring ground review.""]",4,uncertain,0.0,0.9997,unclassified,0.0
509,7.36553,81.29984,6.37,340.27,2026-09-04,,999.0,999.0,999.0,999.0,999.0,999.0,unclassified,0.0,0.9997,low,uncertain,False,False,True,Both rule engine and ML model have insufficient evidence.,unclassified,0,unclassified,0.9997,0.0,"[""Moderate thermal signature (FRP: 6.4 MW)."", ""All 14 labeling functions abstained due to lack of spatial context."", ""XGBoost also abstained: its most probable class was 'unclassified' (100.0%), meaning no specific class met the evidence threshold."", ""Decision [uncertain]: classified as unknown requiring ground review.""]",4,uncertain,0.0,0.9997,unclassified,0.0
510,7.38462,79.87064,2.9,333.64,2026-09-04,,999.0,999.0,999.0,999.0,999.0,999.0,unclassified,0.0,0.9997,low,uncertain,False,False,True,Both rule engine and ML model have insufficient evidence.,unclassified,0,unclassified,0.9997,0.0,"[""Low-intensity thermal source (FRP: 2.9 MW)."", ""All 14 labeling functions abstained due to lack of spatial context."", ""XGBoost also abstained: its most probable class was 'unclassified' (100.0%), meaning no specific class met the evidence threshold."", ""Decision [uncertain]: classified as unknown requiring ground review.""]",4,uncertain,0.0,0.9997,unclassified,0.0
511,7.38789,81.28361,2.35,332.09,2026-09-04,,999.0,999.0,999.0,999.0,999.0,999.0,unclassified,0.0,0.9996,low,uncertain,False,False,True,Both rule engine and ML model have insufficient evidence.,unclassified,0,unclassified,0.9996,0.0,"[""Low-intensity thermal source (FRP: 2.4 MW)."", ""All 14 labeling functions abstained due to lack of spatial context."", ""XGBoost also abstained: its most probable class was 'unclassified' (100.0%), meaning no specific class met the evidence threshold."", ""Decision [uncertain]: classified as unknown requiring ground review.""]",4,uncertain,0.0,0.9996,unclassified,0.0
512,7.38853,81.28822,5.15,331.69,2026-09-04,,999.0,999.0,999.0,999.0,999.0,999.0,unclassified,0.0,0.9996,low,uncertain,False,False,True,Both rule engine and ML model have insufficient evidence.,unclassified,0,unclassified,0.9996,0.0,"[""Moderate thermal signature (FRP: 5.2 MW)."", ""All 14 labeling functions abstained due to lack of spatial context."", ""XGBoost also abstained: its most probable class was 'unclassified' (100.0%), meaning no specific class met the evidence threshold."", ""Decision [uncertain]: classified as unknown requiring ground review.""]",4,uncertain,0.0,0.9996,unclassified,0.0
513,7.39238,81.28298,5.24,336.26,2026-09-04,,999.0,999.0,999.0,999.0,999.0,999.0,unclassified,0.0,0.9997,low,uncertain,False,False,True,Both rule engine and ML model have insufficient evidence.,unclassified,0,unclassified,0.9997,0.0,"[""Moderate thermal signature (FRP: 5.2 MW)."", ""All 14 labeling functions abstained due to lack of spatial context."", ""XGBoost also abstained: its most probable class was 'unclassified' (100.0%), meaning no specific class met the evidence threshold."", ""Decision [uncertain]: classified as unknown requiring ground review.""]",4,uncertain,0.0,0.9997,unclassified,0.0
514,7.39301,81.28756,5.67,330.06,2026-09-04,,999.0,999.0,999.0,999.0,999.0,999.0,unclassified,0.0,0.9997,low,uncertain,False,False,True,Both rule engine and ML model have insufficient evidence.,unclassified,0,unclassified,0.9997,0.0,"[""Moderate thermal signature (FRP: 5.7 MW)."", ""All 14 labeling functions abstained due to lack of spatial context."", ""XGBoost also abstained: its most probable class was 'unclassified' (100.0%), meaning no specific class met the evidence threshold."", ""Decision [uncertain]: classified as unknown requiring ground review.""]",4,uncertain,0.0,0.9997,unclassified,0.0
515,7.44182,81.24464,10.35,339.51,2026-09-04,,999.0,999.0,999.0,999.0,999.0,999.0,unclassified,0.0,0.9997,low,uncertain,False,False,True,Both rule engine and ML model have insufficient evidence.,unclassified,0,unclassified,0.9997,0.0,"[""Moderate thermal signature (FRP: 10.3 MW)."", ""All 14 labeling functions abstained due to lack of spatial context."", ""XGBoost also abstained: its most probable class was 'unclassified' (100.0%), meaning no specific class met the evidence threshold."", ""Decision [uncertain]: classified as unknown requiring ground review.""]",4,uncertain,0.0,0.9997,unclassified,0.0
516,7.4431,81.25359,11.29,339.75,2026-09-04,,999.0,999.0,999.0,999.0,999.0,999.0,unclassified,0.0,0.9997,low,uncertain,False,False,True,Both rule engine and ML model have insufficient evidence.,unclassified,0,unclassified,0.9997,0.0,"[""Moderate thermal signature (FRP: 11.3 MW)."", ""All 14 labeling functions abstained due to lack of spatial context."", ""XGBoost also abstained: its most probable class was 'unclassified' (100.0%), meaning no specific class met the evidence threshold."", ""Decision [uncertain]: classified as unknown requiring ground review.""]",4,uncertain,0.0,0.9997,unclassified,0.0
517,7.44566,81.23956,7.04,342.28,2026-09-04,,999.0,999.0,999.0,999.0,999.0,999.0,unclassified,0.0,0.9998,low,uncertain,False,False,True,Both rule engine and ML model have insufficient evidence.,unclassified,0,unclassified,0.9998,0.0,"[""Moderate thermal signature (FRP: 7.0 MW)."", ""All 14 labeling functions abstained due to lack of spatial context."", ""XGBoost also abstained: its most probable class was 'unclassified' (100.0%), meaning no specific class met the evidence threshold."", ""Decision [uncertain]: classified as unknown requiring ground review.""]",4,uncertain,0.0,0.9998,unclassified,0.0
518,7.44629,81.24397,10.35,349.63,2026-09-04,,999.0,999.0,999.0,999.0,999.0,999.0,unclassified,0.0,0.9997,low,uncertain,False,False,True,Both rule engine and ML model have insufficient evidence.,unclassified,0,unclassified,0.9997,0.0,"[""Moderate thermal signature (FRP: 10.3 MW)."", ""All 14 labeling functions abstained due to lack of spatial context."", ""XGBoost also abstained: its most probable class was 'unclassified' (100.0%), meaning no specific class met the evidence threshold."", ""Decision [uncertain]: classified as unknown requiring ground review.""]",4,uncertain,0.0,0.9997,unclassified,0.0
519,7.51962,81.10014,13.33,336.58,2026-09-04,,999.0,999.0,999.0,999.0,999.0,999.0,unclassified,0.0,0.9997,low,uncertain,False,False,True,Both rule engine and ML model have insufficient evidence.,unclassified,0,unclassified,0.9997,0.0,"[""Moderate thermal signature (FRP: 13.3 MW)."", ""All 14 labeling functions abstained due to lack of spatial context."", ""XGBoost also abstained: its most probable class was 'unclassified' (100.0%), meaning no specific class met the evidence threshold."", ""Decision [uncertain]: classified as unknown requiring ground review.""]",4,uncertain,0.0,0.9997,unclassified,0.0
520,7.61087,80.83186,3.4,332.6,2026-09-04,,999.0,999.0,999.0,999.0,999.0,999.0,unclassified,0.0,0.9997,low,uncertain,False,False,True,Both rule engine and ML model have insufficient evidence.,unclassified,0,unclassified,0.9997,0.0,"[""Low-intensity thermal source (FRP: 3.4 MW)."", ""All 14 labeling functions abstained due to lack of spatial context."", ""XGBoost also abstained: its most probable class was 'unclassified' (100.0%), meaning no specific class met the evidence threshold."", ""Decision [uncertain]: classified as unknown requiring ground review.""]",4,uncertain,0.0,0.9997,unclassified,0.0
521,7.65727,80.49637,1.91,331.97,2026-09-04,,999.0,999.0,999.0,999.0,999.0,999.0,unclassified,0.0,0.9998,low,uncertain,False,False,True,Both rule engine and ML model have insufficient evidence.,unclassified,0,unclassified,0.9998,0.0,"[""Low-intensity thermal source (FRP: 1.9 MW)."", ""All 14 labeling functions abstained due to lack of spatial context."", ""XGBoost also abstained: its most probable class was 'unclassified' (100.0%), meaning no specific class met the evidence threshold."", ""Decision [uncertain]: classified as unknown requiring ground review.""]",4,uncertain,0.0,0.9998,unclassified,0.0
522,7.66027,79.91571,4.3,330.12,2026-09-04,,999.0,999.0,999.0,999.0,999.0,999.0,unclassified,0.0,0.9997,low,uncertain,False,False,True,Both rule engine and ML model have insufficient evidence.,unclassified,0,unclassified,0.9997,0.0,"[""Low-intensity thermal source (FRP: 4.3 MW)."", ""All 14 labeling functions abstained due to lack of spatial context."", ""XGBoost also abstained: its most probable class was 'unclassified' (100.0%), meaning no specific class met the evidence threshold."", ""Decision [uncertain]: classified as unknown requiring ground review.""]",4,uncertain,0.0,0.9997,unclassified,0.0
523,7.69514,80.13086,5.45,343.92,2026-09-04,,999.0,999.0,999.0,999.0,999.0,999.0,unclassified,0.0,0.9998,low,uncertain,False,False,True,Both rule engine and ML model have insufficient evidence.,unclassified,0,unclassified,0.9998,0.0,"[""Moderate thermal signature (FRP: 5.5 MW)."", ""All 14 labeling functions abstained due to lack of spatial context."", ""XGBoost also abstained: its most probable class was 'unclassified' (100.0%), meaning no specific class met the evidence threshold."", ""Decision [uncertain]: classified as unknown requiring ground review.""]",4,uncertain,0.0,0.9998,unclassified,0.0
524,7.71052,79.86343,3.6,340.21,2026-09-04,,999.0,999.0,999.0,999.0,999.0,999.0,unclassified,0.0,0.9998,low,uncertain,False,False,True,Both rule engine and ML model have insufficient evidence.,unclassified,0,unclassified,0.9998,0.0,"[""Low-intensity thermal source (FRP: 3.6 MW)."", ""All 14 labeling functions abstained due to lack of spatial context."", ""XGBoost also abstained: its most probable class was 'unclassified' (100.0%), meaning no specific class met the evidence threshold."", ""Decision [uncertain]: classified as unknown requiring ground review.""]",4,uncertain,0.0,0.9998,unclassified,0.0
525,7.81016,79.9166,1.78,332.62,2026-09-04,,999.0,999.0,999.0,999.0,999.0,999.0,unclassified,0.0,0.9998,low,uncertain,False,False,True,Both rule engine and ML model have insufficient evidence.,unclassified,0,unclassified,0.9998,0.0,"[""Low-intensity thermal source (FRP: 1.8 MW)."", ""All 14 labeling functions abstained due to lack of spatial context."", ""XGBoost also abstained: its most probable class was 'unclassified' (100.0%), meaning no specific class met the evidence threshold."", ""Decision [uncertain]: classified as unknown requiring ground review.""]",4,uncertain,0.0,0.9998,unclassified,0.0
526,7.81069,79.92027,3.19,342.74,2026-09-04,,999.0,999.0,999.0,999.0,999.0,999.0,unclassified,0.0,0.9998,low,uncertain,False,False,True,Both rule engine and ML model have insufficient evidence.,unclassified,0,unclassified,0.9998,0.0,"[""Low-intensity thermal source (FRP: 3.2 MW)."", ""All 14 labeling functions abstained due to lack of spatial context."", ""XGBoost also abstained: its most probable class was 'unclassified' (100.0%), meaning no specific class met the evidence threshold."", ""Decision [uncertain]: classified as unknown requiring ground review.""]",4,uncertain,0.0,0.9998,unclassified,0.0
527,7.81293,79.91923,6.83,345.57,2026-09-04,,999.0,999.0,999.0,999.0,999.0,999.0,unclassified,0.0,0.9998,low,uncertain,False,False,True,Both rule engine and ML model have insufficient evidence.,unclassified,0,unclassified,0.9998,0.0,"[""Moderate thermal signature (FRP: 6.8 MW)."", ""All 14 labeling functions abstained due to lack of spatial context."", ""XGBoost also abstained: its most probable class was 'unclassified' (100.0%), meaning no specific class met the evidence threshold."", ""Decision [uncertain]: classified as unknown requiring ground review.""]",4,uncertain,0.0,0.9998,unclassified,0.0
528,7.87883,79.93985,2.72,335.54,2026-09-04,,999.0,999.0,999.0,999.0,999.0,999.0,unclassified,0.0,0.9998,low,uncertain,False,False,True,Both rule engine and ML model have insufficient evidence.,unclassified,0,unclassified,0.9998,0.0,"[""Low-intensity thermal source (FRP: 2.7 MW)."", ""All 14 labeling functions abstained due to lack of spatial context."", ""XGBoost also abstained: its most probable class was 'unclassified' (100.0%), meaning no specific class met the evidence threshold."", ""Decision [uncertain]: classified as unknown requiring ground review.""]",4,uncertain,0.0,0.9998,unclassified,0.0
529,7.87908,80.031,3.08,338.52,2026-09-04,,999.0,999.0,999.0,999.0,999.0,999.0,unclassified,0.0,0.9997,low,uncertain,False,False,True,Both rule engine and ML model have insufficient evidence.,unclassified,0,unclassified,0.9997,0.0,"[""Low-intensity thermal source (FRP: 3.1 MW)."", ""All 14 labeling functions abstained due to lack of spatial context."", ""XGBoost also abstained: its most probable class was 'unclassified' (100.0%), meaning no specific class met the evidence threshold."", ""Decision [uncertain]: classified as unknown requiring ground review.""]",4,uncertain,0.0,0.9997,unclassified,0.0
530,7.91133,80.55552,7.07,335.04,2026-09-04,,999.0,999.0,999.0,999.0,999.0,999.0,unclassified,0.0,0.9998,low,uncertain,False,False,True,Both rule engine and ML model have insufficient evidence.,unclassified,0,unclassified,0.9998,0.0,"[""Moderate thermal signature (FRP: 7.1 MW)."", ""All 14 labeling functions abstained due to lack of spatial context."", ""XGBoost also abstained: its most probable class was 'unclassified' (100.0%), meaning no specific class met the evidence threshold."", ""Decision [uncertain]: classified as unknown requiring ground review.""]",4,uncertain,0.0,0.9998,unclassified,0.0
531,7.91191,80.55957,7.48,342.84,2026-09-04,,999.0,999.0,999.0,999.0,999.0,999.0,unclassified,0.0,0.9998,low,uncertain,False,False,True,Both rule engine and ML model have insufficient evidence.,unclassified,0,unclassified,0.9998,0.0,"[""Moderate thermal signature (FRP: 7.5 MW)."", ""All 14 labeling functions abstained due to lack of spatial context."", ""XGBoost also abstained: its most probable class was 'unclassified' (100.0%), meaning no specific class met the evidence threshold."", ""Decision [uncertain]: classified as unknown requiring ground review.""]",4,uncertain,0.0,0.9998,unclassified,0.0
532,7.91323,80.55524,8.63,342.53,2026-09-04,,999.0,999.0,999.0,999.0,999.0,999.0,unclassified,0.0,0.9998,low,uncertain,False,False,True,Both rule engine and ML model have insufficient evidence.,unclassified,0,unclassified,0.9998,0.0,"[""Moderate thermal signature (FRP: 8.6 MW)."", ""All 14 labeling functions abstained due to lack of spatial context."", ""XGBoost also abstained: its most probable class was 'unclassified' (100.0%), meaning no specific class met the evidence threshold."", ""Decision [uncertain]: classified as unknown requiring ground review.""]",4,uncertain,0.0,0.9998,unclassified,0.0
533,7.91379,80.5593,10.66,342.55,2026-09-04,,999.0,999.0,999.0,999.0,999.0,999.0,unclassified,0.0,0.9998,low,uncertain,False,False,True,Both rule engine and ML model have insufficient evidence.,unclassified,0,unclassified,0.9998,0.0,"[""Moderate thermal signature (FRP: 10.7 MW)."", ""All 14 labeling functions abstained due to lack of spatial context."", ""XGBoost also abstained: its most probable class was 'unclassified' (100.0%), meaning no specific class met the evidence threshold."", ""Decision [uncertain]: classified as unknown requiring ground review.""]",4,uncertain,0.0,0.9998,unclassified,0.0
534,7.94364,80.12633,5.19,338.53,2026-09-04,,999.0,999.0,999.0,999.0,999.0,999.0,unclassified,0.0,0.9998,low,uncertain,False,False,True,Both rule engine and ML model have insufficient evidence.,unclassified,0,unclassified,0.9998,0.0,"[""Moderate thermal signature (FRP: 5.2 MW)."", ""All 14 labeling functions abstained due to lack of spatial context."", ""XGBoost also abstained: its most probable class was 'unclassified' (100.0%), meaning no specific class met the evidence threshold."", ""Decision [uncertain]: classified as unknown requiring ground review.""]",4,uncertain,0.0,0.9998,unclassified,0.0
535,7.94419,80.13013,7.55,341.27,2026-09-04,,999.0,999.0,999.0,999.0,999.0,999.0,unclassified,0.0,0.9998,low,uncertain,False,False,True,Both rule engine and ML model have insufficient evidence.,unclassified,0,unclassified,0.9998,0.0,"[""Moderate thermal signature (FRP: 7.5 MW)."", ""All 14 labeling functions abstained due to lack of spatial context."", ""XGBoost also abstained: its most probable class was 'unclassified' (100.0%), meaning no specific class met the evidence threshold."", ""Decision [uncertain]: classified as unknown requiring ground review.""]",4,uncertain,0.0,0.9998,unclassified,0.0
536,7.94493,80.62585,3.01,332.78,2026-09-04,,999.0,999.0,999.0,999.0,999.0,999.0,unclassified,0.0,0.9997,low,uncertain,False,False,True,Both rule engine and ML model have insufficient evidence.,unclassified,0,unclassified,0.9997,0.0,"[""Low-intensity thermal source (FRP: 3.0 MW)."", ""All 14 labeling functions abstained due to lack of spatial context."", ""XGBoost also abstained: its most probable class was 'unclassified' (100.0%), meaning no specific class met the evidence threshold."", ""Decision [uncertain]: classified as unknown requiring ground review.""]",4,uncertain,0.0,0.9997,unclassified,0.0
537,7.94517,80.04884,4.21,338.79,2026-09-04,,999.0,999.0,999.0,999.0,999.0,999.0,unclassified,0.0,0.9998,low,uncertain,False,False,True,Both rule engine and ML model have insufficient evidence.,unclassified,0,unclassified,0.9998,0.0,"[""Low-intensity thermal source (FRP: 4.2 MW)."", ""All 14 labeling functions abstained due to lack of spatial context."", ""XGBoost also abstained: its most probable class was 'unclassified' (100.0%), meaning no specific class met the evidence threshold."", ""Decision [uncertain]: classified as unknown requiring ground review.""]",4,uncertain,0.0,0.9998,unclassified,0.0
538,7.94696,80.04915,2.16,331.12,2026-09-04,,999.0,999.0,999.0,999.0,999.0,999.0,unclassified,0.0,0.9997,low,uncertain,False,False,True,Both rule engine and ML model have insufficient evidence.,unclassified,0,unclassified,0.9997,0.0,"[""Low-intensity thermal source (FRP: 2.2 MW)."", ""All 14 labeling functions abstained due to lack of spatial context."", ""XGBoost also abstained: its most probable class was 'unclassified' (100.0%), meaning no specific class met the evidence threshold."", ""Decision [uncertain]: classified as unknown requiring ground review.""]",4,uncertain,0.0,0.9997,unclassified,0.0
539,7.94782,80.12575,5.19,342.94,2026-09-04,,999.0,999.0,999.0,999.0,999.0,999.0,unclassified,0.0,0.9998,low,uncertain,False,False,True,Both rule engine and ML model have insufficient evidence.,unclassified,0,unclassified,0.9998,0.0,"[""Moderate thermal signature (FRP: 5.2 MW)."", ""All 14 labeling functions abstained due to lack of spatial context."", ""XGBoost also abstained: its most probable class was 'unclassified' (100.0%), meaning no specific class met the evidence threshold."", ""Decision [uncertain]: classified as unknown requiring ground review.""]",4,uncertain,0.0,0.9998,unclassified,0.0
540,7.94837,80.12955,7.55,345.31,2026-09-04,,999.0,999.0,999.0,999.0,999.0,999.0,unclassified,0.0,0.9998,low,uncertain,False,False,True,Both rule engine and ML model have insufficient evidence.,unclassified,0,unclassified,0.9998,0.0,"[""Moderate thermal signature (FRP: 7.5 MW)."", ""All 14 labeling functions abstained due to lack of spatial context."", ""XGBoost also abstained: its most probable class was 'unclassified' (100.0%), meaning no specific class met the evidence threshold."", ""Decision [uncertain]: classified as unknown requiring ground review.""]",4,uncertain,0.0,0.9998,unclassified,0.0
541,7.9495,79.85543,3.96,339.74,2026-09-04,,999.0,999.0,999.0,999.0,999.0,999.0,unclassified,0.0,0.9998,low,uncertain,False,False,True,Both rule engine and ML model have insufficient evidence.,unclassified,0,unclassified,0.9998,0.0,"[""Low-intensity thermal source (FRP: 4.0 MW)."", ""All 14 labeling functions abstained due to lack of spatial context."", ""XGBoost also abstained: its most probable class was 'unclassified' (100.0%), meaning no specific class met the evidence threshold."", ""Decision [uncertain]: classified as unknown requiring ground review.""]",4,uncertain,0.0,0.9998,unclassified,0.0
542,7.96289,81.33191,8.43,344.81,2026-09-04,,999.0,999.0,999.0,999.0,999.0,999.0,unclassified,0.0,0.9997,low,uncertain,False,False,True,Both rule engine and ML model have insufficient evidence.,unclassified,0,unclassified,0.9997,0.0,"[""Moderate thermal signature (FRP: 8.4 MW)."", ""All 14 labeling functions abstained due to lack of spatial context."", ""XGBoost also abstained: its most probable class was 'unclassified' (100.0%), meaning no specific class met the evidence threshold."", ""Decision [uncertain]: classified as unknown requiring ground review.""]",4,uncertain,0.0,0.9997,unclassified,0.0
543,7.99274,80.41392,6.58,330.55,2026-09-04,,999.0,999.0,999.0,999.0,999.0,999.0,unclassified,0.0,0.9997,low,uncertain,False,False,True,Both rule engine and ML model have insufficient evidence.,unclassified,0,unclassified,0.9997,0.0,"[""Moderate thermal signature (FRP: 6.6 MW)."", ""All 14 labeling functions abstained due to lack of spatial context."", ""XGBoost also abstained: its most probable class was 'unclassified' (100.0%), meaning no specific class met the evidence threshold."", ""Decision [uncertain]: classified as unknown requiring ground review.""]",4,uncertain,0.0,0.9997,unclassified,0.0
544,7.9936,80.4128,3.91,334.52,2026-09-04,,999.0,999.0,999.0,999.0,999.0,999.0,unclassified,0.0,0.9998,low,uncertain,False,False,True,Both rule engine and ML model have insufficient evidence.,unclassified,0,unclassified,0.9998,0.0,"[""Low-intensity thermal source (FRP: 3.9 MW)."", ""All 14 labeling functions abstained due to lack of spatial context."", ""XGBoost also abstained: its most probable class was 'unclassified' (100.0%), meaning no specific class met the evidence threshold."", ""Decision [uncertain]: classified as unknown requiring ground review.""]",4,uncertain,0.0,0.9998,unclassified,0.0
545,7.99599,81.46941,5.83,337.55,2026-09-04,,999.0,999.0,999.0,999.0,999.0,999.0,unclassified,0.0,0.9998,low,uncertain,False,False,True,Both rule engine and ML model have insufficient evidence.,unclassified,0,unclassified,0.9998,0.0,"[""Moderate thermal signature (FRP: 5.8 MW)."", ""All 14 labeling functions abstained due to lack of spatial context."", ""XGBoost also abstained: its most probable class was 'unclassified' (100.0%), meaning no specific class met the evidence threshold."", ""Decision [uncertain]: classified as unknown requiring ground review.""]",4,uncertain,0.0,0.9998,unclassified,0.0
546,8.00805,80.60468,1.61,330.09,2026-09-04,,999.0,999.0,999.0,999.0,999.0,999.0,unclassified,0.0,0.9998,low,uncertain,False,False,True,Both rule engine and ML model have insufficient evidence.,unclassified,0,unclassified,0.9998,0.0,"[""Low-intensity thermal source (FRP: 1.6 MW)."", ""All 14 labeling functions abstained due to lack of spatial context."", ""XGBoost also abstained: its most probable class was 'unclassified' (100.0%), meaning no specific class met the evidence threshold."", ""Decision [uncertain]: classified as unknown requiring ground review.""]",4,uncertain,0.0,0.9998,unclassified,0.0
547,8.01845,80.61577,2.8,330.07,2026-09-04,,999.0,999.0,999.0,999.0,999.0,999.0,unclassified,0.0,0.9997,low,uncertain,False,False,True,Both rule engine and ML model have insufficient evidence.,unclassified,0,unclassified,0.9997,0.0,"[""Low-intensity thermal source (FRP: 2.8 MW)."", ""All 14 labeling functions abstained due to lack of spatial context."", ""XGBoost also abstained: its most probable class was 'unclassified' (100.0%), meaning no specific class met the evidence threshold."", ""Decision [uncertain]: classified as unknown requiring ground review.""]",4,uncertain,0.0,0.9997,unclassified,0.0
548,8.02105,80.30539,3.0,335.51,2026-09-04,,999.0,999.0,999.0,999.0,999.0,999.0,unclassified,0.0,0.9997,low,uncertain,False,False,True,Both rule engine and ML model have insufficient evidence.,unclassified,0,unclassified,0.9997,0.0,"[""Low-intensity thermal source (FRP: 3.0 MW)."", ""All 14 labeling functions abstained due to lack of spatial context."", ""XGBoost also abstained: its most probable class was 'unclassified' (100.0%), meaning no specific class met the evidence threshold."", ""Decision [uncertain]: classified as unknown requiring ground review.""]",4,uncertain,0.0,0.9997,unclassified,0.0
549,8.02395,80.62332,9.3,343.11,2026-09-04,,999.0,999.0,999.0,999.0,999.0,999.0,unclassified,0.0,0.9998,low,uncertain,False,False,True,Both rule engine and ML model have insufficient evidence.,unclassified,0,unclassified,0.9998,0.0,"[""Moderate thermal signature (FRP: 9.3 MW)."", ""All 14 labeling functions abstained due to lack of spatial context."", ""XGBoost also abstained: its most probable class was 'unclassified' (100.0%), meaning no specific class met the evidence threshold."", ""Decision [uncertain]: classified as unknown requiring ground review.""]",4,uncertain,0.0,0.9998,unclassified,0.0
550,8.02528,80.62028,6.82,342.88,2026-09-04,,999.0,999.0,999.0,999.0,999.0,999.0,unclassified,0.0,0.9998,low,uncertain,False,False,True,Both rule engine and ML model have insufficient evidence.,unclassified,0,unclassified,0.9998,0.0,"[""Moderate thermal signature (FRP: 6.8 MW)."", ""All 14 labeling functions abstained due to lack of spatial context."", ""XGBoost also abstained: its most probable class was 'unclassified' (100.0%), meaning no specific class met the evidence threshold."", ""Decision [uncertain]: classified as unknown requiring ground review.""]",4,uncertain,0.0,0.9998,unclassified,0.0
551,8.05665,80.10335,2.21,334.82,2026-09-04,,999.0,999.0,999.0,999.0,999.0,999.0,unclassified,0.0,0.9998,low,uncertain,False,False,True,Both rule engine and ML model have insufficient evidence.,unclassified,0,unclassified,0.9998,0.0,"[""Low-intensity thermal source (FRP: 2.2 MW)."", ""All 14 labeling functions abstained due to lack of spatial context."", ""XGBoost also abstained: its most probable class was 'unclassified' (100.0%), meaning no specific class met the evidence threshold."", ""Decision [uncertain]: classified as unknown requiring ground review.""]",4,uncertain,0.0,0.9998,unclassified,0.0
552,8.12243,80.51514,6.02,334.58,2026-09-04,,999.0,999.0,999.0,999.0,999.0,999.0,unclassified,0.0,0.9998,low,uncertain,False,False,True,Both rule engine and ML model have insufficient evidence.,unclassified,0,unclassified,0.9998,0.0,"[""Moderate thermal signature (FRP: 6.0 MW)."", ""All 14 labeling functions abstained due to lack of spatial context."", ""XGBoost also abstained: its most probable class was 'unclassified' (100.0%), meaning no specific class met the evidence threshold."", ""Decision [uncertain]: classified as unknown requiring ground review.""]",4,uncertain,0.0,0.9998,unclassified,0.0
553,8.14543,80.06309,2.4,331.23,2026-09-04,,999.0,999.0,999.0,999.0,999.0,999.0,unclassified,0.0,0.9996,low,uncertain,False,False,True,Both rule engine and ML model have insufficient evidence.,unclassified,0,unclassified,0.9996,0.0,"[""Low-intensity thermal source (FRP: 2.4 MW)."", ""All 14 labeling functions abstained due to lack of spatial context."", ""XGBoost also abstained: its most probable class was 'unclassified' (100.0%), meaning no specific class met the evidence threshold."", ""Decision [uncertain]: classified as unknown requiring ground review.""]",4,uncertain,0.0,0.9996,unclassified,0.0
554,8.17443,81.31121,14.58,351.92,2026-09-04,,999.0,999.0,999.0,999.0,999.0,999.0,unclassified,0.0,0.9997,low,uncertain,False,False,True,Both rule engine and ML model have insufficient evidence.,unclassified,0,unclassified,0.9997,0.0,"[""Moderate thermal signature (FRP: 14.6 MW)."", ""All 14 labeling functions abstained due to lack of spatial context."", ""XGBoost also abstained: its most probable class was 'unclassified' (100.0%), meaning no specific class met the evidence threshold."", ""Decision [uncertain]: classified as unknown requiring ground review.""]",4,uncertain,0.0,0.9997,unclassified,0.0
555,8.20822,80.68834,4.09,330.26,2026-09-04,,999.0,999.0,999.0,999.0,999.0,999.0,unclassified,0.0,0.9997,low,uncertain,False,False,True,Both rule engine and ML model have insufficient evidence.,unclassified,0,unclassified,0.9997,0.0,"[""Low-intensity thermal source (FRP: 4.1 MW)."", ""All 14 labeling functions abstained due to lack of spatial context."", ""XGBoost also abstained: its most probable class was 'unclassified' (100.0%), meaning no specific class met the evidence threshold."", ""Decision [uncertain]: classified as unknown requiring ground review.""]",4,uncertain,0.0,0.9997,unclassified,0.0
556,8.22253,81.08371,5.88,336.55,2026-09-04,,999.0,999.0,999.0,999.0,999.0,999.0,unclassified,0.0,0.9998,low,uncertain,False,False,True,Both rule engine and ML model have insufficient evidence.,unclassified,0,unclassified,0.9998,0.0,"[""Moderate thermal signature (FRP: 5.9 MW)."", ""All 14 labeling functions abstained due to lack of spatial context."", ""XGBoost also abstained: its most probable class was 'unclassified' (100.0%), meaning no specific class met the evidence threshold."", ""Decision [uncertain]: classified as unknown requiring ground review.""]",4,uncertain,0.0,0.9998,unclassified,0.0
557,8.23714,80.64191,2.94,331.67,2026-09-04,,999.0,999.0,999.0,999.0,999.0,999.0,unclassified,0.0,0.9996,low,uncertain,False,False,True,Both rule engine and ML model have insufficient evidence.,unclassified,0,unclassified,0.9996,0.0,"[""Low-intensity thermal source (FRP: 2.9 MW)."", ""All 14 labeling functions abstained due to lack of spatial context."", ""XGBoost also abstained: its most probable class was 'unclassified' (100.0%), meaning no specific class met the evidence threshold."", ""Decision [uncertain]: classified as unknown requiring ground review.""]",4,uncertain,0.0,0.9996,unclassified,0.0
558,8.23842,80.64211,7.04,339.6,2026-09-04,,999.0,999.0,999.0,999.0,999.0,999.0,unclassified,0.0,0.9998,low,uncertain,False,False,True,Both rule engine and ML model have insufficient evidence.,unclassified,0,unclassified,0.9998,0.0,"[""Moderate thermal signature (FRP: 7.0 MW)."", ""All 14 labeling functions abstained due to lack of spatial context."", ""XGBoost also abstained: its most probable class was 'unclassified' (100.0%), meaning no specific class met the evidence threshold."", ""Decision [uncertain]: classified as unknown requiring ground review.""]",4,uncertain,0.0,0.9998,unclassified,0.0
559,8.24209,80.64552,6.02,337.12,2026-09-04,,999.0,999.0,999.0,999.0,999.0,999.0,unclassified,0.0,0.9998,low,uncertain,False,False,True,Both rule engine and ML model have insufficient evidence.,unclassified,0,unclassified,0.9998,0.0,"[""Moderate thermal signature (FRP: 6.0 MW)."", ""All 14 labeling functions abstained due to lack of spatial context."", ""XGBoost also abstained: its most probable class was 'unclassified' (100.0%), meaning no specific class met the evidence threshold."", ""Decision [uncertain]: classified as unknown requiring ground review.""]",4,uncertain,0.0,0.9998,unclassified,0.0
560,8.2431,80.11183,1.97,330.25,2026-09-04,,999.0,999.0,999.0,999.0,999.0,999.0,unclassified,0.0,0.9998,low,uncertain,False,False,True,Both rule engine and ML model have insufficient evidence.,unclassified,0,unclassified,0.9998,0.0,"[""Low-intensity thermal source (FRP: 2.0 MW)."", ""All 14 labeling functions abstained due to lack of spatial context."", ""XGBoost also abstained: its most probable class was 'unclassified' (100.0%), meaning no specific class met the evidence threshold."", ""Decision [uncertain]: classified as unknown requiring ground review.""]",4,uncertain,0.0,0.9998,unclassified,0.0
561,8.25259,80.78128,5.12,338.93,2026-09-04,,999.0,999.0,999.0,999.0,999.0,999.0,unclassified,0.0,0.9998,low,uncertain,False,False,True,Both rule engine and ML model have insufficient evidence.,unclassified,0,unclassified,0.9998,0.0,"[""Moderate thermal signature (FRP: 5.1 MW)."", ""All 14 labeling functions abstained due to lack of spatial context."", ""XGBoost also abstained: its most probable class was 'unclassified' (100.0%), meaning no specific class met the evidence threshold."", ""Decision [uncertain]: classified as unknown requiring ground review.""]",4,uncertain,0.0,0.9998,unclassified,0.0
562,8.25285,80.78179,6.36,331.85,2026-09-04,,999.0,999.0,999.0,999.0,999.0,999.0,unclassified,0.0,0.9997,low,uncertain,False,False,True,Both rule engine and ML model have insufficient evidence.,unclassified,0,unclassified,0.9997,0.0,"[""Moderate thermal signature (FRP: 6.4 MW)."", ""All 14 labeling functions abstained due to lack of spatial context."", ""XGBoost also abstained: its most probable class was 'unclassified' (100.0%), meaning no specific class met the evidence threshold."", ""Decision [uncertain]: classified as unknown requiring ground review.""]",4,uncertain,0.0,0.9997,unclassified,0.0
563,8.25512,80.10616,4.31,343.26,2026-09-04,,999.0,999.0,999.0,999.0,999.0,999.0,unclassified,0.0,0.9998,low,uncertain,False,False,True,Both rule engine and ML model have insufficient evidence.,unclassified,0,unclassified,0.9998,0.0,"[""Low-intensity thermal source (FRP: 4.3 MW)."", ""All 14 labeling functions abstained due to lack of spatial context."", ""XGBoost also abstained: its most probable class was 'unclassified' (100.0%), meaning no specific class met the evidence threshold."", ""Decision [uncertain]: classified as unknown requiring ground review.""]",4,uncertain,0.0,0.9998,unclassified,0.0
564,8.27044,80.33495,3.03,332.14,2026-09-04,,999.0,999.0,999.0,999.0,999.0,999.0,unclassified,0.0,0.9996,low,uncertain,False,False,True,Both rule engine and ML model have insufficient evidence.,unclassified,0,unclassified,0.9996,0.0,"[""Low-intensity thermal source (FRP: 3.0 MW)."", ""All 14 labeling functions abstained due to lack of spatial context."", ""XGBoost also abstained: its most probable class was 'unclassified' (100.0%), meaning no specific class met the evidence threshold."", ""Decision [uncertain]: classified as unknown requiring ground review.""]",4,uncertain,0.0,0.9996,unclassified,0.0
565,8.31202,80.59825,5.69,332.09,2026-09-04,,999.0,999.0,999.0,999.0,999.0,999.0,unclassified,0.0,0.9997,low,uncertain,False,False,True,Both rule engine and ML model have insufficient evidence.,unclassified,0,unclassified,0.9997,0.0,"[""Moderate thermal signature (FRP: 5.7 MW)."", ""All 14 labeling functions abstained due to lack of spatial context."", ""XGBoost also abstained: its most probable class was 'unclassified' (100.0%), meaning no specific class met the evidence threshold."", ""Decision [uncertain]: classified as unknown requiring ground review.""]",4,uncertain,0.0,0.9997,unclassified,0.0
566,8.31947,80.29152,8.9,342.47,2026-09-04,,999.0,999.0,999.0,999.0,999.0,999.0,unclassified,0.0,0.9997,low,uncertain,False,False,True,Both rule engine and ML model have insufficient evidence.,unclassified,0,unclassified,0.9997,0.0,"[""Moderate thermal signature (FRP: 8.9 MW)."", ""All 14 labeling functions abstained due to lack of spatial context."", ""XGBoost also abstained: its most probable class was 'unclassified' (100.0%), meaning no specific class met the evidence threshold."", ""Decision [uncertain]: classified as unknown requiring ground review.""]",4,uncertain,0.0,0.9997,unclassified,0.0
567,8.324,80.23045,7.54,345.94,2026-09-04,,999.0,999.0,999.0,999.0,999.0,999.0,unclassified,0.0,0.9997,low,uncertain,False,False,True,Both rule engine and ML model have insufficient evidence.,unclassified,0,unclassified,0.9997,0.0,"[""Moderate thermal signature (FRP: 7.5 MW)."", ""All 14 labeling functions abstained due to lack of spatial context."", ""XGBoost also abstained: its most probable class was 'unclassified' (100.0%), meaning no specific class met the evidence threshold."", ""Decision [uncertain]: classified as unknown requiring ground review.""]",4,uncertain,0.0,0.9997,unclassified,0.0
568,8.33193,80.77122,1.65,333.02,2026-09-04,,999.0,999.0,999.0,999.0,999.0,999.0,unclassified,0.0,0.9998,low,uncertain,False,False,True,Both rule engine and ML model have insufficient evidence.,unclassified,0,unclassified,0.9998,0.0,"[""Low-intensity thermal source (FRP: 1.6 MW)."", ""All 14 labeling functions abstained due to lack of spatial context."", ""XGBoost also abstained: its most probable class was 'unclassified' (100.0%), meaning no specific class met the evidence threshold."", ""Decision [uncertain]: classified as unknown requiring ground review.""]",4,uncertain,0.0,0.9998,unclassified,0.0
569,8.35027,80.74276,14.51,336.8,2026-09-04,,999.0,999.0,999.0,999.0,999.0,999.0,unclassified,0.0,0.9998,low,uncertain,False,False,True,Both rule engine and ML model have insufficient evidence.,unclassified,0,unclassified,0.9998,0.0,"[""Moderate thermal signature (FRP: 14.5 MW)."", ""All 14 labeling functions abstained due to lack of spatial context."", ""XGBoost also abstained: its most probable class was 'unclassified' (100.0%), meaning no specific class met the evidence threshold."", ""Decision [uncertain]: classified as unknown requiring ground review.""]",4,uncertain,0.0,0.9998,unclassified,0.0
570,8.35087,80.747,19.72,343.16,2026-09-04,,999.0,999.0,999.0,999.0,999.0,999.0,unclassified,0.0,0.9997,low,uncertain,False,False,True,Both rule engine and ML model have insufficient evidence.,unclassified,0,unclassified,0.9997,0.0,"[""High-intensity thermal signature (FRP: 19.7 MW)."", ""All 14 labeling functions abstained due to lack of spatial context."", ""XGBoost also abstained: its most probable class was 'unclassified' (100.0%), meaning no specific class met the evidence threshold."", ""Decision [uncertain]: classified as unknown requiring ground review.""]",4,uncertain,0.0,0.9997,unclassified,0.0
571,8.35448,80.74238,7.01,340.73,2026-09-04,,999.0,999.0,999.0,999.0,999.0,999.0,unclassified,0.0,0.9998,low,uncertain,False,False,True,Both rule engine and ML model have insufficient evidence.,unclassified,0,unclassified,0.9998,0.0,"[""Moderate thermal signature (FRP: 7.0 MW)."", ""All 14 labeling functions abstained due to lack of spatial context."", ""XGBoost also abstained: its most probable class was 'unclassified' (100.0%), meaning no specific class met the evidence threshold."", ""Decision [uncertain]: classified as unknown requiring ground review.""]",4,uncertain,0.0,0.9998,unclassified,0.0
572,8.35466,80.74216,8.59,336.97,2026-09-04,,999.0,999.0,999.0,999.0,999.0,999.0,unclassified,0.0,0.9998,low,uncertain,False,False,True,Both rule engine and ML model have insufficient evidence.,unclassified,0,unclassified,0.9998,0.0,"[""Moderate thermal signature (FRP: 8.6 MW)."", ""All 14 labeling functions abstained due to lack of spatial context."", ""XGBoost also abstained: its most probable class was 'unclassified' (100.0%), meaning no specific class met the evidence threshold."", ""Decision [uncertain]: classified as unknown requiring ground review.""]",4,uncertain,0.0,0.9998,unclassified,0.0
573,8.35526,80.7464,5.61,333.87,2026-09-04,,999.0,999.0,999.0,999.0,999.0,999.0,unclassified,0.0,0.9998,low,uncertain,False,False,True,Both rule engine and ML model have insufficient evidence.,unclassified,0,unclassified,0.9998,0.0,"[""Moderate thermal signature (FRP: 5.6 MW)."", ""All 14 labeling functions abstained due to lack of spatial context."", ""XGBoost also abstained: its most probable class was 'unclassified' (100.0%), meaning no specific class met the evidence threshold."", ""Decision [uncertain]: classified as unknown requiring ground review.""]",4,uncertain,0.0,0.9998,unclassified,0.0
574,8.38549,80.29862,2.31,330.45,2026-09-04,,999.0,999.0,999.0,999.0,999.0,999.0,unclassified,0.0,0.9996,low,uncertain,False,False,True,Both rule engine and ML model have insufficient evidence.,unclassified,0,unclassified,0.9996,0.0,"[""Low-intensity thermal source (FRP: 2.3 MW)."", ""All 14 labeling functions abstained due to lack of spatial context."", ""XGBoost also abstained: its most probable class was 'unclassified' (100.0%), meaning no specific class met the evidence threshold."", ""Decision [uncertain]: classified as unknown requiring ground review.""]",4,uncertain,0.0,0.9996,unclassified,0.0
575,8.38778,80.78993,6.16,330.12,2026-09-04,,999.0,999.0,999.0,999.0,999.0,999.0,unclassified,0.0,0.9997,low,uncertain,False,False,True,Both rule engine and ML model have insufficient evidence.,unclassified,0,unclassified,0.9997,0.0,"[""Moderate thermal signature (FRP: 6.2 MW)."", ""All 14 labeling functions abstained due to lack of spatial context."", ""XGBoost also abstained: its most probable class was 'unclassified' (100.0%), meaning no specific class met the evidence threshold."", ""Decision [uncertain]: classified as unknown requiring ground review.""]",4,uncertain,0.0,0.9997,unclassified,0.0
576,8.40374,81.05544,8.74,341.59,2026-09-04,,999.0,999.0,999.0,999.0,999.0,999.0,unclassified,0.0,0.9998,low,uncertain,False,False,True,Both rule engine and ML model have insufficient evidence.,unclassified,0,unclassified,0.9998,0.0,"[""Moderate thermal signature (FRP: 8.7 MW)."", ""All 14 labeling functions abstained due to lack of spatial context."", ""XGBoost also abstained: its most probable class was 'unclassified' (100.0%), meaning no specific class met the evidence threshold."", ""Decision [uncertain]: classified as unknown requiring ground review.""]",4,uncertain,0.0,0.9998,unclassified,0.0
577,8.40438,81.05991,4.67,341.87,2026-09-04,,999.0,999.0,999.0,999.0,999.0,999.0,unclassified,0.0,0.9998,low,uncertain,False,False,True,Both rule engine and ML model have insufficient evidence.,unclassified,0,unclassified,0.9998,0.0,"[""Low-intensity thermal source (FRP: 4.7 MW)."", ""All 14 labeling functions abstained due to lack of spatial context."", ""XGBoost also abstained: its most probable class was 'unclassified' (100.0%), meaning no specific class met the evidence threshold."", ""Decision [uncertain]: classified as unknown requiring ground review.""]",4,uncertain,0.0,0.9998,unclassified,0.0
578,8.40441,80.68349,1.64,332.62,2026-09-04,,999.0,999.0,999.0,999.0,999.0,999.0,unclassified,0.0,0.9998,low,uncertain,False,False,True,Both rule engine and ML model have insufficient evidence.,unclassified,0,unclassified,0.9998,0.0,"[""Low-intensity thermal source (FRP: 1.6 MW)."", ""All 14 labeling functions abstained due to lack of spatial context."", ""XGBoost also abstained: its most probable class was 'unclassified' (100.0%), meaning no specific class met the evidence threshold."", ""Decision [uncertain]: classified as unknown requiring ground review.""]",4,uncertain,0.0,0.9998,unclassified,0.0
579,8.40566,81.0557,9.69,342.53,2026-09-04,,999.0,999.0,999.0,999.0,999.0,999.0,unclassified,0.0,0.9998,low,uncertain,False,False,True,Both rule engine and ML model have insufficient evidence.,unclassified,0,unclassified,0.9998,0.0,"[""Moderate thermal signature (FRP: 9.7 MW)."", ""All 14 labeling functions abstained due to lack of spatial context."", ""XGBoost also abstained: its most probable class was 'unclassified' (100.0%), meaning no specific class met the evidence threshold."", ""Decision [uncertain]: classified as unknown requiring ground review.""]",4,uncertain,0.0,0.9998,unclassified,0.0
580,8.40626,81.06018,8.49,334.05,2026-09-04,,999.0,999.0,999.0,999.0,999.0,999.0,unclassified,0.0,0.9998,low,uncertain,False,False,True,Both rule engine and ML model have insufficient evidence.,unclassified,0,unclassified,0.9998,0.0,"[""Moderate thermal signature (FRP: 8.5 MW)."", ""All 14 labeling functions abstained due to lack of spatial context."", ""XGBoost also abstained: its most probable class was 'unclassified' (100.0%), meaning no specific class met the evidence threshold."", ""Decision [uncertain]: classified as unknown requiring ground review.""]",4,uncertain,0.0,0.9998,unclassified,0.0
581,8.41519,80.446,2.86,331.74,2026-09-04,,999.0,999.0,999.0,999.0,999.0,999.0,unclassified,0.0,0.9996,low,uncertain,False,False,True,Both rule engine and ML model have insufficient evidence.,unclassified,0,unclassified,0.9996,0.0,"[""Low-intensity thermal source (FRP: 2.9 MW)."", ""All 14 labeling functions abstained due to lack of spatial context."", ""XGBoost also abstained: its most probable class was 'unclassified' (100.0%), meaning no specific class met the evidence threshold."", ""Decision [uncertain]: classified as unknown requiring ground review.""]",4,uncertain,0.0,0.9996,unclassified,0.0
582,8.41545,80.41713,4.37,330.78,2026-09-04,,999.0,999.0,999.0,999.0,999.0,999.0,unclassified,0.0,0.9996,low,uncertain,False,False,True,Both rule engine and ML model have insufficient evidence.,unclassified,0,unclassified,0.9996,0.0,"[""Low-intensity thermal source (FRP: 4.4 MW)."", ""All 14 labeling functions abstained due to lack of spatial context."", ""XGBoost also abstained: its most probable class was 'unclassified' (100.0%), meaning no specific class met the evidence threshold."", ""Decision [uncertain]: classified as unknown requiring ground review.""]",4,uncertain,0.0,0.9996,unclassified,0.0
583,8.42824,80.5067,6.04,341.31,2026-09-04,,999.0,999.0,999.0,999.0,999.0,999.0,unclassified,0.0,0.9998,low,uncertain,False,False,True,Both rule engine and ML model have insufficient evidence.,unclassified,0,unclassified,0.9998,0.0,"[""Moderate thermal signature (FRP: 6.0 MW)."", ""All 14 labeling functions abstained due to lack of spatial context."", ""XGBoost also abstained: its most probable class was 'unclassified' (100.0%), meaning no specific class met the evidence threshold."", ""Decision [uncertain]: classified as unknown requiring ground review.""]",4,uncertain,0.0,0.9998,unclassified,0.0
584,8.43036,80.50778,22.75,350.84,2026-09-04,,999.0,999.0,999.0,999.0,999.0,999.0,unclassified,0.0,0.9997,low,uncertain,False,False,True,Both rule engine and ML model have insufficient evidence.,unclassified,0,unclassified,0.9997,0.0,"[""High-intensity thermal signature (FRP: 22.8 MW)."", ""All 14 labeling functions abstained due to lack of spatial context."", ""XGBoost also abstained: its most probable class was 'unclassified' (100.0%), meaning no specific class met the evidence threshold."", ""Decision [uncertain]: classified as unknown requiring ground review.""]",4,uncertain,0.0,0.9997,unclassified,0.0
585,8.43084,80.35042,5.74,335.17,2026-09-04,,999.0,999.0,999.0,999.0,999.0,999.0,unclassified,0.0,0.9998,low,uncertain,False,False,True,Both rule engine and ML model have insufficient evidence.,unclassified,0,unclassified,0.9998,0.0,"[""Moderate thermal signature (FRP: 5.7 MW)."", ""All 14 labeling functions abstained due to lack of spatial context."", ""XGBoost also abstained: its most probable class was 'unclassified' (100.0%), meaning no specific class met the evidence threshold."", ""Decision [uncertain]: classified as unknown requiring ground review.""]",4,uncertain,0.0,0.9998,unclassified,0.0
586,8.43256,80.50612,6.04,336.22,2026-09-04,,999.0,999.0,999.0,999.0,999.0,999.0,unclassified,0.0,0.9998,low,uncertain,False,False,True,Both rule engine and ML model have insufficient evidence.,unclassified,0,unclassified,0.9998,0.0,"[""Moderate thermal signature (FRP: 6.0 MW)."", ""All 14 labeling functions abstained due to lack of spatial context."", ""XGBoost also abstained: its most probable class was 'unclassified' (100.0%), meaning no specific class met the evidence threshold."", ""Decision [uncertain]: classified as unknown requiring ground review.""]",4,uncertain,0.0,0.9998,unclassified,0.0
587,8.43315,80.51025,6.04,342.96,2026-09-04,,999.0,999.0,999.0,999.0,999.0,999.0,unclassified,0.0,0.9998,low,uncertain,False,False,True,Both rule engine and ML model have insufficient evidence.,unclassified,0,unclassified,0.9998,0.0,"[""Moderate thermal signature (FRP: 6.0 MW)."", ""All 14 labeling functions abstained due to lack of spatial context."", ""XGBoost also abstained: its most probable class was 'unclassified' (100.0%), meaning no specific class met the evidence threshold."", ""Decision [uncertain]: classified as unknown requiring ground review.""]",4,uncertain,0.0,0.9998,unclassified,0.0
588,8.4458,80.23885,2.9,339.02,2026-09-04,,999.0,999.0,999.0,999.0,999.0,999.0,unclassified,0.0,0.9997,low,uncertain,False,False,True,Both rule engine and ML model have insufficient evidence.,unclassified,0,unclassified,0.9997,0.0,"[""Low-intensity thermal source (FRP: 2.9 MW)."", ""All 14 labeling functions abstained due to lack of spatial context."", ""XGBoost also abstained: its most probable class was 'unclassified' (100.0%), meaning no specific class met the evidence threshold."", ""Decision [uncertain]: classified as unknown requiring ground review.""]",4,uncertain,0.0,0.9997,unclassified,0.0
589,8.45281,81.09965,5.03,333.83,2026-09-04,,999.0,999.0,999.0,999.0,999.0,999.0,unclassified,0.0,0.9998,low,uncertain,False,False,True,Both rule engine and ML model have insufficient evidence.,unclassified,0,unclassified,0.9998,0.0,"[""Moderate thermal signature (FRP: 5.0 MW)."", ""All 14 labeling functions abstained due to lack of spatial context."", ""XGBoost also abstained: its most probable class was 'unclassified' (100.0%), meaning no specific class met the evidence threshold."", ""Decision [uncertain]: classified as unknown requiring ground review.""]",4,uncertain,0.0,0.9998,unclassified,0.0
590,8.45517,80.40042,5.47,333.89,2026-09-04,,999.0,999.0,999.0,999.0,999.0,999.0,unclassified,0.0,0.9998,low,uncertain,False,False,True,Both rule engine and ML model have insufficient evidence.,unclassified,0,unclassified,0.9998,0.0,"[""Moderate thermal signature (FRP: 5.5 MW)."", ""All 14 labeling functions abstained due to lack of spatial context."", ""XGBoost also abstained: its most probable class was 'unclassified' (100.0%), meaning no specific class met the evidence threshold."", ""Decision [uncertain]: classified as unknown requiring ground review.""]",4,uncertain,0.0,0.9998,unclassified,0.0
591,8.46493,80.50307,2.89,331.6,2026-09-04,,999.0,999.0,999.0,999.0,999.0,999.0,unclassified,0.0,0.9997,low,uncertain,False,False,True,Both rule engine and ML model have insufficient evidence.,unclassified,0,unclassified,0.9997,0.0,"[""Low-intensity thermal source (FRP: 2.9 MW)."", ""All 14 labeling functions abstained due to lack of spatial context."", ""XGBoost also abstained: its most probable class was 'unclassified' (100.0%), meaning no specific class met the evidence threshold."", ""Decision [uncertain]: classified as unknown requiring ground review.""]",4,uncertain,0.0,0.9997,unclassified,0.0
592,8.47596,80.45562,6.49,355.15,2026-09-04,,999.0,999.0,999.0,999.0,999.0,999.0,unclassified,0.0,0.9998,low,uncertain,False,False,True,Both rule engine and ML model have insufficient evidence.,unclassified,0,unclassified,0.9998,0.0,"[""Moderate thermal signature (FRP: 6.5 MW)."", ""All 14 labeling functions abstained due to lack of spatial context."", ""XGBoost also abstained: its most probable class was 'unclassified' (100.0%), meaning no specific class met the evidence threshold."", ""Decision [uncertain]: classified as unknown requiring ground review.""]",4,uncertain,0.0,0.9998,unclassified,0.0
593,8.48686,80.47081,10.21,346.93,2026-09-04,,999.0,999.0,999.0,999.0,999.0,999.0,unclassified,0.0,0.9997,low,uncertain,False,False,True,Both rule engine and ML model have insufficient evidence.,unclassified,0,unclassified,0.9997,0.0,"[""Moderate thermal signature (FRP: 10.2 MW)."", ""All 14 labeling functions abstained due to lack of spatial context."", ""XGBoost also abstained: its most probable class was 'unclassified' (100.0%), meaning no specific class met the evidence threshold."", ""Decision [uncertain]: classified as unknown requiring ground review.""]",4,uncertain,0.0,0.9997,unclassified,0.0
594,8.51423,80.24119,3.23,332.7,2026-09-04,,999.0,999.0,999.0,999.0,999.0,999.0,unclassified,0.0,0.9997,low,uncertain,False,False,True,Both rule engine and ML model have insufficient evidence.,unclassified,0,unclassified,0.9997,0.0,"[""Low-intensity thermal source (FRP: 3.2 MW)."", ""All 14 labeling functions abstained due to lack of spatial context."", ""XGBoost also abstained: its most probable class was 'unclassified' (100.0%), meaning no specific class met the evidence threshold."", ""Decision [uncertain]: classified as unknown requiring ground review.""]",4,uncertain,0.0,0.9997,unclassified,0.0
595,8.52532,80.4322,3.64,333.29,2026-09-04,,999.0,999.0,999.0,999.0,999.0,999.0,unclassified,0.0,0.9997,low,uncertain,False,False,True,Both rule engine and ML model have insufficient evidence.,unclassified,0,unclassified,0.9997,0.0,"[""Low-intensity thermal source (FRP: 3.6 MW)."", ""All 14 labeling functions abstained due to lack of spatial context."", ""XGBoost also abstained: its most probable class was 'unclassified' (100.0%), meaning no specific class met the evidence threshold."", ""Decision [uncertain]: classified as unknown requiring ground review.""]",4,uncertain,0.0,0.9997,unclassified,0.0
596,8.52704,80.43185,6.58,345.61,2026-09-04,,999.0,999.0,999.0,999.0,999.0,999.0,unclassified,0.0,0.9997,low,uncertain,False,False,True,Both rule engine and ML model have insufficient evidence.,unclassified,0,unclassified,0.9997,0.0,"[""Moderate thermal signature (FRP: 6.6 MW)."", ""All 14 labeling functions abstained due to lack of spatial context."", ""XGBoost also abstained: its most probable class was 'unclassified' (100.0%), meaning no specific class met the evidence threshold."", ""Decision [uncertain]: classified as unknown requiring ground review.""]",4,uncertain,0.0,0.9997,unclassified,0.0
597,8.52962,80.43159,3.64,335.64,2026-09-04,,999.0,999.0,999.0,999.0,999.0,999.0,unclassified,0.0,0.9998,low,uncertain,False,False,True,Both rule engine and ML model have insufficient evidence.,unclassified,0,unclassified,0.9998,0.0,"[""Low-intensity thermal source (FRP: 3.6 MW)."", ""All 14 labeling functions abstained due to lack of spatial context."", ""XGBoost also abstained: its most probable class was 'unclassified' (100.0%), meaning no specific class met the evidence threshold."", ""Decision [uncertain]: classified as unknown requiring ground review.""]",4,uncertain,0.0,0.9998,unclassified,0.0
598,8.53881,80.8772,6.79,345.24,2026-09-04,,999.0,999.0,999.0,999.0,999.0,999.0,unclassified,0.0,0.9997,low,uncertain,False,False,True,Both rule engine and ML model have insufficient evidence.,unclassified,0,unclassified,0.9997,0.0,"[""Moderate thermal signature (FRP: 6.8 MW)."", ""All 14 labeling functions abstained due to lack of spatial context."", ""XGBoost also abstained: its most probable class was 'unclassified' (100.0%), meaning no specific class met the evidence threshold."", ""Decision [uncertain]: classified as unknown requiring ground review.""]",4,uncertain,0.0,0.9997,unclassified,0.0
599,8.55367,80.37032,4.39,338.51,2026-09-04,,999.0,999.0,999.0,999.0,999.0,999.0,unclassified,0.0,0.9997,low,uncertain,False,False,True,Both rule engine and ML model have insufficient evidence.,unclassified,0,unclassified,0.9997,0.0,"[""Low-intensity thermal source (FRP: 4.4 MW)."", ""All 14 labeling functions abstained due to lack of spatial context."", ""XGBoost also abstained: its most probable class was 'unclassified' (100.0%), meaning no specific class met the evidence threshold."", ""Decision [uncertain]: classified as unknown requiring ground review.""]",4,uncertain,0.0,0.9997,unclassified,0.0
600,8.55657,80.87483,4.01,343.54,2026-09-04,,999.0,999.0,999.0,999.0,999.0,999.0,unclassified,0.0,0.9998,low,uncertain,False,False,True,Both rule engine and ML model have insufficient evidence.,unclassified,0,unclassified,0.9998,0.0,"[""Low-intensity thermal source (FRP: 4.0 MW)."", ""All 14 labeling functions abstained due to lack of spatial context."", ""XGBoost also abstained: its most probable class was 'unclassified' (100.0%), meaning no specific class met the evidence threshold."", ""Decision [uncertain]: classified as unknown requiring ground review.""]",4,uncertain,0.0,0.9998,unclassified,0.0
601,8.56465,80.90033,4.82,337.52,2026-09-04,,999.0,999.0,999.0,999.0,999.0,999.0,unclassified,0.0,0.9998,low,uncertain,False,False,True,Both rule engine and ML model have insufficient evidence.,unclassified,0,unclassified,0.9998,0.0,"[""Low-intensity thermal source (FRP: 4.8 MW)."", ""All 14 labeling functions abstained due to lack of spatial context."", ""XGBoost also abstained: its most probable class was 'unclassified' (100.0%), meaning no specific class met the evidence threshold."", ""Decision [uncertain]: classified as unknown requiring ground review.""]",4,uncertain,0.0,0.9998,unclassified,0.0
602,8.56527,80.90474,10.76,343.07,2026-09-04,,999.0,999.0,999.0,999.0,999.0,999.0,unclassified,0.0,0.9997,low,uncertain,False,False,True,Both rule engine and ML model have insufficient evidence.,unclassified,0,unclassified,0.9997,0.0,"[""Moderate thermal signature (FRP: 10.8 MW)."", ""All 14 labeling functions abstained due to lack of spatial context."", ""XGBoost also abstained: its most probable class was 'unclassified' (100.0%), meaning no specific class met the evidence threshold."", ""Decision [uncertain]: classified as unknown requiring ground review.""]",4,uncertain,0.0,0.9997,unclassified,0.0
603,8.56614,80.39735,6.06,330.59,2026-09-04,,999.0,999.0,999.0,999.0,999.0,999.0,unclassified,0.0,0.9997,low,uncertain,False,False,True,Both rule engine and ML model have insufficient evidence.,unclassified,0,unclassified,0.9997,0.0,"[""Moderate thermal signature (FRP: 6.1 MW)."", ""All 14 labeling functions abstained due to lack of spatial context."", ""XGBoost also abstained: its most probable class was 'unclassified' (100.0%), meaning no specific class met the evidence threshold."", ""Decision [uncertain]: classified as unknown requiring ground review.""]",4,uncertain,0.0,0.9997,unclassified,0.0
604,8.56671,80.40142,6.06,342.2,2026-09-04,,999.0,999.0,999.0,999.0,999.0,999.0,unclassified,0.0,0.9998,low,uncertain,False,False,True,Both rule engine and ML model have insufficient evidence.,unclassified,0,unclassified,0.9998,0.0,"[""Moderate thermal signature (FRP: 6.1 MW)."", ""All 14 labeling functions abstained due to lack of spatial context."", ""XGBoost also abstained: its most probable class was 'unclassified' (100.0%), meaning no specific class met the evidence threshold."", ""Decision [uncertain]: classified as unknown requiring ground review.""]",4,uncertain,0.0,0.9998,unclassified,0.0
605,8.57884,80.78347,4.34,330.04,2026-09-04,,999.0,999.0,999.0,999.0,999.0,999.0,unclassified,0.0,0.9997,low,uncertain,False,False,True,Both rule engine and ML model have insufficient evidence.,unclassified,0,unclassified,0.9997,0.0,"[""Low-intensity thermal source (FRP: 4.3 MW)."", ""All 14 labeling functions abstained due to lack of spatial context."", ""XGBoost also abstained: its most probable class was 'unclassified' (100.0%), meaning no specific class met the evidence threshold."", ""Decision [uncertain]: classified as unknown requiring ground review.""]",4,uncertain,0.0,0.9997,unclassified,0.0
606,8.61746,77.98914,3.29,342.96,2026-09-04,,999.0,999.0,999.0,999.0,999.0,999.0,unclassified,0.0,0.9997,low,uncertain,False,False,True,Both rule engine and ML model have insufficient evidence.,unclassified,0,unclassified,0.9997,0.0,"[""Low-intensity thermal source (FRP: 3.3 MW)."", ""All 14 labeling functions abstained due to lack of spatial context."", ""XGBoost also abstained: its most probable class was 'unclassified' (100.0%), meaning no specific class met the evidence threshold."", ""Decision [uncertain]: classified as unknown requiring ground review.""]",4,uncertain,0.0,0.9997,unclassified,0.0
607,8.62053,80.69478,7.09,342.6,2026-09-04,,999.0,999.0,999.0,999.0,999.0,999.0,unclassified,0.0,0.9998,low,uncertain,False,False,True,Both rule engine and ML model have insufficient evidence.,unclassified,0,unclassified,0.9998,0.0,"[""Moderate thermal signature (FRP: 7.1 MW)."", ""All 14 labeling functions abstained due to lack of spatial context."", ""XGBoost also abstained: its most probable class was 'unclassified' (100.0%), meaning no specific class met the evidence threshold."", ""Decision [uncertain]: classified as unknown requiring ground review.""]",4,uncertain,0.0,0.9998,unclassified,0.0
608,8.62115,80.41457,6.37,337.09,2026-09-04,,999.0,999.0,999.0,999.0,999.0,999.0,unclassified,0.0,0.9997,low,uncertain,False,False,True,Both rule engine and ML model have insufficient evidence.,unclassified,0,unclassified,0.9997,0.0,"[""Moderate thermal signature (FRP: 6.4 MW)."", ""All 14 labeling functions abstained due to lack of spatial context."", ""XGBoost also abstained: its most probable class was 'unclassified' (100.0%), meaning no specific class met the evidence threshold."", ""Decision [uncertain]: classified as unknown requiring ground review.""]",4,uncertain,0.0,0.9997,unclassified,0.0
609,8.62399,80.37293,4.39,336.9,2026-09-04,,999.0,999.0,999.0,999.0,999.0,999.0,unclassified,0.0,0.9998,low,uncertain,False,False,True,Both rule engine and ML model have insufficient evidence.,unclassified,0,unclassified,0.9998,0.0,"[""Low-intensity thermal source (FRP: 4.4 MW)."", ""All 14 labeling functions abstained due to lack of spatial context."", ""XGBoost also abstained: its most probable class was 'unclassified' (100.0%), meaning no specific class met the evidence threshold."", ""Decision [uncertain]: classified as unknown requiring ground review.""]",4,uncertain,0.0,0.9998,unclassified,0.0
610,8.62594,80.79905,4.93,332.59,2026-09-04,,999.0,999.0,999.0,999.0,999.0,999.0,unclassified,0.0,0.9998,low,uncertain,False,False,True,Both rule engine and ML model have insufficient evidence.,unclassified,0,unclassified,0.9998,0.0,"[""Low-intensity thermal source (FRP: 4.9 MW)."", ""All 14 labeling functions abstained due to lack of spatial context."", ""XGBoost also abstained: its most probable class was 'unclassified' (100.0%), meaning no specific class met the evidence threshold."", ""Decision [uncertain]: classified as unknown requiring ground review.""]",4,uncertain,0.0,0.9998,unclassified,0.0
611,8.62652,80.37279,2.77,330.42,2026-09-04,,999.0,999.0,999.0,999.0,999.0,999.0,unclassified,0.0,0.9997,low,uncertain,False,False,True,Both rule engine and ML model have insufficient evidence.,unclassified,0,unclassified,0.9997,0.0,"[""Low-intensity thermal source (FRP: 2.8 MW)."", ""All 14 labeling functions abstained due to lack of spatial context."", ""XGBoost also abstained: its most probable class was 'unclassified' (100.0%), meaning no specific class met the evidence threshold."", ""Decision [uncertain]: classified as unknown requiring ground review.""]",4,uncertain,0.0,0.9997,unclassified,0.0
612,8.63034,80.41752,2.87,330.56,2026-09-04,,999.0,999.0,999.0,999.0,999.0,999.0,unclassified,0.0,0.9995,low,uncertain,False,False,True,Both rule engine and ML model have insufficient evidence.,unclassified,0,unclassified,0.9995,0.0,"[""Low-intensity thermal source (FRP: 2.9 MW)."", ""All 14 labeling functions abstained due to lack of spatial context."", ""XGBoost also abstained: its most probable class was 'unclassified' (100.0%), meaning no specific class met the evidence threshold."", ""Decision [uncertain]: classified as unknown requiring ground review.""]",4,uncertain,0.0,0.9995,unclassified,0.0
613,8.63077,80.51368,2.23,330.62,2026-09-04,,999.0,999.0,999.0,999.0,999.0,999.0,unclassified,0.0,0.9997,low,uncertain,False,False,True,Both rule engine and ML model have insufficient evidence.,unclassified,0,unclassified,0.9997,0.0,"[""Low-intensity thermal source (FRP: 2.2 MW)."", ""All 14 labeling functions abstained due to lack of spatial context."", ""XGBoost also abstained: its most probable class was 'unclassified' (100.0%), meaning no specific class met the evidence threshold."", ""Decision [uncertain]: classified as unknown requiring ground review.""]",4,uncertain,0.0,0.9997,unclassified,0.0
614,8.63132,81.00479,5.65,333.42,2026-09-04,,999.0,999.0,999.0,999.0,999.0,999.0,unclassified,0.0,0.9998,low,uncertain,False,False,True,Both rule engine and ML model have insufficient evidence.,unclassified,0,unclassified,0.9998,0.0,"[""Moderate thermal signature (FRP: 5.7 MW)."", ""All 14 labeling functions abstained due to lack of spatial context."", ""XGBoost also abstained: its most probable class was 'unclassified' (100.0%), meaning no specific class met the evidence threshold."", ""Decision [uncertain]: classified as unknown requiring ground review.""]",4,uncertain,0.0,0.9998,unclassified,0.0
615,8.63193,81.00928,5.65,332.22,2026-09-04,,999.0,999.0,999.0,999.0,999.0,999.0,unclassified,0.0,0.9997,low,uncertain,False,False,True,Both rule engine and ML model have insufficient evidence.,unclassified,0,unclassified,0.9997,0.0,"[""Moderate thermal signature (FRP: 5.7 MW)."", ""All 14 labeling functions abstained due to lack of spatial context."", ""XGBoost also abstained: its most probable class was 'unclassified' (100.0%), meaning no specific class met the evidence threshold."", ""Decision [uncertain]: classified as unknown requiring ground review.""]",4,uncertain,0.0,0.9997,unclassified,0.0
616,8.63581,81.0042,5.65,349.95,2026-09-04,,999.0,999.0,999.0,999.0,999.0,999.0,unclassified,0.0,0.9998,low,uncertain,False,False,True,Both rule engine and ML model have insufficient evidence.,unclassified,0,unclassified,0.9998,0.0,"[""Moderate thermal signature (FRP: 5.7 MW)."", ""All 14 labeling functions abstained due to lack of spatial context."", ""XGBoost also abstained: its most probable class was 'unclassified' (100.0%), meaning no specific class met the evidence threshold."", ""Decision [uncertain]: classified as unknown requiring ground review.""]",4,uncertain,0.0,0.9998,unclassified,0.0
617,8.64029,81.00357,5.52,335.44,2026-09-04,,999.0,999.0,999.0,999.0,999.0,999.0,unclassified,0.0,0.9998,low,uncertain,False,False,True,Both rule engine and ML model have insufficient evidence.,unclassified,0,unclassified,0.9998,0.0,"[""Moderate thermal signature (FRP: 5.5 MW)."", ""All 14 labeling functions abstained due to lack of spatial context."", ""XGBoost also abstained: its most probable class was 'unclassified' (100.0%), meaning no specific class met the evidence threshold."", ""Decision [uncertain]: classified as unknown requiring ground review.""]",4,uncertain,0.0,0.9998,unclassified,0.0
618,8.6409,81.00806,5.52,344.56,2026-09-04,,999.0,999.0,999.0,999.0,999.0,999.0,unclassified,0.0,0.9998,low,uncertain,False,False,True,Both rule engine and ML model have insufficient evidence.,unclassified,0,unclassified,0.9998,0.0,"[""Moderate thermal signature (FRP: 5.5 MW)."", ""All 14 labeling functions abstained due to lack of spatial context."", ""XGBoost also abstained: its most probable class was 'unclassified' (100.0%), meaning no specific class met the evidence threshold."", ""Decision [uncertain]: classified as unknown requiring ground review.""]",4,uncertain,0.0,0.9998,unclassified,0.0
619,8.64538,81.00743,5.52,330.4,2026-09-04,,999.0,999.0,999.0,999.0,999.0,999.0,unclassified,0.0,0.9997,low,uncertain,False,False,True,Both rule engine and ML model have insufficient evidence.,unclassified,0,unclassified,0.9997,0.0,"[""Moderate thermal signature (FRP: 5.5 MW)."", ""All 14 labeling functions abstained due to lack of spatial context."", ""XGBoost also abstained: its most probable class was 'unclassified' (100.0%), meaning no specific class met the evidence threshold."", ""Decision [uncertain]: classified as unknown requiring ground review.""]",4,uncertain,0.0,0.9997,unclassified,0.0
620,8.66234,80.83396,10.8,339.9,2026-09-04,,999.0,999.0,999.0,999.0,999.0,999.0,unclassified,0.0,0.9998,low,uncertain,False,False,True,Both rule engine and ML model have insufficient evidence.,unclassified,0,unclassified,0.9998,0.0,"[""Moderate thermal signature (FRP: 10.8 MW)."", ""All 14 labeling functions abstained due to lack of spatial context."", ""XGBoost also abstained: its most probable class was 'unclassified' (100.0%), meaning no specific class met the evidence threshold."", ""Decision [uncertain]: classified as unknown requiring ground review.""]",4,uncertain,0.0,0.9998,unclassified,0.0
621,8.66597,77.40293,6.07,332.62,2026-09-04,,999.0,999.0,999.0,999.0,999.0,999.0,unclassified,0.0,0.9997,low,uncertain,False,False,True,Both rule engine and ML model have insufficient evidence.,unclassified,0,unclassified,0.9997,0.0,"[""Moderate thermal signature (FRP: 6.1 MW)."", ""All 14 labeling functions abstained due to lack of spatial context."", ""XGBoost also abstained: its most probable class was 'unclassified' (100.0%), meaning no specific class met the evidence threshold."", ""Decision [uncertain]: classified as unknown requiring ground review.""]",4,uncertain,0.0,0.9997,unclassified,0.0
622,8.66727,80.25673,4.23,332.11,2026-09-04,,999.0,999.0,999.0,999.0,999.0,999.0,unclassified,0.0,0.9996,low,uncertain,False,False,True,Both rule engine and ML model have insufficient evidence.,unclassified,0,unclassified,0.9996,0.0,"[""Low-intensity thermal source (FRP: 4.2 MW)."", ""All 14 labeling functions abstained due to lack of spatial context."", ""XGBoost also abstained: its most probable class was 'unclassified' (100.0%), meaning no specific class met the evidence threshold."", ""Decision [uncertain]: classified as unknown requiring ground review.""]",4,uncertain,0.0,0.9996,unclassified,0.0
623,8.69263,80.37619,4.7,337.9,2026-09-04,,999.0,999.0,999.0,999.0,999.0,999.0,unclassified,0.0,0.9997,low,uncertain,False,False,True,Both rule engine and ML model have insufficient evidence.,unclassified,0,unclassified,0.9997,0.0,"[""Low-intensity thermal source (FRP: 4.7 MW)."", ""All 14 labeling functions abstained due to lack of spatial context."", ""XGBoost also abstained: its most probable class was 'unclassified' (100.0%), meaning no specific class met the evidence threshold."", ""Decision [uncertain]: classified as unknown requiring ground review.""]",4,uncertain,0.0,0.9997,unclassified,0.0
624,8.69724,80.86597,7.55,338.31,2026-09-04,,999.0,999.0,999.0,999.0,999.0,999.0,unclassified,0.0,0.9997,low,uncertain,False,False,True,Both rule engine and ML model have insufficient evidence.,unclassified,0,unclassified,0.9997,0.0,"[""Moderate thermal signature (FRP: 7.5 MW)."", ""All 14 labeling functions abstained due to lack of spatial context."", ""XGBoost also abstained: its most probable class was 'unclassified' (100.0%), meaning no specific class met the evidence threshold."", ""Decision [uncertain]: classified as unknown requiring ground review.""]",4,uncertain,0.0,0.9997,unclassified,0.0
625,8.69836,80.86498,7.89,342.87,2026-09-04,,999.0,999.0,999.0,999.0,999.0,999.0,unclassified,0.0,0.9997,low,uncertain,False,False,True,Both rule engine and ML model have insufficient evidence.,unclassified,0,unclassified,0.9997,0.0,"[""Moderate thermal signature (FRP: 7.9 MW)."", ""All 14 labeling functions abstained due to lack of spatial context."", ""XGBoost also abstained: its most probable class was 'unclassified' (100.0%), meaning no specific class met the evidence threshold."", ""Decision [uncertain]: classified as unknown requiring ground review.""]",4,uncertain,0.0,0.9997,unclassified,0.0
626,8.72472,80.76887,4.75,330.69,2026-09-04,,999.0,999.0,999.0,999.0,999.0,999.0,unclassified,0.0,0.9997,low,uncertain,False,False,True,Both rule engine and ML model have insufficient evidence.,unclassified,0,unclassified,0.9997,0.0,"[""Low-intensity thermal source (FRP: 4.8 MW)."", ""All 14 labeling functions abstained due to lack of spatial context."", ""XGBoost also abstained: its most probable class was 'unclassified' (100.0%), meaning no specific class met the evidence threshold."", ""Decision [uncertain]: classified as unknown requiring ground review.""]",4,uncertain,0.0,0.9997,unclassified,0.0
627,8.73204,77.86298,16.91,347.6,2026-09-04,,999.0,999.0,999.0,999.0,999.0,999.0,unclassified,0.0,0.9997,low,uncertain,False,False,True,Both rule engine and ML model have insufficient evidence.,unclassified,0,unclassified,0.9997,0.0,"[""High-intensity thermal signature (FRP: 16.9 MW)."", ""All 14 labeling functions abstained due to lack of spatial context."", ""XGBoost also abstained: its most probable class was 'unclassified' (100.0%), meaning no specific class met the evidence threshold."", ""Decision [uncertain]: classified as unknown requiring ground review.""]",4,uncertain,0.0,0.9997,unclassified,0.0
628,8.75154,80.99869,4.67,334.21,2026-09-04,,999.0,999.0,999.0,999.0,999.0,999.0,unclassified,0.0,0.9998,low,uncertain,False,False,True,Both rule engine and ML model have insufficient evidence.,unclassified,0,unclassified,0.9998,0.0,"[""Low-intensity thermal source (FRP: 4.7 MW)."", ""All 14 labeling functions abstained due to lack of spatial context."", ""XGBoost also abstained: its most probable class was 'unclassified' (100.0%), meaning no specific class met the evidence threshold."", ""Decision [uncertain]: classified as unknown requiring ground review.""]",4,uncertain,0.0,0.9998,unclassified,0.0
629,8.78943,80.33366,4.95,334.56,2026-09-04,,999.0,999.0,999.0,999.0,999.0,999.0,unclassified,0.0,0.9997,low,uncertain,False,False,True,Both rule engine and ML model have insufficient evidence.,unclassified,0,unclassified,0.9997,0.0,"[""Low-intensity thermal source (FRP: 5.0 MW)."", ""All 14 labeling functions abstained due to lack of spatial context."", ""XGBoost also abstained: its most probable class was 'unclassified' (100.0%), meaning no specific class met the evidence threshold."", ""Decision [uncertain]: classified as unknown requiring ground review.""]",4,uncertain,0.0,0.9997,unclassified,0.0
630,8.78999,80.3377,4.95,330.83,2026-09-04,,999.0,999.0,999.0,999.0,999.0,999.0,unclassified,0.0,0.9997,low,uncertain,False,False,True,Both rule engine and ML model have insufficient evidence.,unclassified,0,unclassified,0.9997,0.0,"[""Low-intensity thermal source (FRP: 5.0 MW)."", ""All 14 labeling functions abstained due to lack of spatial context."", ""XGBoost also abstained: its most probable class was 'unclassified' (100.0%), meaning no specific class met the evidence threshold."", ""Decision [uncertain]: classified as unknown requiring ground review.""]",4,uncertain,0.0,0.9997,unclassified,0.0
631,8.79438,80.59402,5.05,331.67,2026-09-04,,999.0,999.0,999.0,999.0,999.0,999.0,unclassified,0.0,0.9997,low,uncertain,False,False,True,Both rule engine and ML model have insufficient evidence.,unclassified,0,unclassified,0.9997,0.0,"[""Moderate thermal signature (FRP: 5.0 MW)."", ""All 14 labeling functions abstained due to lack of spatial context."", ""XGBoost also abstained: its most probable class was 'unclassified' (100.0%), meaning no specific class met the evidence threshold."", ""Decision [uncertain]: classified as unknown requiring ground review.""]",4,uncertain,0.0,0.9997,unclassified,0.0
632,8.80461,80.57121,4.76,336.59,2026-09-04,,999.0,999.0,999.0,999.0,999.0,999.0,unclassified,0.0,0.9998,low,uncertain,False,False,True,Both rule engine and ML model have insufficient evidence.,unclassified,0,unclassified,0.9998,0.0,"[""Low-intensity thermal source (FRP: 4.8 MW)."", ""All 14 labeling functions abstained due to lack of spatial context."", ""XGBoost also abstained: its most probable class was 'unclassified' (100.0%), meaning no specific class met the evidence threshold."", ""Decision [uncertain]: classified as unknown requiring ground review.""]",4,uncertain,0.0,0.9998,unclassified,0.0
633,8.80897,80.57063,4.76,343.08,2026-09-04,,999.0,999.0,999.0,999.0,999.0,999.0,unclassified,0.0,0.9998,low,uncertain,False,False,True,Both rule engine and ML model have insufficient evidence.,unclassified,0,unclassified,0.9998,0.0,"[""Low-intensity thermal source (FRP: 4.8 MW)."", ""All 14 labeling functions abstained due to lack of spatial context."", ""XGBoost also abstained: its most probable class was 'unclassified' (100.0%), meaning no specific class met the evidence threshold."", ""Decision [uncertain]: classified as unknown requiring ground review.""]",4,uncertain,0.0,0.9998,unclassified,0.0
634,8.81464,77.83777,11.75,342.22,2026-09-04,,999.0,999.0,999.0,999.0,999.0,999.0,unclassified,0.0,0.9997,low,uncertain,False,False,True,Both rule engine and ML model have insufficient evidence.,unclassified,0,unclassified,0.9997,0.0,"[""Moderate thermal signature (FRP: 11.8 MW)."", ""All 14 labeling functions abstained due to lack of spatial context."", ""XGBoost also abstained: its most probable class was 'unclassified' (100.0%), meaning no specific class met the evidence threshold."", ""Decision [uncertain]: classified as unknown requiring ground review.""]",4,uncertain,0.0,0.9997,unclassified,0.0
635,8.84638,77.70205,22.48,345.51,2026-09-04,,999.0,999.0,999.0,999.0,999.0,999.0,unclassified,0.0,0.9997,low,uncertain,False,False,True,Both rule engine and ML model have insufficient evidence.,unclassified,0,unclassified,0.9997,0.0,"[""High-intensity thermal signature (FRP: 22.5 MW)."", ""All 14 labeling functions abstained due to lack of spatial context."", ""XGBoost also abstained: its most probable class was 'unclassified' (100.0%), meaning no specific class met the evidence threshold."", ""Decision [uncertain]: classified as unknown requiring ground review.""]",4,uncertain,0.0,0.9997,unclassified,0.0
636,8.88569,77.40527,5.49,339.72,2026-09-04,,999.0,999.0,999.0,999.0,999.0,999.0,unclassified,0.0,0.9997,low,uncertain,False,False,True,Both rule engine and ML model have insufficient evidence.,unclassified,0,unclassified,0.9997,0.0,"[""Moderate thermal signature (FRP: 5.5 MW)."", ""All 14 labeling functions abstained due to lack of spatial context."", ""XGBoost also abstained: its most probable class was 'unclassified' (100.0%), meaning no specific class met the evidence threshold."", ""Decision [uncertain]: classified as unknown requiring ground review.""]",4,uncertain,0.0,0.9997,unclassified,0.0
637,8.92698,80.77954,6.77,349.29,2026-09-04,,999.0,999.0,999.0,999.0,999.0,999.0,unclassified,0.0,0.9998,low,uncertain,False,False,True,Both rule engine and ML model have insufficient evidence.,unclassified,0,unclassified,0.9998,0.0,"[""Moderate thermal signature (FRP: 6.8 MW)."", ""All 14 labeling functions abstained due to lack of spatial context."", ""XGBoost also abstained: its most probable class was 'unclassified' (100.0%), meaning no specific class met the evidence threshold."", ""Decision [uncertain]: classified as unknown requiring ground review.""]",4,uncertain,0.0,0.9998,unclassified,0.0
638,8.92773,77.46704,2.97,336.21,2026-09-04,,999.0,999.0,999.0,999.0,999.0,999.0,unclassified,0.0,0.9996,low,uncertain,False,False,True,Both rule engine and ML model have insufficient evidence.,unclassified,0,unclassified,0.9996,0.0,"[""Low-intensity thermal source (FRP: 3.0 MW)."", ""All 14 labeling functions abstained due to lack of spatial context."", ""XGBoost also abstained: its most probable class was 'unclassified' (100.0%), meaning no specific class met the evidence threshold."", ""Decision [uncertain]: classified as unknown requiring ground review.""]",4,uncertain,0.0,0.9996,unclassified,0.0
639,8.93915,77.83005,7.77,339.25,2026-09-04,,999.0,999.0,999.0,999.0,999.0,999.0,unclassified,0.0,0.9997,low,uncertain,False,False,True,Both rule engine and ML model have insufficient evidence.,unclassified,0,unclassified,0.9997,0.0,"[""Moderate thermal signature (FRP: 7.8 MW)."", ""All 14 labeling functions abstained due to lack of spatial context."", ""XGBoost also abstained: its most probable class was 'unclassified' (100.0%), meaning no specific class met the evidence threshold."", ""Decision [uncertain]: classified as unknown requiring ground review.""]",4,uncertain,0.0,0.9997,unclassified,0.0
640,8.9637,80.59013,4.33,342.29,2026-09-04,,999.0,999.0,999.0,999.0,999.0,999.0,unclassified,0.0,0.9998,low,uncertain,False,False,True,Both rule engine and ML model have insufficient evidence.,unclassified,0,unclassified,0.9998,0.0,"[""Low-intensity thermal source (FRP: 4.3 MW)."", ""All 14 labeling functions abstained due to lack of spatial context."", ""XGBoost also abstained: its most probable class was 'unclassified' (100.0%), meaning no specific class met the evidence threshold."", ""Decision [uncertain]: classified as unknown requiring ground review.""]",4,uncertain,0.0,0.9998,unclassified,0.0
641,8.96668,80.38145,3.75,336.94,2026-09-04,,999.0,999.0,999.0,999.0,999.0,999.0,unclassified,0.0,0.9997,low,uncertain,False,False,True,Both rule engine and ML model have insufficient evidence.,unclassified,0,unclassified,0.9997,0.0,"[""Low-intensity thermal source (FRP: 3.8 MW)."", ""All 14 labeling functions abstained due to lack of spatial context."", ""XGBoost also abstained: its most probable class was 'unclassified' (100.0%), meaning no specific class met the evidence threshold."", ""Decision [uncertain]: classified as unknown requiring ground review.""]",4,uncertain,0.0,0.9997,unclassified,0.0
642,8.97304,80.59312,7.85,331.35,2026-09-04,,999.0,999.0,999.0,999.0,999.0,999.0,unclassified,0.0,0.9997,low,uncertain,False,False,True,Both rule engine and ML model have insufficient evidence.,unclassified,0,unclassified,0.9997,0.0,"[""Moderate thermal signature (FRP: 7.8 MW)."", ""All 14 labeling functions abstained due to lack of spatial context."", ""XGBoost also abstained: its most probable class was 'unclassified' (100.0%), meaning no specific class met the evidence threshold."", ""Decision [uncertain]: classified as unknown requiring ground review.""]",4,uncertain,0.0,0.9997,unclassified,0.0
643,8.97735,80.59259,12.24,347.79,2026-09-04,,999.0,999.0,999.0,999.0,999.0,999.0,unclassified,0.0,0.9998,low,uncertain,False,False,True,Both rule engine and ML model have insufficient evidence.,unclassified,0,unclassified,0.9998,0.0,"[""Moderate thermal signature (FRP: 12.2 MW)."", ""All 14 labeling functions abstained due to lack of spatial context."", ""XGBoost also abstained: its most probable class was 'unclassified' (100.0%), meaning no specific class met the evidence threshold."", ""Decision [uncertain]: classified as unknown requiring ground review.""]",4,uncertain,0.0,0.9998,unclassified,0.0
644,8.97742,80.59255,9.41,346.17,2026-09-04,,999.0,999.0,999.0,999.0,999.0,999.0,unclassified,0.0,0.9998,low,uncertain,False,False,True,Both rule engine and ML model have insufficient evidence.,unclassified,0,unclassified,0.9998,0.0,"[""Moderate thermal signature (FRP: 9.4 MW)."", ""All 14 labeling functions abstained due to lack of spatial context."", ""XGBoost also abstained: its most probable class was 'unclassified' (100.0%), meaning no specific class met the evidence threshold."", ""Decision [uncertain]: classified as unknown requiring ground review.""]",4,uncertain,0.0,0.9998,unclassified,0.0
645,8.97923,80.83057,7.59,337.07,2026-09-04,,999.0,999.0,999.0,999.0,999.0,999.0,unclassified,0.0,0.9998,low,uncertain,False,False,True,Both rule engine and ML model have insufficient evidence.,unclassified,0,unclassified,0.9998,0.0,"[""Moderate thermal signature (FRP: 7.6 MW)."", ""All 14 labeling functions abstained due to lack of spatial context."", ""XGBoost also abstained: its most probable class was 'unclassified' (100.0%), meaning no specific class met the evidence threshold."", ""Decision [uncertain]: classified as unknown requiring ground review.""]",4,uncertain,0.0,0.9998,unclassified,0.0
646,8.98429,80.83439,4.21,340.3,2026-09-04,,999.0,999.0,999.0,999.0,999.0,999.0,unclassified,0.0,0.9998,low,uncertain,False,False,True,Both rule engine and ML model have insufficient evidence.,unclassified,0,unclassified,0.9998,0.0,"[""Low-intensity thermal source (FRP: 4.2 MW)."", ""All 14 labeling functions abstained due to lack of spatial context."", ""XGBoost also abstained: its most probable class was 'unclassified' (100.0%), meaning no specific class met the evidence threshold."", ""Decision [uncertain]: classified as unknown requiring ground review.""]",4,uncertain,0.0,0.9998,unclassified,0.0
647,9.10274,80.49466,4.45,331.95,2026-09-04,,999.0,999.0,999.0,999.0,999.0,999.0,unclassified,0.0,0.9997,low,uncertain,False,False,True,Both rule engine and ML model have insufficient evidence.,unclassified,0,unclassified,0.9997,0.0,"[""Low-intensity thermal source (FRP: 4.5 MW)."", ""All 14 labeling functions abstained due to lack of spatial context."", ""XGBoost also abstained: its most probable class was 'unclassified' (100.0%), meaning no specific class met the evidence threshold."", ""Decision [uncertain]: classified as unknown requiring ground review.""]",4,uncertain,0.0,0.9997,unclassified,0.0
648,9.17593,78.22559,10.26,337.95,2026-09-04,,999.0,999.0,999.0,999.0,999.0,999.0,unclassified,0.0,0.9997,low,uncertain,False,False,True,Both rule engine and ML model have insufficient evidence.,unclassified,0,unclassified,0.9997,0.0,"[""Moderate thermal signature (FRP: 10.3 MW)."", ""All 14 labeling functions abstained due to lack of spatial context."", ""XGBoost also abstained: its most probable class was 'unclassified' (100.0%), meaning no specific class met the evidence threshold."", ""Decision [uncertain]: classified as unknown requiring ground review.""]",4,uncertain,0.0,0.9997,unclassified,0.0
649,9.1797,78.22505,10.26,341.55,2026-09-04,,999.0,999.0,999.0,999.0,999.0,999.0,unclassified,0.0,0.9997,low,uncertain,False,False,True,Both rule engine and ML model have insufficient evidence.,unclassified,0,unclassified,0.9997,0.0,"[""Moderate thermal signature (FRP: 10.3 MW)."", ""All 14 labeling functions abstained due to lack of spatial context."", ""XGBoost also abstained: its most probable class was 'unclassified' (100.0%), meaning no specific class met the evidence threshold."", ""Decision [uncertain]: classified as unknown requiring ground review.""]",4,uncertain,0.0,0.9997,unclassified,0.0
650,9.20293,77.64448,19.15,345.47,2026-09-04,,999.0,999.0,999.0,999.0,999.0,999.0,unclassified,0.0,0.9997,low,uncertain,False,False,True,Both rule engine and ML model have insufficient evidence.,unclassified,0,unclassified,0.9997,0.0,"[""High-intensity thermal signature (FRP: 19.1 MW)."", ""All 14 labeling functions abstained due to lack of spatial context."", ""XGBoost also abstained: its most probable class was 'unclassified' (100.0%), meaning no specific class met the evidence threshold."", ""Decision [uncertain]: classified as unknown requiring ground review.""]",4,uncertain,0.0,0.9997,unclassified,0.0
651,9.20664,80.63229,2.25,330.65,2026-09-04,,999.0,999.0,999.0,999.0,999.0,999.0,unclassified,0.0,0.9997,low,uncertain,False,False,True,Both rule engine and ML model have insufficient evidence.,unclassified,0,unclassified,0.9997,0.0,"[""Low-intensity thermal source (FRP: 2.2 MW)."", ""All 14 labeling functions abstained due to lack of spatial context."", ""XGBoost also abstained: its most probable class was 'unclassified' (100.0%), meaning no specific class met the evidence threshold."", ""Decision [uncertain]: classified as unknown requiring ground review.""]",4,uncertain,0.0,0.9997,unclassified,0.0
652,9.33688,76.59934,2.02,331.72,2026-09-04,,3.557,999.0,999.0,999.0,999.0,999.0,forest_natural_fire,0.99,0.9725,high,hybrid_agreement,True,False,False,,forest_natural_fire,1,forest_natural_fire,0.9725,99.0,"[""Low-intensity thermal source (FRP: 2.0 MW)."", ""Forest cover within 3.6 km."", ""1 labeling function(s) voted 'forest_natural_fire' (lf_forest_vegetation_fire)."", ""XGBoost predicted 'forest_natural_fire' with 97.2% probability."", ""Decision [hybrid_agreement]: independent rule evidence and ML agree on 'forest_natural_fire' — status confirmed.""]",5,confirmed,0.99,0.9725,forest_natural_fire,1.0
653,9.39517,80.44724,5.48,332.52,2026-09-04,,999.0,999.0,999.0,999.0,999.0,999.0,unclassified,0.0,0.9997,low,uncertain,False,False,True,Both rule engine and ML model have insufficient evidence.,unclassified,0,unclassified,0.9997,0.0,"[""Moderate thermal signature (FRP: 5.5 MW)."", ""All 14 labeling functions abstained due to lack of spatial context."", ""XGBoost also abstained: its most probable class was 'unclassified' (100.0%), meaning no specific class met the evidence threshold."", ""Decision [uncertain]: classified as unknown requiring ground review.""]",4,uncertain,0.0,0.9997,unclassified,0.0
654,9.39581,80.44839,4.86,338.41,2026-09-04,,999.0,999.0,999.0,999.0,999.0,999.0,unclassified,0.0,0.9998,low,uncertain,False,False,True,Both rule engine and ML model have insufficient evidence.,unclassified,0,unclassified,0.9998,0.0,"[""Low-intensity thermal source (FRP: 4.9 MW)."", ""All 14 labeling functions abstained due to lack of spatial context."", ""XGBoost also abstained: its most probable class was 'unclassified' (100.0%), meaning no specific class met the evidence threshold."", ""Decision [uncertain]: classified as unknown requiring ground review.""]",4,uncertain,0.0,0.9998,unclassified,0.0
655,9.414,80.58482,2.71,330.15,2026-09-04,,999.0,999.0,999.0,999.0,999.0,999.0,unclassified,0.0,0.9997,low,uncertain,False,False,True,Both rule engine and ML model have insufficient evidence.,unclassified,0,unclassified,0.9997,0.0,"[""Low-intensity thermal source (FRP: 2.7 MW)."", ""All 14 labeling functions abstained due to lack of spatial context."", ""XGBoost also abstained: its most probable class was 'unclassified' (100.0%), meaning no specific class met the evidence threshold."", ""Decision [uncertain]: classified as unknown requiring ground review.""]",4,uncertain,0.0,0.9997,unclassified,0.0
656,9.41437,80.58335,3.4,335.1,2026-09-04,,999.0,999.0,999.0,999.0,999.0,999.0,unclassified,0.0,0.9998,low,uncertain,False,False,True,Both rule engine and ML model have insufficient evidence.,unclassified,0,unclassified,0.9998,0.0,"[""Low-intensity thermal source (FRP: 3.4 MW)."", ""All 14 labeling functions abstained due to lack of spatial context."", ""XGBoost also abstained: its most probable class was 'unclassified' (100.0%), meaning no specific class met the evidence threshold."", ""Decision [uncertain]: classified as unknown requiring ground review.""]",4,uncertain,0.0,0.9998,unclassified,0.0
657,9.45137,80.49699,9.87,348.6,2026-09-04,,999.0,999.0,999.0,999.0,999.0,999.0,unclassified,0.0,0.9998,low,uncertain,False,False,True,Both rule engine and ML model have insufficient evidence.,unclassified,0,unclassified,0.9998,0.0,"[""Moderate thermal signature (FRP: 9.9 MW)."", ""All 14 labeling functions abstained due to lack of spatial context."", ""XGBoost also abstained: its most probable class was 'unclassified' (100.0%), meaning no specific class met the evidence threshold."", ""Decision [uncertain]: classified as unknown requiring ground review.""]",4,uncertain,0.0,0.9998,unclassified,0.0
658,9.4578,80.47879,3.36,336.28,2026-09-04,,999.0,999.0,999.0,999.0,999.0,999.0,unclassified,0.0,0.9998,low,uncertain,False,False,True,Both rule engine and ML model have insufficient evidence.,unclassified,0,unclassified,0.9998,0.0,"[""Low-intensity thermal source (FRP: 3.4 MW)."", ""All 14 labeling functions abstained due to lack of spatial context."", ""XGBoost also abstained: its most probable class was 'unclassified' (100.0%), meaning no specific class met the evidence threshold."", ""Decision [uncertain]: classified as unknown requiring ground review.""]",4,uncertain,0.0,0.9998,unclassified,0.0
659,9.62262,78.11741,10.24,340.95,2026-09-04,,999.0,999.0,999.0,999.0,999.0,999.0,unclassified,0.0,0.9997,low,uncertain,False,False,True,Both rule engine and ML model have insufficient evidence.,unclassified,0,unclassified,0.9997,0.0,"[""Moderate thermal signature (FRP: 10.2 MW)."", ""All 14 labeling functions abstained due to lack of spatial context."", ""XGBoost also abstained: its most probable class was 'unclassified' (100.0%), meaning no specific class met the evidence threshold."", ""Decision [uncertain]: classified as unknown requiring ground review.""]",4,uncertain,0.0,0.9997,unclassified,0.0
660,9.95692,79.105,2.64,336.23,2026-09-04,,999.0,999.0,999.0,999.0,999.0,999.0,unclassified,0.0,0.9998,low,uncertain,False,False,True,Both rule engine and ML model have insufficient evidence.,unclassified,0,unclassified,0.9998,0.0,"[""Low-intensity thermal source (FRP: 2.6 MW)."", ""All 14 labeling functions abstained due to lack of spatial context."", ""XGBoost also abstained: its most probable class was 'unclassified' (100.0%), meaning no specific class met the evidence threshold."", ""Decision [uncertain]: classified as unknown requiring ground review.""]",4,uncertain,0.0,0.9998,unclassified,0.0
661,9.95849,79.1076,2.39,342.39,2026-09-04,,999.0,999.0,999.0,999.0,999.0,999.0,unclassified,0.0,0.9998,low,uncertain,False,False,True,Both rule engine and ML model have insufficient evidence.,unclassified,0,unclassified,0.9998,0.0,"[""Low-intensity thermal source (FRP: 2.4 MW)."", ""All 14 labeling functions abstained due to lack of spatial context."", ""XGBoost also abstained: its most probable class was 'unclassified' (100.0%), meaning no specific class met the evidence threshold."", ""Decision [uncertain]: classified as unknown requiring ground review.""]",4,uncertain,0.0,0.9998,unclassified,0.0
662,10.16672,78.79148,8.56,331.56,2026-09-04,,999.0,999.0,999.0,999.0,999.0,999.0,unclassified,0.0,0.9996,low,uncertain,False,False,True,Both rule engine and ML model have insufficient evidence.,unclassified,0,unclassified,0.9996,0.0,"[""Moderate thermal signature (FRP: 8.6 MW)."", ""All 14 labeling functions abstained due to lack of spatial context."", ""XGBoost also abstained: its most probable class was 'unclassified' (100.0%), meaning no specific class met the evidence threshold."", ""Decision [uncertain]: classified as unknown requiring ground review.""]",4,uncertain,0.0,0.9996,unclassified,0.0
663,10.16814,78.80172,6.42,335.48,2026-09-04,,999.0,999.0,999.0,999.0,999.0,999.0,unclassified,0.0,0.9997,low,uncertain,False,False,True,Both rule engine and ML model have insufficient evidence.,unclassified,0,unclassified,0.9997,0.0,"[""Moderate thermal signature (FRP: 6.4 MW)."", ""All 14 labeling functions abstained due to lack of spatial context."", ""XGBoost also abstained: its most probable class was 'unclassified' (100.0%), meaning no specific class met the evidence threshold."", ""Decision [uncertain]: classified as unknown requiring ground review.""]",4,uncertain,0.0,0.9997,unclassified,0.0
664,10.28257,78.88253,2.52,334.67,2026-09-04,,999.0,999.0,999.0,999.0,999.0,999.0,unclassified,0.0,0.9998,low,uncertain,False,False,True,Both rule engine and ML model have insufficient evidence.,unclassified,0,unclassified,0.9998,0.0,"[""Low-intensity thermal source (FRP: 2.5 MW)."", ""All 14 labeling functions abstained due to lack of spatial context."", ""XGBoost also abstained: its most probable class was 'unclassified' (100.0%), meaning no specific class met the evidence threshold."", ""Decision [uncertain]: classified as unknown requiring ground review.""]",4,uncertain,0.0,0.9998,unclassified,0.0
665,10.31339,79.34061,2.09,330.68,2026-09-04,,999.0,999.0,999.0,999.0,999.0,999.0,unclassified,0.0,0.9997,low,uncertain,False,False,True,Both rule engine and ML model have insufficient evidence.,unclassified,0,unclassified,0.9997,0.0,"[""Low-intensity thermal source (FRP: 2.1 MW)."", ""All 14 labeling functions abstained due to lack of spatial context."", ""XGBoost also abstained: its most probable class was 'unclassified' (100.0%), meaning no specific class met the evidence threshold."", ""Decision [uncertain]: classified as unknown requiring ground review.""]",4,uncertain,0.0,0.9997,unclassified,0.0
666,12.0522,78.36801,4.2,333.87,2026-09-04,,20.379,999.0,999.0,999.0,999.0,999.0,unclassified,0.0,0.9997,low,uncertain,False,False,True,Both rule engine and ML model have insufficient evidence.,unclassified,0,unclassified,0.9997,0.0,"[""Low-intensity thermal source (FRP: 4.2 MW)."", ""All 14 labeling functions abstained due to lack of spatial context."", ""XGBoost also abstained: its most probable class was 'unclassified' (100.0%), meaning no specific class met the evidence threshold."", ""Decision [uncertain]: classified as unknown requiring ground review.""]",4,uncertain,0.0,0.9997,unclassified,0.0
667,12.80993,77.7602,3.52,332.58,2026-09-04,,20.566,16.685,999.0,999.0,999.0,2.554,unclassified,0.0,0.9647,low,uncertain,False,False,True,Both rule engine and ML model have insufficient evidence.,unclassified,0,unclassified,0.9647,0.0,"[""Low-intensity thermal source (FRP: 3.5 MW)."", ""Industrial infrastructure within 2.1 km."", ""All 14 labeling functions abstained due to lack of spatial context."", ""XGBoost also abstained: its most probable class was 'unclassified' (96.5%), meaning no specific class met the evidence threshold."", ""Decision [uncertain]: classified as unknown requiring ground review.""]",5,uncertain,0.0,0.9647,unclassified,0.0
668,13.90749,78.06878,1.75,335.38,2026-09-04,,999.0,999.0,999.0,999.0,999.0,12.173,unclassified,0.0,0.9984,low,uncertain,False,False,True,Both rule engine and ML model have insufficient evidence.,unclassified,0,unclassified,0.9984,0.0,"[""Low-intensity thermal source (FRP: 1.8 MW)."", ""All 14 labeling functions abstained due to lack of spatial context."", ""XGBoost also abstained: its most probable class was 'unclassified' (99.8%), meaning no specific class met the evidence threshold."", ""Decision [uncertain]: classified as unknown requiring ground review.""]",4,uncertain,0.0,0.9984,unclassified,0.0
669,13.93385,78.31989,5.9,344.3,2026-09-04,,999.0,999.0,999.0,999.0,999.0,14.392,unclassified,0.0,0.998,low,uncertain,False,False,True,Both rule engine and ML model have insufficient evidence.,unclassified,0,unclassified,0.998,0.0,"[""Moderate thermal signature (FRP: 5.9 MW)."", ""All 14 labeling functions abstained due to lack of spatial context."", ""XGBoost also abstained: its most probable class was 'unclassified' (99.8%), meaning no specific class met the evidence threshold."", ""Decision [uncertain]: classified as unknown requiring ground review.""]",4,uncertain,0.0,0.998,unclassified,0.0
670,13.93448,78.31924,5.51,342.27,2026-09-04,,999.0,999.0,999.0,999.0,999.0,14.405,unclassified,0.0,0.9979,low,uncertain,False,False,True,Both rule engine and ML model have insufficient evidence.,unclassified,0,unclassified,0.9979,0.0,"[""Moderate thermal signature (FRP: 5.5 MW)."", ""All 14 labeling functions abstained due to lack of spatial context."", ""XGBoost also abstained: its most probable class was 'unclassified' (99.8%), meaning no specific class met the evidence threshold."", ""Decision [uncertain]: classified as unknown requiring ground review.""]",4,uncertain,0.0,0.9979,unclassified,0.0
671,14.5526,77.48568,2.5,330.23,2026-09-04,,999.0,999.0,999.0,999.0,999.0,6.944,unclassified,0.0,0.9959,low,uncertain,False,False,True,Both rule engine and ML model have insufficient evidence.,unclassified,0,unclassified,0.9959,0.0,"[""Low-intensity thermal source (FRP: 2.5 MW)."", ""All 14 labeling functions abstained due to lack of spatial context."", ""XGBoost also abstained: its most probable class was 'unclassified' (99.6%), meaning no specific class met the evidence threshold."", ""Decision [uncertain]: classified as unknown requiring ground review.""]",4,uncertain,0.0,0.9959,unclassified,0.0
672,14.9584,75.91736,2.59,334.21,2026-09-04,,999.0,999.0,999.0,999.0,999.0,999.0,unclassified,0.0,0.9998,low,uncertain,False,False,True,Both rule engine and ML model have insufficient evidence.,unclassified,0,unclassified,0.9998,0.0,"[""Low-intensity thermal source (FRP: 2.6 MW)."", ""All 14 labeling functions abstained due to lack of spatial context."", ""XGBoost also abstained: its most probable class was 'unclassified' (100.0%), meaning no specific class met the evidence threshold."", ""Decision [uncertain]: classified as unknown requiring ground review.""]",4,uncertain,0.0,0.9998,unclassified,0.0
673,15.17642,76.65735,5.16,335.25,2026-09-04,,25.274,28.195,999.0,999.0,17.088,22.33,unclassified,0.0,0.9996,low,uncertain,False,False,True,Both rule engine and ML model have insufficient evidence.,unclassified,0,unclassified,0.9996,0.0,"[""Moderate thermal signature (FRP: 5.2 MW)."", ""All 14 labeling functions abstained due to lack of spatial context."", ""XGBoost also abstained: its most probable class was 'unclassified' (100.0%), meaning no specific class met the evidence threshold."", ""Decision [uncertain]: classified as unknown requiring ground review.""]",4,uncertain,0.0,0.9996,unclassified,0.0
674,15.18196,76.64268,3.59,333.96,2026-09-04,,23.732,26.604,999.0,999.0,15.442,999.0,unclassified,0.0,0.9993,low,uncertain,False,False,True,Both rule engine and ML model have insufficient evidence.,unclassified,0,unclassified,0.9993,0.0,"[""Low-intensity thermal source (FRP: 3.6 MW)."", ""All 14 labeling functions abstained due to lack of spatial context."", ""XGBoost also abstained: its most probable class was 'unclassified' (99.9%), meaning no specific class met the evidence threshold."", ""Decision [uncertain]: classified as unknown requiring ground review.""]",4,uncertain,0.0,0.9993,unclassified,0.0
675,15.52757,73.99412,3.12,332.48,2026-09-04,,999.0,999.0,999.0,999.0,5.96,5.634,industrial_fire,0.99,0.987,high,hybrid_agreement,True,False,False,,industrial_fire,1,industrial_fire,0.987,99.0,"[""Low-intensity thermal source (FRP: 3.1 MW)."", ""Industrial infrastructure within 0.27 km."", ""1 labeling function(s) voted 'industrial_fire' (lf_factory_proximity_thermal)."", ""XGBoost predicted 'industrial_fire' with 98.7% probability."", ""Decision [hybrid_agreement]: independent rule evidence and ML agree on 'industrial_fire' — status confirmed.""]",5,confirmed,0.99,0.987,industrial_fire,1.0
676,17.6268,82.57391,4.48,330.76,2026-09-04,,23.063,999.0,999.0,999.0,999.0,12.512,unclassified,0.0,0.8394,low,uncertain,False,False,True,Both rule engine and ML model have insufficient evidence.,unclassified,0,unclassified,0.8394,0.0,"[""Low-intensity thermal source (FRP: 4.5 MW)."", ""All 14 labeling functions abstained due to lack of spatial context."", ""XGBoost also abstained: its most probable class was 'unclassified' (83.9%), meaning no specific class met the evidence threshold."", ""Decision [uncertain]: classified as unknown requiring ground review.""]",4,uncertain,0.0,0.8394,unclassified,0.0
677,21.10135,72.63466,7.03,332.85,2026-09-04,,999.0,3.905,1.441,999.0,999.0,2.098,industrial_fire,0.99,0.9767,high,hybrid_agreement,True,False,False,,industrial_fire,4,industrial_fire,0.9767,99.0,"[""Moderate thermal signature (FRP: 7.0 MW)."", ""Industrial infrastructure within 1.3 km."", ""Agricultural land within 3.9 km."", ""4 labeling function(s) voted 'industrial_fire' (lf_industry_high_frp, lf_factory_proximity_thermal, lf_industrial_zone_cluster, lf_oil_gas_flare)."", ""XGBoost predicted 'industrial_fire' with 97.7% probability."", ""Decision [hybrid_agreement]: independent rule evidence and ML agree on 'industrial_fire' — status confirmed.""]",6,confirmed,0.99,0.9767,industrial_fire,4.0
678,21.10191,72.63843,7.03,334.26,2026-09-04,,999.0,3.864,1.833,999.0,999.0,1.965,industrial_fire,0.99,0.9934,high,hybrid_agreement,True,False,False,,industrial_fire,4,industrial_fire,0.9934,99.0,"[""Moderate thermal signature (FRP: 7.0 MW)."", ""Industrial infrastructure within 1.0 km."", ""Agricultural land within 3.9 km."", ""4 labeling function(s) voted 'industrial_fire' (lf_industry_high_frp, lf_factory_proximity_thermal, lf_industrial_zone_cluster, lf_oil_gas_flare)."", ""XGBoost predicted 'industrial_fire' with 99.3% probability."", ""Decision [hybrid_agreement]: independent rule evidence and ML agree on 'industrial_fire' — status confirmed.""]",6,confirmed,0.99,0.9934,industrial_fire,4.0
679,21.10636,72.64542,8.1,344.24,2026-09-04,,999.0,3.534,2.682,999.0,999.0,1.16,industrial_fire,0.99,0.9971,high,hybrid_agreement,True,False,False,,industrial_fire,3,industrial_fire,0.9971,99.0,"[""Moderate thermal signature (FRP: 8.1 MW)."", ""Industrial infrastructure within 0.43 km."", ""Agricultural land within 3.5 km."", ""3 labeling function(s) voted 'industrial_fire' (lf_industry_high_frp, lf_factory_proximity_thermal, lf_industrial_zone_cluster)."", ""XGBoost predicted 'industrial_fire' with 99.7% probability."", ""Decision [hybrid_agreement]: independent rule evidence and ML agree on 'industrial_fire' — status confirmed.""]",6,confirmed,0.99,0.9971,industrial_fire,3.0
680,22.41645,69.03945,5.64,333.49,2026-09-04,,999.0,999.0,999.0,999.0,999.0,4.182,industrial_fire,0.99,0.9855,high,hybrid_agreement,True,False,False,,industrial_fire,2,industrial_fire,0.9855,99.0,"[""Moderate thermal signature (FRP: 5.6 MW)."", ""Industrial infrastructure within 0.07 km."", ""2 labeling function(s) voted 'industrial_fire' (lf_industry_high_frp, lf_industrial_zone_cluster)."", ""XGBoost predicted 'industrial_fire' with 98.5% probability."", ""Decision [hybrid_agreement]: independent rule evidence and ML agree on 'industrial_fire' — status confirmed.""]",5,confirmed,0.99,0.9855,industrial_fire,2.0
681,22.92779,70.1069,5.54,338.61,2026-09-04,,999.0,999.0,999.0,999.0,999.0,19.643,industrial_fire,0.99,0.9776,high,hybrid_agreement,True,False,False,,industrial_fire,2,industrial_fire,0.9776,99.0,"[""Moderate thermal signature (FRP: 5.5 MW)."", ""Industrial infrastructure within 0.99 km."", ""2 labeling function(s) voted 'industrial_fire' (lf_industry_high_frp, lf_factory_proximity_thermal)."", ""XGBoost predicted 'industrial_fire' with 97.8% probability."", ""Decision [hybrid_agreement]: independent rule evidence and ML agree on 'industrial_fire' — status confirmed.""]",5,confirmed,0.99,0.9776,industrial_fire,2.0
682,22.93431,69.69743,3.12,334.99,2026-09-04,,999.0,999.0,999.0,999.0,999.0,0.616,industrial_process_heat,0.7465,0.7065,medium,hybrid_agreement,True,False,False,,industrial_process_heat,1,industrial_process_heat,0.7065,74.7,"[""Low-intensity thermal source (FRP: 3.1 MW)."", ""Industrial infrastructure within 4.9 km."", ""1 labeling function(s) voted 'industrial_process_heat' (lf_power_plant_process_heat)."", ""XGBoost predicted 'industrial_process_heat' with 70.6% probability."", ""Decision [hybrid_agreement]: independent rule evidence and ML agree on 'industrial_process_heat' — status confirmed.""]",5,confirmed,0.7465,0.7065,industrial_process_heat,1.0
683,24.0682,72.24971,1.4,330.15,2026-09-04,,999.0,999.0,999.0,999.0,999.0,6.793,unclassified,0.0,0.9949,low,uncertain,False,False,True,Both rule engine and ML model have insufficient evidence.,unclassified,0,unclassified,0.9949,0.0,"[""Low-intensity thermal source (FRP: 1.4 MW)."", ""All 14 labeling functions abstained due to lack of spatial context."", ""XGBoost also abstained: its most probable class was 'unclassified' (99.5%), meaning no specific class met the evidence threshold."", ""Decision [uncertain]: classified as unknown requiring ground review.""]",4,uncertain,0.0,0.9949,unclassified,0.0
684,25.9841,73.41638,5.6,340.25,2026-09-04,,999.0,999.0,999.0,999.0,999.0,999.0,unclassified,0.0,0.9997,low,uncertain,False,False,True,Both rule engine and ML model have insufficient evidence.,unclassified,0,unclassified,0.9997,0.0,"[""Moderate thermal signature (FRP: 5.6 MW)."", ""All 14 labeling functions abstained due to lack of spatial context."", ""XGBoost also abstained: its most probable class was 'unclassified' (100.0%), meaning no specific class met the evidence threshold."", ""Decision [uncertain]: classified as unknown requiring ground review.""]",4,uncertain,0.0,0.9997,unclassified,0.0
685,27.14095,72.44164,1.99,335.03,2026-09-04,,999.0,999.0,999.0,999.0,999.0,999.0,unclassified,0.0,0.9997,low,uncertain,False,False,True,Both rule engine and ML model have insufficient evidence.,unclassified,0,unclassified,0.9997,0.0,"[""Low-intensity thermal source (FRP: 2.0 MW)."", ""All 14 labeling functions abstained due to lack of spatial context."", ""XGBoost also abstained: its most probable class was 'unclassified' (100.0%), meaning no specific class met the evidence threshold."", ""Decision [uncertain]: classified as unknown requiring ground review.""]",4,uncertain,0.0,0.9997,unclassified,0.0
686,28.42405,69.7006,3.82,335.37,2026-09-04,,999.0,999.0,999.0,999.0,999.0,999.0,unclassified,0.0,0.9997,low,uncertain,False,False,True,Both rule engine and ML model have insufficient evidence.,unclassified,0,unclassified,0.9997,0.0,"[""Low-intensity thermal source (FRP: 3.8 MW)."", ""All 14 labeling functions abstained due to lack of spatial context."", ""XGBoost also abstained: its most probable class was 'unclassified' (100.0%), meaning no specific class met the evidence threshold."", ""Decision [uncertain]: classified as unknown requiring ground review.""]",4,uncertain,0.0,0.9997,unclassified,0.0
687,28.45174,68.14686,24.53,334.81,2026-09-04,,999.0,999.0,999.0,999.0,999.0,999.0,unclassified,0.0,0.9997,low,uncertain,False,False,True,Both rule engine and ML model have insufficient evidence.,unclassified,0,unclassified,0.9997,0.0,"[""High-intensity thermal signature (FRP: 24.5 MW)."", ""All 14 labeling functions abstained due to lack of spatial context."", ""XGBoost also abstained: its most probable class was 'unclassified' (100.0%), meaning no specific class met the evidence threshold."", ""Decision [uncertain]: classified as unknown requiring ground review.""]",4,uncertain,0.0,0.9997,unclassified,0.0
688,29.33473,69.01346,3.84,344.38,2026-09-04,,999.0,999.0,999.0,999.0,999.0,999.0,unclassified,0.0,0.9997,low,uncertain,False,False,True,Both rule engine and ML model have insufficient evidence.,unclassified,0,unclassified,0.9997,0.0,"[""Low-intensity thermal source (FRP: 3.8 MW)."", ""All 14 labeling functions abstained due to lack of spatial context."", ""XGBoost also abstained: its most probable class was 'unclassified' (100.0%), meaning no specific class met the evidence threshold."", ""Decision [uncertain]: classified as unknown requiring ground review.""]",4,uncertain,0.0,0.9997,unclassified,0.0
689,29.33534,69.01741,5.51,338.2,2026-09-04,,999.0,999.0,999.0,999.0,999.0,999.0,unclassified,0.0,0.9997,low,uncertain,False,False,True,Both rule engine and ML model have insufficient evidence.,unclassified,0,unclassified,0.9997,0.0,"[""Moderate thermal signature (FRP: 5.5 MW)."", ""All 14 labeling functions abstained due to lack of spatial context."", ""XGBoost also abstained: its most probable class was 'unclassified' (100.0%), meaning no specific class met the evidence threshold."", ""Decision [uncertain]: classified as unknown requiring ground review.""]",4,uncertain,0.0,0.9997,unclassified,0.0
690,29.80486,72.78429,4.92,337.49,2026-09-04,,999.0,999.0,999.0,999.0,999.0,999.0,unclassified,0.0,0.9997,low,uncertain,False,False,True,Both rule engine and ML model have insufficient evidence.,unclassified,0,unclassified,0.9997,0.0,"[""Low-intensity thermal source (FRP: 4.9 MW)."", ""All 14 labeling functions abstained due to lack of spatial context."", ""XGBoost also abstained: its most probable class was 'unclassified' (100.0%), meaning no specific class met the evidence threshold."", ""Decision [uncertain]: classified as unknown requiring ground review.""]",4,uncertain,0.0,0.9997,unclassified,0.0
691,29.911,74.95192,5.47,341.22,2026-09-04,,999.0,999.0,999.0,0.798,999.0,2.019,unclassified,0.0,0.8759,low,uncertain,False,False,True,Both rule engine and ML model have insufficient evidence.,unclassified,0,unclassified,0.8759,0.0,"[""Moderate thermal signature (FRP: 5.5 MW)."", ""Industrial infrastructure within 4.0 km."", ""Petroleum/chemical refinery within 0.8 km."", ""All 14 labeling functions abstained due to lack of spatial context."", ""XGBoost also abstained: its most probable class was 'unclassified' (87.6%), meaning no specific class met the evidence threshold."", ""Decision [uncertain]: classified as unknown requiring ground review.""]",6,uncertain,0.0,0.8759,unclassified,0.0
692,29.94049,69.95213,3.81,337.32,2026-09-04,,999.0,999.0,999.0,999.0,999.0,999.0,unclassified,0.0,0.9997,low,uncertain,False,False,True,Both rule engine and ML model have insufficient evidence.,unclassified,0,unclassified,0.9997,0.0,"[""Low-intensity thermal source (FRP: 3.8 MW)."", ""All 14 labeling functions abstained due to lack of spatial context."", ""XGBoost also abstained: its most probable class was 'unclassified' (100.0%), meaning no specific class met the evidence threshold."", ""Decision [uncertain]: classified as unknown requiring ground review.""]",4,uncertain,0.0,0.9997,unclassified,0.0
693,30.47343,71.74202,3.21,331.0,2026-09-04,,999.0,999.0,999.0,999.0,999.0,999.0,unclassified,0.0,0.9996,low,uncertain,False,False,True,Both rule engine and ML model have insufficient evidence.,unclassified,0,unclassified,0.9996,0.0,"[""Low-intensity thermal source (FRP: 3.2 MW)."", ""All 14 labeling functions abstained due to lack of spatial context."", ""XGBoost also abstained: its most probable class was 'unclassified' (100.0%), meaning no specific class met the evidence threshold."", ""Decision [uncertain]: classified as unknown requiring ground review.""]",4,uncertain,0.0,0.9996,unclassified,0.0
694,31.31773,72.16481,3.46,335.37,2026-09-04,,999.0,999.0,999.0,999.0,999.0,999.0,unclassified,0.0,0.9997,low,uncertain,False,False,True,Both rule engine and ML model have insufficient evidence.,unclassified,0,unclassified,0.9997,0.0,"[""Low-intensity thermal source (FRP: 3.5 MW)."", ""All 14 labeling functions abstained due to lack of spatial context."", ""XGBoost also abstained: its most probable class was 'unclassified' (100.0%), meaning no specific class met the evidence threshold."", ""Decision [uncertain]: classified as unknown requiring ground review.""]",4,uncertain,0.0,0.9997,unclassified,0.0
695,31.5778,72.37859,5.83,337.86,2026-09-04,,999.0,999.0,999.0,999.0,999.0,999.0,unclassified,0.0,0.9998,low,uncertain,False,False,True,Both rule engine and ML model have insufficient evidence.,unclassified,0,unclassified,0.9998,0.0,"[""Moderate thermal signature (FRP: 5.8 MW)."", ""All 14 labeling functions abstained due to lack of spatial context."", ""XGBoost also abstained: its most probable class was 'unclassified' (100.0%), meaning no specific class met the evidence threshold."", ""Decision [uncertain]: classified as unknown requiring ground review.""]",4,uncertain,0.0,0.9998,unclassified,0.0
696,31.68232,72.20583,4.36,336.61,2026-09-04,,999.0,999.0,999.0,999.0,999.0,999.0,unclassified,0.0,0.9998,low,uncertain,False,False,True,Both rule engine and ML model have insufficient evidence.,unclassified,0,unclassified,0.9998,0.0,"[""Low-intensity thermal source (FRP: 4.4 MW)."", ""All 14 labeling functions abstained due to lack of spatial context."", ""XGBoost also abstained: its most probable class was 'unclassified' (100.0%), meaning no specific class met the evidence threshold."", ""Decision [uncertain]: classified as unknown requiring ground review.""]",4,uncertain,0.0,0.9998,unclassified,0.0
697,32.24791,73.92658,3.62,332.01,2026-09-04,,999.0,999.0,999.0,999.0,999.0,999.0,unclassified,0.0,0.9997,low,uncertain,False,False,True,Both rule engine and ML model have insufficient evidence.,unclassified,0,unclassified,0.9997,0.0,"[""Low-intensity thermal source (FRP: 3.6 MW)."", ""All 14 labeling functions abstained due to lack of spatial context."", ""XGBoost also abstained: its most probable class was 'unclassified' (100.0%), meaning no specific class met the evidence threshold."", ""Decision [uncertain]: classified as unknown requiring ground review.""]",4,uncertain,0.0,0.9997,unclassified,0.0
698,32.43256,71.36949,6.24,345.57,2026-09-04,,999.0,999.0,999.0,999.0,999.0,999.0,unclassified,0.0,0.9998,low,uncertain,False,False,True,Both rule engine and ML model have insufficient evidence.,unclassified,0,unclassified,0.9998,0.0,"[""Moderate thermal signature (FRP: 6.2 MW)."", ""All 14 labeling functions abstained due to lack of spatial context."", ""XGBoost also abstained: its most probable class was 'unclassified' (100.0%), meaning no specific class met the evidence threshold."", ""Decision [uncertain]: classified as unknown requiring ground review.""]",4,uncertain,0.0,0.9998,unclassified,0.0
699,6.28931,80.85971,25.64,335.28,2026-09-02,,999.0,999.0,999.0,999.0,999.0,999.0,unclassified,0.0,0.9997,low,uncertain,False,False,True,Both rule engine and ML model have insufficient evidence.,unclassified,0,unclassified,0.9997,0.0,"[""High-intensity thermal signature (FRP: 25.6 MW)."", ""All 14 labeling functions abstained due to lack of spatial context."", ""XGBoost also abstained: its most probable class was 'unclassified' (100.0%), meaning no specific class met the evidence threshold."", ""Decision [uncertain]: classified as unknown requiring ground review.""]",4,uncertain,0.0,0.9997,unclassified,0.0
700,6.44533,81.13709,6.83,334.92,2026-09-02,,999.0,999.0,999.0,999.0,999.0,999.0,unclassified,0.0,0.9997,low,uncertain,False,False,True,Both rule engine and ML model have insufficient evidence.,unclassified,0,unclassified,0.9997,0.0,"[""Moderate thermal signature (FRP: 6.8 MW)."", ""All 14 labeling functions abstained due to lack of spatial context."", ""XGBoost also abstained: its most probable class was 'unclassified' (100.0%), meaning no specific class met the evidence threshold."", ""Decision [uncertain]: classified as unknown requiring ground review.""]",4,uncertain,0.0,0.9997,unclassified,0.0
701,6.44963,81.09364,3.72,330.6,2026-09-02,,999.0,999.0,999.0,999.0,999.0,999.0,unclassified,0.0,0.9996,low,uncertain,False,False,True,Both rule engine and ML model have insufficient evidence.,unclassified,0,unclassified,0.9996,0.0,"[""Low-intensity thermal source (FRP: 3.7 MW)."", ""All 14 labeling functions abstained due to lack of spatial context."", ""XGBoost also abstained: its most probable class was 'unclassified' (100.0%), meaning no specific class met the evidence threshold."", ""Decision [uncertain]: classified as unknown requiring ground review.""]",4,uncertain,0.0,0.9996,unclassified,0.0
702,6.47147,81.10743,3.74,336.48,2026-09-02,,999.0,999.0,999.0,999.0,999.0,999.0,unclassified,0.0,0.9997,low,uncertain,False,False,True,Both rule engine and ML model have insufficient evidence.,unclassified,0,unclassified,0.9997,0.0,"[""Low-intensity thermal source (FRP: 3.7 MW)."", ""All 14 labeling functions abstained due to lack of spatial context."", ""XGBoost also abstained: its most probable class was 'unclassified' (100.0%), meaning no specific class met the evidence threshold."", ""Decision [uncertain]: classified as unknown requiring ground review.""]",4,uncertain,0.0,0.9997,unclassified,0.0
703,6.55078,80.97083,39.92,336.36,2026-09-02,,999.0,999.0,999.0,999.0,999.0,999.0,unclassified,0.0,0.9997,low,uncertain,False,False,True,Both rule engine and ML model have insufficient evidence.,unclassified,0,unclassified,0.9997,0.0,"[""High-intensity thermal signature (FRP: 39.9 MW)."", ""All 14 labeling functions abstained due to lack of spatial context."", ""XGBoost also abstained: its most probable class was 'unclassified' (100.0%), meaning no specific class met the evidence threshold."", ""Decision [uncertain]: classified as unknown requiring ground review.""]",4,uncertain,0.0,0.9997,unclassified,0.0
704,6.59258,80.92933,9.57,331.29,2026-09-02,,999.0,999.0,999.0,999.0,999.0,999.0,unclassified,0.0,0.9996,low,uncertain,False,False,True,Both rule engine and ML model have insufficient evidence.,unclassified,0,unclassified,0.9996,0.0,"[""Moderate thermal signature (FRP: 9.6 MW)."", ""All 14 labeling functions abstained due to lack of spatial context."", ""XGBoost also abstained: its most probable class was 'unclassified' (100.0%), meaning no specific class met the evidence threshold."", ""Decision [uncertain]: classified as unknown requiring ground review.""]",4,uncertain,0.0,0.9996,unclassified,0.0
705,6.67177,81.24264,235.55,367.0,2026-09-02,,999.0,999.0,999.0,999.0,999.0,999.0,unclassified,0.0,0.9997,low,uncertain,False,False,True,Both rule engine and ML model have insufficient evidence.,unclassified,0,unclassified,0.9997,0.0,"[""High-intensity thermal signature (FRP: 235.6 MW)."", ""All 14 labeling functions abstained due to lack of spatial context."", ""XGBoost also abstained: its most probable class was 'unclassified' (100.0%), meaning no specific class met the evidence threshold."", ""Decision [uncertain]: classified as unknown requiring ground review.""]",4,uncertain,0.0,0.9997,unclassified,0.0
706,6.69492,81.00688,2.97,331.33,2026-09-02,,999.0,999.0,999.0,999.0,999.0,999.0,unclassified,0.0,0.9995,low,uncertain,False,False,True,Both rule engine and ML model have insufficient evidence.,unclassified,0,unclassified,0.9995,0.0,"[""Low-intensity thermal source (FRP: 3.0 MW)."", ""All 14 labeling functions abstained due to lack of spatial context."", ""XGBoost also abstained: its most probable class was 'unclassified' (100.0%), meaning no specific class met the evidence threshold."", ""Decision [uncertain]: classified as unknown requiring ground review.""]",4,uncertain,0.0,0.9995,unclassified,0.0
707,6.71509,81.40263,9.05,339.97,2026-09-02,,999.0,999.0,999.0,999.0,999.0,999.0,unclassified,0.0,0.9997,low,uncertain,False,False,True,Both rule engine and ML model have insufficient evidence.,unclassified,0,unclassified,0.9997,0.0,"[""Moderate thermal signature (FRP: 9.1 MW)."", ""All 14 labeling functions abstained due to lack of spatial context."", ""XGBoost also abstained: its most probable class was 'unclassified' (100.0%), meaning no specific class met the evidence threshold."", ""Decision [uncertain]: classified as unknown requiring ground review.""]",4,uncertain,0.0,0.9997,unclassified,0.0
708,6.73093,81.59668,12.4,344.88,2026-09-02,,999.0,999.0,999.0,999.0,999.0,999.0,unclassified,0.0,0.9997,low,uncertain,False,False,True,Both rule engine and ML model have insufficient evidence.,unclassified,0,unclassified,0.9997,0.0,"[""Moderate thermal signature (FRP: 12.4 MW)."", ""All 14 labeling functions abstained due to lack of spatial context."", ""XGBoost also abstained: its most probable class was 'unclassified' (100.0%), meaning no specific class met the evidence threshold."", ""Decision [uncertain]: classified as unknown requiring ground review.""]",4,uncertain,0.0,0.9997,unclassified,0.0
709,6.75518,81.5201,11.43,340.11,2026-09-02,,999.0,999.0,999.0,999.0,999.0,999.0,unclassified,0.0,0.9997,low,uncertain,False,False,True,Both rule engine and ML model have insufficient evidence.,unclassified,0,unclassified,0.9997,0.0,"[""Moderate thermal signature (FRP: 11.4 MW)."", ""All 14 labeling functions abstained due to lack of spatial context."", ""XGBoost also abstained: its most probable class was 'unclassified' (100.0%), meaning no specific class met the evidence threshold."", ""Decision [uncertain]: classified as unknown requiring ground review.""]",4,uncertain,0.0,0.9997,unclassified,0.0
710,6.85859,81.46371,4.51,335.43,2026-09-02,,999.0,999.0,999.0,999.0,999.0,999.0,unclassified,0.0,0.9997,low,uncertain,False,False,True,Both rule engine and ML model have insufficient evidence.,unclassified,0,unclassified,0.9997,0.0,"[""Low-intensity thermal source (FRP: 4.5 MW)."", ""All 14 labeling functions abstained due to lack of spatial context."", ""XGBoost also abstained: its most probable class was 'unclassified' (100.0%), meaning no specific class met the evidence threshold."", ""Decision [uncertain]: classified as unknown requiring ground review.""]",4,uncertain,0.0,0.9997,unclassified,0.0
711,6.97171,81.60432,10.87,340.17,2026-09-02,,999.0,999.0,999.0,999.0,999.0,999.0,unclassified,0.0,0.9997,low,uncertain,False,False,True,Both rule engine and ML model have insufficient evidence.,unclassified,0,unclassified,0.9997,0.0,"[""Moderate thermal signature (FRP: 10.9 MW)."", ""All 14 labeling functions abstained due to lack of spatial context."", ""XGBoost also abstained: its most probable class was 'unclassified' (100.0%), meaning no specific class met the evidence threshold."", ""Decision [uncertain]: classified as unknown requiring ground review.""]",4,uncertain,0.0,0.9997,unclassified,0.0
712,6.97522,81.60376,17.16,345.28,2026-09-02,,999.0,999.0,999.0,999.0,999.0,999.0,unclassified,0.0,0.9997,low,uncertain,False,False,True,Both rule engine and ML model have insufficient evidence.,unclassified,0,unclassified,0.9997,0.0,"[""High-intensity thermal signature (FRP: 17.2 MW)."", ""All 14 labeling functions abstained due to lack of spatial context."", ""XGBoost also abstained: its most probable class was 'unclassified' (100.0%), meaning no specific class met the evidence threshold."", ""Decision [uncertain]: classified as unknown requiring ground review.""]",4,uncertain,0.0,0.9997,unclassified,0.0
713,6.99511,81.43445,4.55,332.88,2026-09-02,,999.0,999.0,999.0,999.0,999.0,999.0,unclassified,0.0,0.9997,low,uncertain,False,False,True,Both rule engine and ML model have insufficient evidence.,unclassified,0,unclassified,0.9997,0.0,"[""Low-intensity thermal source (FRP: 4.5 MW)."", ""All 14 labeling functions abstained due to lack of spatial context."", ""XGBoost also abstained: its most probable class was 'unclassified' (100.0%), meaning no specific class met the evidence threshold."", ""Decision [uncertain]: classified as unknown requiring ground review.""]",4,uncertain,0.0,0.9997,unclassified,0.0
714,7.01214,81.60999,7.18,331.21,2026-09-02,,999.0,999.0,999.0,999.0,999.0,999.0,unclassified,0.0,0.9996,low,uncertain,False,False,True,Both rule engine and ML model have insufficient evidence.,unclassified,0,unclassified,0.9996,0.0,"[""Moderate thermal signature (FRP: 7.2 MW)."", ""All 14 labeling functions abstained due to lack of spatial context."", ""XGBoost also abstained: its most probable class was 'unclassified' (100.0%), meaning no specific class met the evidence threshold."", ""Decision [uncertain]: classified as unknown requiring ground review.""]",4,uncertain,0.0,0.9996,unclassified,0.0
715,7.03934,81.50867,6.89,343.23,2026-09-02,,999.0,999.0,999.0,999.0,999.0,999.0,unclassified,0.0,0.9997,low,uncertain,False,False,True,Both rule engine and ML model have insufficient evidence.,unclassified,0,unclassified,0.9997,0.0,"[""Moderate thermal signature (FRP: 6.9 MW)."", ""All 14 labeling functions abstained due to lack of spatial context."", ""XGBoost also abstained: its most probable class was 'unclassified' (100.0%), meaning no specific class met the evidence threshold."", ""Decision [uncertain]: classified as unknown requiring ground review.""]",4,uncertain,0.0,0.9997,unclassified,0.0
716,7.06373,81.34168,5.83,334.45,2026-09-02,,999.0,999.0,999.0,999.0,999.0,999.0,unclassified,0.0,0.9997,low,uncertain,False,False,True,Both rule engine and ML model have insufficient evidence.,unclassified,0,unclassified,0.9997,0.0,"[""Moderate thermal signature (FRP: 5.8 MW)."", ""All 14 labeling functions abstained due to lack of spatial context."", ""XGBoost also abstained: its most probable class was 'unclassified' (100.0%), meaning no specific class met the evidence threshold."", ""Decision [uncertain]: classified as unknown requiring ground review.""]",4,uncertain,0.0,0.9997,unclassified,0.0
717,7.06687,81.49669,3.58,335.47,2026-09-02,,999.0,999.0,999.0,999.0,999.0,999.0,unclassified,0.0,0.9997,low,uncertain,False,False,True,Both rule engine and ML model have insufficient evidence.,unclassified,0,unclassified,0.9997,0.0,"[""Low-intensity thermal source (FRP: 3.6 MW)."", ""All 14 labeling functions abstained due to lack of spatial context."", ""XGBoost also abstained: its most probable class was 'unclassified' (100.0%), meaning no specific class met the evidence threshold."", ""Decision [uncertain]: classified as unknown requiring ground review.""]",4,uncertain,0.0,0.9997,unclassified,0.0
718,7.19846,81.01058,7.01,332.64,2026-09-02,,999.0,999.0,999.0,999.0,999.0,999.0,unclassified,0.0,0.9997,low,uncertain,False,False,True,Both rule engine and ML model have insufficient evidence.,unclassified,0,unclassified,0.9997,0.0,"[""Moderate thermal signature (FRP: 7.0 MW)."", ""All 14 labeling functions abstained due to lack of spatial context."", ""XGBoost also abstained: its most probable class was 'unclassified' (100.0%), meaning no specific class met the evidence threshold."", ""Decision [uncertain]: classified as unknown requiring ground review.""]",4,uncertain,0.0,0.9997,unclassified,0.0
719,7.26735,81.71343,3.08,330.8,2026-09-02,,999.0,999.0,999.0,999.0,999.0,999.0,unclassified,0.0,0.9995,low,uncertain,False,False,True,Both rule engine and ML model have insufficient evidence.,unclassified,0,unclassified,0.9995,0.0,"[""Low-intensity thermal source (FRP: 3.1 MW)."", ""All 14 labeling functions abstained due to lack of spatial context."", ""XGBoost also abstained: its most probable class was 'unclassified' (99.9%), meaning no specific class met the evidence threshold."", ""Decision [uncertain]: classified as unknown requiring ground review.""]",4,uncertain,0.0,0.9995,unclassified,0.0
720,7.27136,81.78403,1.87,334.39,2026-09-02,,999.0,999.0,999.0,999.0,999.0,999.0,unclassified,0.0,0.9997,low,uncertain,False,False,True,Both rule engine and ML model have insufficient evidence.,unclassified,0,unclassified,0.9997,0.0,"[""Low-intensity thermal source (FRP: 1.9 MW)."", ""All 14 labeling functions abstained due to lack of spatial context."", ""XGBoost also abstained: its most probable class was 'unclassified' (100.0%), meaning no specific class met the evidence threshold."", ""Decision [uncertain]: classified as unknown requiring ground review.""]",4,uncertain,0.0,0.9997,unclassified,0.0
721,7.27857,81.7394,2.68,338.01,2026-09-02,,999.0,999.0,999.0,999.0,999.0,999.0,unclassified,0.0,0.9997,low,uncertain,False,False,True,Both rule engine and ML model have insufficient evidence.,unclassified,0,unclassified,0.9997,0.0,"[""Low-intensity thermal source (FRP: 2.7 MW)."", ""All 14 labeling functions abstained due to lack of spatial context."", ""XGBoost also abstained: its most probable class was 'unclassified' (100.0%), meaning no specific class met the evidence threshold."", ""Decision [uncertain]: classified as unknown requiring ground review.""]",4,uncertain,0.0,0.9997,unclassified,0.0
722,7.32026,81.10555,6.66,342.36,2026-09-02,,999.0,999.0,999.0,999.0,999.0,999.0,unclassified,0.0,0.9997,low,uncertain,False,False,True,Both rule engine and ML model have insufficient evidence.,unclassified,0,unclassified,0.9997,0.0,"[""Moderate thermal signature (FRP: 6.7 MW)."", ""All 14 labeling functions abstained due to lack of spatial context."", ""XGBoost also abstained: its most probable class was 'unclassified' (100.0%), meaning no specific class met the evidence threshold."", ""Decision [uncertain]: classified as unknown requiring ground review.""]",4,uncertain,0.0,0.9997,unclassified,0.0
723,7.32855,81.14262,10.57,337.72,2026-09-02,,999.0,999.0,999.0,999.0,999.0,999.0,unclassified,0.0,0.9997,low,uncertain,False,False,True,Both rule engine and ML model have insufficient evidence.,unclassified,0,unclassified,0.9997,0.0,"[""Moderate thermal signature (FRP: 10.6 MW)."", ""All 14 labeling functions abstained due to lack of spatial context."", ""XGBoost also abstained: its most probable class was 'unclassified' (100.0%), meaning no specific class met the evidence threshold."", ""Decision [uncertain]: classified as unknown requiring ground review.""]",4,uncertain,0.0,0.9997,unclassified,0.0
724,7.33251,80.93956,8.59,339.0,2026-09-02,,999.0,999.0,999.0,999.0,999.0,999.0,unclassified,0.0,0.9997,low,uncertain,False,False,True,Both rule engine and ML model have insufficient evidence.,unclassified,0,unclassified,0.9997,0.0,"[""Moderate thermal signature (FRP: 8.6 MW)."", ""All 14 labeling functions abstained due to lack of spatial context."", ""XGBoost also abstained: its most probable class was 'unclassified' (100.0%), meaning no specific class met the evidence threshold."", ""Decision [uncertain]: classified as unknown requiring ground review.""]",4,uncertain,0.0,0.9997,unclassified,0.0
725,7.34071,81.19511,11.81,343.32,2026-09-02,,999.0,999.0,999.0,999.0,999.0,999.0,unclassified,0.0,0.9997,low,uncertain,False,False,True,Both rule engine and ML model have insufficient evidence.,unclassified,0,unclassified,0.9997,0.0,"[""Moderate thermal signature (FRP: 11.8 MW)."", ""All 14 labeling functions abstained due to lack of spatial context."", ""XGBoost also abstained: its most probable class was 'unclassified' (100.0%), meaning no specific class met the evidence threshold."", ""Decision [uncertain]: classified as unknown requiring ground review.""]",4,uncertain,0.0,0.9997,unclassified,0.0
726,7.34471,81.71753,2.45,336.4,2026-09-02,,999.0,999.0,999.0,999.0,999.0,999.0,unclassified,0.0,0.9997,low,uncertain,False,False,True,Both rule engine and ML model have insufficient evidence.,unclassified,0,unclassified,0.9997,0.0,"[""Low-intensity thermal source (FRP: 2.5 MW)."", ""All 14 labeling functions abstained due to lack of spatial context."", ""XGBoost also abstained: its most probable class was 'unclassified' (100.0%), meaning no specific class met the evidence threshold."", ""Decision [uncertain]: classified as unknown requiring ground review.""]",4,uncertain,0.0,0.9997,unclassified,0.0
727,7.34688,81.21069,5.97,343.41,2026-09-02,,999.0,999.0,999.0,999.0,999.0,999.0,unclassified,0.0,0.9997,low,uncertain,False,False,True,Both rule engine and ML model have insufficient evidence.,unclassified,0,unclassified,0.9997,0.0,"[""Moderate thermal signature (FRP: 6.0 MW)."", ""All 14 labeling functions abstained due to lack of spatial context."", ""XGBoost also abstained: its most probable class was 'unclassified' (100.0%), meaning no specific class met the evidence threshold."", ""Decision [uncertain]: classified as unknown requiring ground review.""]",4,uncertain,0.0,0.9997,unclassified,0.0
728,7.35702,81.29594,14.8,339.35,2026-09-02,,999.0,999.0,999.0,999.0,999.0,999.0,unclassified,0.0,0.9997,low,uncertain,False,False,True,Both rule engine and ML model have insufficient evidence.,unclassified,0,unclassified,0.9997,0.0,"[""Moderate thermal signature (FRP: 14.8 MW)."", ""All 14 labeling functions abstained due to lack of spatial context."", ""XGBoost also abstained: its most probable class was 'unclassified' (100.0%), meaning no specific class met the evidence threshold."", ""Decision [uncertain]: classified as unknown requiring ground review.""]",4,uncertain,0.0,0.9997,unclassified,0.0
729,7.35732,81.84159,7.21,347.27,2026-09-02,,999.0,999.0,999.0,999.0,999.0,999.0,unclassified,0.0,0.9997,low,uncertain,False,False,True,Both rule engine and ML model have insufficient evidence.,unclassified,0,unclassified,0.9997,0.0,"[""Moderate thermal signature (FRP: 7.2 MW)."", ""All 14 labeling functions abstained due to lack of spatial context."", ""XGBoost also abstained: its most probable class was 'unclassified' (100.0%), meaning no specific class met the evidence threshold."", ""Decision [uncertain]: classified as unknown requiring ground review.""]",4,uncertain,0.0,0.9997,unclassified,0.0
730,7.36965,81.71751,4.07,343.15,2026-09-02,,999.0,999.0,999.0,999.0,999.0,999.0,unclassified,0.0,0.9997,low,uncertain,False,False,True,Both rule engine and ML model have insufficient evidence.,unclassified,0,unclassified,0.9997,0.0,"[""Low-intensity thermal source (FRP: 4.1 MW)."", ""All 14 labeling functions abstained due to lack of spatial context."", ""XGBoost also abstained: its most probable class was 'unclassified' (100.0%), meaning no specific class met the evidence threshold."", ""Decision [uncertain]: classified as unknown requiring ground review.""]",4,uncertain,0.0,0.9997,unclassified,0.0
731,7.37502,81.22704,3.74,336.8,2026-09-02,,999.0,999.0,999.0,999.0,999.0,999.0,unclassified,0.0,0.9997,low,uncertain,False,False,True,Both rule engine and ML model have insufficient evidence.,unclassified,0,unclassified,0.9997,0.0,"[""Low-intensity thermal source (FRP: 3.7 MW)."", ""All 14 labeling functions abstained due to lack of spatial context."", ""XGBoost also abstained: its most probable class was 'unclassified' (100.0%), meaning no specific class met the evidence threshold."", ""Decision [uncertain]: classified as unknown requiring ground review.""]",4,uncertain,0.0,0.9997,unclassified,0.0
732,7.37671,81.00835,5.52,342.73,2026-09-02,,999.0,999.0,999.0,999.0,999.0,999.0,unclassified,0.0,0.9997,low,uncertain,False,False,True,Both rule engine and ML model have insufficient evidence.,unclassified,0,unclassified,0.9997,0.0,"[""Moderate thermal signature (FRP: 5.5 MW)."", ""All 14 labeling functions abstained due to lack of spatial context."", ""XGBoost also abstained: its most probable class was 'unclassified' (100.0%), meaning no specific class met the evidence threshold."", ""Decision [uncertain]: classified as unknown requiring ground review.""]",4,uncertain,0.0,0.9997,unclassified,0.0
733,7.38808,81.55547,7.02,334.26,2026-09-02,,999.0,999.0,999.0,999.0,999.0,999.0,unclassified,0.0,0.9997,low,uncertain,False,False,True,Both rule engine and ML model have insufficient evidence.,unclassified,0,unclassified,0.9997,0.0,"[""Moderate thermal signature (FRP: 7.0 MW)."", ""All 14 labeling functions abstained due to lack of spatial context."", ""XGBoost also abstained: its most probable class was 'unclassified' (100.0%), meaning no specific class met the evidence threshold."", ""Decision [uncertain]: classified as unknown requiring ground review.""]",4,uncertain,0.0,0.9997,unclassified,0.0
734,7.39,81.64273,3.3,330.9,2026-09-02,,999.0,999.0,999.0,999.0,999.0,999.0,unclassified,0.0,0.9996,low,uncertain,False,False,True,Both rule engine and ML model have insufficient evidence.,unclassified,0,unclassified,0.9996,0.0,"[""Low-intensity thermal source (FRP: 3.3 MW)."", ""All 14 labeling functions abstained due to lack of spatial context."", ""XGBoost also abstained: its most probable class was 'unclassified' (100.0%), meaning no specific class met the evidence threshold."", ""Decision [uncertain]: classified as unknown requiring ground review.""]",4,uncertain,0.0,0.9996,unclassified,0.0
735,7.39067,81.73791,4.04,337.33,2026-09-02,,999.0,999.0,999.0,999.0,999.0,999.0,unclassified,0.0,0.9997,low,uncertain,False,False,True,Both rule engine and ML model have insufficient evidence.,unclassified,0,unclassified,0.9997,0.0,"[""Low-intensity thermal source (FRP: 4.0 MW)."", ""All 14 labeling functions abstained due to lack of spatial context."", ""XGBoost also abstained: its most probable class was 'unclassified' (100.0%), meaning no specific class met the evidence threshold."", ""Decision [uncertain]: classified as unknown requiring ground review.""]",4,uncertain,0.0,0.9997,unclassified,0.0
736,7.39341,81.1824,9.08,341.46,2026-09-02,,999.0,999.0,999.0,999.0,999.0,999.0,unclassified,0.0,0.9997,low,uncertain,False,False,True,Both rule engine and ML model have insufficient evidence.,unclassified,0,unclassified,0.9997,0.0,"[""Moderate thermal signature (FRP: 9.1 MW)."", ""All 14 labeling functions abstained due to lack of spatial context."", ""XGBoost also abstained: its most probable class was 'unclassified' (100.0%), meaning no specific class met the evidence threshold."", ""Decision [uncertain]: classified as unknown requiring ground review.""]",4,uncertain,0.0,0.9997,unclassified,0.0
737,7.40896,81.14233,8.42,340.44,2026-09-02,,999.0,999.0,999.0,999.0,999.0,999.0,unclassified,0.0,0.9997,low,uncertain,False,False,True,Both rule engine and ML model have insufficient evidence.,unclassified,0,unclassified,0.9997,0.0,"[""Moderate thermal signature (FRP: 8.4 MW)."", ""All 14 labeling functions abstained due to lack of spatial context."", ""XGBoost also abstained: its most probable class was 'unclassified' (100.0%), meaning no specific class met the evidence threshold."", ""Decision [uncertain]: classified as unknown requiring ground review.""]",4,uncertain,0.0,0.9997,unclassified,0.0
738,7.4366,81.74654,4.99,338.66,2026-09-02,,999.0,999.0,999.0,999.0,999.0,999.0,unclassified,0.0,0.9997,low,uncertain,False,False,True,Both rule engine and ML model have insufficient evidence.,unclassified,0,unclassified,0.9997,0.0,"[""Low-intensity thermal source (FRP: 5.0 MW)."", ""All 14 labeling functions abstained due to lack of spatial context."", ""XGBoost also abstained: its most probable class was 'unclassified' (100.0%), meaning no specific class met the evidence threshold."", ""Decision [uncertain]: classified as unknown requiring ground review.""]",4,uncertain,0.0,0.9997,unclassified,0.0
739,7.47624,80.90385,7.72,346.83,2026-09-02,,999.0,999.0,999.0,999.0,999.0,999.0,unclassified,0.0,0.9997,low,uncertain,False,False,True,Both rule engine and ML model have insufficient evidence.,unclassified,0,unclassified,0.9997,0.0,"[""Moderate thermal signature (FRP: 7.7 MW)."", ""All 14 labeling functions abstained due to lack of spatial context."", ""XGBoost also abstained: its most probable class was 'unclassified' (100.0%), meaning no specific class met the evidence threshold."", ""Decision [uncertain]: classified as unknown requiring ground review.""]",4,uncertain,0.0,0.9997,unclassified,0.0
740,7.48413,81.20615,40.62,367.0,2026-09-02,,999.0,999.0,999.0,999.0,999.0,999.0,unclassified,0.0,0.9997,low,uncertain,False,False,True,Both rule engine and ML model have insufficient evidence.,unclassified,0,unclassified,0.9997,0.0,"[""High-intensity thermal signature (FRP: 40.6 MW)."", ""All 14 labeling functions abstained due to lack of spatial context."", ""XGBoost also abstained: its most probable class was 'unclassified' (100.0%), meaning no specific class met the evidence threshold."", ""Decision [uncertain]: classified as unknown requiring ground review.""]",4,uncertain,0.0,0.9997,unclassified,0.0
741,7.62752,80.83766,8.77,337.9,2026-09-02,,999.0,999.0,999.0,999.0,999.0,999.0,unclassified,0.0,0.9997,low,uncertain,False,False,True,Both rule engine and ML model have insufficient evidence.,unclassified,0,unclassified,0.9997,0.0,"[""Moderate thermal signature (FRP: 8.8 MW)."", ""All 14 labeling functions abstained due to lack of spatial context."", ""XGBoost also abstained: its most probable class was 'unclassified' (100.0%), meaning no specific class met the evidence threshold."", ""Decision [uncertain]: classified as unknown requiring ground review.""]",4,uncertain,0.0,0.9997,unclassified,0.0
742,7.68484,79.81175,2.92,330.04,2026-09-02,,999.0,999.0,999.0,999.0,999.0,999.0,unclassified,0.0,0.9995,low,uncertain,False,False,True,Both rule engine and ML model have insufficient evidence.,unclassified,0,unclassified,0.9995,0.0,"[""Low-intensity thermal source (FRP: 2.9 MW)."", ""All 14 labeling functions abstained due to lack of spatial context."", ""XGBoost also abstained: its most probable class was 'unclassified' (100.0%), meaning no specific class met the evidence threshold."", ""Decision [uncertain]: classified as unknown requiring ground review.""]",4,uncertain,0.0,0.9995,unclassified,0.0
743,7.74461,81.15666,10.47,350.8,2026-09-02,,999.0,999.0,999.0,999.0,999.0,999.0,unclassified,0.0,0.9997,low,uncertain,False,False,True,Both rule engine and ML model have insufficient evidence.,unclassified,0,unclassified,0.9997,0.0,"[""Moderate thermal signature (FRP: 10.5 MW)."", ""All 14 labeling functions abstained due to lack of spatial context."", ""XGBoost also abstained: its most probable class was 'unclassified' (100.0%), meaning no specific class met the evidence threshold."", ""Decision [uncertain]: classified as unknown requiring ground review.""]",4,uncertain,0.0,0.9997,unclassified,0.0
744,7.78327,81.56092,4.63,333.39,2026-09-02,,999.0,999.0,999.0,999.0,999.0,999.0,unclassified,0.0,0.9997,low,uncertain,False,False,True,Both rule engine and ML model have insufficient evidence.,unclassified,0,unclassified,0.9997,0.0,"[""Low-intensity thermal source (FRP: 4.6 MW)."", ""All 14 labeling functions abstained due to lack of spatial context."", ""XGBoost also abstained: its most probable class was 'unclassified' (100.0%), meaning no specific class met the evidence threshold."", ""Decision [uncertain]: classified as unknown requiring ground review.""]",4,uncertain,0.0,0.9997,unclassified,0.0
745,7.78796,80.06335,4.47,332.88,2026-09-02,,999.0,999.0,999.0,999.0,999.0,999.0,unclassified,0.0,0.9997,low,uncertain,False,False,True,Both rule engine and ML model have insufficient evidence.,unclassified,0,unclassified,0.9997,0.0,"[""Low-intensity thermal source (FRP: 4.5 MW)."", ""All 14 labeling functions abstained due to lack of spatial context."", ""XGBoost also abstained: its most probable class was 'unclassified' (100.0%), meaning no specific class met the evidence threshold."", ""Decision [uncertain]: classified as unknown requiring ground review.""]",4,uncertain,0.0,0.9997,unclassified,0.0
746,7.80048,80.11751,4.65,336.6,2026-09-02,,999.0,999.0,999.0,999.0,999.0,999.0,unclassified,0.0,0.9998,low,uncertain,False,False,True,Both rule engine and ML model have insufficient evidence.,unclassified,0,unclassified,0.9998,0.0,"[""Low-intensity thermal source (FRP: 4.7 MW)."", ""All 14 labeling functions abstained due to lack of spatial context."", ""XGBoost also abstained: its most probable class was 'unclassified' (100.0%), meaning no specific class met the evidence threshold."", ""Decision [uncertain]: classified as unknown requiring ground review.""]",4,uncertain,0.0,0.9998,unclassified,0.0
747,7.8957,80.64471,4.73,336.19,2026-09-02,,999.0,999.0,999.0,999.0,999.0,999.0,unclassified,0.0,0.9997,low,uncertain,False,False,True,Both rule engine and ML model have insufficient evidence.,unclassified,0,unclassified,0.9997,0.0,"[""Low-intensity thermal source (FRP: 4.7 MW)."", ""All 14 labeling functions abstained due to lack of spatial context."", ""XGBoost also abstained: its most probable class was 'unclassified' (100.0%), meaning no specific class met the evidence threshold."", ""Decision [uncertain]: classified as unknown requiring ground review.""]",4,uncertain,0.0,0.9997,unclassified,0.0
748,7.92456,80.65868,28.55,340.81,2026-09-02,,999.0,999.0,999.0,999.0,999.0,999.0,unclassified,0.0,0.9997,low,uncertain,False,False,True,Both rule engine and ML model have insufficient evidence.,unclassified,0,unclassified,0.9997,0.0,"[""High-intensity thermal signature (FRP: 28.6 MW)."", ""All 14 labeling functions abstained due to lack of spatial context."", ""XGBoost also abstained: its most probable class was 'unclassified' (100.0%), meaning no specific class met the evidence threshold."", ""Decision [uncertain]: classified as unknown requiring ground review.""]",4,uncertain,0.0,0.9997,unclassified,0.0
749,7.93985,81.29096,6.37,340.28,2026-09-02,,999.0,999.0,999.0,999.0,999.0,999.0,unclassified,0.0,0.9997,low,uncertain,False,False,True,Both rule engine and ML model have insufficient evidence.,unclassified,0,unclassified,0.9997,0.0,"[""Moderate thermal signature (FRP: 6.4 MW)."", ""All 14 labeling functions abstained due to lack of spatial context."", ""XGBoost also abstained: its most probable class was 'unclassified' (100.0%), meaning no specific class met the evidence threshold."", ""Decision [uncertain]: classified as unknown requiring ground review.""]",4,uncertain,0.0,0.9997,unclassified,0.0
750,7.94013,81.31534,28.57,336.94,2026-09-02,,999.0,999.0,999.0,999.0,999.0,999.0,unclassified,0.0,0.9997,low,uncertain,False,False,True,Both rule engine and ML model have insufficient evidence.,unclassified,0,unclassified,0.9997,0.0,"[""High-intensity thermal signature (FRP: 28.6 MW)."", ""All 14 labeling functions abstained due to lack of spatial context."", ""XGBoost also abstained: its most probable class was 'unclassified' (100.0%), meaning no specific class met the evidence threshold."", ""Decision [uncertain]: classified as unknown requiring ground review.""]",4,uncertain,0.0,0.9997,unclassified,0.0
751,7.94048,81.29494,6.37,342.25,2026-09-02,,999.0,999.0,999.0,999.0,999.0,999.0,unclassified,0.0,0.9997,low,uncertain,False,False,True,Both rule engine and ML model have insufficient evidence.,unclassified,0,unclassified,0.9997,0.0,"[""Moderate thermal signature (FRP: 6.4 MW)."", ""All 14 labeling functions abstained due to lack of spatial context."", ""XGBoost also abstained: its most probable class was 'unclassified' (100.0%), meaning no specific class met the evidence threshold."", ""Decision [uncertain]: classified as unknown requiring ground review.""]",4,uncertain,0.0,0.9997,unclassified,0.0
752,7.94302,81.31081,38.88,345.85,2026-09-02,,999.0,999.0,999.0,999.0,999.0,999.0,unclassified,0.0,0.9997,low,uncertain,False,False,True,Both rule engine and ML model have insufficient evidence.,unclassified,0,unclassified,0.9997,0.0,"[""High-intensity thermal signature (FRP: 38.9 MW)."", ""All 14 labeling functions abstained due to lack of spatial context."", ""XGBoost also abstained: its most probable class was 'unclassified' (100.0%), meaning no specific class met the evidence threshold."", ""Decision [uncertain]: classified as unknown requiring ground review.""]",4,uncertain,0.0,0.9997,unclassified,0.0
753,7.944,81.29437,6.37,336.53,2026-09-02,,999.0,999.0,999.0,999.0,999.0,999.0,unclassified,0.0,0.9997,low,uncertain,False,False,True,Both rule engine and ML model have insufficient evidence.,unclassified,0,unclassified,0.9997,0.0,"[""Moderate thermal signature (FRP: 6.4 MW)."", ""All 14 labeling functions abstained due to lack of spatial context."", ""XGBoost also abstained: its most probable class was 'unclassified' (100.0%), meaning no specific class met the evidence threshold."", ""Decision [uncertain]: classified as unknown requiring ground review.""]",4,uncertain,0.0,0.9997,unclassified,0.0
754,8.07892,80.59462,24.02,347.99,2026-09-02,,999.0,999.0,999.0,999.0,999.0,999.0,unclassified,0.0,0.9997,low,uncertain,False,False,True,Both rule engine and ML model have insufficient evidence.,unclassified,0,unclassified,0.9997,0.0,"[""High-intensity thermal signature (FRP: 24.0 MW)."", ""All 14 labeling functions abstained due to lack of spatial context."", ""XGBoost also abstained: its most probable class was 'unclassified' (100.0%), meaning no specific class met the evidence threshold."", ""Decision [uncertain]: classified as unknown requiring ground review.""]",4,uncertain,0.0,0.9997,unclassified,0.0
755,8.13972,80.86044,3.69,338.08,2026-09-02,,999.0,999.0,999.0,999.0,999.0,999.0,unclassified,0.0,0.9997,low,uncertain,False,False,True,Both rule engine and ML model have insufficient evidence.,unclassified,0,unclassified,0.9997,0.0,"[""Low-intensity thermal source (FRP: 3.7 MW)."", ""All 14 labeling functions abstained due to lack of spatial context."", ""XGBoost also abstained: its most probable class was 'unclassified' (100.0%), meaning no specific class met the evidence threshold."", ""Decision [uncertain]: classified as unknown requiring ground review.""]",4,uncertain,0.0,0.9997,unclassified,0.0
756,8.34095,80.68102,6.55,330.67,2026-09-02,,999.0,999.0,999.0,999.0,999.0,999.0,unclassified,0.0,0.9996,low,uncertain,False,False,True,Both rule engine and ML model have insufficient evidence.,unclassified,0,unclassified,0.9996,0.0,"[""Moderate thermal signature (FRP: 6.5 MW)."", ""All 14 labeling functions abstained due to lack of spatial context."", ""XGBoost also abstained: its most probable class was 'unclassified' (100.0%), meaning no specific class met the evidence threshold."", ""Decision [uncertain]: classified as unknown requiring ground review.""]",4,uncertain,0.0,0.9996,unclassified,0.0
757,8.3426,81.02217,11.41,338.58,2026-09-02,,999.0,999.0,999.0,999.0,999.0,999.0,unclassified,0.0,0.9997,low,uncertain,False,False,True,Both rule engine and ML model have insufficient evidence.,unclassified,0,unclassified,0.9997,0.0,"[""Moderate thermal signature (FRP: 11.4 MW)."", ""All 14 labeling functions abstained due to lack of spatial context."", ""XGBoost also abstained: its most probable class was 'unclassified' (100.0%), meaning no specific class met the evidence threshold."", ""Decision [uncertain]: classified as unknown requiring ground review.""]",4,uncertain,0.0,0.9997,unclassified,0.0
758,8.34524,80.68464,10.59,334.46,2026-09-02,,999.0,999.0,999.0,999.0,999.0,999.0,unclassified,0.0,0.9997,low,uncertain,False,False,True,Both rule engine and ML model have insufficient evidence.,unclassified,0,unclassified,0.9997,0.0,"[""Moderate thermal signature (FRP: 10.6 MW)."", ""All 14 labeling functions abstained due to lack of spatial context."", ""XGBoost also abstained: its most probable class was 'unclassified' (100.0%), meaning no specific class met the evidence threshold."", ""Decision [uncertain]: classified as unknown requiring ground review.""]",4,uncertain,0.0,0.9997,unclassified,0.0
759,8.35098,81.02911,7.53,334.87,2026-09-02,,999.0,999.0,999.0,999.0,999.0,999.0,unclassified,0.0,0.9997,low,uncertain,False,False,True,Both rule engine and ML model have insufficient evidence.,unclassified,0,unclassified,0.9997,0.0,"[""Moderate thermal signature (FRP: 7.5 MW)."", ""All 14 labeling functions abstained due to lack of spatial context."", ""XGBoost also abstained: its most probable class was 'unclassified' (100.0%), meaning no specific class met the evidence threshold."", ""Decision [uncertain]: classified as unknown requiring ground review.""]",4,uncertain,0.0,0.9997,unclassified,0.0
760,8.36901,81.05103,3.91,338.3,2026-09-02,,999.0,999.0,999.0,999.0,999.0,999.0,unclassified,0.0,0.9997,low,uncertain,False,False,True,Both rule engine and ML model have insufficient evidence.,unclassified,0,unclassified,0.9997,0.0,"[""Low-intensity thermal source (FRP: 3.9 MW)."", ""All 14 labeling functions abstained due to lack of spatial context."", ""XGBoost also abstained: its most probable class was 'unclassified' (100.0%), meaning no specific class met the evidence threshold."", ""Decision [uncertain]: classified as unknown requiring ground review.""]",4,uncertain,0.0,0.9997,unclassified,0.0
761,8.4097,80.83187,7.57,333.58,2026-09-02,,999.0,999.0,999.0,999.0,999.0,999.0,unclassified,0.0,0.9997,low,uncertain,False,False,True,Both rule engine and ML model have insufficient evidence.,unclassified,0,unclassified,0.9997,0.0,"[""Moderate thermal signature (FRP: 7.6 MW)."", ""All 14 labeling functions abstained due to lack of spatial context."", ""XGBoost also abstained: its most probable class was 'unclassified' (100.0%), meaning no specific class met the evidence threshold."", ""Decision [uncertain]: classified as unknown requiring ground review.""]",4,uncertain,0.0,0.9997,unclassified,0.0
762,8.41087,80.79353,8.38,338.9,2026-09-02,,999.0,999.0,999.0,999.0,999.0,999.0,unclassified,0.0,0.9997,low,uncertain,False,False,True,Both rule engine and ML model have insufficient evidence.,unclassified,0,unclassified,0.9997,0.0,"[""Moderate thermal signature (FRP: 8.4 MW)."", ""All 14 labeling functions abstained due to lack of spatial context."", ""XGBoost also abstained: its most probable class was 'unclassified' (100.0%), meaning no specific class met the evidence threshold."", ""Decision [uncertain]: classified as unknown requiring ground review.""]",4,uncertain,0.0,0.9997,unclassified,0.0
763,8.43632,80.81481,2.72,340.78,2026-09-02,,999.0,999.0,999.0,999.0,999.0,999.0,unclassified,0.0,0.9997,low,uncertain,False,False,True,Both rule engine and ML model have insufficient evidence.,unclassified,0,unclassified,0.9997,0.0,"[""Low-intensity thermal source (FRP: 2.7 MW)."", ""All 14 labeling functions abstained due to lack of spatial context."", ""XGBoost also abstained: its most probable class was 'unclassified' (100.0%), meaning no specific class met the evidence threshold."", ""Decision [uncertain]: classified as unknown requiring ground review.""]",4,uncertain,0.0,0.9997,unclassified,0.0
764,8.44888,80.7319,10.96,331.31,2026-09-02,,999.0,999.0,999.0,999.0,999.0,999.0,unclassified,0.0,0.9996,low,uncertain,False,False,True,Both rule engine and ML model have insufficient evidence.,unclassified,0,unclassified,0.9996,0.0,"[""Moderate thermal signature (FRP: 11.0 MW)."", ""All 14 labeling functions abstained due to lack of spatial context."", ""XGBoost also abstained: its most probable class was 'unclassified' (100.0%), meaning no specific class met the evidence threshold."", ""Decision [uncertain]: classified as unknown requiring ground review.""]",4,uncertain,0.0,0.9996,unclassified,0.0
765,8.47726,80.82609,6.34,344.56,2026-09-02,,999.0,999.0,999.0,999.0,999.0,999.0,unclassified,0.0,0.9997,low,uncertain,False,False,True,Both rule engine and ML model have insufficient evidence.,unclassified,0,unclassified,0.9997,0.0,"[""Moderate thermal signature (FRP: 6.3 MW)."", ""All 14 labeling functions abstained due to lack of spatial context."", ""XGBoost also abstained: its most probable class was 'unclassified' (100.0%), meaning no specific class met the evidence threshold."", ""Decision [uncertain]: classified as unknown requiring ground review.""]",4,uncertain,0.0,0.9997,unclassified,0.0
766,8.47857,80.76656,10.9,336.93,2026-09-02,,999.0,999.0,999.0,999.0,999.0,999.0,unclassified,0.0,0.9997,low,uncertain,False,False,True,Both rule engine and ML model have insufficient evidence.,unclassified,0,unclassified,0.9997,0.0,"[""Moderate thermal signature (FRP: 10.9 MW)."", ""All 14 labeling functions abstained due to lack of spatial context."", ""XGBoost also abstained: its most probable class was 'unclassified' (100.0%), meaning no specific class met the evidence threshold."", ""Decision [uncertain]: classified as unknown requiring ground review.""]",4,uncertain,0.0,0.9997,unclassified,0.0
767,8.50252,80.31813,3.83,333.29,2026-09-02,,999.0,999.0,999.0,999.0,999.0,999.0,unclassified,0.0,0.9997,low,uncertain,False,False,True,Both rule engine and ML model have insufficient evidence.,unclassified,0,unclassified,0.9997,0.0,"[""Low-intensity thermal source (FRP: 3.8 MW)."", ""All 14 labeling functions abstained due to lack of spatial context."", ""XGBoost also abstained: its most probable class was 'unclassified' (100.0%), meaning no specific class met the evidence threshold."", ""Decision [uncertain]: classified as unknown requiring ground review.""]",4,uncertain,0.0,0.9997,unclassified,0.0
768,8.52054,80.84437,11.02,346.57,2026-09-02,,999.0,999.0,999.0,999.0,999.0,999.0,unclassified,0.0,0.9997,low,uncertain,False,False,True,Both rule engine and ML model have insufficient evidence.,unclassified,0,unclassified,0.9997,0.0,"[""Moderate thermal signature (FRP: 11.0 MW)."", ""All 14 labeling functions abstained due to lack of spatial context."", ""XGBoost also abstained: its most probable class was 'unclassified' (100.0%), meaning no specific class met the evidence threshold."", ""Decision [uncertain]: classified as unknown requiring ground review.""]",4,uncertain,0.0,0.9997,unclassified,0.0
769,8.52261,80.67409,3.25,331.82,2026-09-02,,999.0,999.0,999.0,999.0,999.0,999.0,unclassified,0.0,0.9996,low,uncertain,False,False,True,Both rule engine and ML model have insufficient evidence.,unclassified,0,unclassified,0.9996,0.0,"[""Low-intensity thermal source (FRP: 3.2 MW)."", ""All 14 labeling functions abstained due to lack of spatial context."", ""XGBoost also abstained: its most probable class was 'unclassified' (100.0%), meaning no specific class met the evidence threshold."", ""Decision [uncertain]: classified as unknown requiring ground review.""]",4,uncertain,0.0,0.9996,unclassified,0.0
770,8.53829,80.79509,38.29,336.74,2026-09-02,,999.0,999.0,999.0,999.0,999.0,999.0,unclassified,0.0,0.9997,low,uncertain,False,False,True,Both rule engine and ML model have insufficient evidence.,unclassified,0,unclassified,0.9997,0.0,"[""High-intensity thermal signature (FRP: 38.3 MW)."", ""All 14 labeling functions abstained due to lack of spatial context."", ""XGBoost also abstained: its most probable class was 'unclassified' (100.0%), meaning no specific class met the evidence threshold."", ""Decision [uncertain]: classified as unknown requiring ground review.""]",4,uncertain,0.0,0.9997,unclassified,0.0
771,8.54006,80.71404,3.7,331.64,2026-09-02,,999.0,999.0,999.0,999.0,999.0,999.0,unclassified,0.0,0.9996,low,uncertain,False,False,True,Both rule engine and ML model have insufficient evidence.,unclassified,0,unclassified,0.9996,0.0,"[""Low-intensity thermal source (FRP: 3.7 MW)."", ""All 14 labeling functions abstained due to lack of spatial context."", ""XGBoost also abstained: its most probable class was 'unclassified' (100.0%), meaning no specific class met the evidence threshold."", ""Decision [uncertain]: classified as unknown requiring ground review.""]",4,uncertain,0.0,0.9996,unclassified,0.0
772,8.55528,80.63876,24.27,354.07,2026-09-02,,999.0,999.0,999.0,999.0,999.0,999.0,unclassified,0.0,0.9997,low,uncertain,False,False,True,Both rule engine and ML model have insufficient evidence.,unclassified,0,unclassified,0.9997,0.0,"[""High-intensity thermal signature (FRP: 24.3 MW)."", ""All 14 labeling functions abstained due to lack of spatial context."", ""XGBoost also abstained: its most probable class was 'unclassified' (100.0%), meaning no specific class met the evidence threshold."", ""Decision [uncertain]: classified as unknown requiring ground review.""]",4,uncertain,0.0,0.9997,unclassified,0.0
773,8.56824,80.84503,3.16,335.83,2026-09-02,,999.0,999.0,999.0,999.0,999.0,999.0,unclassified,0.0,0.9997,low,uncertain,False,False,True,Both rule engine and ML model have insufficient evidence.,unclassified,0,unclassified,0.9997,0.0,"[""Low-intensity thermal source (FRP: 3.2 MW)."", ""All 14 labeling functions abstained due to lack of spatial context."", ""XGBoost also abstained: its most probable class was 'unclassified' (100.0%), meaning no specific class met the evidence threshold."", ""Decision [uncertain]: classified as unknown requiring ground review.""]",4,uncertain,0.0,0.9997,unclassified,0.0
774,8.57435,80.41315,7.7,342.31,2026-09-02,,999.0,999.0,999.0,999.0,999.0,999.0,unclassified,0.0,0.9997,low,uncertain,False,False,True,Both rule engine and ML model have insufficient evidence.,unclassified,0,unclassified,0.9997,0.0,"[""Moderate thermal signature (FRP: 7.7 MW)."", ""All 14 labeling functions abstained due to lack of spatial context."", ""XGBoost also abstained: its most probable class was 'unclassified' (100.0%), meaning no specific class met the evidence threshold."", ""Decision [uncertain]: classified as unknown requiring ground review.""]",4,uncertain,0.0,0.9997,unclassified,0.0
775,8.57827,80.64365,11.49,340.22,2026-09-02,,999.0,999.0,999.0,999.0,999.0,999.0,unclassified,0.0,0.9997,low,uncertain,False,False,True,Both rule engine and ML model have insufficient evidence.,unclassified,0,unclassified,0.9997,0.0,"[""Moderate thermal signature (FRP: 11.5 MW)."", ""All 14 labeling functions abstained due to lack of spatial context."", ""XGBoost also abstained: its most probable class was 'unclassified' (100.0%), meaning no specific class met the evidence threshold."", ""Decision [uncertain]: classified as unknown requiring ground review.""]",4,uncertain,0.0,0.9997,unclassified,0.0
776,8.59139,80.76956,9.46,342.62,2026-09-02,,999.0,999.0,999.0,999.0,999.0,999.0,unclassified,0.0,0.9997,low,uncertain,False,False,True,Both rule engine and ML model have insufficient evidence.,unclassified,0,unclassified,0.9997,0.0,"[""Moderate thermal signature (FRP: 9.5 MW)."", ""All 14 labeling functions abstained due to lack of spatial context."", ""XGBoost also abstained: its most probable class was 'unclassified' (100.0%), meaning no specific class met the evidence threshold."", ""Decision [uncertain]: classified as unknown requiring ground review.""]",4,uncertain,0.0,0.9997,unclassified,0.0
777,8.60975,80.51718,5.95,332.8,2026-09-02,,999.0,999.0,999.0,999.0,999.0,999.0,unclassified,0.0,0.9997,low,uncertain,False,False,True,Both rule engine and ML model have insufficient evidence.,unclassified,0,unclassified,0.9997,0.0,"[""Moderate thermal signature (FRP: 6.0 MW)."", ""All 14 labeling functions abstained due to lack of spatial context."", ""XGBoost also abstained: its most probable class was 'unclassified' (100.0%), meaning no specific class met the evidence threshold."", ""Decision [uncertain]: classified as unknown requiring ground review.""]",4,uncertain,0.0,0.9997,unclassified,0.0
778,8.62666,80.80608,9.67,339.17,2026-09-02,,999.0,999.0,999.0,999.0,999.0,999.0,unclassified,0.0,0.9997,low,uncertain,False,False,True,Both rule engine and ML model have insufficient evidence.,unclassified,0,unclassified,0.9997,0.0,"[""Moderate thermal signature (FRP: 9.7 MW)."", ""All 14 labeling functions abstained due to lack of spatial context."", ""XGBoost also abstained: its most probable class was 'unclassified' (100.0%), meaning no specific class met the evidence threshold."", ""Decision [uncertain]: classified as unknown requiring ground review.""]",4,uncertain,0.0,0.9997,unclassified,0.0
779,8.62844,80.65692,3.3,331.77,2026-09-02,,999.0,999.0,999.0,999.0,999.0,999.0,unclassified,0.0,0.9996,low,uncertain,False,False,True,Both rule engine and ML model have insufficient evidence.,unclassified,0,unclassified,0.9996,0.0,"[""Low-intensity thermal source (FRP: 3.3 MW)."", ""All 14 labeling functions abstained due to lack of spatial context."", ""XGBoost also abstained: its most probable class was 'unclassified' (100.0%), meaning no specific class met the evidence threshold."", ""Decision [uncertain]: classified as unknown requiring ground review.""]",4,uncertain,0.0,0.9996,unclassified,0.0
780,8.63537,80.49111,4.17,331.27,2026-09-02,,999.0,999.0,999.0,999.0,999.0,999.0,unclassified,0.0,0.9996,low,uncertain,False,False,True,Both rule engine and ML model have insufficient evidence.,unclassified,0,unclassified,0.9996,0.0,"[""Low-intensity thermal source (FRP: 4.2 MW)."", ""All 14 labeling functions abstained due to lack of spatial context."", ""XGBoost also abstained: its most probable class was 'unclassified' (100.0%), meaning no specific class met the evidence threshold."", ""Decision [uncertain]: classified as unknown requiring ground review.""]",4,uncertain,0.0,0.9996,unclassified,0.0
781,8.68932,78.05498,2.1,340.2,2026-09-02,,999.0,999.0,999.0,999.0,999.0,999.0,unclassified,0.0,0.9997,low,uncertain,False,False,True,Both rule engine and ML model have insufficient evidence.,unclassified,0,unclassified,0.9997,0.0,"[""Low-intensity thermal source (FRP: 2.1 MW)."", ""All 14 labeling functions abstained due to lack of spatial context."", ""XGBoost also abstained: its most probable class was 'unclassified' (100.0%), meaning no specific class met the evidence threshold."", ""Decision [uncertain]: classified as unknown requiring ground review.""]",4,uncertain,0.0,0.9997,unclassified,0.0
782,8.73495,80.96078,2.58,331.78,2026-09-02,,999.0,999.0,999.0,999.0,999.0,999.0,unclassified,0.0,0.9997,low,uncertain,False,False,True,Both rule engine and ML model have insufficient evidence.,unclassified,0,unclassified,0.9997,0.0,"[""Low-intensity thermal source (FRP: 2.6 MW)."", ""All 14 labeling functions abstained due to lack of spatial context."", ""XGBoost also abstained: its most probable class was 'unclassified' (100.0%), meaning no specific class met the evidence threshold."", ""Decision [uncertain]: classified as unknown requiring ground review.""]",4,uncertain,0.0,0.9997,unclassified,0.0
783,8.7351,80.78097,10.38,342.49,2026-09-02,,999.0,999.0,999.0,999.0,999.0,999.0,unclassified,0.0,0.9997,low,uncertain,False,False,True,Both rule engine and ML model have insufficient evidence.,unclassified,0,unclassified,0.9997,0.0,"[""Moderate thermal signature (FRP: 10.4 MW)."", ""All 14 labeling functions abstained due to lack of spatial context."", ""XGBoost also abstained: its most probable class was 'unclassified' (100.0%), meaning no specific class met the evidence threshold."", ""Decision [uncertain]: classified as unknown requiring ground review.""]",4,uncertain,0.0,0.9997,unclassified,0.0
784,8.76801,80.8721,6.34,337.16,2026-09-02,,999.0,999.0,999.0,999.0,999.0,999.0,unclassified,0.0,0.9997,low,uncertain,False,False,True,Both rule engine and ML model have insufficient evidence.,unclassified,0,unclassified,0.9997,0.0,"[""Moderate thermal signature (FRP: 6.3 MW)."", ""All 14 labeling functions abstained due to lack of spatial context."", ""XGBoost also abstained: its most probable class was 'unclassified' (100.0%), meaning no specific class met the evidence threshold."", ""Decision [uncertain]: classified as unknown requiring ground review.""]",4,uncertain,0.0,0.9997,unclassified,0.0
785,8.83889,77.73864,3.42,333.26,2026-09-02,,999.0,999.0,999.0,999.0,999.0,999.0,unclassified,0.0,0.9997,low,uncertain,False,False,True,Both rule engine and ML model have insufficient evidence.,unclassified,0,unclassified,0.9997,0.0,"[""Low-intensity thermal source (FRP: 3.4 MW)."", ""All 14 labeling functions abstained due to lack of spatial context."", ""XGBoost also abstained: its most probable class was 'unclassified' (100.0%), meaning no specific class met the evidence threshold."", ""Decision [uncertain]: classified as unknown requiring ground review.""]",4,uncertain,0.0,0.9997,unclassified,0.0
786,8.89923,78.11224,5.21,348.39,2026-09-02,,999.0,999.0,999.0,999.0,999.0,999.0,unclassified,0.0,0.9997,low,uncertain,False,False,True,Both rule engine and ML model have insufficient evidence.,unclassified,0,unclassified,0.9997,0.0,"[""Moderate thermal signature (FRP: 5.2 MW)."", ""All 14 labeling functions abstained due to lack of spatial context."", ""XGBoost also abstained: its most probable class was 'unclassified' (100.0%), meaning no specific class met the evidence threshold."", ""Decision [uncertain]: classified as unknown requiring ground review.""]",4,uncertain,0.0,0.9997,unclassified,0.0
787,9.04794,80.18987,4.76,334.01,2026-09-02,,999.0,999.0,999.0,999.0,999.0,999.0,unclassified,0.0,0.9997,low,uncertain,False,False,True,Both rule engine and ML model have insufficient evidence.,unclassified,0,unclassified,0.9997,0.0,"[""Low-intensity thermal source (FRP: 4.8 MW)."", ""All 14 labeling functions abstained due to lack of spatial context."", ""XGBoost also abstained: its most probable class was 'unclassified' (100.0%), meaning no specific class met the evidence threshold."", ""Decision [uncertain]: classified as unknown requiring ground review.""]",4,uncertain,0.0,0.9997,unclassified,0.0
788,9.06309,76.54379,3.23,331.72,2026-09-02,,5.083,999.0,999.0,999.0,999.0,999.0,forest_natural_fire,0.99,0.9853,high,hybrid_agreement,True,False,False,,forest_natural_fire,1,forest_natural_fire,0.9853,99.0,"[""Low-intensity thermal source (FRP: 3.2 MW)."", ""1 labeling function(s) voted 'forest_natural_fire' (lf_forest_vegetation_fire)."", ""XGBoost predicted 'forest_natural_fire' with 98.5% probability."", ""Decision [hybrid_agreement]: independent rule evidence and ML agree on 'forest_natural_fire' — status confirmed.""]",4,confirmed,0.99,0.9853,forest_natural_fire,1.0
789,9.06449,76.54559,3.75,331.58,2026-09-02,,4.832,999.0,999.0,999.0,999.0,999.0,forest_natural_fire,0.99,0.9848,high,hybrid_agreement,True,False,False,,forest_natural_fire,1,forest_natural_fire,0.9848,99.0,"[""Low-intensity thermal source (FRP: 3.8 MW)."", ""Forest cover within 4.8 km."", ""1 labeling function(s) voted 'forest_natural_fire' (lf_forest_vegetation_fire)."", ""XGBoost predicted 'forest_natural_fire' with 98.5% probability."", ""Decision [hybrid_agreement]: independent rule evidence and ML agree on 'forest_natural_fire' — status confirmed.""]",5,confirmed,0.99,0.9848,forest_natural_fire,1.0
790,9.12443,78.19585,4.68,342.43,2026-09-02,,999.0,999.0,999.0,999.0,999.0,999.0,unclassified,0.0,0.9997,low,uncertain,False,False,True,Both rule engine and ML model have insufficient evidence.,unclassified,0,unclassified,0.9997,0.0,"[""Low-intensity thermal source (FRP: 4.7 MW)."", ""All 14 labeling functions abstained due to lack of spatial context."", ""XGBoost also abstained: its most probable class was 'unclassified' (100.0%), meaning no specific class met the evidence threshold."", ""Decision [uncertain]: classified as unknown requiring ground review.""]",4,uncertain,0.0,0.9997,unclassified,0.0
791,9.12683,78.19602,7.28,344.99,2026-09-02,,999.0,999.0,999.0,999.0,999.0,999.0,unclassified,0.0,0.9997,low,uncertain,False,False,True,Both rule engine and ML model have insufficient evidence.,unclassified,0,unclassified,0.9997,0.0,"[""Moderate thermal signature (FRP: 7.3 MW)."", ""All 14 labeling functions abstained due to lack of spatial context."", ""XGBoost also abstained: its most probable class was 'unclassified' (100.0%), meaning no specific class met the evidence threshold."", ""Decision [uncertain]: classified as unknown requiring ground review.""]",4,uncertain,0.0,0.9997,unclassified,0.0
792,9.18971,80.67551,10.53,346.35,2026-09-02,,999.0,999.0,999.0,999.0,999.0,999.0,unclassified,0.0,0.9997,low,uncertain,False,False,True,Both rule engine and ML model have insufficient evidence.,unclassified,0,unclassified,0.9997,0.0,"[""Moderate thermal signature (FRP: 10.5 MW)."", ""All 14 labeling functions abstained due to lack of spatial context."", ""XGBoost also abstained: its most probable class was 'unclassified' (100.0%), meaning no specific class met the evidence threshold."", ""Decision [uncertain]: classified as unknown requiring ground review.""]",4,uncertain,0.0,0.9997,unclassified,0.0
793,9.28854,77.59671,12.3,346.91,2026-09-02,,999.0,999.0,999.0,999.0,999.0,999.0,unclassified,0.0,0.9997,low,uncertain,False,False,True,Both rule engine and ML model have insufficient evidence.,unclassified,0,unclassified,0.9997,0.0,"[""Moderate thermal signature (FRP: 12.3 MW)."", ""All 14 labeling functions abstained due to lack of spatial context."", ""XGBoost also abstained: its most probable class was 'unclassified' (100.0%), meaning no specific class met the evidence threshold."", ""Decision [uncertain]: classified as unknown requiring ground review.""]",4,uncertain,0.0,0.9997,unclassified,0.0
794,9.41712,80.38377,10.24,351.2,2026-09-02,,999.0,999.0,999.0,999.0,999.0,999.0,unclassified,0.0,0.9997,low,uncertain,False,False,True,Both rule engine and ML model have insufficient evidence.,unclassified,0,unclassified,0.9997,0.0,"[""Moderate thermal signature (FRP: 10.2 MW)."", ""All 14 labeling functions abstained due to lack of spatial context."", ""XGBoost also abstained: its most probable class was 'unclassified' (100.0%), meaning no specific class met the evidence threshold."", ""Decision [uncertain]: classified as unknown requiring ground review.""]",4,uncertain,0.0,0.9997,unclassified,0.0
795,9.43381,80.37231,5.75,333.83,2026-09-02,,999.0,999.0,999.0,999.0,999.0,999.0,unclassified,0.0,0.9997,low,uncertain,False,False,True,Both rule engine and ML model have insufficient evidence.,unclassified,0,unclassified,0.9997,0.0,"[""Moderate thermal signature (FRP: 5.8 MW)."", ""All 14 labeling functions abstained due to lack of spatial context."", ""XGBoost also abstained: its most probable class was 'unclassified' (100.0%), meaning no specific class met the evidence threshold."", ""Decision [uncertain]: classified as unknown requiring ground review.""]",4,uncertain,0.0,0.9997,unclassified,0.0
796,9.44911,77.67039,19.35,342.56,2026-09-02,,999.0,999.0,999.0,999.0,999.0,999.0,unclassified,0.0,0.9997,low,uncertain,False,False,True,Both rule engine and ML model have insufficient evidence.,unclassified,0,unclassified,0.9997,0.0,"[""High-intensity thermal signature (FRP: 19.4 MW)."", ""All 14 labeling functions abstained due to lack of spatial context."", ""XGBoost also abstained: its most probable class was 'unclassified' (100.0%), meaning no specific class met the evidence threshold."", ""Decision [uncertain]: classified as unknown requiring ground review.""]",4,uncertain,0.0,0.9997,unclassified,0.0
797,9.56955,77.54256,4.47,333.91,2026-09-02,,999.0,999.0,999.0,999.0,999.0,999.0,unclassified,0.0,0.9998,low,uncertain,False,False,True,Both rule engine and ML model have insufficient evidence.,unclassified,0,unclassified,0.9998,0.0,"[""Low-intensity thermal source (FRP: 4.5 MW)."", ""All 14 labeling functions abstained due to lack of spatial context."", ""XGBoost also abstained: its most probable class was 'unclassified' (100.0%), meaning no specific class met the evidence threshold."", ""Decision [uncertain]: classified as unknown requiring ground review.""]",4,uncertain,0.0,0.9998,unclassified,0.0
798,9.78422,77.80275,5.37,338.92,2026-09-02,,999.0,999.0,999.0,999.0,999.0,999.0,unclassified,0.0,0.9997,low,uncertain,False,False,True,Both rule engine and ML model have insufficient evidence.,unclassified,0,unclassified,0.9997,0.0,"[""Moderate thermal signature (FRP: 5.4 MW)."", ""All 14 labeling functions abstained due to lack of spatial context."", ""XGBoost also abstained: its most probable class was 'unclassified' (100.0%), meaning no specific class met the evidence threshold."", ""Decision [uncertain]: classified as unknown requiring ground review.""]",4,uncertain,0.0,0.9997,unclassified,0.0
799,9.81357,78.67178,4.68,332.31,2026-09-02,,999.0,999.0,999.0,999.0,999.0,999.0,unclassified,0.0,0.9996,low,uncertain,False,False,True,Both rule engine and ML model have insufficient evidence.,unclassified,0,unclassified,0.9996,0.0,"[""Low-intensity thermal source (FRP: 4.7 MW)."", ""All 14 labeling functions abstained due to lack of spatial context."", ""XGBoost also abstained: its most probable class was 'unclassified' (100.0%), meaning no specific class met the evidence threshold."", ""Decision [uncertain]: classified as unknown requiring ground review.""]",4,uncertain,0.0,0.9996,unclassified,0.0
800,9.81627,78.26504,2.01,335.11,2026-09-02,,999.0,999.0,999.0,999.0,999.0,999.0,unclassified,0.0,0.9998,low,uncertain,False,False,True,Both rule engine and ML model have insufficient evidence.,unclassified,0,unclassified,0.9998,0.0,"[""Low-intensity thermal source (FRP: 2.0 MW)."", ""All 14 labeling functions abstained due to lack of spatial context."", ""XGBoost also abstained: its most probable class was 'unclassified' (100.0%), meaning no specific class met the evidence threshold."", ""Decision [uncertain]: classified as unknown requiring ground review.""]",4,uncertain,0.0,0.9998,unclassified,0.0
801,9.83309,78.53201,3.08,334.38,2026-09-02,,999.0,999.0,999.0,999.0,999.0,999.0,unclassified,0.0,0.9996,low,uncertain,False,False,True,Both rule engine and ML model have insufficient evidence.,unclassified,0,unclassified,0.9996,0.0,"[""Low-intensity thermal source (FRP: 3.1 MW)."", ""All 14 labeling functions abstained due to lack of spatial context."", ""XGBoost also abstained: its most probable class was 'unclassified' (100.0%), meaning no specific class met the evidence threshold."", ""Decision [uncertain]: classified as unknown requiring ground review.""]",4,uncertain,0.0,0.9996,unclassified,0.0
802,9.98763,77.44791,13.21,351.24,2026-09-02,,999.0,999.0,999.0,999.0,999.0,999.0,unclassified,0.0,0.9997,low,uncertain,False,False,True,Both rule engine and ML model have insufficient evidence.,unclassified,0,unclassified,0.9997,0.0,"[""Moderate thermal signature (FRP: 13.2 MW)."", ""All 14 labeling functions abstained due to lack of spatial context."", ""XGBoost also abstained: its most probable class was 'unclassified' (100.0%), meaning no specific class met the evidence threshold."", ""Decision [uncertain]: classified as unknown requiring ground review.""]",4,uncertain,0.0,0.9997,unclassified,0.0
803,9.99262,79.18792,1.47,333.35,2026-09-02,,999.0,999.0,999.0,999.0,999.0,999.0,unclassified,0.0,0.9997,low,uncertain,False,False,True,Both rule engine and ML model have insufficient evidence.,unclassified,0,unclassified,0.9997,0.0,"[""Low-intensity thermal source (FRP: 1.5 MW)."", ""All 14 labeling functions abstained due to lack of spatial context."", ""XGBoost also abstained: its most probable class was 'unclassified' (100.0%), meaning no specific class met the evidence threshold."", ""Decision [uncertain]: classified as unknown requiring ground review.""]",4,uncertain,0.0,0.9997,unclassified,0.0
804,10.42062,77.4873,6.15,343.63,2026-09-02,,999.0,999.0,999.0,999.0,999.0,999.0,unclassified,0.0,0.9997,low,uncertain,False,False,True,Both rule engine and ML model have insufficient evidence.,unclassified,0,unclassified,0.9997,0.0,"[""Moderate thermal signature (FRP: 6.2 MW)."", ""All 14 labeling functions abstained due to lack of spatial context."", ""XGBoost also abstained: its most probable class was 'unclassified' (100.0%), meaning no specific class met the evidence threshold."", ""Decision [uncertain]: classified as unknown requiring ground review.""]",4,uncertain,0.0,0.9997,unclassified,0.0
805,10.51527,78.92046,2.76,332.79,2026-09-02,,999.0,999.0,999.0,999.0,999.0,999.0,unclassified,0.0,0.9998,low,uncertain,False,False,True,Both rule engine and ML model have insufficient evidence.,unclassified,0,unclassified,0.9998,0.0,"[""Low-intensity thermal source (FRP: 2.8 MW)."", ""All 14 labeling functions abstained due to lack of spatial context."", ""XGBoost also abstained: its most probable class was 'unclassified' (100.0%), meaning no specific class met the evidence threshold."", ""Decision [uncertain]: classified as unknown requiring ground review.""]",4,uncertain,0.0,0.9998,unclassified,0.0
806,10.85615,77.46578,2.42,335.41,2026-09-02,,999.0,999.0,999.0,999.0,999.0,999.0,unclassified,0.0,0.9997,low,uncertain,False,False,True,Both rule engine and ML model have insufficient evidence.,unclassified,0,unclassified,0.9997,0.0,"[""Low-intensity thermal source (FRP: 2.4 MW)."", ""All 14 labeling functions abstained due to lack of spatial context."", ""XGBoost also abstained: its most probable class was 'unclassified' (100.0%), meaning no specific class met the evidence threshold."", ""Decision [uncertain]: classified as unknown requiring ground review.""]",4,uncertain,0.0,0.9997,unclassified,0.0
807,10.86017,77.56201,9.43,341.44,2026-09-02,,999.0,999.0,999.0,999.0,999.0,999.0,unclassified,0.0,0.9997,low,uncertain,False,False,True,Both rule engine and ML model have insufficient evidence.,unclassified,0,unclassified,0.9997,0.0,"[""Moderate thermal signature (FRP: 9.4 MW)."", ""All 14 labeling functions abstained due to lack of spatial context."", ""XGBoost also abstained: its most probable class was 'unclassified' (100.0%), meaning no specific class met the evidence threshold."", ""Decision [uncertain]: classified as unknown requiring ground review.""]",4,uncertain,0.0,0.9997,unclassified,0.0
808,10.86362,77.56113,9.3,342.21,2026-09-02,,999.0,999.0,999.0,999.0,999.0,999.0,unclassified,0.0,0.9997,low,uncertain,False,False,True,Both rule engine and ML model have insufficient evidence.,unclassified,0,unclassified,0.9997,0.0,"[""Moderate thermal signature (FRP: 9.3 MW)."", ""All 14 labeling functions abstained due to lack of spatial context."", ""XGBoost also abstained: its most probable class was 'unclassified' (100.0%), meaning no specific class met the evidence threshold."", ""Decision [uncertain]: classified as unknown requiring ground review.""]",4,uncertain,0.0,0.9997,unclassified,0.0
809,11.11218,77.13387,3.76,334.45,2026-09-02,,999.0,999.0,999.0,999.0,999.0,999.0,unclassified,0.0,0.9998,low,uncertain,False,False,True,Both rule engine and ML model have insufficient evidence.,unclassified,0,unclassified,0.9998,0.0,"[""Low-intensity thermal source (FRP: 3.8 MW)."", ""All 14 labeling functions abstained due to lack of spatial context."", ""XGBoost also abstained: its most probable class was 'unclassified' (100.0%), meaning no specific class met the evidence threshold."", ""Decision [uncertain]: classified as unknown requiring ground review.""]",4,uncertain,0.0,0.9998,unclassified,0.0
810,11.12016,76.91273,12.59,342.38,2026-09-02,,999.0,999.0,999.0,999.0,999.0,999.0,unclassified,0.0,0.9998,low,uncertain,False,False,True,Both rule engine and ML model have insufficient evidence.,unclassified,0,unclassified,0.9998,0.0,"[""Moderate thermal signature (FRP: 12.6 MW)."", ""All 14 labeling functions abstained due to lack of spatial context."", ""XGBoost also abstained: its most probable class was 'unclassified' (100.0%), meaning no specific class met the evidence threshold."", ""Decision [uncertain]: classified as unknown requiring ground review.""]",4,uncertain,0.0,0.9998,unclassified,0.0
811,11.14817,78.0351,12.06,356.46,2026-09-02,,999.0,999.0,999.0,999.0,999.0,999.0,unclassified,0.0,0.9997,low,uncertain,False,False,True,Both rule engine and ML model have insufficient evidence.,unclassified,0,unclassified,0.9997,0.0,"[""Moderate thermal signature (FRP: 12.1 MW)."", ""All 14 labeling functions abstained due to lack of spatial context."", ""XGBoost also abstained: its most probable class was 'unclassified' (100.0%), meaning no specific class met the evidence threshold."", ""Decision [uncertain]: classified as unknown requiring ground review.""]",4,uncertain,0.0,0.9997,unclassified,0.0
812,12.00362,76.78979,5.23,335.07,2026-09-02,,19.156,999.0,999.0,999.0,999.0,999.0,unclassified,0.0,0.9997,low,uncertain,False,False,True,Both rule engine and ML model have insufficient evidence.,unclassified,0,unclassified,0.9997,0.0,"[""Moderate thermal signature (FRP: 5.2 MW)."", ""All 14 labeling functions abstained due to lack of spatial context."", ""XGBoost also abstained: its most probable class was 'unclassified' (100.0%), meaning no specific class met the evidence threshold."", ""Decision [uncertain]: classified as unknown requiring ground review.""]",4,uncertain,0.0,0.9997,unclassified,0.0
813,12.09333,76.95873,2.39,331.52,2026-09-02,,999.0,21.99,999.0,999.0,999.0,999.0,unclassified,0.0,0.9997,low,uncertain,False,False,True,Both rule engine and ML model have insufficient evidence.,unclassified,0,unclassified,0.9997,0.0,"[""Low-intensity thermal source (FRP: 2.4 MW)."", ""All 14 labeling functions abstained due to lack of spatial context."", ""XGBoost also abstained: its most probable class was 'unclassified' (100.0%), meaning no specific class met the evidence threshold."", ""Decision [uncertain]: classified as unknown requiring ground review.""]",4,uncertain,0.0,0.9997,unclassified,0.0
814,12.17468,79.01917,4.05,336.76,2026-09-02,,999.0,999.0,999.0,999.0,999.0,999.0,unclassified,0.0,0.9997,low,uncertain,False,False,True,Both rule engine and ML model have insufficient evidence.,unclassified,0,unclassified,0.9997,0.0,"[""Low-intensity thermal source (FRP: 4.0 MW)."", ""All 14 labeling functions abstained due to lack of spatial context."", ""XGBoost also abstained: its most probable class was 'unclassified' (100.0%), meaning no specific class met the evidence threshold."", ""Decision [uncertain]: classified as unknown requiring ground review.""]",4,uncertain,0.0,0.9997,unclassified,0.0
815,12.19443,78.03655,2.58,335.76,2026-09-02,,999.0,999.0,999.0,999.0,999.0,999.0,unclassified,0.0,0.9998,low,uncertain,False,False,True,Both rule engine and ML model have insufficient evidence.,unclassified,0,unclassified,0.9998,0.0,"[""Low-intensity thermal source (FRP: 2.6 MW)."", ""All 14 labeling functions abstained due to lack of spatial context."", ""XGBoost also abstained: its most probable class was 'unclassified' (100.0%), meaning no specific class met the evidence threshold."", ""Decision [uncertain]: classified as unknown requiring ground review.""]",4,uncertain,0.0,0.9998,unclassified,0.0
816,12.42062,78.77126,9.7,334.62,2026-09-02,,999.0,999.0,999.0,999.0,999.0,999.0,unclassified,0.0,0.9998,low,uncertain,False,False,True,Both rule engine and ML model have insufficient evidence.,unclassified,0,unclassified,0.9998,0.0,"[""Moderate thermal signature (FRP: 9.7 MW)."", ""All 14 labeling functions abstained due to lack of spatial context."", ""XGBoost also abstained: its most probable class was 'unclassified' (100.0%), meaning no specific class met the evidence threshold."", ""Decision [uncertain]: classified as unknown requiring ground review.""]",4,uncertain,0.0,0.9998,unclassified,0.0
817,14.29297,77.98297,4.37,330.87,2026-09-02,,999.0,999.0,999.0,999.0,999.0,12.474,unclassified,0.0,0.9973,low,uncertain,False,False,True,Both rule engine and ML model have insufficient evidence.,unclassified,0,unclassified,0.9973,0.0,"[""Low-intensity thermal source (FRP: 4.4 MW)."", ""All 14 labeling functions abstained due to lack of spatial context."", ""XGBoost also abstained: its most probable class was 'unclassified' (99.7%), meaning no specific class met the evidence threshold."", ""Decision [uncertain]: classified as unknown requiring ground review.""]",4,uncertain,0.0,0.9973,unclassified,0.0
818,14.80575,77.70475,5.17,336.23,2026-09-02,,999.0,999.0,999.0,999.0,999.0,9.614,unclassified,0.0,0.9962,low,uncertain,False,False,True,Both rule engine and ML model have insufficient evidence.,unclassified,0,unclassified,0.9962,0.0,"[""Moderate thermal signature (FRP: 5.2 MW)."", ""All 14 labeling functions abstained due to lack of spatial context."", ""XGBoost also abstained: its most probable class was 'unclassified' (99.6%), meaning no specific class met the evidence threshold."", ""Decision [uncertain]: classified as unknown requiring ground review.""]",4,uncertain,0.0,0.9962,unclassified,0.0
819,14.8058,77.7021,2.0,334.23,2026-09-02,,999.0,999.0,999.0,999.0,999.0,9.892,unclassified,0.0,0.9972,low,uncertain,False,False,True,Both rule engine and ML model have insufficient evidence.,unclassified,0,unclassified,0.9972,0.0,"[""Low-intensity thermal source (FRP: 2.0 MW)."", ""All 14 labeling functions abstained due to lack of spatial context."", ""XGBoost also abstained: its most probable class was 'unclassified' (99.7%), meaning no specific class met the evidence threshold."", ""Decision [uncertain]: classified as unknown requiring ground review.""]",4,uncertain,0.0,0.9972,unclassified,0.0
820,15.17519,76.65701,4.69,334.72,2026-09-02,,25.345,28.256,999.0,999.0,17.073,22.408,unclassified,0.0,0.9995,low,uncertain,False,False,True,Both rule engine and ML model have insufficient evidence.,unclassified,0,unclassified,0.9995,0.0,"[""Low-intensity thermal source (FRP: 4.7 MW)."", ""All 14 labeling functions abstained due to lack of spatial context."", ""XGBoost also abstained: its most probable class was 'unclassified' (100.0%), meaning no specific class met the evidence threshold."", ""Decision [uncertain]: classified as unknown requiring ground review.""]",4,uncertain,0.0,0.9995,unclassified,0.0
821,15.18141,76.66771,5.19,337.29,2026-09-02,,25.7,999.0,999.0,999.0,18.115,21.1,unclassified,0.0,0.9996,low,uncertain,False,False,True,Both rule engine and ML model have insufficient evidence.,unclassified,0,unclassified,0.9996,0.0,"[""Moderate thermal signature (FRP: 5.2 MW)."", ""All 14 labeling functions abstained due to lack of spatial context."", ""XGBoost also abstained: its most probable class was 'unclassified' (100.0%), meaning no specific class met the evidence threshold."", ""Decision [uncertain]: classified as unknown requiring ground review.""]",4,uncertain,0.0,0.9996,unclassified,0.0
822,15.9894,78.40038,4.33,333.48,2026-09-02,,999.0,999.0,999.0,999.0,999.0,22.169,unclassified,0.0,0.9957,low,uncertain,False,False,True,Both rule engine and ML model have insufficient evidence.,unclassified,0,unclassified,0.9957,0.0,"[""Low-intensity thermal source (FRP: 4.3 MW)."", ""All 14 labeling functions abstained due to lack of spatial context."", ""XGBoost also abstained: its most probable class was 'unclassified' (99.6%), meaning no specific class met the evidence threshold."", ""Decision [uncertain]: classified as unknown requiring ground review.""]",4,uncertain,0.0,0.9957,unclassified,0.0
823,16.01212,78.38377,6.07,333.84,2026-09-02,,999.0,999.0,999.0,999.0,999.0,999.0,unclassified,0.0,0.995,low,uncertain,False,False,True,Both rule engine and ML model have insufficient evidence.,unclassified,0,unclassified,0.995,0.0,"[""Moderate thermal signature (FRP: 6.1 MW)."", ""All 14 labeling functions abstained due to lack of spatial context."", ""XGBoost also abstained: its most probable class was 'unclassified' (99.5%), meaning no specific class met the evidence threshold."", ""Decision [uncertain]: classified as unknown requiring ground review.""]",4,uncertain,0.0,0.995,unclassified,0.0
824,16.01283,78.38216,8.35,338.02,2026-09-02,,999.0,999.0,999.0,999.0,999.0,999.0,unclassified,0.0,0.9958,low,uncertain,False,False,True,Both rule engine and ML model have insufficient evidence.,unclassified,0,unclassified,0.9958,0.0,"[""Moderate thermal signature (FRP: 8.3 MW)."", ""All 14 labeling functions abstained due to lack of spatial context."", ""XGBoost also abstained: its most probable class was 'unclassified' (99.6%), meaning no specific class met the evidence threshold."", ""Decision [uncertain]: classified as unknown requiring ground review.""]",4,uncertain,0.0,0.9958,unclassified,0.0
825,17.47544,76.39265,2.59,330.49,2026-09-02,,999.0,999.0,999.0,999.0,999.0,999.0,unclassified,0.0,0.9997,low,uncertain,False,False,True,Both rule engine and ML model have insufficient evidence.,unclassified,0,unclassified,0.9997,0.0,"[""Low-intensity thermal source (FRP: 2.6 MW)."", ""All 14 labeling functions abstained due to lack of spatial context."", ""XGBoost also abstained: its most probable class was 'unclassified' (100.0%), meaning no specific class met the evidence threshold."", ""Decision [uncertain]: classified as unknown requiring ground review.""]",4,uncertain,0.0,0.9997,unclassified,0.0
826,17.67695,75.30758,7.62,341.2,2026-09-02,,999.0,999.0,999.0,999.0,999.0,999.0,unclassified,0.0,0.9998,low,uncertain,False,False,True,Both rule engine and ML model have insufficient evidence.,unclassified,0,unclassified,0.9998,0.0,"[""Moderate thermal signature (FRP: 7.6 MW)."", ""All 14 labeling functions abstained due to lack of spatial context."", ""XGBoost also abstained: its most probable class was 'unclassified' (100.0%), meaning no specific class met the evidence threshold."", ""Decision [uncertain]: classified as unknown requiring ground review.""]",4,uncertain,0.0,0.9998,unclassified,0.0
827,25.84687,68.94135,5.2,335.19,2026-09-02,,999.0,999.0,999.0,999.0,999.0,999.0,unclassified,0.0,0.9998,low,uncertain,False,False,True,Both rule engine and ML model have insufficient evidence.,unclassified,0,unclassified,0.9998,0.0,"[""Moderate thermal signature (FRP: 5.2 MW)."", ""All 14 labeling functions abstained due to lack of spatial context."", ""XGBoost also abstained: its most probable class was 'unclassified' (100.0%), meaning no specific class met the evidence threshold."", ""Decision [uncertain]: classified as unknown requiring ground review.""]",4,uncertain,0.0,0.9998,unclassified,0.0
828,26.25158,73.33974,5.6,334.79,2026-09-02,,999.0,999.0,999.0,999.0,999.0,999.0,unclassified,0.0,0.9997,low,uncertain,False,False,True,Both rule engine and ML model have insufficient evidence.,unclassified,0,unclassified,0.9997,0.0,"[""Moderate thermal signature (FRP: 5.6 MW)."", ""All 14 labeling functions abstained due to lack of spatial context."", ""XGBoost also abstained: its most probable class was 'unclassified' (100.0%), meaning no specific class met the evidence threshold."", ""Decision [uncertain]: classified as unknown requiring ground review.""]",4,uncertain,0.0,0.9997,unclassified,0.0
829,27.4374,70.85754,2.38,333.41,2026-09-02,,999.0,999.0,999.0,999.0,999.0,999.0,unclassified,0.0,0.9997,low,uncertain,False,False,True,Both rule engine and ML model have insufficient evidence.,unclassified,0,unclassified,0.9997,0.0,"[""Low-intensity thermal source (FRP: 2.4 MW)."", ""All 14 labeling functions abstained due to lack of spatial context."", ""XGBoost also abstained: its most probable class was 'unclassified' (100.0%), meaning no specific class met the evidence threshold."", ""Decision [uncertain]: classified as unknown requiring ground review.""]",4,uncertain,0.0,0.9997,unclassified,0.0
830,27.45672,70.78687,9.37,352.55,2026-09-02,,999.0,999.0,999.0,999.0,999.0,999.0,unclassified,0.0,0.9997,low,uncertain,False,False,True,Both rule engine and ML model have insufficient evidence.,unclassified,0,unclassified,0.9997,0.0,"[""Moderate thermal signature (FRP: 9.4 MW)."", ""All 14 labeling functions abstained due to lack of spatial context."", ""XGBoost also abstained: its most probable class was 'unclassified' (100.0%), meaning no specific class met the evidence threshold."", ""Decision [uncertain]: classified as unknown requiring ground review.""]",4,uncertain,0.0,0.9997,unclassified,0.0
831,27.4573,70.78467,9.55,345.02,2026-09-02,,999.0,999.0,999.0,999.0,999.0,999.0,unclassified,0.0,0.9997,low,uncertain,False,False,True,Both rule engine and ML model have insufficient evidence.,unclassified,0,unclassified,0.9997,0.0,"[""Moderate thermal signature (FRP: 9.6 MW)."", ""All 14 labeling functions abstained due to lack of spatial context."", ""XGBoost also abstained: its most probable class was 'unclassified' (100.0%), meaning no specific class met the evidence threshold."", ""Decision [uncertain]: classified as unknown requiring ground review.""]",4,uncertain,0.0,0.9997,unclassified,0.0
832,27.49127,68.25554,7.78,332.55,2026-09-02,,999.0,999.0,999.0,999.0,999.0,999.0,unclassified,0.0,0.9997,low,uncertain,False,False,True,Both rule engine and ML model have insufficient evidence.,unclassified,0,unclassified,0.9997,0.0,"[""Moderate thermal signature (FRP: 7.8 MW)."", ""All 14 labeling functions abstained due to lack of spatial context."", ""XGBoost also abstained: its most probable class was 'unclassified' (100.0%), meaning no specific class met the evidence threshold."", ""Decision [uncertain]: classified as unknown requiring ground review.""]",4,uncertain,0.0,0.9997,unclassified,0.0
833,27.49222,68.25951,8.69,346.92,2026-09-02,,999.0,999.0,999.0,999.0,999.0,999.0,unclassified,0.0,0.9998,low,uncertain,False,False,True,Both rule engine and ML model have insufficient evidence.,unclassified,0,unclassified,0.9998,0.0,"[""Moderate thermal signature (FRP: 8.7 MW)."", ""All 14 labeling functions abstained due to lack of spatial context."", ""XGBoost also abstained: its most probable class was 'unclassified' (100.0%), meaning no specific class met the evidence threshold."", ""Decision [uncertain]: classified as unknown requiring ground review.""]",4,uncertain,0.0,0.9998,unclassified,0.0
834,30.20646,72.49904,4.9,340.94,2026-09-02,,999.0,999.0,999.0,999.0,999.0,999.0,unclassified,0.0,0.9998,low,uncertain,False,False,True,Both rule engine and ML model have insufficient evidence.,unclassified,0,unclassified,0.9998,0.0,"[""Low-intensity thermal source (FRP: 4.9 MW)."", ""All 14 labeling functions abstained due to lack of spatial context."", ""XGBoost also abstained: its most probable class was 'unclassified' (100.0%), meaning no specific class met the evidence threshold."", ""Decision [uncertain]: classified as unknown requiring ground review.""]",4,uncertain,0.0,0.9998,unclassified,0.0
835,31.37824,72.49757,3.39,337.71,2026-09-02,,999.0,999.0,999.0,999.0,999.0,999.0,unclassified,0.0,0.9998,low,uncertain,False,False,True,Both rule engine and ML model have insufficient evidence.,unclassified,0,unclassified,0.9998,0.0,"[""Low-intensity thermal source (FRP: 3.4 MW)."", ""All 14 labeling functions abstained due to lack of spatial context."", ""XGBoost also abstained: its most probable class was 'unclassified' (100.0%), meaning no specific class met the evidence threshold."", ""Decision [uncertain]: classified as unknown requiring ground review.""]",4,uncertain,0.0,0.9998,unclassified,0.0
836,31.44563,72.22283,3.06,330.44,2026-09-02,,999.0,999.0,999.0,999.0,999.0,999.0,unclassified,0.0,0.9996,low,uncertain,False,False,True,Both rule engine and ML model have insufficient evidence.,unclassified,0,unclassified,0.9996,0.0,"[""Low-intensity thermal source (FRP: 3.1 MW)."", ""All 14 labeling functions abstained due to lack of spatial context."", ""XGBoost also abstained: its most probable class was 'unclassified' (100.0%), meaning no specific class met the evidence threshold."", ""Decision [uncertain]: classified as unknown requiring ground review.""]",4,uncertain,0.0,0.9996,unclassified,0.0
837,31.74076,72.19408,6.45,341.47,2026-09-02,,999.0,999.0,999.0,999.0,999.0,999.0,unclassified,0.0,0.9997,low,uncertain,False,False,True,Both rule engine and ML model have insufficient evidence.,unclassified,0,unclassified,0.9997,0.0,"[""Moderate thermal signature (FRP: 6.5 MW)."", ""All 14 labeling functions abstained due to lack of spatial context."", ""XGBoost also abstained: its most probable class was 'unclassified' (100.0%), meaning no specific class met the evidence threshold."", ""Decision [uncertain]: classified as unknown requiring ground review.""]",4,uncertain,0.0,0.9997,unclassified,0.0
838,35.7101,73.65376,2.41,304.81,2026-09-02,,999.0,999.0,999.0,999.0,999.0,999.0,unclassified,0.0,0.999,low,uncertain,False,False,True,Both rule engine and ML model have insufficient evidence.,unclassified,0,unclassified,0.999,0.0,"[""Low-intensity thermal source (FRP: 2.4 MW)."", ""All 14 labeling functions abstained due to lack of spatial context."", ""XGBoost also abstained: its most probable class was 'unclassified' (99.9%), meaning no specific class met the evidence threshold."", ""Decision [uncertain]: classified as unknown requiring ground review.""]",4,uncertain,0.0,0.999,unclassified,0.0
839,35.71066,73.64983,2.51,314.17,2026-09-02,,999.0,999.0,999.0,999.0,999.0,999.0,unclassified,0.0,0.9985,low,uncertain,False,False,True,Both rule engine and ML model have insufficient evidence.,unclassified,0,unclassified,0.9985,0.0,"[""Low-intensity thermal source (FRP: 2.5 MW)."", ""All 14 labeling functions abstained due to lack of spatial context."", ""XGBoost also abstained: its most probable class was 'unclassified' (99.8%), meaning no specific class met the evidence threshold."", ""Decision [uncertain]: classified as unknown requiring ground review.""]",4,uncertain,0.0,0.9985,unclassified,0.0
840,29.26282,91.92296,1.17,304.47,2026-09-02,,999.0,999.0,999.0,999.0,999.0,999.0,unclassified,0.0,0.9997,low,uncertain,False,False,True,Both rule engine and ML model have insufficient evidence.,unclassified,0,unclassified,0.9997,0.0,"[""Low-intensity thermal source (FRP: 1.2 MW)."", ""All 14 labeling functions abstained due to lack of spatial context."", ""XGBoost also abstained: its most probable class was 'unclassified' (100.0%), meaning no specific class met the evidence threshold."", ""Decision [uncertain]: classified as unknown requiring ground review.""]",4,uncertain,0.0,0.9997,unclassified,0.0
841,30.21693,76.76219,1.37,306.64,2026-09-02,,19.214,16.453,999.0,999.0,999.0,14.418,unclassified,0.0,0.995,low,uncertain,False,False,True,Both rule engine and ML model have insufficient evidence.,unclassified,0,unclassified,0.995,0.0,"[""Low-intensity thermal source (FRP: 1.4 MW)."", ""All 14 labeling functions abstained due to lack of spatial context."", ""XGBoost also abstained: its most probable class was 'unclassified' (99.5%), meaning no specific class met the evidence threshold."", ""Decision [uncertain]: classified as unknown requiring ground review.""]",4,uncertain,0.0,0.995,unclassified,0.0
842,32.57579,72.56024,2.4,309.81,2026-09-02,,999.0,999.0,999.0,999.0,999.0,999.0,unclassified,0.0,0.9996,low,uncertain,False,False,True,Both rule engine and ML model have insufficient evidence.,unclassified,0,unclassified,0.9996,0.0,"[""Low-intensity thermal source (FRP: 2.4 MW)."", ""All 14 labeling functions abstained due to lack of spatial context."", ""XGBoost also abstained: its most probable class was 'unclassified' (100.0%), meaning no specific class met the evidence threshold."", ""Decision [uncertain]: classified as unknown requiring ground review.""]",4,uncertain,0.0,0.9996,unclassified,0.0
843,32.89006,71.61448,2.2,308.04,2026-09-02,,999.0,999.0,999.0,999.0,999.0,999.0,unclassified,0.0,0.9996,low,uncertain,False,False,True,Both rule engine and ML model have insufficient evidence.,unclassified,0,unclassified,0.9996,0.0,"[""Low-intensity thermal source (FRP: 2.2 MW)."", ""All 14 labeling functions abstained due to lack of spatial context."", ""XGBoost also abstained: its most probable class was 'unclassified' (100.0%), meaning no specific class met the evidence threshold."", ""Decision [uncertain]: classified as unknown requiring ground review.""]",4,uncertain,0.0,0.9996,unclassified,0.0
844,32.89154,71.61494,2.71,307.66,2026-09-02,,999.0,999.0,999.0,999.0,999.0,999.0,unclassified,0.0,0.9996,low,uncertain,False,False,True,Both rule engine and ML model have insufficient evidence.,unclassified,0,unclassified,0.9996,0.0,"[""Low-intensity thermal source (FRP: 2.7 MW)."", ""All 14 labeling functions abstained due to lack of spatial context."", ""XGBoost also abstained: its most probable class was 'unclassified' (100.0%), meaning no specific class met the evidence threshold."", ""Decision [uncertain]: classified as unknown requiring ground review.""]",4,uncertain,0.0,0.9996,unclassified,0.0
845,33.68822,72.71001,1.55,303.25,2026-09-02,,999.0,999.0,999.0,999.0,999.0,999.0,unclassified,0.0,0.9996,low,uncertain,False,False,True,Both rule engine and ML model have insufficient evidence.,unclassified,0,unclassified,0.9996,0.0,"[""Low-intensity thermal source (FRP: 1.6 MW)."", ""All 14 labeling functions abstained due to lack of spatial context."", ""XGBoost also abstained: its most probable class was 'unclassified' (100.0%), meaning no specific class met the evidence threshold."", ""Decision [uncertain]: classified as unknown requiring ground review.""]",4,uncertain,0.0,0.9996,unclassified,0.0
846,20.83645,70.69326,0.6,299.22,2026-09-02,,999.0,999.0,999.0,999.0,999.0,0.185,unclassified,0.0,0.9955,low,uncertain,False,False,True,Both rule engine and ML model have insufficient evidence.,unclassified,0,unclassified,0.9955,0.0,"[""Low-intensity thermal source (FRP: 0.6 MW)."", ""Industrial infrastructure within 0.30 km."", ""All 14 labeling functions abstained due to lack of spatial context."", ""XGBoost also abstained: its most probable class was 'unclassified' (99.6%), meaning no specific class met the evidence threshold."", ""Decision [uncertain]: classified as unknown requiring ground review.""]",5,uncertain,0.0,0.9955,unclassified,0.0
847,20.94764,86.04403,1.03,299.83,2026-09-02,,20.995,999.0,999.0,999.0,999.0,999.0,unclassified,0.0,0.9997,low,uncertain,False,False,True,Both rule engine and ML model have insufficient evidence.,unclassified,0,unclassified,0.9997,0.0,"[""Low-intensity thermal source (FRP: 1.0 MW)."", ""All 14 labeling functions abstained due to lack of spatial context."", ""XGBoost also abstained: its most probable class was 'unclassified' (100.0%), meaning no specific class met the evidence threshold."", ""Decision [uncertain]: classified as unknown requiring ground review.""]",4,uncertain,0.0,0.9997,unclassified,0.0
848,20.95095,86.04876,0.75,311.4,2026-09-02,,21.235,999.0,999.0,999.0,999.0,999.0,unclassified,0.0,0.9997,low,uncertain,False,False,True,Both rule engine and ML model have insufficient evidence.,unclassified,0,unclassified,0.9997,0.0,"[""Low-intensity thermal source (FRP: 0.8 MW)."", ""All 14 labeling functions abstained due to lack of spatial context."", ""XGBoost also abstained: its most probable class was 'unclassified' (100.0%), meaning no specific class met the evidence threshold."", ""Decision [uncertain]: classified as unknown requiring ground review.""]",4,uncertain,0.0,0.9997,unclassified,0.0
849,20.95171,86.04486,0.75,300.84,2026-09-02,,20.841,999.0,999.0,999.0,999.0,999.0,unclassified,0.0,0.9997,low,uncertain,False,False,True,Both rule engine and ML model have insufficient evidence.,unclassified,0,unclassified,0.9997,0.0,"[""Low-intensity thermal source (FRP: 0.8 MW)."", ""All 14 labeling functions abstained due to lack of spatial context."", ""XGBoost also abstained: its most probable class was 'unclassified' (100.0%), meaning no specific class met the evidence threshold."", ""Decision [uncertain]: classified as unknown requiring ground review.""]",4,uncertain,0.0,0.9997,unclassified,0.0
850,21.10572,72.64827,5.46,307.52,2026-09-02,,999.0,3.705,2.934,999.0,999.0,0.924,industrial_fire,0.9801,0.9001,high,hybrid_agreement,True,False,False,,industrial_fire,2,industrial_fire,0.9001,98.0,"[""Moderate thermal signature (FRP: 5.5 MW)."", ""Industrial infrastructure within 0.66 km."", ""Agricultural land within 3.7 km."", ""2 labeling function(s) voted 'industrial_fire' (lf_industry_high_frp, lf_industrial_zone_cluster)."", ""XGBoost predicted 'industrial_fire' with 90.0% probability."", ""Decision [hybrid_agreement]: independent rule evidence and ML agree on 'industrial_fire' — status confirmed.""]",6,confirmed,0.9801,0.9001,industrial_fire,2.0
851,21.10632,72.64294,5.46,338.93,2026-09-02,,999.0,3.464,2.443,999.0,999.0,1.405,industrial_fire,0.99,0.9945,high,hybrid_agreement,True,False,False,,industrial_fire,4,industrial_fire,0.9945,99.0,"[""Moderate thermal signature (FRP: 5.5 MW)."", ""Industrial infrastructure within 0.40 km."", ""Agricultural land within 3.5 km."", ""4 labeling function(s) voted 'industrial_fire' (lf_industry_high_frp, lf_factory_proximity_thermal, lf_industrial_zone_cluster, lf_nighttime_process_heat)."", ""XGBoost predicted 'industrial_fire' with 99.5% probability."", ""Decision [hybrid_agreement]: independent rule evidence and ML agree on 'industrial_fire' — status confirmed.""]",6,confirmed,0.99,0.9945,industrial_fire,4.0
852,23.33018,70.21295,0.47,303.22,2026-09-02,,999.0,999.0,999.0,999.0,999.0,14.444,unclassified,0.0,0.9961,low,uncertain,False,False,True,Both rule engine and ML model have insufficient evidence.,unclassified,0,unclassified,0.9961,0.0,"[""Low-intensity thermal source (FRP: 0.5 MW)."", ""Industrial infrastructure within 2.4 km."", ""All 14 labeling functions abstained due to lack of spatial context."", ""XGBoost also abstained: its most probable class was 'unclassified' (99.6%), meaning no specific class met the evidence threshold."", ""Decision [uncertain]: classified as unknown requiring ground review.""]",5,uncertain,0.0,0.9961,unclassified,0.0
853,23.67866,86.39913,2.48,309.46,2026-09-02,,9.108,999.0,999.0,999.0,5.697,999.0,forest_natural_fire,0.99,0.9895,high,hybrid_agreement,True,False,False,,forest_natural_fire,1,forest_natural_fire,0.9895,99.0,"[""Low-intensity thermal source (FRP: 2.5 MW)."", ""1 labeling function(s) voted 'forest_natural_fire' (lf_forest_vegetation_fire)."", ""XGBoost predicted 'forest_natural_fire' with 98.9% probability."", ""Decision [hybrid_agreement]: independent rule evidence and ML agree on 'forest_natural_fire' — status confirmed.""]",4,confirmed,0.99,0.9895,forest_natural_fire,1.0
854,23.67937,86.09851,1.02,295.04,2026-09-02,,8.425,999.0,999.0,999.0,5.922,999.0,unclassified,0.0,0.9994,low,uncertain,False,False,True,Both rule engine and ML model have insufficient evidence.,unclassified,0,unclassified,0.9994,0.0,"[""Low-intensity thermal source (FRP: 1.0 MW)."", ""All 14 labeling functions abstained due to lack of spatial context."", ""XGBoost also abstained: its most probable class was 'unclassified' (99.9%), meaning no specific class met the evidence threshold."", ""Decision [uncertain]: classified as unknown requiring ground review.""]",4,uncertain,0.0,0.9994,unclassified,0.0
855,23.67938,86.39541,1.58,309.72,2026-09-02,,9.204,999.0,999.0,999.0,6.013,999.0,unclassified,0.0,0.998,low,uncertain,False,False,True,Both rule engine and ML model have insufficient evidence.,unclassified,0,unclassified,0.998,0.0,"[""Low-intensity thermal source (FRP: 1.6 MW)."", ""All 14 labeling functions abstained due to lack of spatial context."", ""XGBoost also abstained: its most probable class was 'unclassified' (99.8%), meaning no specific class met the evidence threshold."", ""Decision [uncertain]: classified as unknown requiring ground review.""]",4,uncertain,0.0,0.998,unclassified,0.0
856,23.68009,86.39173,1.58,306.7,2026-09-02,,9.315,999.0,999.0,999.0,6.333,999.0,unclassified,0.0,0.9987,low,uncertain,False,False,True,Both rule engine and ML model have insufficient evidence.,unclassified,0,unclassified,0.9987,0.0,"[""Low-intensity thermal source (FRP: 1.6 MW)."", ""All 14 labeling functions abstained due to lack of spatial context."", ""XGBoost also abstained: its most probable class was 'unclassified' (99.9%), meaning no specific class met the evidence threshold."", ""Decision [uncertain]: classified as unknown requiring ground review.""]",4,uncertain,0.0,0.9987,unclassified,0.0
857,23.68032,86.09521,1.58,295.21,2026-09-02,,8.31,999.0,999.0,999.0,5.707,999.0,unclassified,0.0,0.9987,low,uncertain,False,False,True,Both rule engine and ML model have insufficient evidence.,unclassified,0,unclassified,0.9987,0.0,"[""Low-intensity thermal source (FRP: 1.6 MW)."", ""All 14 labeling functions abstained due to lack of spatial context."", ""XGBoost also abstained: its most probable class was 'unclassified' (99.9%), meaning no specific class met the evidence threshold."", ""Decision [uncertain]: classified as unknown requiring ground review.""]",4,uncertain,0.0,0.9987,unclassified,0.0
858,23.68334,86.39626,1.58,310.63,2026-09-02,,8.775,999.0,999.0,999.0,5.777,999.0,unclassified,0.0,0.998,low,uncertain,False,False,True,Both rule engine and ML model have insufficient evidence.,unclassified,0,unclassified,0.998,0.0,"[""Low-intensity thermal source (FRP: 1.6 MW)."", ""All 14 labeling functions abstained due to lack of spatial context."", ""XGBoost also abstained: its most probable class was 'unclassified' (99.8%), meaning no specific class met the evidence threshold."", ""Decision [uncertain]: classified as unknown requiring ground review.""]",4,uncertain,0.0,0.998,unclassified,0.0
859,23.68404,86.39259,1.58,319.58,2026-09-02,,8.891,999.0,999.0,999.0,6.109,999.0,unclassified,0.0,0.9797,low,uncertain,False,False,True,Both rule engine and ML model have insufficient evidence.,unclassified,0,unclassified,0.9797,0.0,"[""Low-intensity thermal source (FRP: 1.6 MW)."", ""All 14 labeling functions abstained due to lack of spatial context."", ""XGBoost also abstained: its most probable class was 'unclassified' (98.0%), meaning no specific class met the evidence threshold."", ""Decision [uncertain]: classified as unknown requiring ground review.""]",4,uncertain,0.0,0.9797,unclassified,0.0
860,23.688,86.39345,1.84,309.56,2026-09-02,,8.469,999.0,999.0,999.0,5.911,999.0,unclassified,0.0,0.998,low,uncertain,False,False,True,Both rule engine and ML model have insufficient evidence.,unclassified,0,unclassified,0.998,0.0,"[""Low-intensity thermal source (FRP: 1.8 MW)."", ""All 14 labeling functions abstained due to lack of spatial context."", ""XGBoost also abstained: its most probable class was 'unclassified' (99.8%), meaning no specific class met the evidence threshold."", ""Decision [uncertain]: classified as unknown requiring ground review.""]",4,uncertain,0.0,0.998,unclassified,0.0
861,23.6887,86.3898,2.16,304.81,2026-09-02,,8.605,999.0,999.0,999.0,6.257,999.0,forest_natural_fire,0.99,0.9907,high,hybrid_agreement,True,False,False,,forest_natural_fire,1,forest_natural_fire,0.9907,99.0,"[""Low-intensity thermal source (FRP: 2.2 MW)."", ""1 labeling function(s) voted 'forest_natural_fire' (lf_forest_vegetation_fire)."", ""XGBoost predicted 'forest_natural_fire' with 99.1% probability."", ""Decision [hybrid_agreement]: independent rule evidence and ML agree on 'forest_natural_fire' — status confirmed.""]",4,confirmed,0.99,0.9907,forest_natural_fire,1.0
862,23.69609,86.07645,1.8,303.17,2026-09-02,,6.809,999.0,999.0,999.0,5.79,999.0,unclassified,0.0,0.9979,low,uncertain,False,False,True,Both rule engine and ML model have insufficient evidence.,unclassified,0,unclassified,0.9979,0.0,"[""Low-intensity thermal source (FRP: 1.8 MW)."", ""All 14 labeling functions abstained due to lack of spatial context."", ""XGBoost also abstained: its most probable class was 'unclassified' (99.8%), meaning no specific class met the evidence threshold."", ""Decision [uncertain]: classified as unknown requiring ground review.""]",4,uncertain,0.0,0.9979,unclassified,0.0
863,23.75564,86.39656,2.29,306.11,2026-09-02,,4.142,999.0,999.0,999.0,8.238,999.0,forest_natural_fire,0.99,0.9908,high,hybrid_agreement,True,False,False,,forest_natural_fire,1,forest_natural_fire,0.9908,99.0,"[""Low-intensity thermal source (FRP: 2.3 MW)."", ""Forest cover within 4.1 km."", ""1 labeling function(s) voted 'forest_natural_fire' (lf_forest_vegetation_fire)."", ""XGBoost predicted 'forest_natural_fire' with 99.1% probability."", ""Decision [hybrid_agreement]: independent rule evidence and ML agree on 'forest_natural_fire' — status confirmed.""]",5,confirmed,0.99,0.9908,forest_natural_fire,1.0
864,23.75816,86.40479,2.32,315.88,2026-09-02,,3.346,999.0,999.0,999.0,7.937,999.0,forest_natural_fire,0.99,0.9926,high,hybrid_agreement,True,False,False,,forest_natural_fire,1,forest_natural_fire,0.9926,99.0,"[""Low-intensity thermal source (FRP: 2.3 MW)."", ""Forest cover within 3.3 km."", ""1 labeling function(s) voted 'forest_natural_fire' (lf_forest_vegetation_fire)."", ""XGBoost predicted 'forest_natural_fire' with 99.3% probability."", ""Decision [hybrid_agreement]: independent rule evidence and ML agree on 'forest_natural_fire' — status confirmed.""]",5,confirmed,0.99,0.9926,forest_natural_fire,1.0
865,23.75887,86.4011,2.32,316.14,2026-09-02,,3.729,999.0,999.0,999.0,8.224,999.0,forest_natural_fire,0.99,0.9912,high,hybrid_agreement,True,False,False,,forest_natural_fire,1,forest_natural_fire,0.9912,99.0,"[""Low-intensity thermal source (FRP: 2.3 MW)."", ""Forest cover within 3.7 km."", ""1 labeling function(s) voted 'forest_natural_fire' (lf_forest_vegetation_fire)."", ""XGBoost predicted 'forest_natural_fire' with 99.1% probability."", ""Decision [hybrid_agreement]: independent rule evidence and ML agree on 'forest_natural_fire' — status confirmed.""]",5,confirmed,0.99,0.9912,forest_natural_fire,1.0
866,23.76211,86.40564,1.76,303.0,2026-09-02,,3.369,999.0,999.0,999.0,8.252,999.0,unclassified,0.0,0.9973,low,uncertain,False,False,True,Both rule engine and ML model have insufficient evidence.,unclassified,0,unclassified,0.9973,0.0,"[""Low-intensity thermal source (FRP: 1.8 MW)."", ""Forest cover within 3.4 km."", ""All 14 labeling functions abstained due to lack of spatial context."", ""XGBoost also abstained: its most probable class was 'unclassified' (99.7%), meaning no specific class met the evidence threshold."", ""Decision [uncertain]: classified as unknown requiring ground review.""]",5,uncertain,0.0,0.9973,unclassified,0.0
867,23.76282,86.40197,1.76,325.48,2026-09-02,,3.748,999.0,999.0,999.0,8.526,999.0,unclassified,0.0,0.9228,low,uncertain,False,False,True,Both rule engine and ML model have insufficient evidence.,unclassified,0,unclassified,0.9228,0.0,"[""Low-intensity thermal source (FRP: 1.8 MW)."", ""Forest cover within 3.7 km."", ""All 14 labeling functions abstained due to lack of spatial context."", ""XGBoost also abstained: its most probable class was 'unclassified' (92.3%), meaning no specific class met the evidence threshold."", ""Decision [uncertain]: classified as unknown requiring ground review.""]",5,uncertain,0.0,0.9228,unclassified,0.0
868,23.76354,86.39828,1.45,306.61,2026-09-02,,4.131,999.0,999.0,999.0,8.811,999.0,unclassified,0.0,0.9992,low,uncertain,False,False,True,Both rule engine and ML model have insufficient evidence.,unclassified,0,unclassified,0.9992,0.0,"[""Low-intensity thermal source (FRP: 1.4 MW)."", ""Forest cover within 4.1 km."", ""All 14 labeling functions abstained due to lack of spatial context."", ""XGBoost also abstained: its most probable class was 'unclassified' (99.9%), meaning no specific class met the evidence threshold."", ""Decision [uncertain]: classified as unknown requiring ground review.""]",5,uncertain,0.0,0.9992,unclassified,0.0
869,23.76425,86.39459,1.45,305.18,2026-09-02,,4.513,999.0,999.0,999.0,9.102,999.0,unclassified,0.0,0.9988,low,uncertain,False,False,True,Both rule engine and ML model have insufficient evidence.,unclassified,0,unclassified,0.9988,0.0,"[""Low-intensity thermal source (FRP: 1.4 MW)."", ""Forest cover within 4.5 km."", ""All 14 labeling functions abstained due to lack of spatial context."", ""XGBoost also abstained: its most probable class was 'unclassified' (99.9%), meaning no specific class met the evidence threshold."", ""Decision [uncertain]: classified as unknown requiring ground review.""]",5,uncertain,0.0,0.9988,unclassified,0.0
870,23.76498,86.39088,2.05,302.84,2026-09-02,,4.899,999.0,999.0,999.0,9.403,999.0,forest_natural_fire,0.99,0.9869,high,hybrid_agreement,True,False,False,,forest_natural_fire,1,forest_natural_fire,0.9869,99.0,"[""Low-intensity thermal source (FRP: 2.0 MW)."", ""Forest cover within 4.9 km."", ""1 labeling function(s) voted 'forest_natural_fire' (lf_forest_vegetation_fire)."", ""XGBoost predicted 'forest_natural_fire' with 98.7% probability."", ""Decision [hybrid_agreement]: independent rule evidence and ML agree on 'forest_natural_fire' — status confirmed.""]",5,confirmed,0.99,0.9869,forest_natural_fire,1.0
871,23.76676,86.40286,1.76,312.11,2026-09-02,,3.818,999.0,999.0,999.0,8.839,999.0,unclassified,0.0,0.9956,low,uncertain,False,False,True,Both rule engine and ML model have insufficient evidence.,unclassified,0,unclassified,0.9956,0.0,"[""Low-intensity thermal source (FRP: 1.8 MW)."", ""Forest cover within 3.8 km."", ""All 14 labeling functions abstained due to lack of spatial context."", ""XGBoost also abstained: its most probable class was 'unclassified' (99.6%), meaning no specific class met the evidence threshold."", ""Decision [uncertain]: classified as unknown requiring ground review.""]",5,uncertain,0.0,0.9956,unclassified,0.0
872,23.77299,86.20249,3.5,303.04,2026-09-02,,11.167,999.0,999.0,999.0,10.739,999.0,forest_natural_fire,0.99,0.9959,high,hybrid_agreement,True,False,False,,forest_natural_fire,1,forest_natural_fire,0.9959,99.0,"[""Low-intensity thermal source (FRP: 3.5 MW)."", ""1 labeling function(s) voted 'forest_natural_fire' (lf_forest_vegetation_fire)."", ""XGBoost predicted 'forest_natural_fire' with 99.6% probability."", ""Decision [hybrid_agreement]: independent rule evidence and ML agree on 'forest_natural_fire' — status confirmed.""]",4,confirmed,0.99,0.9959,forest_natural_fire,1.0
873,23.77394,86.36584,1.97,305.7,2026-09-02,,7.627,999.0,999.0,999.0,11.874,999.0,unclassified,0.0,0.9976,low,uncertain,False,False,True,Both rule engine and ML model have insufficient evidence.,unclassified,0,unclassified,0.9976,0.0,"[""Low-intensity thermal source (FRP: 2.0 MW)."", ""All 14 labeling functions abstained due to lack of spatial context."", ""XGBoost also abstained: its most probable class was 'unclassified' (99.8%), meaning no specific class met the evidence threshold."", ""Decision [uncertain]: classified as unknown requiring ground review.""]",4,uncertain,0.0,0.9976,unclassified,0.0
874,23.77406,86.19703,4.58,311.24,2026-09-02,,10.643,999.0,999.0,999.0,10.231,999.0,forest_natural_fire,0.99,0.9958,high,hybrid_agreement,True,False,False,,forest_natural_fire,1,forest_natural_fire,0.9958,99.0,"[""Low-intensity thermal source (FRP: 4.6 MW)."", ""1 labeling function(s) voted 'forest_natural_fire' (lf_forest_vegetation_fire)."", ""XGBoost predicted 'forest_natural_fire' with 99.6% probability."", ""Decision [hybrid_agreement]: independent rule evidence and ML agree on 'forest_natural_fire' — status confirmed.""]",4,confirmed,0.99,0.9958,forest_natural_fire,1.0
875,23.77466,86.36218,2.38,316.43,2026-09-02,,8.006,999.0,999.0,999.0,12.199,999.0,forest_natural_fire,0.99,0.9942,high,hybrid_agreement,True,False,False,,forest_natural_fire,1,forest_natural_fire,0.9942,99.0,"[""Low-intensity thermal source (FRP: 2.4 MW)."", ""1 labeling function(s) voted 'forest_natural_fire' (lf_forest_vegetation_fire)."", ""XGBoost predicted 'forest_natural_fire' with 99.4% probability."", ""Decision [hybrid_agreement]: independent rule evidence and ML agree on 'forest_natural_fire' — status confirmed.""]",4,confirmed,0.99,0.9942,forest_natural_fire,1.0
876,23.77585,86.20872,3.74,307.93,2026-09-02,,10.995,999.0,999.0,999.0,11.431,999.0,forest_natural_fire,0.99,0.9873,high,hybrid_agreement,True,False,False,,forest_natural_fire,1,forest_natural_fire,0.9873,99.0,"[""Low-intensity thermal source (FRP: 3.7 MW)."", ""1 labeling function(s) voted 'forest_natural_fire' (lf_forest_vegetation_fire)."", ""XGBoost predicted 'forest_natural_fire' with 98.7% probability."", ""Decision [hybrid_agreement]: independent rule evidence and ML agree on 'forest_natural_fire' — status confirmed.""]",4,confirmed,0.99,0.9873,forest_natural_fire,1.0
877,23.77753,86.38976,2.34,306.42,2026-09-02,,5.55,999.0,999.0,999.0,10.579,999.0,forest_natural_fire,0.99,0.9929,high,hybrid_agreement,True,False,False,,forest_natural_fire,1,forest_natural_fire,0.9929,99.0,"[""Low-intensity thermal source (FRP: 2.3 MW)."", ""1 labeling function(s) voted 'forest_natural_fire' (lf_forest_vegetation_fire)."", ""XGBoost predicted 'forest_natural_fire' with 99.3% probability."", ""Decision [hybrid_agreement]: independent rule evidence and ML agree on 'forest_natural_fire' — status confirmed.""]",4,confirmed,0.99,0.9929,forest_natural_fire,1.0
878,23.77825,86.38604,2.32,304.61,2026-09-02,,5.92,999.0,999.0,999.0,10.867,999.0,forest_natural_fire,0.99,0.993,high,hybrid_agreement,True,False,False,,forest_natural_fire,1,forest_natural_fire,0.993,99.0,"[""Low-intensity thermal source (FRP: 2.3 MW)."", ""1 labeling function(s) voted 'forest_natural_fire' (lf_forest_vegetation_fire)."", ""XGBoost predicted 'forest_natural_fire' with 99.3% probability."", ""Decision [hybrid_agreement]: independent rule evidence and ML agree on 'forest_natural_fire' — status confirmed.""]",4,confirmed,0.99,0.993,forest_natural_fire,1.0
879,23.77976,86.20955,3.74,321.04,2026-09-02,,10.553,999.0,999.0,999.0,11.629,999.0,forest_natural_fire,0.99,0.9945,high,hybrid_agreement,True,False,False,,forest_natural_fire,1,forest_natural_fire,0.9945,99.0,"[""Low-intensity thermal source (FRP: 3.7 MW)."", ""1 labeling function(s) voted 'forest_natural_fire' (lf_forest_vegetation_fire)."", ""XGBoost predicted 'forest_natural_fire' with 99.5% probability."", ""Decision [hybrid_agreement]: independent rule evidence and ML agree on 'forest_natural_fire' — status confirmed.""]",4,confirmed,0.99,0.9945,forest_natural_fire,1.0
880,23.7811,86.37132,1.38,303.51,2026-09-02,,7.4,999.0,999.0,999.0,12.061,999.0,unclassified,0.0,0.9994,low,uncertain,False,False,True,Both rule engine and ML model have insufficient evidence.,unclassified,0,unclassified,0.9994,0.0,"[""Low-intensity thermal source (FRP: 1.4 MW)."", ""All 14 labeling functions abstained due to lack of spatial context."", ""XGBoost also abstained: its most probable class was 'unclassified' (99.9%), meaning no specific class met the evidence threshold."", ""Decision [uncertain]: classified as unknown requiring ground review.""]",4,uncertain,0.0,0.9994,unclassified,0.0
881,23.78148,86.39063,1.74,307.3,2026-09-02,,5.707,999.0,999.0,999.0,10.891,999.0,unclassified,0.0,0.9979,low,uncertain,False,False,True,Both rule engine and ML model have insufficient evidence.,unclassified,0,unclassified,0.9979,0.0,"[""Low-intensity thermal source (FRP: 1.7 MW)."", ""All 14 labeling functions abstained due to lack of spatial context."", ""XGBoost also abstained: its most probable class was 'unclassified' (99.8%), meaning no specific class met the evidence threshold."", ""Decision [uncertain]: classified as unknown requiring ground review.""]",4,uncertain,0.0,0.9979,unclassified,0.0
882,24.6637,74.63227,1.44,299.05,2026-09-02,,999.0,999.0,999.0,999.0,999.0,999.0,unclassified,0.0,0.9997,low,uncertain,False,False,True,Both rule engine and ML model have insufficient evidence.,unclassified,0,unclassified,0.9997,0.0,"[""Low-intensity thermal source (FRP: 1.4 MW)."", ""All 14 labeling functions abstained due to lack of spatial context."", ""XGBoost also abstained: its most probable class was 'unclassified' (100.0%), meaning no specific class met the evidence threshold."", ""Decision [uncertain]: classified as unknown requiring ground review.""]",4,uncertain,0.0,0.9997,unclassified,0.0
883,24.71521,75.95151,0.78,303.49,2026-09-02,,999.0,999.0,999.0,999.0,999.0,999.0,unclassified,0.0,0.9996,low,uncertain,False,False,True,Both rule engine and ML model have insufficient evidence.,unclassified,0,unclassified,0.9996,0.0,"[""Low-intensity thermal source (FRP: 0.8 MW)."", ""All 14 labeling functions abstained due to lack of spatial context."", ""XGBoost also abstained: its most probable class was 'unclassified' (100.0%), meaning no specific class met the evidence threshold."", ""Decision [uncertain]: classified as unknown requiring ground review.""]",4,uncertain,0.0,0.9996,unclassified,0.0
884,24.76503,74.60659,1.36,304.69,2026-09-02,,999.0,999.0,999.0,999.0,999.0,999.0,unclassified,0.0,0.9997,low,uncertain,False,False,True,Both rule engine and ML model have insufficient evidence.,unclassified,0,unclassified,0.9997,0.0,"[""Low-intensity thermal source (FRP: 1.4 MW)."", ""All 14 labeling functions abstained due to lack of spatial context."", ""XGBoost also abstained: its most probable class was 'unclassified' (100.0%), meaning no specific class met the evidence threshold."", ""Decision [uncertain]: classified as unknown requiring ground review.""]",4,uncertain,0.0,0.9997,unclassified,0.0
885,24.76607,74.60828,1.31,302.43,2026-09-02,,999.0,999.0,999.0,999.0,999.0,999.0,unclassified,0.0,0.9997,low,uncertain,False,False,True,Both rule engine and ML model have insufficient evidence.,unclassified,0,unclassified,0.9997,0.0,"[""Low-intensity thermal source (FRP: 1.3 MW)."", ""All 14 labeling functions abstained due to lack of spatial context."", ""XGBoost also abstained: its most probable class was 'unclassified' (100.0%), meaning no specific class met the evidence threshold."", ""Decision [uncertain]: classified as unknown requiring ground review.""]",4,uncertain,0.0,0.9997,unclassified,0.0
886,25.39161,68.57956,1.53,310.49,2026-09-02,,999.0,999.0,999.0,999.0,999.0,999.0,unclassified,0.0,0.9997,low,uncertain,False,False,True,Both rule engine and ML model have insufficient evidence.,unclassified,0,unclassified,0.9997,0.0,"[""Low-intensity thermal source (FRP: 1.5 MW)."", ""All 14 labeling functions abstained due to lack of spatial context."", ""XGBoost also abstained: its most probable class was 'unclassified' (100.0%), meaning no specific class met the evidence threshold."", ""Decision [uncertain]: classified as unknown requiring ground review.""]",4,uncertain,0.0,0.9997,unclassified,0.0
887,12.59921,77.88294,1.79,319.53,2026-09-02,,999.0,999.0,999.0,999.0,999.0,14.95,unclassified,0.0,0.9878,low,uncertain,False,False,True,Both rule engine and ML model have insufficient evidence.,unclassified,0,unclassified,0.9878,0.0,"[""Low-intensity thermal source (FRP: 1.8 MW)."", ""All 14 labeling functions abstained due to lack of spatial context."", ""XGBoost also abstained: its most probable class was 'unclassified' (98.8%), meaning no specific class met the evidence threshold."", ""Decision [uncertain]: classified as unknown requiring ground review.""]",4,uncertain,0.0,0.9878,unclassified,0.0
888,12.8508,79.90537,8.05,340.95,2026-09-02,,9.883,999.0,999.0,999.0,999.0,5.445,industrial_fire,0.99,0.9863,high,hybrid_agreement,True,False,False,,industrial_fire,5,industrial_fire,0.9863,99.0,"[""Moderate thermal signature (FRP: 8.1 MW)."", ""Industrial infrastructure within 1.6 km."", ""5 labeling function(s) voted 'industrial_fire' (lf_industry_high_frp, lf_factory_proximity_thermal, lf_industrial_zone_cluster, lf_forest_vegetation_fire, lf_nighttime_process_heat)."", ""XGBoost predicted 'industrial_fire' with 98.6% probability."", ""Decision [hybrid_agreement]: independent rule evidence and ML agree on 'industrial_fire' — status confirmed.""]",5,confirmed,0.99,0.9863,industrial_fire,5.0
889,12.97479,77.43371,0.54,302.76,2026-09-02,,5.155,9.579,999.0,999.0,999.0,10.533,unclassified,0.0,0.9963,low,uncertain,False,False,True,Both rule engine and ML model have insufficient evidence.,unclassified,0,unclassified,0.9963,0.0,"[""Low-intensity thermal source (FRP: 0.5 MW)."", ""Industrial infrastructure within 0.71 km."", ""All 14 labeling functions abstained due to lack of spatial context."", ""XGBoost also abstained: its most probable class was 'unclassified' (99.6%), meaning no specific class met the evidence threshold."", ""Decision [uncertain]: classified as unknown requiring ground review.""]",5,uncertain,0.0,0.9963,unclassified,0.0
890,13.14871,77.53867,0.19,300.09,2026-09-02,,7.254,9.189,999.0,999.0,999.0,5.901,unclassified,0.0,0.9935,low,uncertain,False,False,True,Both rule engine and ML model have insufficient evidence.,unclassified,0,unclassified,0.9935,0.0,"[""Low-intensity thermal source (FRP: 0.2 MW)."", ""Industrial infrastructure within 0.69 km."", ""All 14 labeling functions abstained due to lack of spatial context."", ""XGBoost also abstained: its most probable class was 'unclassified' (99.4%), meaning no specific class met the evidence threshold."", ""Decision [uncertain]: classified as unknown requiring ground review.""]",5,uncertain,0.0,0.9935,unclassified,0.0
891,13.16177,80.28377,2.78,320.68,2026-09-02,,8.767,16.657,999.0,1.371,24.308,0.657,industrial_process_heat,0.877,0.757,high,hybrid_agreement,True,False,False,,industrial_process_heat,4,industrial_process_heat,0.757,87.7,"[""Low-intensity thermal source (FRP: 2.8 MW)."", ""Industrial infrastructure within 0.68 km."", ""Petroleum/chemical refinery within 1.4 km."", ""4 labeling function(s) voted 'industrial_process_heat' (lf_factory_proximity_thermal, lf_refinery_flare, lf_nighttime_process_heat, lf_power_plant_process_heat)."", ""XGBoost predicted 'industrial_process_heat' with 75.7% probability."", ""Decision [hybrid_agreement]: independent rule evidence and ML agree on 'industrial_process_heat' — status confirmed.""]",6,confirmed,0.877,0.757,industrial_process_heat,4.0
892,13.39351,80.07467,1.28,307.0,2026-09-02,,18.919,999.0,999.0,999.0,999.0,1.396,unclassified,0.0,0.9978,low,uncertain,False,False,True,Both rule engine and ML model have insufficient evidence.,unclassified,0,unclassified,0.9978,0.0,"[""Low-intensity thermal source (FRP: 1.3 MW)."", ""Industrial infrastructure within 0.26 km."", ""All 14 labeling functions abstained due to lack of spatial context."", ""XGBoost also abstained: its most probable class was 'unclassified' (99.8%), meaning no specific class met the evidence threshold."", ""Decision [uncertain]: classified as unknown requiring ground review.""]",5,uncertain,0.0,0.9978,unclassified,0.0
893,13.89774,76.56654,1.13,300.92,2026-09-02,,15.624,999.0,999.0,999.0,999.0,22.755,unclassified,0.0,0.9998,low,uncertain,False,False,True,Both rule engine and ML model have insufficient evidence.,unclassified,0,unclassified,0.9998,0.0,"[""Low-intensity thermal source (FRP: 1.1 MW)."", ""All 14 labeling functions abstained due to lack of spatial context."", ""XGBoost also abstained: its most probable class was 'unclassified' (100.0%), meaning no specific class met the evidence threshold."", ""Decision [uncertain]: classified as unknown requiring ground review.""]",4,uncertain,0.0,0.9998,unclassified,0.0
894,15.16989,76.38091,0.52,299.16,2026-09-02,,21.908,20.727,999.0,999.0,13.211,999.0,unclassified,0.0,0.9998,low,uncertain,False,False,True,Both rule engine and ML model have insufficient evidence.,unclassified,0,unclassified,0.9998,0.0,"[""Low-intensity thermal source (FRP: 0.5 MW)."", ""All 14 labeling functions abstained due to lack of spatial context."", ""XGBoost also abstained: its most probable class was 'unclassified' (100.0%), meaning no specific class met the evidence threshold."", ""Decision [uncertain]: classified as unknown requiring ground review.""]",4,uncertain,0.0,0.9998,unclassified,0.0
895,15.17381,76.69349,1.19,309.9,2026-09-02,,999.0,999.0,999.0,999.0,20.967,18.807,unclassified,0.0,0.9996,low,uncertain,False,False,True,Both rule engine and ML model have insufficient evidence.,unclassified,0,unclassified,0.9996,0.0,"[""Low-intensity thermal source (FRP: 1.2 MW)."", ""All 14 labeling functions abstained due to lack of spatial context."", ""XGBoost also abstained: its most probable class was 'unclassified' (100.0%), meaning no specific class met the evidence threshold."", ""Decision [uncertain]: classified as unknown requiring ground review.""]",4,uncertain,0.0,0.9996,unclassified,0.0
896,15.17427,76.7852,1.08,308.11,2026-09-02,,17.164,999.0,999.0,999.0,999.0,10.464,unclassified,0.0,0.9961,low,uncertain,False,False,True,Both rule engine and ML model have insufficient evidence.,unclassified,0,unclassified,0.9961,0.0,"[""Low-intensity thermal source (FRP: 1.1 MW)."", ""Industrial infrastructure within 0.06 km."", ""All 14 labeling functions abstained due to lack of spatial context."", ""XGBoost also abstained: its most probable class was 'unclassified' (99.6%), meaning no specific class met the evidence threshold."", ""Decision [uncertain]: classified as unknown requiring ground review.""]",5,uncertain,0.0,0.9961,unclassified,0.0
897,15.17558,76.6577,2.78,319.62,2026-09-02,,25.367,28.284,999.0,999.0,17.139,22.324,unclassified,0.0,0.9939,low,uncertain,False,False,True,Both rule engine and ML model have insufficient evidence.,unclassified,0,unclassified,0.9939,0.0,"[""Low-intensity thermal source (FRP: 2.8 MW)."", ""All 14 labeling functions abstained due to lack of spatial context."", ""XGBoost also abstained: its most probable class was 'unclassified' (99.4%), meaning no specific class met the evidence threshold."", ""Decision [uncertain]: classified as unknown requiring ground review.""]",4,uncertain,0.0,0.9939,unclassified,0.0
898,15.17616,76.65379,2.39,312.81,2026-09-02,,25.025,27.925,999.0,999.0,16.715,22.701,unclassified,0.0,0.9947,low,uncertain,False,False,True,Both rule engine and ML model have insufficient evidence.,unclassified,0,unclassified,0.9947,0.0,"[""Low-intensity thermal source (FRP: 2.4 MW)."", ""All 14 labeling functions abstained due to lack of spatial context."", ""XGBoost also abstained: its most probable class was 'unclassified' (99.5%), meaning no specific class met the evidence threshold."", ""Decision [uncertain]: classified as unknown requiring ground review.""]",4,uncertain,0.0,0.9947,unclassified,0.0
899,15.18017,76.67442,1.49,312.62,2026-09-02,,26.329,999.0,999.0,999.0,18.846,20.461,unclassified,0.0,0.9992,low,uncertain,False,False,True,Both rule engine and ML model have insufficient evidence.,unclassified,0,unclassified,0.9992,0.0,"[""Low-intensity thermal source (FRP: 1.5 MW)."", ""All 14 labeling functions abstained due to lack of spatial context."", ""XGBoost also abstained: its most probable class was 'unclassified' (99.9%), meaning no specific class met the evidence threshold."", ""Decision [uncertain]: classified as unknown requiring ground review.""]",4,uncertain,0.0,0.9992,unclassified,0.0
900,15.18134,76.6666,1.93,323.6,2026-09-02,,25.617,999.0,999.0,999.0,17.998,21.215,unclassified,0.0,0.9979,low,uncertain,False,False,True,Both rule engine and ML model have insufficient evidence.,unclassified,0,unclassified,0.9979,0.0,"[""Low-intensity thermal source (FRP: 1.9 MW)."", ""All 14 labeling functions abstained due to lack of spatial context."", ""XGBoost also abstained: its most probable class was 'unclassified' (99.8%), meaning no specific class met the evidence threshold."", ""Decision [uncertain]: classified as unknown requiring ground review.""]",4,uncertain,0.0,0.9979,unclassified,0.0
901,15.18363,76.67496,1.49,304.17,2026-09-02,,26.12,999.0,999.0,999.0,18.863,20.284,unclassified,0.0,0.9997,low,uncertain,False,False,True,Both rule engine and ML model have insufficient evidence.,unclassified,0,unclassified,0.9997,0.0,"[""Low-intensity thermal source (FRP: 1.5 MW)."", ""All 14 labeling functions abstained due to lack of spatial context."", ""XGBoost also abstained: its most probable class was 'unclassified' (100.0%), meaning no specific class met the evidence threshold."", ""Decision [uncertain]: classified as unknown requiring ground review.""]",4,uncertain,0.0,0.9997,unclassified,0.0
902,15.18421,76.67104,1.93,307.15,2026-09-02,,25.76,999.0,999.0,999.0,18.438,20.664,unclassified,0.0,0.9994,low,uncertain,False,False,True,Both rule engine and ML model have insufficient evidence.,unclassified,0,unclassified,0.9994,0.0,"[""Low-intensity thermal source (FRP: 1.9 MW)."", ""All 14 labeling functions abstained due to lack of spatial context."", ""XGBoost also abstained: its most probable class was 'unclassified' (99.9%), meaning no specific class met the evidence threshold."", ""Decision [uncertain]: classified as unknown requiring ground review.""]",4,uncertain,0.0,0.9994,unclassified,0.0
903,15.18708,76.67549,1.0,304.11,2026-09-02,,25.916,999.0,999.0,999.0,18.886,20.113,unclassified,0.0,0.9997,low,uncertain,False,False,True,Both rule engine and ML model have insufficient evidence.,unclassified,0,unclassified,0.9997,0.0,"[""Low-intensity thermal source (FRP: 1.0 MW)."", ""All 14 labeling functions abstained due to lack of spatial context."", ""XGBoost also abstained: its most probable class was 'unclassified' (100.0%), meaning no specific class met the evidence threshold."", ""Decision [uncertain]: classified as unknown requiring ground review.""]",4,uncertain,0.0,0.9997,unclassified,0.0
904,15.18766,76.67159,1.29,311.27,2026-09-02,,25.555,999.0,999.0,999.0,18.464,20.495,unclassified,0.0,0.9997,low,uncertain,False,False,True,Both rule engine and ML model have insufficient evidence.,unclassified,0,unclassified,0.9997,0.0,"[""Low-intensity thermal source (FRP: 1.3 MW)."", ""All 14 labeling functions abstained due to lack of spatial context."", ""XGBoost also abstained: its most probable class was 'unclassified' (100.0%), meaning no specific class met the evidence threshold."", ""Decision [uncertain]: classified as unknown requiring ground review.""]",4,uncertain,0.0,0.9997,unclassified,0.0
905,15.33635,76.27782,1.05,307.79,2026-09-02,,20.438,19.269,999.0,999.0,8.733,999.0,unclassified,0.0,0.9997,low,uncertain,False,False,True,Both rule engine and ML model have insufficient evidence.,unclassified,0,unclassified,0.9997,0.0,"[""Low-intensity thermal source (FRP: 1.1 MW)."", ""All 14 labeling functions abstained due to lack of spatial context."", ""XGBoost also abstained: its most probable class was 'unclassified' (100.0%), meaning no specific class met the evidence threshold."", ""Decision [uncertain]: classified as unknown requiring ground review.""]",4,uncertain,0.0,0.9997,unclassified,0.0
906,16.87073,80.02078,1.03,304.58,2026-09-02,,21.123,23.079,999.0,999.0,999.0,4.902,unclassified,0.0,0.9982,low,uncertain,False,False,True,Both rule engine and ML model have insufficient evidence.,unclassified,0,unclassified,0.9982,0.0,"[""Low-intensity thermal source (FRP: 1.0 MW)."", ""Industrial infrastructure within 0.06 km."", ""All 14 labeling functions abstained due to lack of spatial context."", ""XGBoost also abstained: its most probable class was 'unclassified' (99.8%), meaning no specific class met the evidence threshold."", ""Decision [uncertain]: classified as unknown requiring ground review.""]",5,uncertain,0.0,0.9982,unclassified,0.0
907,6.61014,81.25643,6.97,339.65,2026-09-02,,999.0,999.0,999.0,999.0,999.0,999.0,unclassified,0.0,0.9998,low,uncertain,False,False,True,Both rule engine and ML model have insufficient evidence.,unclassified,0,unclassified,0.9998,0.0,"[""Moderate thermal signature (FRP: 7.0 MW)."", ""All 14 labeling functions abstained due to lack of spatial context."", ""XGBoost also abstained: its most probable class was 'unclassified' (100.0%), meaning no specific class met the evidence threshold."", ""Decision [uncertain]: classified as unknown requiring ground review.""]",4,uncertain,0.0,0.9998,unclassified,0.0
908,6.76897,81.00152,1.7,304.26,2026-09-02,,999.0,999.0,999.0,999.0,999.0,999.0,unclassified,0.0,0.9997,low,uncertain,False,False,True,Both rule engine and ML model have insufficient evidence.,unclassified,0,unclassified,0.9997,0.0,"[""Low-intensity thermal source (FRP: 1.7 MW)."", ""All 14 labeling functions abstained due to lack of spatial context."", ""XGBoost also abstained: its most probable class was 'unclassified' (100.0%), meaning no specific class met the evidence threshold."", ""Decision [uncertain]: classified as unknown requiring ground review.""]",4,uncertain,0.0,0.9997,unclassified,0.0
909,6.77281,81.00163,1.7,313.38,2026-09-02,,999.0,999.0,999.0,999.0,999.0,999.0,unclassified,0.0,0.9998,low,uncertain,False,False,True,Both rule engine and ML model have insufficient evidence.,unclassified,0,unclassified,0.9998,0.0,"[""Low-intensity thermal source (FRP: 1.7 MW)."", ""All 14 labeling functions abstained due to lack of spatial context."", ""XGBoost also abstained: its most probable class was 'unclassified' (100.0%), meaning no specific class met the evidence threshold."", ""Decision [uncertain]: classified as unknown requiring ground review.""]",4,uncertain,0.0,0.9998,unclassified,0.0
910,7.38751,81.18162,1.72,309.23,2026-09-02,,999.0,999.0,999.0,999.0,999.0,999.0,unclassified,0.0,0.9998,low,uncertain,False,False,True,Both rule engine and ML model have insufficient evidence.,unclassified,0,unclassified,0.9998,0.0,"[""Low-intensity thermal source (FRP: 1.7 MW)."", ""All 14 labeling functions abstained due to lack of spatial context."", ""XGBoost also abstained: its most probable class was 'unclassified' (100.0%), meaning no specific class met the evidence threshold."", ""Decision [uncertain]: classified as unknown requiring ground review.""]",4,uncertain,0.0,0.9998,unclassified,0.0
911,7.48117,81.08661,2.67,310.91,2026-09-02,,999.0,999.0,999.0,999.0,999.0,999.0,unclassified,0.0,0.9996,low,uncertain,False,False,True,Both rule engine and ML model have insufficient evidence.,unclassified,0,unclassified,0.9996,0.0,"[""Low-intensity thermal source (FRP: 2.7 MW)."", ""All 14 labeling functions abstained due to lack of spatial context."", ""XGBoost also abstained: its most probable class was 'unclassified' (100.0%), meaning no specific class met the evidence threshold."", ""Decision [uncertain]: classified as unknown requiring ground review.""]",4,uncertain,0.0,0.9996,unclassified,0.0
912,7.55779,81.30125,2.83,322.67,2026-09-02,,999.0,999.0,999.0,999.0,999.0,999.0,unclassified,0.0,0.9995,low,uncertain,False,False,True,Both rule engine and ML model have insufficient evidence.,unclassified,0,unclassified,0.9995,0.0,"[""Low-intensity thermal source (FRP: 2.8 MW)."", ""All 14 labeling functions abstained due to lack of spatial context."", ""XGBoost also abstained: its most probable class was 'unclassified' (99.9%), meaning no specific class met the evidence threshold."", ""Decision [uncertain]: classified as unknown requiring ground review.""]",4,uncertain,0.0,0.9995,unclassified,0.0
913,7.76223,80.32127,1.4,306.16,2026-09-02,,999.0,999.0,999.0,999.0,999.0,999.0,unclassified,0.0,0.9997,low,uncertain,False,False,True,Both rule engine and ML model have insufficient evidence.,unclassified,0,unclassified,0.9997,0.0,"[""Low-intensity thermal source (FRP: 1.4 MW)."", ""All 14 labeling functions abstained due to lack of spatial context."", ""XGBoost also abstained: its most probable class was 'unclassified' (100.0%), meaning no specific class met the evidence threshold."", ""Decision [uncertain]: classified as unknown requiring ground review.""]",4,uncertain,0.0,0.9997,unclassified,0.0
914,7.96767,81.29025,0.72,304.17,2026-09-02,,999.0,999.0,999.0,999.0,999.0,999.0,unclassified,0.0,0.9997,low,uncertain,False,False,True,Both rule engine and ML model have insufficient evidence.,unclassified,0,unclassified,0.9997,0.0,"[""Low-intensity thermal source (FRP: 0.7 MW)."", ""All 14 labeling functions abstained due to lack of spatial context."", ""XGBoost also abstained: its most probable class was 'unclassified' (100.0%), meaning no specific class met the evidence threshold."", ""Decision [uncertain]: classified as unknown requiring ground review.""]",4,uncertain,0.0,0.9997,unclassified,0.0
915,8.08287,80.78834,1.43,314.64,2026-09-02,,999.0,999.0,999.0,999.0,999.0,999.0,unclassified,0.0,0.9998,low,uncertain,False,False,True,Both rule engine and ML model have insufficient evidence.,unclassified,0,unclassified,0.9998,0.0,"[""Low-intensity thermal source (FRP: 1.4 MW)."", ""All 14 labeling functions abstained due to lack of spatial context."", ""XGBoost also abstained: its most probable class was 'unclassified' (100.0%), meaning no specific class met the evidence threshold."", ""Decision [uncertain]: classified as unknown requiring ground review.""]",4,uncertain,0.0,0.9998,unclassified,0.0
916,8.08652,80.78899,3.58,329.64,2026-09-02,,999.0,999.0,999.0,999.0,999.0,999.0,unclassified,0.0,0.9997,low,uncertain,False,False,True,Both rule engine and ML model have insufficient evidence.,unclassified,0,unclassified,0.9997,0.0,"[""Low-intensity thermal source (FRP: 3.6 MW)."", ""All 14 labeling functions abstained due to lack of spatial context."", ""XGBoost also abstained: its most probable class was 'unclassified' (100.0%), meaning no specific class met the evidence threshold."", ""Decision [uncertain]: classified as unknown requiring ground review.""]",4,uncertain,0.0,0.9997,unclassified,0.0
917,9.55316,77.52426,1.52,315.45,2026-09-02,,999.0,999.0,999.0,999.0,999.0,999.0,unclassified,0.0,0.9995,low,uncertain,False,False,True,Both rule engine and ML model have insufficient evidence.,unclassified,0,unclassified,0.9995,0.0,"[""Low-intensity thermal source (FRP: 1.5 MW)."", ""All 14 labeling functions abstained due to lack of spatial context."", ""XGBoost also abstained: its most probable class was 'unclassified' (100.0%), meaning no specific class met the evidence threshold."", ""Decision [uncertain]: classified as unknown requiring ground review.""]",4,uncertain,0.0,0.9995,unclassified,0.0
918,9.55372,77.52083,1.52,321.43,2026-09-02,,999.0,999.0,999.0,999.0,999.0,999.0,unclassified,0.0,0.9994,low,uncertain,False,False,True,Both rule engine and ML model have insufficient evidence.,unclassified,0,unclassified,0.9994,0.0,"[""Low-intensity thermal source (FRP: 1.5 MW)."", ""All 14 labeling functions abstained due to lack of spatial context."", ""XGBoost also abstained: its most probable class was 'unclassified' (99.9%), meaning no specific class met the evidence threshold."", ""Decision [uncertain]: classified as unknown requiring ground review.""]",4,uncertain,0.0,0.9994,unclassified,0.0
919,9.55482,77.5139,2.42,324.17,2026-09-02,,999.0,999.0,999.0,999.0,999.0,999.0,unclassified,0.0,0.9989,low,uncertain,False,False,True,Both rule engine and ML model have insufficient evidence.,unclassified,0,unclassified,0.9989,0.0,"[""Low-intensity thermal source (FRP: 2.4 MW)."", ""All 14 labeling functions abstained due to lack of spatial context."", ""XGBoost also abstained: its most probable class was 'unclassified' (99.9%), meaning no specific class met the evidence threshold."", ""Decision [uncertain]: classified as unknown requiring ground review.""]",4,uncertain,0.0,0.9989,unclassified,0.0
920,9.55811,77.51443,1.76,309.54,2026-09-02,,999.0,999.0,999.0,999.0,999.0,999.0,unclassified,0.0,0.9998,low,uncertain,False,False,True,Both rule engine and ML model have insufficient evidence.,unclassified,0,unclassified,0.9998,0.0,"[""Low-intensity thermal source (FRP: 1.8 MW)."", ""All 14 labeling functions abstained due to lack of spatial context."", ""XGBoost also abstained: its most probable class was 'unclassified' (100.0%), meaning no specific class met the evidence threshold."", ""Decision [uncertain]: classified as unknown requiring ground review.""]",4,uncertain,0.0,0.9998,unclassified,0.0
921,9.56086,77.51841,1.76,328.06,2026-09-02,,999.0,999.0,999.0,999.0,999.0,999.0,unclassified,0.0,0.9995,low,uncertain,False,False,True,Both rule engine and ML model have insufficient evidence.,unclassified,0,unclassified,0.9995,0.0,"[""Low-intensity thermal source (FRP: 1.8 MW)."", ""All 14 labeling functions abstained due to lack of spatial context."", ""XGBoost also abstained: its most probable class was 'unclassified' (100.0%), meaning no specific class met the evidence threshold."", ""Decision [uncertain]: classified as unknown requiring ground review.""]",4,uncertain,0.0,0.9995,unclassified,0.0
922,9.5614,77.53619,0.91,316.03,2026-09-02,,999.0,999.0,999.0,999.0,999.0,999.0,unclassified,0.0,0.9995,low,uncertain,False,False,True,Both rule engine and ML model have insufficient evidence.,unclassified,0,unclassified,0.9995,0.0,"[""Low-intensity thermal source (FRP: 0.9 MW)."", ""All 14 labeling functions abstained due to lack of spatial context."", ""XGBoost also abstained: its most probable class was 'unclassified' (100.0%), meaning no specific class met the evidence threshold."", ""Decision [uncertain]: classified as unknown requiring ground review.""]",4,uncertain,0.0,0.9995,unclassified,0.0
923,9.56195,77.53275,1.62,309.24,2026-09-02,,999.0,999.0,999.0,999.0,999.0,999.0,unclassified,0.0,0.9998,low,uncertain,False,False,True,Both rule engine and ML model have insufficient evidence.,unclassified,0,unclassified,0.9998,0.0,"[""Low-intensity thermal source (FRP: 1.6 MW)."", ""All 14 labeling functions abstained due to lack of spatial context."", ""XGBoost also abstained: its most probable class was 'unclassified' (100.0%), meaning no specific class met the evidence threshold."", ""Decision [uncertain]: classified as unknown requiring ground review.""]",4,uncertain,0.0,0.9998,unclassified,0.0
924,9.56415,77.51893,1.41,324.02,2026-09-02,,999.0,999.0,999.0,999.0,999.0,999.0,unclassified,0.0,0.9994,low,uncertain,False,False,True,Both rule engine and ML model have insufficient evidence.,unclassified,0,unclassified,0.9994,0.0,"[""Low-intensity thermal source (FRP: 1.4 MW)."", ""All 14 labeling functions abstained due to lack of spatial context."", ""XGBoost also abstained: its most probable class was 'unclassified' (99.9%), meaning no specific class met the evidence threshold."", ""Decision [uncertain]: classified as unknown requiring ground review.""]",4,uncertain,0.0,0.9994,unclassified,0.0
925,9.5647,77.53674,0.91,311.02,2026-09-02,,999.0,999.0,999.0,999.0,999.0,999.0,unclassified,0.0,0.9998,low,uncertain,False,False,True,Both rule engine and ML model have insufficient evidence.,unclassified,0,unclassified,0.9998,0.0,"[""Low-intensity thermal source (FRP: 0.9 MW)."", ""All 14 labeling functions abstained due to lack of spatial context."", ""XGBoost also abstained: its most probable class was 'unclassified' (100.0%), meaning no specific class met the evidence threshold."", ""Decision [uncertain]: classified as unknown requiring ground review.""]",4,uncertain,0.0,0.9998,unclassified,0.0
926,9.5669,77.52291,1.61,312.26,2026-09-02,,999.0,999.0,999.0,999.0,999.0,999.0,unclassified,0.0,0.9998,low,uncertain,False,False,True,Both rule engine and ML model have insufficient evidence.,unclassified,0,unclassified,0.9998,0.0,"[""Low-intensity thermal source (FRP: 1.6 MW)."", ""All 14 labeling functions abstained due to lack of spatial context."", ""XGBoost also abstained: its most probable class was 'unclassified' (100.0%), meaning no specific class met the evidence threshold."", ""Decision [uncertain]: classified as unknown requiring ground review.""]",4,uncertain,0.0,0.9998,unclassified,0.0
927,9.56744,77.51945,1.41,308.43,2026-09-02,,999.0,999.0,999.0,999.0,999.0,999.0,unclassified,0.0,0.9997,low,uncertain,False,False,True,Both rule engine and ML model have insufficient evidence.,unclassified,0,unclassified,0.9997,0.0,"[""Low-intensity thermal source (FRP: 1.4 MW)."", ""All 14 labeling functions abstained due to lack of spatial context."", ""XGBoost also abstained: its most probable class was 'unclassified' (100.0%), meaning no specific class met the evidence threshold."", ""Decision [uncertain]: classified as unknown requiring ground review.""]",4,uncertain,0.0,0.9997,unclassified,0.0
928,11.59177,77.26229,0.44,297.35,2026-09-02,,999.0,999.0,999.0,999.0,999.0,999.0,unclassified,0.0,0.9997,low,uncertain,False,False,True,Both rule engine and ML model have insufficient evidence.,unclassified,0,unclassified,0.9997,0.0,"[""Low-intensity thermal source (FRP: 0.4 MW)."", ""All 14 labeling functions abstained due to lack of spatial context."", ""XGBoost also abstained: its most probable class was 'unclassified' (100.0%), meaning no specific class met the evidence threshold."", ""Decision [uncertain]: classified as unknown requiring ground review.""]",4,uncertain,0.0,0.9997,unclassified,0.0
929,11.59508,77.26291,3.05,332.16,2026-09-02,,999.0,999.0,999.0,999.0,999.0,999.0,unclassified,0.0,0.9981,low,uncertain,False,False,True,Both rule engine and ML model have insufficient evidence.,unclassified,0,unclassified,0.9981,0.0,"[""Low-intensity thermal source (FRP: 3.0 MW)."", ""All 14 labeling functions abstained due to lack of spatial context."", ""XGBoost also abstained: its most probable class was 'unclassified' (99.8%), meaning no specific class met the evidence threshold."", ""Decision [uncertain]: classified as unknown requiring ground review.""]",4,uncertain,0.0,0.9981,unclassified,0.0
930,11.81183,77.92081,1.04,299.39,2026-09-02,,999.0,999.0,999.0,999.0,999.0,999.0,unclassified,0.0,0.9997,low,uncertain,False,False,True,Both rule engine and ML model have insufficient evidence.,unclassified,0,unclassified,0.9997,0.0,"[""Low-intensity thermal source (FRP: 1.0 MW)."", ""All 14 labeling functions abstained due to lack of spatial context."", ""XGBoost also abstained: its most probable class was 'unclassified' (100.0%), meaning no specific class met the evidence threshold."", ""Decision [uncertain]: classified as unknown requiring ground review.""]",4,uncertain,0.0,0.9997,unclassified,0.0
931,11.81568,77.91785,1.16,302.56,2026-09-02,,999.0,999.0,999.0,999.0,999.0,999.0,unclassified,0.0,0.9997,low,uncertain,False,False,True,Both rule engine and ML model have insufficient evidence.,unclassified,0,unclassified,0.9997,0.0,"[""Low-intensity thermal source (FRP: 1.2 MW)."", ""All 14 labeling functions abstained due to lack of spatial context."", ""XGBoost also abstained: its most probable class was 'unclassified' (100.0%), meaning no specific class met the evidence threshold."", ""Decision [uncertain]: classified as unknown requiring ground review.""]",4,uncertain,0.0,0.9997,unclassified,0.0
932,12.08651,77.05036,0.68,296.31,2026-09-02,,999.0,27.906,999.0,999.0,999.0,999.0,unclassified,0.0,0.9997,low,uncertain,False,False,True,Both rule engine and ML model have insufficient evidence.,unclassified,0,unclassified,0.9997,0.0,"[""Low-intensity thermal source (FRP: 0.7 MW)."", ""All 14 labeling functions abstained due to lack of spatial context."", ""XGBoost also abstained: its most probable class was 'unclassified' (100.0%), meaning no specific class met the evidence threshold."", ""Decision [uncertain]: classified as unknown requiring ground review.""]",4,uncertain,0.0,0.9997,unclassified,0.0
933,33.29502,71.18554,0.48,304.58,2026-09-02,,999.0,999.0,999.0,999.0,999.0,999.0,unclassified,0.0,0.9996,low,uncertain,False,False,True,Both rule engine and ML model have insufficient evidence.,unclassified,0,unclassified,0.9996,0.0,"[""Low-intensity thermal source (FRP: 0.5 MW)."", ""All 14 labeling functions abstained due to lack of spatial context."", ""XGBoost also abstained: its most probable class was 'unclassified' (100.0%), meaning no specific class met the evidence threshold."", ""Decision [uncertain]: classified as unknown requiring ground review.""]",4,uncertain,0.0,0.9996,unclassified,0.0
934,33.29527,71.18355,0.34,302.35,2026-09-02,,999.0,999.0,999.0,999.0,999.0,999.0,unclassified,0.0,0.9996,low,uncertain,False,False,True,Both rule engine and ML model have insufficient evidence.,unclassified,0,unclassified,0.9996,0.0,"[""Low-intensity thermal source (FRP: 0.3 MW)."", ""All 14 labeling functions abstained due to lack of spatial context."", ""XGBoost also abstained: its most probable class was 'unclassified' (100.0%), meaning no specific class met the evidence threshold."", ""Decision [uncertain]: classified as unknown requiring ground review.""]",4,uncertain,0.0,0.9996,unclassified,0.0
935,25.38761,68.58076,1.92,315.05,2026-09-02,,999.0,999.0,999.0,999.0,999.0,999.0,unclassified,0.0,0.9998,low,uncertain,False,False,True,Both rule engine and ML model have insufficient evidence.,unclassified,0,unclassified,0.9998,0.0,"[""Low-intensity thermal source (FRP: 1.9 MW)."", ""All 14 labeling functions abstained due to lack of spatial context."", ""XGBoost also abstained: its most probable class was 'unclassified' (100.0%), meaning no specific class met the evidence threshold."", ""Decision [uncertain]: classified as unknown requiring ground review.""]",4,uncertain,0.0,0.9998,unclassified,0.0
936,6.21886,80.84835,12.97,352.86,2026-09-03,,999.0,999.0,999.0,999.0,999.0,999.0,unclassified,0.0,0.9998,low,uncertain,False,False,True,Both rule engine and ML model have insufficient evidence.,unclassified,0,unclassified,0.9998,0.0,"[""Moderate thermal signature (FRP: 13.0 MW)."", ""All 14 labeling functions abstained due to lack of spatial context."", ""XGBoost also abstained: its most probable class was 'unclassified' (100.0%), meaning no specific class met the evidence threshold."", ""Decision [uncertain]: classified as unknown requiring ground review.""]",4,uncertain,0.0,0.9998,unclassified,0.0
937,6.21936,80.85124,12.37,367.0,2026-09-03,,999.0,999.0,999.0,999.0,999.0,999.0,unclassified,0.0,0.9998,low,uncertain,False,False,True,Both rule engine and ML model have insufficient evidence.,unclassified,0,unclassified,0.9998,0.0,"[""Moderate thermal signature (FRP: 12.4 MW)."", ""All 14 labeling functions abstained due to lack of spatial context."", ""XGBoost also abstained: its most probable class was 'unclassified' (100.0%), meaning no specific class met the evidence threshold."", ""Decision [uncertain]: classified as unknown requiring ground review.""]",4,uncertain,0.0,0.9998,unclassified,0.0
938,6.26443,81.08537,6.89,332.67,2026-09-03,,999.0,999.0,999.0,999.0,999.0,999.0,unclassified,0.0,0.9998,low,uncertain,False,False,True,Both rule engine and ML model have insufficient evidence.,unclassified,0,unclassified,0.9998,0.0,"[""Moderate thermal signature (FRP: 6.9 MW)."", ""All 14 labeling functions abstained due to lack of spatial context."", ""XGBoost also abstained: its most probable class was 'unclassified' (100.0%), meaning no specific class met the evidence threshold."", ""Decision [uncertain]: classified as unknown requiring ground review.""]",4,uncertain,0.0,0.9998,unclassified,0.0
939,6.8227,81.4789,4.65,340.14,2026-09-03,,999.0,999.0,999.0,999.0,999.0,999.0,unclassified,0.0,0.9997,low,uncertain,False,False,True,Both rule engine and ML model have insufficient evidence.,unclassified,0,unclassified,0.9997,0.0,"[""Low-intensity thermal source (FRP: 4.7 MW)."", ""All 14 labeling functions abstained due to lack of spatial context."", ""XGBoost also abstained: its most probable class was 'unclassified' (100.0%), meaning no specific class met the evidence threshold."", ""Decision [uncertain]: classified as unknown requiring ground review.""]",4,uncertain,0.0,0.9997,unclassified,0.0
940,6.8228,81.47654,4.03,337.9,2026-09-03,,999.0,999.0,999.0,999.0,999.0,999.0,unclassified,0.0,0.9997,low,uncertain,False,False,True,Both rule engine and ML model have insufficient evidence.,unclassified,0,unclassified,0.9997,0.0,"[""Low-intensity thermal source (FRP: 4.0 MW)."", ""All 14 labeling functions abstained due to lack of spatial context."", ""XGBoost also abstained: its most probable class was 'unclassified' (100.0%), meaning no specific class met the evidence threshold."", ""Decision [uncertain]: classified as unknown requiring ground review.""]",4,uncertain,0.0,0.9997,unclassified,0.0
941,6.92909,81.49213,3.2,334.14,2026-09-03,,999.0,999.0,999.0,999.0,999.0,999.0,unclassified,0.0,0.9998,low,uncertain,False,False,True,Both rule engine and ML model have insufficient evidence.,unclassified,0,unclassified,0.9998,0.0,"[""Low-intensity thermal source (FRP: 3.2 MW)."", ""All 14 labeling functions abstained due to lack of spatial context."", ""XGBoost also abstained: its most probable class was 'unclassified' (100.0%), meaning no specific class met the evidence threshold."", ""Decision [uncertain]: classified as unknown requiring ground review.""]",4,uncertain,0.0,0.9998,unclassified,0.0
942,6.93327,81.49461,5.26,334.15,2026-09-03,,999.0,999.0,999.0,999.0,999.0,999.0,unclassified,0.0,0.9998,low,uncertain,False,False,True,Both rule engine and ML model have insufficient evidence.,unclassified,0,unclassified,0.9998,0.0,"[""Moderate thermal signature (FRP: 5.3 MW)."", ""All 14 labeling functions abstained due to lack of spatial context."", ""XGBoost also abstained: its most probable class was 'unclassified' (100.0%), meaning no specific class met the evidence threshold."", ""Decision [uncertain]: classified as unknown requiring ground review.""]",4,uncertain,0.0,0.9998,unclassified,0.0
943,7.0019,81.49043,7.65,331.99,2026-09-03,,999.0,999.0,999.0,999.0,999.0,999.0,unclassified,0.0,0.9996,low,uncertain,False,False,True,Both rule engine and ML model have insufficient evidence.,unclassified,0,unclassified,0.9996,0.0,"[""Moderate thermal signature (FRP: 7.7 MW)."", ""All 14 labeling functions abstained due to lack of spatial context."", ""XGBoost also abstained: its most probable class was 'unclassified' (100.0%), meaning no specific class met the evidence threshold."", ""Decision [uncertain]: classified as unknown requiring ground review.""]",4,uncertain,0.0,0.9996,unclassified,0.0
944,7.09881,81.30836,6.88,338.99,2026-09-03,,999.0,999.0,999.0,999.0,999.0,999.0,unclassified,0.0,0.9998,low,uncertain,False,False,True,Both rule engine and ML model have insufficient evidence.,unclassified,0,unclassified,0.9998,0.0,"[""Moderate thermal signature (FRP: 6.9 MW)."", ""All 14 labeling functions abstained due to lack of spatial context."", ""XGBoost also abstained: its most probable class was 'unclassified' (100.0%), meaning no specific class met the evidence threshold."", ""Decision [uncertain]: classified as unknown requiring ground review.""]",4,uncertain,0.0,0.9998,unclassified,0.0
945,7.13218,80.92467,7.09,338.65,2026-09-03,,999.0,999.0,999.0,999.0,999.0,999.0,unclassified,0.0,0.9998,low,uncertain,False,False,True,Both rule engine and ML model have insufficient evidence.,unclassified,0,unclassified,0.9998,0.0,"[""Moderate thermal signature (FRP: 7.1 MW)."", ""All 14 labeling functions abstained due to lack of spatial context."", ""XGBoost also abstained: its most probable class was 'unclassified' (100.0%), meaning no specific class met the evidence threshold."", ""Decision [uncertain]: classified as unknown requiring ground review.""]",4,uncertain,0.0,0.9998,unclassified,0.0
946,7.13368,80.92213,13.75,344.79,2026-09-03,,999.0,999.0,999.0,999.0,999.0,999.0,unclassified,0.0,0.9998,low,uncertain,False,False,True,Both rule engine and ML model have insufficient evidence.,unclassified,0,unclassified,0.9998,0.0,"[""Moderate thermal signature (FRP: 13.8 MW)."", ""All 14 labeling functions abstained due to lack of spatial context."", ""XGBoost also abstained: its most probable class was 'unclassified' (100.0%), meaning no specific class met the evidence threshold."", ""Decision [uncertain]: classified as unknown requiring ground review.""]",4,uncertain,0.0,0.9998,unclassified,0.0
947,7.13717,80.92435,8.33,332.22,2026-09-03,,999.0,999.0,999.0,999.0,999.0,999.0,unclassified,0.0,0.9997,low,uncertain,False,False,True,Both rule engine and ML model have insufficient evidence.,unclassified,0,unclassified,0.9997,0.0,"[""Moderate thermal signature (FRP: 8.3 MW)."", ""All 14 labeling functions abstained due to lack of spatial context."", ""XGBoost also abstained: its most probable class was 'unclassified' (100.0%), meaning no specific class met the evidence threshold."", ""Decision [uncertain]: classified as unknown requiring ground review.""]",4,uncertain,0.0,0.9997,unclassified,0.0
948,7.14319,81.56036,3.38,331.83,2026-09-03,,999.0,999.0,999.0,999.0,999.0,999.0,unclassified,0.0,0.9996,low,uncertain,False,False,True,Both rule engine and ML model have insufficient evidence.,unclassified,0,unclassified,0.9996,0.0,"[""Low-intensity thermal source (FRP: 3.4 MW)."", ""All 14 labeling functions abstained due to lack of spatial context."", ""XGBoost also abstained: its most probable class was 'unclassified' (100.0%), meaning no specific class met the evidence threshold."", ""Decision [uncertain]: classified as unknown requiring ground review.""]",4,uncertain,0.0,0.9996,unclassified,0.0
949,7.21505,81.83522,3.23,341.64,2026-09-03,,999.0,999.0,999.0,999.0,999.0,999.0,unclassified,0.0,0.9998,low,uncertain,False,False,True,Both rule engine and ML model have insufficient evidence.,unclassified,0,unclassified,0.9998,0.0,"[""Low-intensity thermal source (FRP: 3.2 MW)."", ""All 14 labeling functions abstained due to lack of spatial context."", ""XGBoost also abstained: its most probable class was 'unclassified' (100.0%), meaning no specific class met the evidence threshold."", ""Decision [uncertain]: classified as unknown requiring ground review.""]",4,uncertain,0.0,0.9998,unclassified,0.0
950,7.30715,81.8511,3.47,330.92,2026-09-03,,999.0,999.0,999.0,999.0,999.0,999.0,unclassified,0.0,0.9996,low,uncertain,False,False,True,Both rule engine and ML model have insufficient evidence.,unclassified,0,unclassified,0.9996,0.0,"[""Low-intensity thermal source (FRP: 3.5 MW)."", ""All 14 labeling functions abstained due to lack of spatial context."", ""XGBoost also abstained: its most probable class was 'unclassified' (100.0%), meaning no specific class met the evidence threshold."", ""Decision [uncertain]: classified as unknown requiring ground review.""]",4,uncertain,0.0,0.9996,unclassified,0.0
951,7.30812,81.85378,4.9,330.62,2026-09-03,,999.0,999.0,999.0,999.0,999.0,999.0,unclassified,0.0,0.9996,low,uncertain,False,False,True,Both rule engine and ML model have insufficient evidence.,unclassified,0,unclassified,0.9996,0.0,"[""Low-intensity thermal source (FRP: 4.9 MW)."", ""All 14 labeling functions abstained due to lack of spatial context."", ""XGBoost also abstained: its most probable class was 'unclassified' (100.0%), meaning no specific class met the evidence threshold."", ""Decision [uncertain]: classified as unknown requiring ground review.""]",4,uncertain,0.0,0.9996,unclassified,0.0
952,7.36392,81.54081,6.1,330.09,2026-09-03,,999.0,999.0,999.0,999.0,999.0,999.0,unclassified,0.0,0.9997,low,uncertain,False,False,True,Both rule engine and ML model have insufficient evidence.,unclassified,0,unclassified,0.9997,0.0,"[""Moderate thermal signature (FRP: 6.1 MW)."", ""All 14 labeling functions abstained due to lack of spatial context."", ""XGBoost also abstained: its most probable class was 'unclassified' (100.0%), meaning no specific class met the evidence threshold."", ""Decision [uncertain]: classified as unknown requiring ground review.""]",4,uncertain,0.0,0.9997,unclassified,0.0
953,7.36477,81.10838,7.86,331.17,2026-09-03,,999.0,999.0,999.0,999.0,999.0,999.0,unclassified,0.0,0.9996,low,uncertain,False,False,True,Both rule engine and ML model have insufficient evidence.,unclassified,0,unclassified,0.9996,0.0,"[""Moderate thermal signature (FRP: 7.9 MW)."", ""All 14 labeling functions abstained due to lack of spatial context."", ""XGBoost also abstained: its most probable class was 'unclassified' (100.0%), meaning no specific class met the evidence threshold."", ""Decision [uncertain]: classified as unknown requiring ground review.""]",4,uncertain,0.0,0.9996,unclassified,0.0
954,7.36666,81.54342,7.58,337.55,2026-09-03,,999.0,999.0,999.0,999.0,999.0,999.0,unclassified,0.0,0.9998,low,uncertain,False,False,True,Both rule engine and ML model have insufficient evidence.,unclassified,0,unclassified,0.9998,0.0,"[""Moderate thermal signature (FRP: 7.6 MW)."", ""All 14 labeling functions abstained due to lack of spatial context."", ""XGBoost also abstained: its most probable class was 'unclassified' (100.0%), meaning no specific class met the evidence threshold."", ""Decision [uncertain]: classified as unknown requiring ground review.""]",4,uncertain,0.0,0.9998,unclassified,0.0
955,7.37235,81.60337,7.97,337.78,2026-09-03,,999.0,999.0,999.0,999.0,999.0,999.0,unclassified,0.0,0.9998,low,uncertain,False,False,True,Both rule engine and ML model have insufficient evidence.,unclassified,0,unclassified,0.9998,0.0,"[""Moderate thermal signature (FRP: 8.0 MW)."", ""All 14 labeling functions abstained due to lack of spatial context."", ""XGBoost also abstained: its most probable class was 'unclassified' (100.0%), meaning no specific class met the evidence threshold."", ""Decision [uncertain]: classified as unknown requiring ground review.""]",4,uncertain,0.0,0.9998,unclassified,0.0
956,7.37384,81.60008,6.02,337.83,2026-09-03,,999.0,999.0,999.0,999.0,999.0,999.0,unclassified,0.0,0.9998,low,uncertain,False,False,True,Both rule engine and ML model have insufficient evidence.,unclassified,0,unclassified,0.9998,0.0,"[""Moderate thermal signature (FRP: 6.0 MW)."", ""All 14 labeling functions abstained due to lack of spatial context."", ""XGBoost also abstained: its most probable class was 'unclassified' (100.0%), meaning no specific class met the evidence threshold."", ""Decision [uncertain]: classified as unknown requiring ground review.""]",4,uncertain,0.0,0.9998,unclassified,0.0
957,7.38198,81.81867,4.29,335.02,2026-09-03,,999.0,999.0,999.0,999.0,999.0,999.0,unclassified,0.0,0.9998,low,uncertain,False,False,True,Both rule engine and ML model have insufficient evidence.,unclassified,0,unclassified,0.9998,0.0,"[""Low-intensity thermal source (FRP: 4.3 MW)."", ""All 14 labeling functions abstained due to lack of spatial context."", ""XGBoost also abstained: its most probable class was 'unclassified' (100.0%), meaning no specific class met the evidence threshold."", ""Decision [uncertain]: classified as unknown requiring ground review.""]",4,uncertain,0.0,0.9998,unclassified,0.0
958,7.40801,81.64283,3.69,337.1,2026-09-03,,999.0,999.0,999.0,999.0,999.0,999.0,unclassified,0.0,0.9998,low,uncertain,False,False,True,Both rule engine and ML model have insufficient evidence.,unclassified,0,unclassified,0.9998,0.0,"[""Low-intensity thermal source (FRP: 3.7 MW)."", ""All 14 labeling functions abstained due to lack of spatial context."", ""XGBoost also abstained: its most probable class was 'unclassified' (100.0%), meaning no specific class met the evidence threshold."", ""Decision [uncertain]: classified as unknown requiring ground review.""]",4,uncertain,0.0,0.9998,unclassified,0.0
959,7.44196,81.56097,10.29,340.72,2026-09-03,,999.0,999.0,999.0,999.0,999.0,999.0,unclassified,0.0,0.9998,low,uncertain,False,False,True,Both rule engine and ML model have insufficient evidence.,unclassified,0,unclassified,0.9998,0.0,"[""Moderate thermal signature (FRP: 10.3 MW)."", ""All 14 labeling functions abstained due to lack of spatial context."", ""XGBoost also abstained: its most probable class was 'unclassified' (100.0%), meaning no specific class met the evidence threshold."", ""Decision [uncertain]: classified as unknown requiring ground review.""]",4,uncertain,0.0,0.9998,unclassified,0.0
960,7.4489,81.31174,10.37,331.01,2026-09-03,,999.0,999.0,999.0,999.0,999.0,999.0,unclassified,0.0,0.9997,low,uncertain,False,False,True,Both rule engine and ML model have insufficient evidence.,unclassified,0,unclassified,0.9997,0.0,"[""Moderate thermal signature (FRP: 10.4 MW)."", ""All 14 labeling functions abstained due to lack of spatial context."", ""XGBoost also abstained: its most probable class was 'unclassified' (100.0%), meaning no specific class met the evidence threshold."", ""Decision [uncertain]: classified as unknown requiring ground review.""]",4,uncertain,0.0,0.9997,unclassified,0.0
961,7.44981,81.31694,9.76,337.83,2026-09-03,,999.0,999.0,999.0,999.0,999.0,999.0,unclassified,0.0,0.9998,low,uncertain,False,False,True,Both rule engine and ML model have insufficient evidence.,unclassified,0,unclassified,0.9998,0.0,"[""Moderate thermal signature (FRP: 9.8 MW)."", ""All 14 labeling functions abstained due to lack of spatial context."", ""XGBoost also abstained: its most probable class was 'unclassified' (100.0%), meaning no specific class met the evidence threshold."", ""Decision [uncertain]: classified as unknown requiring ground review.""]",4,uncertain,0.0,0.9998,unclassified,0.0
962,7.45927,81.3151,7.11,334.62,2026-09-03,,999.0,999.0,999.0,999.0,999.0,999.0,unclassified,0.0,0.9998,low,uncertain,False,False,True,Both rule engine and ML model have insufficient evidence.,unclassified,0,unclassified,0.9998,0.0,"[""Moderate thermal signature (FRP: 7.1 MW)."", ""All 14 labeling functions abstained due to lack of spatial context."", ""XGBoost also abstained: its most probable class was 'unclassified' (100.0%), meaning no specific class met the evidence threshold."", ""Decision [uncertain]: classified as unknown requiring ground review.""]",4,uncertain,0.0,0.9998,unclassified,0.0
963,7.46132,81.61855,5.54,331.29,2026-09-03,,999.0,999.0,999.0,999.0,999.0,999.0,unclassified,0.0,0.9997,low,uncertain,False,False,True,Both rule engine and ML model have insufficient evidence.,unclassified,0,unclassified,0.9997,0.0,"[""Moderate thermal signature (FRP: 5.5 MW)."", ""All 14 labeling functions abstained due to lack of spatial context."", ""XGBoost also abstained: its most probable class was 'unclassified' (100.0%), meaning no specific class met the evidence threshold."", ""Decision [uncertain]: classified as unknown requiring ground review.""]",4,uncertain,0.0,0.9997,unclassified,0.0
964,7.52379,81.09198,17.96,332.6,2026-09-03,,999.0,999.0,999.0,999.0,999.0,999.0,unclassified,0.0,0.9997,low,uncertain,False,False,True,Both rule engine and ML model have insufficient evidence.,unclassified,0,unclassified,0.9997,0.0,"[""High-intensity thermal signature (FRP: 18.0 MW)."", ""All 14 labeling functions abstained due to lack of spatial context."", ""XGBoost also abstained: its most probable class was 'unclassified' (100.0%), meaning no specific class met the evidence threshold."", ""Decision [uncertain]: classified as unknown requiring ground review.""]",4,uncertain,0.0,0.9997,unclassified,0.0
965,7.55572,81.30218,5.41,331.63,2026-09-03,,999.0,999.0,999.0,999.0,999.0,999.0,unclassified,0.0,0.9996,low,uncertain,False,False,True,Both rule engine and ML model have insufficient evidence.,unclassified,0,unclassified,0.9996,0.0,"[""Moderate thermal signature (FRP: 5.4 MW)."", ""All 14 labeling functions abstained due to lack of spatial context."", ""XGBoost also abstained: its most probable class was 'unclassified' (100.0%), meaning no specific class met the evidence threshold."", ""Decision [uncertain]: classified as unknown requiring ground review.""]",4,uncertain,0.0,0.9996,unclassified,0.0
966,7.62007,80.96745,5.49,331.9,2026-09-03,,999.0,999.0,999.0,999.0,999.0,999.0,unclassified,0.0,0.9997,low,uncertain,False,False,True,Both rule engine and ML model have insufficient evidence.,unclassified,0,unclassified,0.9997,0.0,"[""Moderate thermal signature (FRP: 5.5 MW)."", ""All 14 labeling functions abstained due to lack of spatial context."", ""XGBoost also abstained: its most probable class was 'unclassified' (100.0%), meaning no specific class met the evidence threshold."", ""Decision [uncertain]: classified as unknown requiring ground review.""]",4,uncertain,0.0,0.9997,unclassified,0.0
967,7.68068,81.63508,4.17,337.95,2026-09-03,,999.0,999.0,999.0,999.0,999.0,999.0,unclassified,0.0,0.9997,low,uncertain,False,False,True,Both rule engine and ML model have insufficient evidence.,unclassified,0,unclassified,0.9997,0.0,"[""Low-intensity thermal source (FRP: 4.2 MW)."", ""All 14 labeling functions abstained due to lack of spatial context."", ""XGBoost also abstained: its most probable class was 'unclassified' (100.0%), meaning no specific class met the evidence threshold."", ""Decision [uncertain]: classified as unknown requiring ground review.""]",4,uncertain,0.0,0.9997,unclassified,0.0
968,7.6815,80.17891,4.12,333.59,2026-09-03,,999.0,999.0,999.0,999.0,999.0,999.0,unclassified,0.0,0.9998,low,uncertain,False,False,True,Both rule engine and ML model have insufficient evidence.,unclassified,0,unclassified,0.9998,0.0,"[""Low-intensity thermal source (FRP: 4.1 MW)."", ""All 14 labeling functions abstained due to lack of spatial context."", ""XGBoost also abstained: its most probable class was 'unclassified' (100.0%), meaning no specific class met the evidence threshold."", ""Decision [uncertain]: classified as unknown requiring ground review.""]",4,uncertain,0.0,0.9998,unclassified,0.0
969,7.73792,81.0778,8.03,333.06,2026-09-03,,999.0,999.0,999.0,999.0,999.0,999.0,unclassified,0.0,0.9998,low,uncertain,False,False,True,Both rule engine and ML model have insufficient evidence.,unclassified,0,unclassified,0.9998,0.0,"[""Moderate thermal signature (FRP: 8.0 MW)."", ""All 14 labeling functions abstained due to lack of spatial context."", ""XGBoost also abstained: its most probable class was 'unclassified' (100.0%), meaning no specific class met the evidence threshold."", ""Decision [uncertain]: classified as unknown requiring ground review.""]",4,uncertain,0.0,0.9998,unclassified,0.0
970,7.88585,80.66019,4.49,331.07,2026-09-03,,999.0,999.0,999.0,999.0,999.0,999.0,unclassified,0.0,0.9997,low,uncertain,False,False,True,Both rule engine and ML model have insufficient evidence.,unclassified,0,unclassified,0.9997,0.0,"[""Low-intensity thermal source (FRP: 4.5 MW)."", ""All 14 labeling functions abstained due to lack of spatial context."", ""XGBoost also abstained: its most probable class was 'unclassified' (100.0%), meaning no specific class met the evidence threshold."", ""Decision [uncertain]: classified as unknown requiring ground review.""]",4,uncertain,0.0,0.9997,unclassified,0.0
971,7.96085,79.96597,2.68,333.06,2026-09-03,,999.0,999.0,999.0,999.0,999.0,999.0,unclassified,0.0,0.9998,low,uncertain,False,False,True,Both rule engine and ML model have insufficient evidence.,unclassified,0,unclassified,0.9998,0.0,"[""Low-intensity thermal source (FRP: 2.7 MW)."", ""All 14 labeling functions abstained due to lack of spatial context."", ""XGBoost also abstained: its most probable class was 'unclassified' (100.0%), meaning no specific class met the evidence threshold."", ""Decision [uncertain]: classified as unknown requiring ground review.""]",4,uncertain,0.0,0.9998,unclassified,0.0
972,8.10204,80.72932,9.87,335.97,2026-09-03,,999.0,999.0,999.0,999.0,999.0,999.0,unclassified,0.0,0.9998,low,uncertain,False,False,True,Both rule engine and ML model have insufficient evidence.,unclassified,0,unclassified,0.9998,0.0,"[""Moderate thermal signature (FRP: 9.9 MW)."", ""All 14 labeling functions abstained due to lack of spatial context."", ""XGBoost also abstained: its most probable class was 'unclassified' (100.0%), meaning no specific class met the evidence threshold."", ""Decision [uncertain]: classified as unknown requiring ground review.""]",4,uncertain,0.0,0.9998,unclassified,0.0
973,8.10524,80.73309,8.29,337.22,2026-09-03,,999.0,999.0,999.0,999.0,999.0,999.0,unclassified,0.0,0.9998,low,uncertain,False,False,True,Both rule engine and ML model have insufficient evidence.,unclassified,0,unclassified,0.9998,0.0,"[""Moderate thermal signature (FRP: 8.3 MW)."", ""All 14 labeling functions abstained due to lack of spatial context."", ""XGBoost also abstained: its most probable class was 'unclassified' (100.0%), meaning no specific class met the evidence threshold."", ""Decision [uncertain]: classified as unknown requiring ground review.""]",4,uncertain,0.0,0.9998,unclassified,0.0
974,8.19926,81.06908,15.8,341.79,2026-09-03,,999.0,999.0,999.0,999.0,999.0,999.0,unclassified,0.0,0.9998,low,uncertain,False,False,True,Both rule engine and ML model have insufficient evidence.,unclassified,0,unclassified,0.9998,0.0,"[""High-intensity thermal signature (FRP: 15.8 MW)."", ""All 14 labeling functions abstained due to lack of spatial context."", ""XGBoost also abstained: its most probable class was 'unclassified' (100.0%), meaning no specific class met the evidence threshold."", ""Decision [uncertain]: classified as unknown requiring ground review.""]",4,uncertain,0.0,0.9998,unclassified,0.0
975,8.24832,80.14695,6.75,348.24,2026-09-03,,999.0,999.0,999.0,999.0,999.0,999.0,unclassified,0.0,0.9998,low,uncertain,False,False,True,Both rule engine and ML model have insufficient evidence.,unclassified,0,unclassified,0.9998,0.0,"[""Moderate thermal signature (FRP: 6.8 MW)."", ""All 14 labeling functions abstained due to lack of spatial context."", ""XGBoost also abstained: its most probable class was 'unclassified' (100.0%), meaning no specific class met the evidence threshold."", ""Decision [uncertain]: classified as unknown requiring ground review.""]",4,uncertain,0.0,0.9998,unclassified,0.0
976,8.26462,80.15033,6.57,342.57,2026-09-03,,999.0,999.0,999.0,999.0,999.0,999.0,unclassified,0.0,0.9998,low,uncertain,False,False,True,Both rule engine and ML model have insufficient evidence.,unclassified,0,unclassified,0.9998,0.0,"[""Moderate thermal signature (FRP: 6.6 MW)."", ""All 14 labeling functions abstained due to lack of spatial context."", ""XGBoost also abstained: its most probable class was 'unclassified' (100.0%), meaning no specific class met the evidence threshold."", ""Decision [uncertain]: classified as unknown requiring ground review.""]",4,uncertain,0.0,0.9998,unclassified,0.0
977,8.28586,80.21172,3.29,336.6,2026-09-03,,999.0,999.0,999.0,999.0,999.0,999.0,unclassified,0.0,0.9998,low,uncertain,False,False,True,Both rule engine and ML model have insufficient evidence.,unclassified,0,unclassified,0.9998,0.0,"[""Low-intensity thermal source (FRP: 3.3 MW)."", ""All 14 labeling functions abstained due to lack of spatial context."", ""XGBoost also abstained: its most probable class was 'unclassified' (100.0%), meaning no specific class met the evidence threshold."", ""Decision [uncertain]: classified as unknown requiring ground review.""]",4,uncertain,0.0,0.9998,unclassified,0.0
978,8.30271,80.59719,6.62,339.21,2026-09-03,,999.0,999.0,999.0,999.0,999.0,999.0,unclassified,0.0,0.9998,low,uncertain,False,False,True,Both rule engine and ML model have insufficient evidence.,unclassified,0,unclassified,0.9998,0.0,"[""Moderate thermal signature (FRP: 6.6 MW)."", ""All 14 labeling functions abstained due to lack of spatial context."", ""XGBoost also abstained: its most probable class was 'unclassified' (100.0%), meaning no specific class met the evidence threshold."", ""Decision [uncertain]: classified as unknown requiring ground review.""]",4,uncertain,0.0,0.9998,unclassified,0.0
979,8.30449,80.19914,2.36,332.88,2026-09-03,,999.0,999.0,999.0,999.0,999.0,999.0,unclassified,0.0,0.9998,low,uncertain,False,False,True,Both rule engine and ML model have insufficient evidence.,unclassified,0,unclassified,0.9998,0.0,"[""Low-intensity thermal source (FRP: 2.4 MW)."", ""All 14 labeling functions abstained due to lack of spatial context."", ""XGBoost also abstained: its most probable class was 'unclassified' (100.0%), meaning no specific class met the evidence threshold."", ""Decision [uncertain]: classified as unknown requiring ground review.""]",4,uncertain,0.0,0.9998,unclassified,0.0
980,8.33746,81.01548,10.77,353.3,2026-09-03,,999.0,999.0,999.0,999.0,999.0,999.0,unclassified,0.0,0.9998,low,uncertain,False,False,True,Both rule engine and ML model have insufficient evidence.,unclassified,0,unclassified,0.9998,0.0,"[""Moderate thermal signature (FRP: 10.8 MW)."", ""All 14 labeling functions abstained due to lack of spatial context."", ""XGBoost also abstained: its most probable class was 'unclassified' (100.0%), meaning no specific class met the evidence threshold."", ""Decision [uncertain]: classified as unknown requiring ground review.""]",4,uncertain,0.0,0.9998,unclassified,0.0
981,8.36755,81.04775,10.25,332.21,2026-09-03,,999.0,999.0,999.0,999.0,999.0,999.0,unclassified,0.0,0.9997,low,uncertain,False,False,True,Both rule engine and ML model have insufficient evidence.,unclassified,0,unclassified,0.9997,0.0,"[""Moderate thermal signature (FRP: 10.2 MW)."", ""All 14 labeling functions abstained due to lack of spatial context."", ""XGBoost also abstained: its most probable class was 'unclassified' (100.0%), meaning no specific class met the evidence threshold."", ""Decision [uncertain]: classified as unknown requiring ground review.""]",4,uncertain,0.0,0.9997,unclassified,0.0
982,8.44509,81.09625,3.59,341.54,2026-09-03,,999.0,999.0,999.0,999.0,999.0,999.0,unclassified,0.0,0.9998,low,uncertain,False,False,True,Both rule engine and ML model have insufficient evidence.,unclassified,0,unclassified,0.9998,0.0,"[""Low-intensity thermal source (FRP: 3.6 MW)."", ""All 14 labeling functions abstained due to lack of spatial context."", ""XGBoost also abstained: its most probable class was 'unclassified' (100.0%), meaning no specific class met the evidence threshold."", ""Decision [uncertain]: classified as unknown requiring ground review.""]",4,uncertain,0.0,0.9998,unclassified,0.0
983,8.34383,80.22264,10.95,350.25,2026-09-03,,999.0,999.0,999.0,999.0,999.0,999.0,unclassified,0.0,0.9998,low,uncertain,False,False,True,Both rule engine and ML model have insufficient evidence.,unclassified,0,unclassified,0.9998,0.0,"[""Moderate thermal signature (FRP: 10.9 MW)."", ""All 14 labeling functions abstained due to lack of spatial context."", ""XGBoost also abstained: its most probable class was 'unclassified' (100.0%), meaning no specific class met the evidence threshold."", ""Decision [uncertain]: classified as unknown requiring ground review.""]",4,uncertain,0.0,0.9998,unclassified,0.0
984,8.34437,80.22562,10.95,342.36,2026-09-03,,999.0,999.0,999.0,999.0,999.0,999.0,unclassified,0.0,0.9998,low,uncertain,False,False,True,Both rule engine and ML model have insufficient evidence.,unclassified,0,unclassified,0.9998,0.0,"[""Moderate thermal signature (FRP: 10.9 MW)."", ""All 14 labeling functions abstained due to lack of spatial context."", ""XGBoost also abstained: its most probable class was 'unclassified' (100.0%), meaning no specific class met the evidence threshold."", ""Decision [uncertain]: classified as unknown requiring ground review.""]",4,uncertain,0.0,0.9998,unclassified,0.0
985,8.35971,80.2533,2.35,335.5,2026-09-03,,999.0,999.0,999.0,999.0,999.0,999.0,unclassified,0.0,0.9998,low,uncertain,False,False,True,Both rule engine and ML model have insufficient evidence.,unclassified,0,unclassified,0.9998,0.0,"[""Low-intensity thermal source (FRP: 2.4 MW)."", ""All 14 labeling functions abstained due to lack of spatial context."", ""XGBoost also abstained: its most probable class was 'unclassified' (100.0%), meaning no specific class met the evidence threshold."", ""Decision [uncertain]: classified as unknown requiring ground review.""]",4,uncertain,0.0,0.9998,unclassified,0.0
986,8.41501,80.3905,8.63,367.0,2026-09-03,,999.0,999.0,999.0,999.0,999.0,999.0,unclassified,0.0,0.9998,low,uncertain,False,False,True,Both rule engine and ML model have insufficient evidence.,unclassified,0,unclassified,0.9998,0.0,"[""Moderate thermal signature (FRP: 8.6 MW)."", ""All 14 labeling functions abstained due to lack of spatial context."", ""XGBoost also abstained: its most probable class was 'unclassified' (100.0%), meaning no specific class met the evidence threshold."", ""Decision [uncertain]: classified as unknown requiring ground review.""]",4,uncertain,0.0,0.9998,unclassified,0.0
987,8.46256,80.36608,3.73,333.5,2026-09-03,,999.0,999.0,999.0,999.0,999.0,999.0,unclassified,0.0,0.9998,low,uncertain,False,False,True,Both rule engine and ML model have insufficient evidence.,unclassified,0,unclassified,0.9998,0.0,"[""Low-intensity thermal source (FRP: 3.7 MW)."", ""All 14 labeling functions abstained due to lack of spatial context."", ""XGBoost also abstained: its most probable class was 'unclassified' (100.0%), meaning no specific class met the evidence threshold."", ""Decision [uncertain]: classified as unknown requiring ground review.""]",4,uncertain,0.0,0.9998,unclassified,0.0
988,8.49436,77.96617,3.34,330.46,2026-09-03,,999.0,999.0,999.0,999.0,999.0,999.0,unclassified,0.0,0.9997,low,uncertain,False,False,True,Both rule engine and ML model have insufficient evidence.,unclassified,0,unclassified,0.9997,0.0,"[""Low-intensity thermal source (FRP: 3.3 MW)."", ""All 14 labeling functions abstained due to lack of spatial context."", ""XGBoost also abstained: its most probable class was 'unclassified' (100.0%), meaning no specific class met the evidence threshold."", ""Decision [uncertain]: classified as unknown requiring ground review.""]",4,uncertain,0.0,0.9997,unclassified,0.0
989,8.51105,80.40782,3.29,331.08,2026-09-03,,999.0,999.0,999.0,999.0,999.0,999.0,unclassified,0.0,0.9997,low,uncertain,False,False,True,Both rule engine and ML model have insufficient evidence.,unclassified,0,unclassified,0.9997,0.0,"[""Low-intensity thermal source (FRP: 3.3 MW)."", ""All 14 labeling functions abstained due to lack of spatial context."", ""XGBoost also abstained: its most probable class was 'unclassified' (100.0%), meaning no specific class met the evidence threshold."", ""Decision [uncertain]: classified as unknown requiring ground review.""]",4,uncertain,0.0,0.9997,unclassified,0.0
990,8.52967,80.84583,5.39,335.62,2026-09-03,,999.0,999.0,999.0,999.0,999.0,999.0,unclassified,0.0,0.9998,low,uncertain,False,False,True,Both rule engine and ML model have insufficient evidence.,unclassified,0,unclassified,0.9998,0.0,"[""Moderate thermal signature (FRP: 5.4 MW)."", ""All 14 labeling functions abstained due to lack of spatial context."", ""XGBoost also abstained: its most probable class was 'unclassified' (100.0%), meaning no specific class met the evidence threshold."", ""Decision [uncertain]: classified as unknown requiring ground review.""]",4,uncertain,0.0,0.9998,unclassified,0.0
991,8.53348,80.84363,9.06,336.45,2026-09-03,,999.0,999.0,999.0,999.0,999.0,999.0,unclassified,0.0,0.9998,low,uncertain,False,False,True,Both rule engine and ML model have insufficient evidence.,unclassified,0,unclassified,0.9998,0.0,"[""Moderate thermal signature (FRP: 9.1 MW)."", ""All 14 labeling functions abstained due to lack of spatial context."", ""XGBoost also abstained: its most probable class was 'unclassified' (100.0%), meaning no specific class met the evidence threshold."", ""Decision [uncertain]: classified as unknown requiring ground review.""]",4,uncertain,0.0,0.9998,unclassified,0.0
992,8.58942,80.82306,6.13,334.19,2026-09-03,,999.0,999.0,999.0,999.0,999.0,999.0,unclassified,0.0,0.9998,low,uncertain,False,False,True,Both rule engine and ML model have insufficient evidence.,unclassified,0,unclassified,0.9998,0.0,"[""Moderate thermal signature (FRP: 6.1 MW)."", ""All 14 labeling functions abstained due to lack of spatial context."", ""XGBoost also abstained: its most probable class was 'unclassified' (100.0%), meaning no specific class met the evidence threshold."", ""Decision [uncertain]: classified as unknown requiring ground review.""]",4,uncertain,0.0,0.9998,unclassified,0.0
993,8.6308,80.4159,2.74,333.51,2026-09-03,,999.0,999.0,999.0,999.0,999.0,999.0,unclassified,0.0,0.9998,low,uncertain,False,False,True,Both rule engine and ML model have insufficient evidence.,unclassified,0,unclassified,0.9998,0.0,"[""Low-intensity thermal source (FRP: 2.7 MW)."", ""All 14 labeling functions abstained due to lack of spatial context."", ""XGBoost also abstained: its most probable class was 'unclassified' (100.0%), meaning no specific class met the evidence threshold."", ""Decision [uncertain]: classified as unknown requiring ground review.""]",4,uncertain,0.0,0.9998,unclassified,0.0
994,8.72508,80.47949,15.27,344.74,2026-09-03,,999.0,999.0,999.0,999.0,999.0,999.0,unclassified,0.0,0.9998,low,uncertain,False,False,True,Both rule engine and ML model have insufficient evidence.,unclassified,0,unclassified,0.9998,0.0,"[""High-intensity thermal signature (FRP: 15.3 MW)."", ""All 14 labeling functions abstained due to lack of spatial context."", ""XGBoost also abstained: its most probable class was 'unclassified' (100.0%), meaning no specific class met the evidence threshold."", ""Decision [uncertain]: classified as unknown requiring ground review.""]",4,uncertain,0.0,0.9998,unclassified,0.0
995,8.79795,80.4024,12.78,343.66,2026-09-03,,999.0,999.0,999.0,999.0,999.0,999.0,unclassified,0.0,0.9998,low,uncertain,False,False,True,Both rule engine and ML model have insufficient evidence.,unclassified,0,unclassified,0.9998,0.0,"[""Moderate thermal signature (FRP: 12.8 MW)."", ""All 14 labeling functions abstained due to lack of spatial context."", ""XGBoost also abstained: its most probable class was 'unclassified' (100.0%), meaning no specific class met the evidence threshold."", ""Decision [uncertain]: classified as unknown requiring ground review.""]",4,uncertain,0.0,0.9998,unclassified,0.0
996,8.79975,80.40611,8.46,331.81,2026-09-03,,999.0,999.0,999.0,999.0,999.0,999.0,unclassified,0.0,0.9997,low,uncertain,False,False,True,Both rule engine and ML model have insufficient evidence.,unclassified,0,unclassified,0.9997,0.0,"[""Moderate thermal signature (FRP: 8.5 MW)."", ""All 14 labeling functions abstained due to lack of spatial context."", ""XGBoost also abstained: its most probable class was 'unclassified' (100.0%), meaning no specific class met the evidence threshold."", ""Decision [uncertain]: classified as unknown requiring ground review.""]",4,uncertain,0.0,0.9997,unclassified,0.0
997,8.86345,78.08493,2.28,338.14,2026-09-03,,999.0,999.0,999.0,999.0,999.0,999.0,unclassified,0.0,0.9998,low,uncertain,False,False,True,Both rule engine and ML model have insufficient evidence.,unclassified,0,unclassified,0.9998,0.0,"[""Low-intensity thermal source (FRP: 2.3 MW)."", ""All 14 labeling functions abstained due to lack of spatial context."", ""XGBoost also abstained: its most probable class was 'unclassified' (100.0%), meaning no specific class met the evidence threshold."", ""Decision [uncertain]: classified as unknown requiring ground review.""]",4,uncertain,0.0,0.9998,unclassified,0.0
998,8.9091,80.35435,6.05,339.55,2026-09-03,,999.0,999.0,999.0,999.0,999.0,999.0,unclassified,0.0,0.9998,low,uncertain,False,False,True,Both rule engine and ML model have insufficient evidence.,unclassified,0,unclassified,0.9998,0.0,"[""Moderate thermal signature (FRP: 6.0 MW)."", ""All 14 labeling functions abstained due to lack of spatial context."", ""XGBoost also abstained: its most probable class was 'unclassified' (100.0%), meaning no specific class met the evidence threshold."", ""Decision [uncertain]: classified as unknown requiring ground review.""]",4,uncertain,0.0,0.9998,unclassified,0.0
999,8.94823,80.79115,4.58,333.54,2026-09-03,,999.0,999.0,999.0,999.0,999.0,999.0,unclassified,0.0,0.9998,low,uncertain,False,False,True,Both rule engine and ML model have insufficient evidence.,unclassified,0,unclassified,0.9998,0.0,"[""Low-intensity thermal source (FRP: 4.6 MW)."", ""All 14 labeling functions abstained due to lack of spatial context."", ""XGBoost also abstained: its most probable class was 'unclassified' (100.0%), meaning no specific class met the evidence threshold."", ""Decision [uncertain]: classified as unknown requiring ground review.""]",4,uncertain,0.0,0.9998,unclassified,0.0
1000,8.995,78.11643,3.27,341.06,2026-09-03,,999.0,999.0,999.0,999.0,999.0,999.0,unclassified,0.0,0.9998,low,uncertain,False,False,True,Both rule engine and ML model have insufficient evidence.,unclassified,0,unclassified,0.9998,0.0,"[""Low-intensity thermal source (FRP: 3.3 MW)."", ""All 14 labeling functions abstained due to lack of spatial context."", ""XGBoost also abstained: its most probable class was 'unclassified' (100.0%), meaning no specific class met the evidence threshold."", ""Decision [uncertain]: classified as unknown requiring ground review.""]",4,uncertain,0.0,0.9998,unclassified,0.0
1001,9.13227,80.27708,4.0,340.2,2026-09-03,,999.0,999.0,999.0,999.0,999.0,999.0,unclassified,0.0,0.9998,low,uncertain,False,False,True,Both rule engine and ML model have insufficient evidence.,unclassified,0,unclassified,0.9998,0.0,"[""Low-intensity thermal source (FRP: 4.0 MW)."", ""All 14 labeling functions abstained due to lack of spatial context."", ""XGBoost also abstained: its most probable class was 'unclassified' (100.0%), meaning no specific class met the evidence threshold."", ""Decision [uncertain]: classified as unknown requiring ground review.""]",4,uncertain,0.0,0.9998,unclassified,0.0
1002,9.20978,80.65526,6.78,338.21,2026-09-03,,999.0,999.0,999.0,999.0,999.0,999.0,unclassified,0.0,0.9998,low,uncertain,False,False,True,Both rule engine and ML model have insufficient evidence.,unclassified,0,unclassified,0.9998,0.0,"[""Moderate thermal signature (FRP: 6.8 MW)."", ""All 14 labeling functions abstained due to lack of spatial context."", ""XGBoost also abstained: its most probable class was 'unclassified' (100.0%), meaning no specific class met the evidence threshold."", ""Decision [uncertain]: classified as unknown requiring ground review.""]",4,uncertain,0.0,0.9998,unclassified,0.0
1003,9.22214,80.69701,8.65,335.77,2026-09-03,,999.0,999.0,999.0,999.0,999.0,999.0,unclassified,0.0,0.9998,low,uncertain,False,False,True,Both rule engine and ML model have insufficient evidence.,unclassified,0,unclassified,0.9998,0.0,"[""Moderate thermal signature (FRP: 8.7 MW)."", ""All 14 labeling functions abstained due to lack of spatial context."", ""XGBoost also abstained: its most probable class was 'unclassified' (100.0%), meaning no specific class met the evidence threshold."", ""Decision [uncertain]: classified as unknown requiring ground review.""]",4,uncertain,0.0,0.9998,unclassified,0.0
1004,9.40467,80.27582,7.92,344.59,2026-09-03,,999.0,999.0,999.0,999.0,999.0,999.0,unclassified,0.0,0.9998,low,uncertain,False,False,True,Both rule engine and ML model have insufficient evidence.,unclassified,0,unclassified,0.9998,0.0,"[""Moderate thermal signature (FRP: 7.9 MW)."", ""All 14 labeling functions abstained due to lack of spatial context."", ""XGBoost also abstained: its most probable class was 'unclassified' (100.0%), meaning no specific class met the evidence threshold."", ""Decision [uncertain]: classified as unknown requiring ground review.""]",4,uncertain,0.0,0.9998,unclassified,0.0
1005,9.40643,80.27791,11.41,342.51,2026-09-03,,999.0,999.0,999.0,999.0,999.0,999.0,unclassified,0.0,0.9998,low,uncertain,False,False,True,Both rule engine and ML model have insufficient evidence.,unclassified,0,unclassified,0.9998,0.0,"[""Moderate thermal signature (FRP: 11.4 MW)."", ""All 14 labeling functions abstained due to lack of spatial context."", ""XGBoost also abstained: its most probable class was 'unclassified' (100.0%), meaning no specific class met the evidence threshold."", ""Decision [uncertain]: classified as unknown requiring ground review.""]",4,uncertain,0.0,0.9998,unclassified,0.0
1006,9.40674,80.45943,8.78,337.9,2026-09-03,,999.0,999.0,999.0,999.0,999.0,999.0,unclassified,0.0,0.9998,low,uncertain,False,False,True,Both rule engine and ML model have insufficient evidence.,unclassified,0,unclassified,0.9998,0.0,"[""Moderate thermal signature (FRP: 8.8 MW)."", ""All 14 labeling functions abstained due to lack of spatial context."", ""XGBoost also abstained: its most probable class was 'unclassified' (100.0%), meaning no specific class met the evidence threshold."", ""Decision [uncertain]: classified as unknown requiring ground review.""]",4,uncertain,0.0,0.9998,unclassified,0.0
1007,9.42708,80.41814,8.81,332.15,2026-09-03,,999.0,999.0,999.0,999.0,999.0,999.0,unclassified,0.0,0.9997,low,uncertain,False,False,True,Both rule engine and ML model have insufficient evidence.,unclassified,0,unclassified,0.9997,0.0,"[""Moderate thermal signature (FRP: 8.8 MW)."", ""All 14 labeling functions abstained due to lack of spatial context."", ""XGBoost also abstained: its most probable class was 'unclassified' (100.0%), meaning no specific class met the evidence threshold."", ""Decision [uncertain]: classified as unknown requiring ground review.""]",4,uncertain,0.0,0.9997,unclassified,0.0
1008,9.43313,80.38053,8.46,343.61,2026-09-03,,999.0,999.0,999.0,999.0,999.0,999.0,unclassified,0.0,0.9998,low,uncertain,False,False,True,Both rule engine and ML model have insufficient evidence.,unclassified,0,unclassified,0.9998,0.0,"[""Moderate thermal signature (FRP: 8.5 MW)."", ""All 14 labeling functions abstained due to lack of spatial context."", ""XGBoost also abstained: its most probable class was 'unclassified' (100.0%), meaning no specific class met the evidence threshold."", ""Decision [uncertain]: classified as unknown requiring ground review.""]",4,uncertain,0.0,0.9998,unclassified,0.0
1009,9.43566,80.38232,3.98,342.04,2026-09-03,,999.0,999.0,999.0,999.0,999.0,999.0,unclassified,0.0,0.9998,low,uncertain,False,False,True,Both rule engine and ML model have insufficient evidence.,unclassified,0,unclassified,0.9998,0.0,"[""Low-intensity thermal source (FRP: 4.0 MW)."", ""All 14 labeling functions abstained due to lack of spatial context."", ""XGBoost also abstained: its most probable class was 'unclassified' (100.0%), meaning no specific class met the evidence threshold."", ""Decision [uncertain]: classified as unknown requiring ground review.""]",4,uncertain,0.0,0.9998,unclassified,0.0
1010,9.45518,80.50696,8.3,344.57,2026-09-03,,999.0,999.0,999.0,999.0,999.0,999.0,unclassified,0.0,0.9998,low,uncertain,False,False,True,Both rule engine and ML model have insufficient evidence.,unclassified,0,unclassified,0.9998,0.0,"[""Moderate thermal signature (FRP: 8.3 MW)."", ""All 14 labeling functions abstained due to lack of spatial context."", ""XGBoost also abstained: its most probable class was 'unclassified' (100.0%), meaning no specific class met the evidence threshold."", ""Decision [uncertain]: classified as unknown requiring ground review.""]",4,uncertain,0.0,0.9998,unclassified,0.0
1011,9.4573,80.46156,5.33,331.23,2026-09-03,,999.0,999.0,999.0,999.0,999.0,999.0,unclassified,0.0,0.9997,low,uncertain,False,False,True,Both rule engine and ML model have insufficient evidence.,unclassified,0,unclassified,0.9997,0.0,"[""Moderate thermal signature (FRP: 5.3 MW)."", ""All 14 labeling functions abstained due to lack of spatial context."", ""XGBoost also abstained: its most probable class was 'unclassified' (100.0%), meaning no specific class met the evidence threshold."", ""Decision [uncertain]: classified as unknown requiring ground review.""]",4,uncertain,0.0,0.9997,unclassified,0.0
1012,9.65053,78.06663,5.67,343.52,2026-09-03,,999.0,999.0,999.0,999.0,999.0,999.0,unclassified,0.0,0.9998,low,uncertain,False,False,True,Both rule engine and ML model have insufficient evidence.,unclassified,0,unclassified,0.9998,0.0,"[""Moderate thermal signature (FRP: 5.7 MW)."", ""All 14 labeling functions abstained due to lack of spatial context."", ""XGBoost also abstained: its most probable class was 'unclassified' (100.0%), meaning no specific class met the evidence threshold."", ""Decision [uncertain]: classified as unknown requiring ground review.""]",4,uncertain,0.0,0.9998,unclassified,0.0
1013,9.65259,78.06654,6.03,335.92,2026-09-03,,999.0,999.0,999.0,999.0,999.0,999.0,unclassified,0.0,0.9998,low,uncertain,False,False,True,Both rule engine and ML model have insufficient evidence.,unclassified,0,unclassified,0.9998,0.0,"[""Moderate thermal signature (FRP: 6.0 MW)."", ""All 14 labeling functions abstained due to lack of spatial context."", ""XGBoost also abstained: its most probable class was 'unclassified' (100.0%), meaning no specific class met the evidence threshold."", ""Decision [uncertain]: classified as unknown requiring ground review.""]",4,uncertain,0.0,0.9998,unclassified,0.0
1014,9.7496,78.01988,9.94,342.77,2026-09-03,,999.0,999.0,999.0,999.0,999.0,999.0,unclassified,0.0,0.9998,low,uncertain,False,False,True,Both rule engine and ML model have insufficient evidence.,unclassified,0,unclassified,0.9998,0.0,"[""Moderate thermal signature (FRP: 9.9 MW)."", ""All 14 labeling functions abstained due to lack of spatial context."", ""XGBoost also abstained: its most probable class was 'unclassified' (100.0%), meaning no specific class met the evidence threshold."", ""Decision [uncertain]: classified as unknown requiring ground review.""]",4,uncertain,0.0,0.9998,unclassified,0.0
1015,9.75129,78.01684,10.6,343.09,2026-09-03,,999.0,999.0,999.0,999.0,999.0,999.0,unclassified,0.0,0.9998,low,uncertain,False,False,True,Both rule engine and ML model have insufficient evidence.,unclassified,0,unclassified,0.9998,0.0,"[""Moderate thermal signature (FRP: 10.6 MW)."", ""All 14 labeling functions abstained due to lack of spatial context."", ""XGBoost also abstained: its most probable class was 'unclassified' (100.0%), meaning no specific class met the evidence threshold."", ""Decision [uncertain]: classified as unknown requiring ground review.""]",4,uncertain,0.0,0.9998,unclassified,0.0
1016,10.49617,79.46641,3.94,343.03,2026-09-03,,999.0,999.0,999.0,999.0,999.0,999.0,unclassified,0.0,0.9998,low,uncertain,False,False,True,Both rule engine and ML model have insufficient evidence.,unclassified,0,unclassified,0.9998,0.0,"[""Low-intensity thermal source (FRP: 3.9 MW)."", ""All 14 labeling functions abstained due to lack of spatial context."", ""XGBoost also abstained: its most probable class was 'unclassified' (100.0%), meaning no specific class met the evidence threshold."", ""Decision [uncertain]: classified as unknown requiring ground review.""]",4,uncertain,0.0,0.9998,unclassified,0.0
1017,12.44623,79.14983,3.06,338.77,2026-09-03,,25.059,999.0,999.0,999.0,999.0,999.0,unclassified,0.0,0.9997,low,uncertain,False,False,True,Both rule engine and ML model have insufficient evidence.,unclassified,0,unclassified,0.9997,0.0,"[""Low-intensity thermal source (FRP: 3.1 MW)."", ""All 14 labeling functions abstained due to lack of spatial context."", ""XGBoost also abstained: its most probable class was 'unclassified' (100.0%), meaning no specific class met the evidence threshold."", ""Decision [uncertain]: classified as unknown requiring ground review.""]",4,uncertain,0.0,0.9997,unclassified,0.0
1018,12.74508,78.65624,4.03,335.06,2026-09-03,,24.675,999.0,999.0,999.0,999.0,999.0,unclassified,0.0,0.9916,low,uncertain,False,False,True,Both rule engine and ML model have insufficient evidence.,unclassified,0,unclassified,0.9916,0.0,"[""Low-intensity thermal source (FRP: 4.0 MW)."", ""Industrial infrastructure within 3.2 km."", ""All 14 labeling functions abstained due to lack of spatial context."", ""XGBoost also abstained: its most probable class was 'unclassified' (99.2%), meaning no specific class met the evidence threshold."", ""Decision [uncertain]: classified as unknown requiring ground review.""]",5,uncertain,0.0,0.9916,unclassified,0.0
1019,14.10816,77.59407,3.39,330.93,2026-09-03,,999.0,999.0,999.0,999.0,999.0,18.092,industrial_fire,0.99,0.9971,high,hybrid_agreement,True,False,False,,industrial_fire,1,industrial_fire,0.9971,99.0,"[""Low-intensity thermal source (FRP: 3.4 MW)."", ""Industrial infrastructure within 1.0 km."", ""1 labeling function(s) voted 'industrial_fire' (lf_factory_proximity_thermal)."", ""XGBoost predicted 'industrial_fire' with 99.7% probability."", ""Decision [hybrid_agreement]: independent rule evidence and ML agree on 'industrial_fire' — status confirmed.""]",5,confirmed,0.99,0.9971,industrial_fire,1.0
1020,21.10291,72.64852,9.08,334.62,2026-09-03,,999.0,4.004,2.875,999.0,999.0,1.102,industrial_fire,0.99,0.997,high,hybrid_agreement,True,False,False,,industrial_fire,3,industrial_fire,0.997,99.0,"[""Moderate thermal signature (FRP: 9.1 MW)."", ""Industrial infrastructure within 0.92 km."", ""Agricultural land within 4.0 km."", ""3 labeling function(s) voted 'industrial_fire' (lf_industry_high_frp, lf_factory_proximity_thermal, lf_industrial_zone_cluster)."", ""XGBoost predicted 'industrial_fire' with 99.7% probability."", ""Decision [hybrid_agreement]: independent rule evidence and ML agree on 'industrial_fire' — status confirmed.""]",6,confirmed,0.99,0.997,industrial_fire,3.0
1021,21.16354,72.67133,5.44,338.1,2026-09-03,,999.0,4.862,9.001,999.0,999.0,0.818,industrial_fire,0.99,0.9976,high,hybrid_agreement,True,False,False,,industrial_fire,3,industrial_fire,0.9976,99.0,"[""Moderate thermal signature (FRP: 5.4 MW)."", ""Industrial infrastructure within 0.65 km."", ""Agricultural land within 4.9 km."", ""3 labeling function(s) voted 'industrial_fire' (lf_industry_high_frp, lf_factory_proximity_thermal, lf_industrial_zone_cluster)."", ""XGBoost predicted 'industrial_fire' with 99.8% probability."", ""Decision [hybrid_agreement]: independent rule evidence and ML agree on 'industrial_fire' — status confirmed.""]",6,confirmed,0.99,0.9976,industrial_fire,3.0
1022,22.36557,87.30296,9.64,343.37,2026-09-03,,9.823,5.395,999.0,999.0,999.0,999.0,agricultural_burn,0.85,0.3333,high,rule_dominant,True,False,False,,agricultural_burn,3,agricultural_burn,0.3333,85.0,"[""Moderate thermal signature (FRP: 9.6 MW)."", ""Strong domain consensus: 3 labeling function(s) voted 'agricultural_burn' (lf_agriculture_vegetation_fire, lf_agriculture_burn_context, lf_forest_vegetation_fire)."", ""ML model exhibited low confidence (33.3% for 'agricultural_burn')."", ""Decision [rule_dominant]: independent multi-rule consensus is sufficient — status confirmed.""]",4,confirmed,0.85,0.3333,agricultural_burn,3.0
1023,23.66255,87.15377,3.12,330.63,2026-09-03,,999.0,999.0,999.0,999.0,999.0,999.0,unclassified,0.0,0.9996,low,uncertain,False,False,True,Both rule engine and ML model have insufficient evidence.,unclassified,0,unclassified,0.9996,0.0,"[""Low-intensity thermal source (FRP: 3.1 MW)."", ""All 14 labeling functions abstained due to lack of spatial context."", ""XGBoost also abstained: its most probable class was 'unclassified' (100.0%), meaning no specific class met the evidence threshold."", ""Decision [uncertain]: classified as unknown requiring ground review.""]",4,uncertain,0.0,0.9996,unclassified,0.0
1024,23.77443,86.36435,4.56,340.16,2026-09-03,,7.788,999.0,999.0,999.0,12.021,999.0,forest_natural_fire,0.99,0.968,high,hybrid_agreement,True,False,False,,forest_natural_fire,1,forest_natural_fire,0.968,99.0,"[""Low-intensity thermal source (FRP: 4.6 MW)."", ""1 labeling function(s) voted 'forest_natural_fire' (lf_forest_vegetation_fire)."", ""XGBoost predicted 'forest_natural_fire' with 96.8% probability."", ""Decision [hybrid_agreement]: independent rule evidence and ML agree on 'forest_natural_fire' — status confirmed.""]",4,confirmed,0.99,0.968,forest_natural_fire,1.0
1025,23.77833,86.3914,5.61,333.93,2026-09-03,,5.452,999.0,999.0,999.0,10.556,999.0,forest_natural_fire,0.99,0.9935,high,hybrid_agreement,True,False,False,,forest_natural_fire,1,forest_natural_fire,0.9935,99.0,"[""Moderate thermal signature (FRP: 5.6 MW)."", ""1 labeling function(s) voted 'forest_natural_fire' (lf_forest_vegetation_fire)."", ""XGBoost predicted 'forest_natural_fire' with 99.3% probability."", ""Decision [hybrid_agreement]: independent rule evidence and ML agree on 'forest_natural_fire' — status confirmed.""]",4,confirmed,0.99,0.9935,forest_natural_fire,1.0
1026,23.78466,85.55476,2.83,332.14,2026-09-03,,5.63,999.0,999.0,999.0,999.0,999.0,forest_natural_fire,0.9734,0.9334,high,hybrid_agreement,True,False,False,,forest_natural_fire,1,forest_natural_fire,0.9334,97.3,"[""Low-intensity thermal source (FRP: 2.8 MW)."", ""1 labeling function(s) voted 'forest_natural_fire' (lf_forest_vegetation_fire)."", ""XGBoost predicted 'forest_natural_fire' with 93.3% probability."", ""Decision [hybrid_agreement]: independent rule evidence and ML agree on 'forest_natural_fire' — status confirmed.""]",4,confirmed,0.9734,0.9334,forest_natural_fire,1.0
1027,23.78796,85.55418,2.83,332.27,2026-09-03,,5.451,999.0,999.0,999.0,999.0,999.0,forest_natural_fire,0.99,0.9581,high,hybrid_agreement,True,False,False,,forest_natural_fire,1,forest_natural_fire,0.9581,99.0,"[""Low-intensity thermal source (FRP: 2.8 MW)."", ""1 labeling function(s) voted 'forest_natural_fire' (lf_forest_vegetation_fire)."", ""XGBoost predicted 'forest_natural_fire' with 95.8% probability."", ""Decision [hybrid_agreement]: independent rule evidence and ML agree on 'forest_natural_fire' — status confirmed.""]",4,confirmed,0.99,0.9581,forest_natural_fire,1.0
1028,27.9844,95.93944,7.85,348.14,2026-09-03,,999.0,999.0,999.0,999.0,999.0,999.0,unclassified,0.0,0.9997,low,uncertain,False,False,True,Both rule engine and ML model have insufficient evidence.,unclassified,0,unclassified,0.9997,0.0,"[""Moderate thermal signature (FRP: 7.8 MW)."", ""All 14 labeling functions abstained due to lack of spatial context."", ""XGBoost also abstained: its most probable class was 'unclassified' (100.0%), meaning no specific class met the evidence threshold."", ""Decision [uncertain]: classified as unknown requiring ground review.""]",4,uncertain,0.0,0.9997,unclassified,0.0
1029,28.80634,71.15429,11.08,367.0,2026-09-03,,999.0,999.0,999.0,999.0,999.0,999.0,unclassified,0.0,0.9998,low,uncertain,False,False,True,Both rule engine and ML model have insufficient evidence.,unclassified,0,unclassified,0.9998,0.0,"[""Moderate thermal signature (FRP: 11.1 MW)."", ""All 14 labeling functions abstained due to lack of spatial context."", ""XGBoost also abstained: its most probable class was 'unclassified' (100.0%), meaning no specific class met the evidence threshold."", ""Decision [uncertain]: classified as unknown requiring ground review.""]",4,uncertain,0.0,0.9998,unclassified,0.0
1030,29.90034,70.05103,2.92,335.7,2026-09-03,,999.0,999.0,999.0,999.0,999.0,999.0,unclassified,0.0,0.9997,low,uncertain,False,False,True,Both rule engine and ML model have insufficient evidence.,unclassified,0,unclassified,0.9997,0.0,"[""Low-intensity thermal source (FRP: 2.9 MW)."", ""All 14 labeling functions abstained due to lack of spatial context."", ""XGBoost also abstained: its most probable class was 'unclassified' (100.0%), meaning no specific class met the evidence threshold."", ""Decision [uncertain]: classified as unknown requiring ground review.""]",4,uncertain,0.0,0.9997,unclassified,0.0
1031,31.36748,72.16143,2.41,330.66,2026-09-03,,999.0,999.0,999.0,999.0,999.0,999.0,unclassified,0.0,0.9997,low,uncertain,False,False,True,Both rule engine and ML model have insufficient evidence.,unclassified,0,unclassified,0.9997,0.0,"[""Low-intensity thermal source (FRP: 2.4 MW)."", ""All 14 labeling functions abstained due to lack of spatial context."", ""XGBoost also abstained: its most probable class was 'unclassified' (100.0%), meaning no specific class met the evidence threshold."", ""Decision [uncertain]: classified as unknown requiring ground review.""]",4,uncertain,0.0,0.9997,unclassified,0.0
1032,31.98055,72.40473,3.05,337.52,2026-09-03,,999.0,999.0,999.0,999.0,999.0,999.0,unclassified,0.0,0.9997,low,uncertain,False,False,True,Both rule engine and ML model have insufficient evidence.,unclassified,0,unclassified,0.9997,0.0,"[""Low-intensity thermal source (FRP: 3.0 MW)."", ""All 14 labeling functions abstained due to lack of spatial context."", ""XGBoost also abstained: its most probable class was 'unclassified' (100.0%), meaning no specific class met the evidence threshold."", ""Decision [uncertain]: classified as unknown requiring ground review.""]",4,uncertain,0.0,0.9997,unclassified,0.0
1033,31.98557,72.40307,2.79,331.06,2026-09-03,,999.0,999.0,999.0,999.0,999.0,999.0,unclassified,0.0,0.9997,low,uncertain,False,False,True,Both rule engine and ML model have insufficient evidence.,unclassified,0,unclassified,0.9997,0.0,"[""Low-intensity thermal source (FRP: 2.8 MW)."", ""All 14 labeling functions abstained due to lack of spatial context."", ""XGBoost also abstained: its most probable class was 'unclassified' (100.0%), meaning no specific class met the evidence threshold."", ""Decision [uncertain]: classified as unknown requiring ground review.""]",4,uncertain,0.0,0.9997,unclassified,0.0
1034,35.70685,73.66389,8.0,339.6,2026-09-03,,999.0,999.0,999.0,999.0,999.0,999.0,unclassified,0.0,0.9998,low,uncertain,False,False,True,Both rule engine and ML model have insufficient evidence.,unclassified,0,unclassified,0.9998,0.0,"[""Moderate thermal signature (FRP: 8.0 MW)."", ""All 14 labeling functions abstained due to lack of spatial context."", ""XGBoost also abstained: its most probable class was 'unclassified' (100.0%), meaning no specific class met the evidence threshold."", ""Decision [uncertain]: classified as unknown requiring ground review.""]",4,uncertain,0.0,0.9998,unclassified,0.0
1035,21.16206,72.674,6.29,341.15,2026-09-03,,999.0,4.987,9.031,999.0,999.0,0.658,industrial_fire,0.99,0.9957,high,hybrid_agreement,True,False,False,,industrial_fire,4,industrial_fire,0.9957,99.0,"[""Moderate thermal signature (FRP: 6.3 MW)."", ""Industrial infrastructure within 0.76 km."", ""Agricultural land within 5.0 km."", ""4 labeling function(s) voted 'industrial_fire' (lf_industry_high_frp, lf_factory_proximity_thermal, lf_industrial_zone_cluster, lf_power_plant_process_heat)."", ""XGBoost predicted 'industrial_fire' with 99.6% probability."", ""Decision [hybrid_agreement]: independent rule evidence and ML agree on 'industrial_fire' — status confirmed.""]",6,confirmed,0.99,0.9957,industrial_fire,4.0
1036,25.38581,68.58442,1.58,330.2,2026-09-03,,999.0,999.0,999.0,999.0,999.0,999.0,unclassified,0.0,0.9997,low,uncertain,False,False,True,Both rule engine and ML model have insufficient evidence.,unclassified,0,unclassified,0.9997,0.0,"[""Low-intensity thermal source (FRP: 1.6 MW)."", ""All 14 labeling functions abstained due to lack of spatial context."", ""XGBoost also abstained: its most probable class was 'unclassified' (100.0%), meaning no specific class met the evidence threshold."", ""Decision [uncertain]: classified as unknown requiring ground review.""]",4,uncertain,0.0,0.9997,unclassified,0.0
1037,25.67347,68.72453,1.64,330.05,2026-09-03,,999.0,999.0,999.0,999.0,999.0,999.0,unclassified,0.0,0.9998,low,uncertain,False,False,True,Both rule engine and ML model have insufficient evidence.,unclassified,0,unclassified,0.9998,0.0,"[""Low-intensity thermal source (FRP: 1.6 MW)."", ""All 14 labeling functions abstained due to lack of spatial context."", ""XGBoost also abstained: its most probable class was 'unclassified' (100.0%), meaning no specific class met the evidence threshold."", ""Decision [uncertain]: classified as unknown requiring ground review.""]",4,uncertain,0.0,0.9998,unclassified,0.0
1038,23.58009,86.72656,1.11,308.13,2026-09-03,,6.321,999.0,999.0,999.0,999.0,999.0,unclassified,0.0,0.9994,low,uncertain,False,False,True,Both rule engine and ML model have insufficient evidence.,unclassified,0,unclassified,0.9994,0.0,"[""Low-intensity thermal source (FRP: 1.1 MW)."", ""All 14 labeling functions abstained due to lack of spatial context."", ""XGBoost also abstained: its most probable class was 'unclassified' (99.9%), meaning no specific class met the evidence threshold."", ""Decision [uncertain]: classified as unknown requiring ground review.""]",4,uncertain,0.0,0.9994,unclassified,0.0
1039,23.5834,86.7272,1.11,310.78,2026-09-03,,5.999,999.0,999.0,999.0,999.0,999.0,unclassified,0.0,0.9994,low,uncertain,False,False,True,Both rule engine and ML model have insufficient evidence.,unclassified,0,unclassified,0.9994,0.0,"[""Low-intensity thermal source (FRP: 1.1 MW)."", ""All 14 labeling functions abstained due to lack of spatial context."", ""XGBoost also abstained: its most probable class was 'unclassified' (99.9%), meaning no specific class met the evidence threshold."", ""Decision [uncertain]: classified as unknown requiring ground review.""]",4,uncertain,0.0,0.9994,unclassified,0.0
1040,23.60976,85.67492,0.81,309.37,2026-09-03,,17.398,999.0,999.0,999.0,999.0,999.0,unclassified,0.0,0.9997,low,uncertain,False,False,True,Both rule engine and ML model have insufficient evidence.,unclassified,0,unclassified,0.9997,0.0,"[""Low-intensity thermal source (FRP: 0.8 MW)."", ""All 14 labeling functions abstained due to lack of spatial context."", ""XGBoost also abstained: its most probable class was 'unclassified' (100.0%), meaning no specific class met the evidence threshold."", ""Decision [uncertain]: classified as unknown requiring ground review.""]",4,uncertain,0.0,0.9997,unclassified,0.0
1041,23.6138,86.7917,1.37,311.92,2026-09-03,,2.824,999.0,999.0,999.0,999.0,999.0,unclassified,0.0,0.999,low,uncertain,False,False,True,Both rule engine and ML model have insufficient evidence.,unclassified,0,unclassified,0.999,0.0,"[""Low-intensity thermal source (FRP: 1.4 MW)."", ""Forest cover within 2.8 km."", ""All 14 labeling functions abstained due to lack of spatial context."", ""XGBoost also abstained: its most probable class was 'unclassified' (99.9%), meaning no specific class met the evidence threshold."", ""Decision [uncertain]: classified as unknown requiring ground review.""]",5,uncertain,0.0,0.999,unclassified,0.0
1042,23.61443,86.78787,1.32,309.85,2026-09-03,,2.439,999.0,999.0,999.0,999.0,999.0,unclassified,0.0,0.999,low,uncertain,False,False,True,Both rule engine and ML model have insufficient evidence.,unclassified,0,unclassified,0.999,0.0,"[""Low-intensity thermal source (FRP: 1.3 MW)."", ""Forest cover within 2.4 km."", ""All 14 labeling functions abstained due to lack of spatial context."", ""XGBoost also abstained: its most probable class was 'unclassified' (99.9%), meaning no specific class met the evidence threshold."", ""Decision [uncertain]: classified as unknown requiring ground review.""]",5,uncertain,0.0,0.999,unclassified,0.0
1043,23.64655,85.43964,2.11,323.37,2026-09-03,,18.568,999.0,999.0,999.0,999.0,999.0,unclassified,0.0,0.9985,low,uncertain,False,False,True,Both rule engine and ML model have insufficient evidence.,unclassified,0,unclassified,0.9985,0.0,"[""Low-intensity thermal source (FRP: 2.1 MW)."", ""All 14 labeling functions abstained due to lack of spatial context."", ""XGBoost also abstained: its most probable class was 'unclassified' (99.9%), meaning no specific class met the evidence threshold."", ""Decision [uncertain]: classified as unknown requiring ground review.""]",4,uncertain,0.0,0.9985,unclassified,0.0
1044,23.64714,85.43591,1.38,312.95,2026-09-03,,18.643,999.0,999.0,999.0,999.0,999.0,unclassified,0.0,0.9995,low,uncertain,False,False,True,Both rule engine and ML model have insufficient evidence.,unclassified,0,unclassified,0.9995,0.0,"[""Low-intensity thermal source (FRP: 1.4 MW)."", ""All 14 labeling functions abstained due to lack of spatial context."", ""XGBoost also abstained: its most probable class was 'unclassified' (99.9%), meaning no specific class met the evidence threshold."", ""Decision [uncertain]: classified as unknown requiring ground review.""]",4,uncertain,0.0,0.9995,unclassified,0.0
1045,23.65043,85.43652,1.64,320.82,2026-09-03,,18.28,999.0,999.0,999.0,999.0,999.0,unclassified,0.0,0.9994,low,uncertain,False,False,True,Both rule engine and ML model have insufficient evidence.,unclassified,0,unclassified,0.9994,0.0,"[""Low-intensity thermal source (FRP: 1.6 MW)."", ""All 14 labeling functions abstained due to lack of spatial context."", ""XGBoost also abstained: its most probable class was 'unclassified' (99.9%), meaning no specific class met the evidence threshold."", ""Decision [uncertain]: classified as unknown requiring ground review.""]",4,uncertain,0.0,0.9994,unclassified,0.0
1046,23.65641,85.50684,0.98,310.37,2026-09-03,,15.582,999.0,999.0,999.0,999.0,999.0,unclassified,0.0,0.9998,low,uncertain,False,False,True,Both rule engine and ML model have insufficient evidence.,unclassified,0,unclassified,0.9998,0.0,"[""Low-intensity thermal source (FRP: 1.0 MW)."", ""All 14 labeling functions abstained due to lack of spatial context."", ""XGBoost also abstained: its most probable class was 'unclassified' (100.0%), meaning no specific class met the evidence threshold."", ""Decision [uncertain]: classified as unknown requiring ground review.""]",4,uncertain,0.0,0.9998,unclassified,0.0
1047,23.66284,87.15459,3.1,323.26,2026-09-03,,999.0,999.0,999.0,999.0,999.0,999.0,unclassified,0.0,0.9994,low,uncertain,False,False,True,Both rule engine and ML model have insufficient evidence.,unclassified,0,unclassified,0.9994,0.0,"[""Low-intensity thermal source (FRP: 3.1 MW)."", ""All 14 labeling functions abstained due to lack of spatial context."", ""XGBoost also abstained: its most probable class was 'unclassified' (99.9%), meaning no specific class met the evidence threshold."", ""Decision [uncertain]: classified as unknown requiring ground review.""]",4,uncertain,0.0,0.9994,unclassified,0.0
1048,23.66344,84.99948,0.92,306.55,2026-09-03,,10.515,999.0,999.0,999.0,999.0,999.0,unclassified,0.0,0.9996,low,uncertain,False,False,True,Both rule engine and ML model have insufficient evidence.,unclassified,0,unclassified,0.9996,0.0,"[""Low-intensity thermal source (FRP: 0.9 MW)."", ""All 14 labeling functions abstained due to lack of spatial context."", ""XGBoost also abstained: its most probable class was 'unclassified' (100.0%), meaning no specific class met the evidence threshold."", ""Decision [uncertain]: classified as unknown requiring ground review.""]",4,uncertain,0.0,0.9996,unclassified,0.0
1049,23.66433,86.91784,1.07,306.56,2026-09-03,,16.088,999.0,999.0,999.0,999.0,999.0,unclassified,0.0,0.9997,low,uncertain,False,False,True,Both rule engine and ML model have insufficient evidence.,unclassified,0,unclassified,0.9997,0.0,"[""Low-intensity thermal source (FRP: 1.1 MW)."", ""All 14 labeling functions abstained due to lack of spatial context."", ""XGBoost also abstained: its most probable class was 'unclassified' (100.0%), meaning no specific class met the evidence threshold."", ""Decision [uncertain]: classified as unknown requiring ground review.""]",4,uncertain,0.0,0.9997,unclassified,0.0
1050,23.66554,87.1591,0.9,308.6,2026-09-03,,999.0,999.0,999.0,999.0,999.0,999.0,unclassified,0.0,0.9998,low,uncertain,False,False,True,Both rule engine and ML model have insufficient evidence.,unclassified,0,unclassified,0.9998,0.0,"[""Low-intensity thermal source (FRP: 0.9 MW)."", ""All 14 labeling functions abstained due to lack of spatial context."", ""XGBoost also abstained: its most probable class was 'unclassified' (100.0%), meaning no specific class met the evidence threshold."", ""Decision [uncertain]: classified as unknown requiring ground review.""]",4,uncertain,0.0,0.9998,unclassified,0.0
1051,23.66618,87.15525,0.9,304.39,2026-09-03,,999.0,999.0,999.0,999.0,999.0,999.0,unclassified,0.0,0.9998,low,uncertain,False,False,True,Both rule engine and ML model have insufficient evidence.,unclassified,0,unclassified,0.9998,0.0,"[""Low-intensity thermal source (FRP: 0.9 MW)."", ""All 14 labeling functions abstained due to lack of spatial context."", ""XGBoost also abstained: its most probable class was 'unclassified' (100.0%), meaning no specific class met the evidence threshold."", ""Decision [uncertain]: classified as unknown requiring ground review.""]",4,uncertain,0.0,0.9998,unclassified,0.0
1052,23.66732,84.99632,0.92,303.53,2026-09-03,,10.52,999.0,999.0,999.0,999.0,999.0,unclassified,0.0,0.9996,low,uncertain,False,False,True,Both rule engine and ML model have insufficient evidence.,unclassified,0,unclassified,0.9996,0.0,"[""Low-intensity thermal source (FRP: 0.9 MW)."", ""All 14 labeling functions abstained due to lack of spatial context."", ""XGBoost also abstained: its most probable class was 'unclassified' (100.0%), meaning no specific class met the evidence threshold."", ""Decision [uncertain]: classified as unknown requiring ground review.""]",4,uncertain,0.0,0.9996,unclassified,0.0
1053,23.67437,86.3989,1.25,303.78,2026-09-03,,9.552,999.0,999.0,999.0,5.933,999.0,unclassified,0.0,0.9991,low,uncertain,False,False,True,Both rule engine and ML model have insufficient evidence.,unclassified,0,unclassified,0.9991,0.0,"[""Low-intensity thermal source (FRP: 1.2 MW)."", ""All 14 labeling functions abstained due to lack of spatial context."", ""XGBoost also abstained: its most probable class was 'unclassified' (99.9%), meaning no specific class met the evidence threshold."", ""Decision [uncertain]: classified as unknown requiring ground review.""]",4,uncertain,0.0,0.9991,unclassified,0.0
1054,23.67766,86.39953,1.25,312.42,2026-09-03,,9.192,999.0,999.0,999.0,5.708,999.0,unclassified,0.0,0.9993,low,uncertain,False,False,True,Both rule engine and ML model have insufficient evidence.,unclassified,0,unclassified,0.9993,0.0,"[""Low-intensity thermal source (FRP: 1.2 MW)."", ""All 14 labeling functions abstained due to lack of spatial context."", ""XGBoost also abstained: its most probable class was 'unclassified' (99.9%), meaning no specific class met the evidence threshold."", ""Decision [uncertain]: classified as unknown requiring ground review.""]",4,uncertain,0.0,0.9993,unclassified,0.0
1055,23.67827,86.39577,0.87,306.12,2026-09-03,,9.297,999.0,999.0,999.0,6.027,999.0,unclassified,0.0,0.9994,low,uncertain,False,False,True,Both rule engine and ML model have insufficient evidence.,unclassified,0,unclassified,0.9994,0.0,"[""Low-intensity thermal source (FRP: 0.9 MW)."", ""All 14 labeling functions abstained due to lack of spatial context."", ""XGBoost also abstained: its most probable class was 'unclassified' (99.9%), meaning no specific class met the evidence threshold."", ""Decision [uncertain]: classified as unknown requiring ground review.""]",4,uncertain,0.0,0.9994,unclassified,0.0
1056,23.67887,86.39201,0.87,304.49,2026-09-03,,9.419,999.0,999.0,999.0,6.355,999.0,unclassified,0.0,0.9994,low,uncertain,False,False,True,Both rule engine and ML model have insufficient evidence.,unclassified,0,unclassified,0.9994,0.0,"[""Low-intensity thermal source (FRP: 0.9 MW)."", ""All 14 labeling functions abstained due to lack of spatial context."", ""XGBoost also abstained: its most probable class was 'unclassified' (99.9%), meaning no specific class met the evidence threshold."", ""Decision [uncertain]: classified as unknown requiring ground review.""]",4,uncertain,0.0,0.9994,unclassified,0.0
1057,23.68316,87.13036,1.98,310.17,2026-09-03,,999.0,999.0,999.0,999.0,999.0,999.0,unclassified,0.0,0.9997,low,uncertain,False,False,True,Both rule engine and ML model have insufficient evidence.,unclassified,0,unclassified,0.9997,0.0,"[""Low-intensity thermal source (FRP: 2.0 MW)."", ""All 14 labeling functions abstained due to lack of spatial context."", ""XGBoost also abstained: its most probable class was 'unclassified' (100.0%), meaning no specific class met the evidence threshold."", ""Decision [uncertain]: classified as unknown requiring ground review.""]",4,uncertain,0.0,0.9997,unclassified,0.0
1058,23.68547,86.39327,4.04,327.45,2026-09-03,,8.719,999.0,999.0,999.0,5.998,999.0,forest_natural_fire,0.99,0.9866,high,hybrid_agreement,True,False,False,,forest_natural_fire,1,forest_natural_fire,0.9866,99.0,"[""Low-intensity thermal source (FRP: 4.0 MW)."", ""1 labeling function(s) voted 'forest_natural_fire' (lf_forest_vegetation_fire)."", ""XGBoost predicted 'forest_natural_fire' with 98.7% probability."", ""Decision [hybrid_agreement]: independent rule evidence and ML agree on 'forest_natural_fire' — status confirmed.""]",4,confirmed,0.99,0.9866,forest_natural_fire,1.0
1059,23.68607,86.38953,2.12,306.72,2026-09-03,,8.864,999.0,999.0,999.0,6.349,999.0,forest_natural_fire,0.99,0.9917,high,hybrid_agreement,True,False,False,,forest_natural_fire,1,forest_natural_fire,0.9917,99.0,"[""Low-intensity thermal source (FRP: 2.1 MW)."", ""1 labeling function(s) voted 'forest_natural_fire' (lf_forest_vegetation_fire)."", ""XGBoost predicted 'forest_natural_fire' with 99.2% probability."", ""Decision [hybrid_agreement]: independent rule evidence and ML agree on 'forest_natural_fire' — status confirmed.""]",4,confirmed,0.99,0.9917,forest_natural_fire,1.0
1060,23.68842,87.11951,3.08,317.5,2026-09-03,,999.0,999.0,999.0,999.0,999.0,999.0,unclassified,0.0,0.9984,low,uncertain,False,False,True,Both rule engine and ML model have insufficient evidence.,unclassified,0,unclassified,0.9984,0.0,"[""Low-intensity thermal source (FRP: 3.1 MW)."", ""All 14 labeling functions abstained due to lack of spatial context."", ""XGBoost also abstained: its most probable class was 'unclassified' (99.8%), meaning no specific class met the evidence threshold."", ""Decision [uncertain]: classified as unknown requiring ground review.""]",4,uncertain,0.0,0.9984,unclassified,0.0
1061,23.69164,87.1003,1.63,306.55,2026-09-03,,999.0,999.0,999.0,999.0,999.0,999.0,unclassified,0.0,0.9997,low,uncertain,False,False,True,Both rule engine and ML model have insufficient evidence.,unclassified,0,unclassified,0.9997,0.0,"[""Low-intensity thermal source (FRP: 1.6 MW)."", ""All 14 labeling functions abstained due to lack of spatial context."", ""XGBoost also abstained: its most probable class was 'unclassified' (100.0%), meaning no specific class met the evidence threshold."", ""Decision [uncertain]: classified as unknown requiring ground review.""]",4,uncertain,0.0,0.9997,unclassified,0.0
1062,23.69175,87.12016,1.08,305.18,2026-09-03,,999.0,999.0,999.0,999.0,999.0,999.0,unclassified,0.0,0.9997,low,uncertain,False,False,True,Both rule engine and ML model have insufficient evidence.,unclassified,0,unclassified,0.9997,0.0,"[""Low-intensity thermal source (FRP: 1.1 MW)."", ""All 14 labeling functions abstained due to lack of spatial context."", ""XGBoost also abstained: its most probable class was 'unclassified' (100.0%), meaning no specific class met the evidence threshold."", ""Decision [uncertain]: classified as unknown requiring ground review.""]",4,uncertain,0.0,0.9997,unclassified,0.0
1063,23.6924,87.11631,1.93,305.7,2026-09-03,,999.0,999.0,999.0,999.0,999.0,999.0,unclassified,0.0,0.9998,low,uncertain,False,False,True,Both rule engine and ML model have insufficient evidence.,unclassified,0,unclassified,0.9998,0.0,"[""Low-intensity thermal source (FRP: 1.9 MW)."", ""All 14 labeling functions abstained due to lack of spatial context."", ""XGBoost also abstained: its most probable class was 'unclassified' (100.0%), meaning no specific class met the evidence threshold."", ""Decision [uncertain]: classified as unknown requiring ground review.""]",4,uncertain,0.0,0.9998,unclassified,0.0
1064,23.69433,87.10479,1.14,306.35,2026-09-03,,999.0,999.0,999.0,999.0,999.0,999.0,unclassified,0.0,0.9997,low,uncertain,False,False,True,Both rule engine and ML model have insufficient evidence.,unclassified,0,unclassified,0.9997,0.0,"[""Low-intensity thermal source (FRP: 1.1 MW)."", ""All 14 labeling functions abstained due to lack of spatial context."", ""XGBoost also abstained: its most probable class was 'unclassified' (100.0%), meaning no specific class met the evidence threshold."", ""Decision [uncertain]: classified as unknown requiring ground review.""]",4,uncertain,0.0,0.9997,unclassified,0.0
1065,23.69442,85.37145,1.11,311.67,2026-09-03,,18.05,999.0,999.0,999.0,999.0,999.0,unclassified,0.0,0.9996,low,uncertain,False,False,True,Both rule engine and ML model have insufficient evidence.,unclassified,0,unclassified,0.9996,0.0,"[""Low-intensity thermal source (FRP: 1.1 MW)."", ""All 14 labeling functions abstained due to lack of spatial context."", ""XGBoost also abstained: its most probable class was 'unclassified' (100.0%), meaning no specific class met the evidence threshold."", ""Decision [uncertain]: classified as unknown requiring ground review.""]",4,uncertain,0.0,0.9996,unclassified,0.0
1066,23.69444,87.12463,1.08,308.89,2026-09-03,,999.0,999.0,999.0,999.0,999.0,999.0,unclassified,0.0,0.9997,low,uncertain,False,False,True,Both rule engine and ML model have insufficient evidence.,unclassified,0,unclassified,0.9997,0.0,"[""Low-intensity thermal source (FRP: 1.1 MW)."", ""All 14 labeling functions abstained due to lack of spatial context."", ""XGBoost also abstained: its most probable class was 'unclassified' (100.0%), meaning no specific class met the evidence threshold."", ""Decision [uncertain]: classified as unknown requiring ground review.""]",4,uncertain,0.0,0.9997,unclassified,0.0
1067,23.69508,87.1208,1.08,310.26,2026-09-03,,999.0,999.0,999.0,999.0,999.0,999.0,unclassified,0.0,0.9996,low,uncertain,False,False,True,Both rule engine and ML model have insufficient evidence.,unclassified,0,unclassified,0.9996,0.0,"[""Low-intensity thermal source (FRP: 1.1 MW)."", ""All 14 labeling functions abstained due to lack of spatial context."", ""XGBoost also abstained: its most probable class was 'unclassified' (100.0%), meaning no specific class met the evidence threshold."", ""Decision [uncertain]: classified as unknown requiring ground review.""]",4,uncertain,0.0,0.9996,unclassified,0.0
1068,23.6953,86.07877,0.53,302.86,2026-09-03,,6.835,999.0,999.0,999.0,5.827,999.0,unclassified,0.0,0.9994,low,uncertain,False,False,True,Both rule engine and ML model have insufficient evidence.,unclassified,0,unclassified,0.9994,0.0,"[""Low-intensity thermal source (FRP: 0.5 MW)."", ""All 14 labeling functions abstained due to lack of spatial context."", ""XGBoost also abstained: its most probable class was 'unclassified' (99.9%), meaning no specific class met the evidence threshold."", ""Decision [uncertain]: classified as unknown requiring ground review.""]",4,uncertain,0.0,0.9994,unclassified,0.0
1069,23.69626,87.09328,1.31,312.84,2026-09-03,,999.0,999.0,999.0,999.0,999.0,999.0,unclassified,0.0,0.9993,low,uncertain,False,False,True,Both rule engine and ML model have insufficient evidence.,unclassified,0,unclassified,0.9993,0.0,"[""Low-intensity thermal source (FRP: 1.3 MW)."", ""All 14 labeling functions abstained due to lack of spatial context."", ""XGBoost also abstained: its most probable class was 'unclassified' (99.9%), meaning no specific class met the evidence threshold."", ""Decision [uncertain]: classified as unknown requiring ground review.""]",4,uncertain,0.0,0.9993,unclassified,0.0
1070,23.69672,85.29093,0.87,307.13,2026-09-03,,999.0,999.0,999.0,999.0,999.0,999.0,unclassified,0.0,0.9998,low,uncertain,False,False,True,Both rule engine and ML model have insufficient evidence.,unclassified,0,unclassified,0.9998,0.0,"[""Low-intensity thermal source (FRP: 0.9 MW)."", ""All 14 labeling functions abstained due to lack of spatial context."", ""XGBoost also abstained: its most probable class was 'unclassified' (100.0%), meaning no specific class met the evidence threshold."", ""Decision [uncertain]: classified as unknown requiring ground review.""]",4,uncertain,0.0,0.9998,unclassified,0.0
1071,23.69674,85.35646,0.59,304.52,2026-09-03,,19.049,999.0,999.0,999.0,999.0,999.0,unclassified,0.0,0.9997,low,uncertain,False,False,True,Both rule engine and ML model have insufficient evidence.,unclassified,0,unclassified,0.9997,0.0,"[""Low-intensity thermal source (FRP: 0.6 MW)."", ""All 14 labeling functions abstained due to lack of spatial context."", ""XGBoost also abstained: its most probable class was 'unclassified' (100.0%), meaning no specific class met the evidence threshold."", ""Decision [uncertain]: classified as unknown requiring ground review.""]",4,uncertain,0.0,0.9997,unclassified,0.0
1072,23.6973,85.28718,0.87,306.02,2026-09-03,,999.0,999.0,999.0,999.0,999.0,999.0,unclassified,0.0,0.9998,low,uncertain,False,False,True,Both rule engine and ML model have insufficient evidence.,unclassified,0,unclassified,0.9998,0.0,"[""Low-intensity thermal source (FRP: 0.9 MW)."", ""All 14 labeling functions abstained due to lack of spatial context."", ""XGBoost also abstained: its most probable class was 'unclassified' (100.0%), meaning no specific class met the evidence threshold."", ""Decision [uncertain]: classified as unknown requiring ground review.""]",4,uncertain,0.0,0.9998,unclassified,0.0
1073,23.69766,87.10545,1.14,306.8,2026-09-03,,999.0,999.0,999.0,999.0,999.0,999.0,unclassified,0.0,0.9998,low,uncertain,False,False,True,Both rule engine and ML model have insufficient evidence.,unclassified,0,unclassified,0.9998,0.0,"[""Low-intensity thermal source (FRP: 1.1 MW)."", ""All 14 labeling functions abstained due to lack of spatial context."", ""XGBoost also abstained: its most probable class was 'unclassified' (100.0%), meaning no specific class met the evidence threshold."", ""Decision [uncertain]: classified as unknown requiring ground review.""]",4,uncertain,0.0,0.9998,unclassified,0.0
1074,23.69829,85.36831,1.17,310.07,2026-09-03,,18.007,999.0,999.0,999.0,999.0,999.0,unclassified,0.0,0.9997,low,uncertain,False,False,True,Both rule engine and ML model have insufficient evidence.,unclassified,0,unclassified,0.9997,0.0,"[""Low-intensity thermal source (FRP: 1.2 MW)."", ""All 14 labeling functions abstained due to lack of spatial context."", ""XGBoost also abstained: its most probable class was 'unclassified' (100.0%), meaning no specific class met the evidence threshold."", ""Decision [uncertain]: classified as unknown requiring ground review.""]",4,uncertain,0.0,0.9997,unclassified,0.0
1075,23.70932,85.42812,0.45,303.85,2026-09-03,,12.926,999.0,999.0,999.0,999.0,999.0,unclassified,0.0,0.9997,low,uncertain,False,False,True,Both rule engine and ML model have insufficient evidence.,unclassified,0,unclassified,0.9997,0.0,"[""Low-intensity thermal source (FRP: 0.5 MW)."", ""All 14 labeling functions abstained due to lack of spatial context."", ""XGBoost also abstained: its most probable class was 'unclassified' (100.0%), meaning no specific class met the evidence threshold."", ""Decision [uncertain]: classified as unknown requiring ground review.""]",4,uncertain,0.0,0.9997,unclassified,0.0
1076,23.71023,86.45091,1.04,306.45,2026-09-03,,4.938,999.0,999.0,999.0,1.141,999.0,unclassified,0.0,0.9846,low,uncertain,False,False,True,Both rule engine and ML model have insufficient evidence.,unclassified,0,unclassified,0.9846,0.0,"[""Low-intensity thermal source (FRP: 1.0 MW)."", ""Mining/extraction site within 1.1 km."", ""Forest cover within 4.9 km."", ""All 14 labeling functions abstained due to lack of spatial context."", ""XGBoost also abstained: its most probable class was 'unclassified' (98.5%), meaning no specific class met the evidence threshold."", ""Decision [uncertain]: classified as unknown requiring ground review.""]",6,uncertain,0.0,0.9846,unclassified,0.0
1077,23.71049,85.2896,0.48,302.26,2026-09-03,,999.0,999.0,999.0,999.0,999.0,999.0,unclassified,0.0,0.9998,low,uncertain,False,False,True,Both rule engine and ML model have insufficient evidence.,unclassified,0,unclassified,0.9998,0.0,"[""Low-intensity thermal source (FRP: 0.5 MW)."", ""All 14 labeling functions abstained due to lack of spatial context."", ""XGBoost also abstained: its most probable class was 'unclassified' (100.0%), meaning no specific class met the evidence threshold."", ""Decision [uncertain]: classified as unknown requiring ground review.""]",4,uncertain,0.0,0.9998,unclassified,0.0
1078,23.71084,86.44715,2.49,322.03,2026-09-03,,4.777,999.0,999.0,999.0,1.24,999.0,mining_activity,0.9449,0.8649,high,hybrid_agreement,True,False,False,,mining_activity,2,mining_activity,0.8649,94.5,"[""Low-intensity thermal source (FRP: 2.5 MW)."", ""Mining/extraction site within 1.2 km."", ""Forest cover within 4.8 km."", ""2 labeling function(s) voted 'mining_activity' (lf_mining_thermal_activity, lf_forest_vegetation_fire)."", ""XGBoost predicted 'mining_activity' with 86.5% probability."", ""Decision [hybrid_agreement]: independent rule evidence and ML agree on 'mining_activity' — status confirmed.""]",6,confirmed,0.9449,0.8649,mining_activity,2.0
1079,23.71121,86.424,1.27,305.78,2026-09-03,,4.815,999.0,999.0,999.0,2.926,999.0,unclassified,0.0,0.998,low,uncertain,False,False,True,Both rule engine and ML model have insufficient evidence.,unclassified,0,unclassified,0.998,0.0,"[""Low-intensity thermal source (FRP: 1.3 MW)."", ""Forest cover within 4.8 km."", ""All 14 labeling functions abstained due to lack of spatial context."", ""XGBoost also abstained: its most probable class was 'unclassified' (99.8%), meaning no specific class met the evidence threshold."", ""Decision [uncertain]: classified as unknown requiring ground review.""]",5,uncertain,0.0,0.998,unclassified,0.0
1080,23.71353,86.45154,2.89,330.73,2026-09-03,,4.607,999.0,999.0,999.0,1.513,999.0,mining_activity,0.8968,0.8168,high,hybrid_agreement,True,False,False,,mining_activity,2,mining_activity,0.8168,89.7,"[""Low-intensity thermal source (FRP: 2.9 MW)."", ""Mining/extraction site within 1.5 km."", ""Forest cover within 4.6 km."", ""2 labeling function(s) voted 'mining_activity' (lf_mining_thermal_activity, lf_forest_vegetation_fire)."", ""XGBoost predicted 'mining_activity' with 81.7% probability."", ""Decision [hybrid_agreement]: independent rule evidence and ML agree on 'mining_activity' — status confirmed.""]",6,confirmed,0.8968,0.8168,mining_activity,2.0
1081,23.71511,86.42087,1.27,306.05,2026-09-03,,4.508,999.0,999.0,999.0,3.409,999.0,unclassified,0.0,0.9968,low,uncertain,False,False,True,Both rule engine and ML model have insufficient evidence.,unclassified,0,unclassified,0.9968,0.0,"[""Low-intensity thermal source (FRP: 1.3 MW)."", ""Forest cover within 4.5 km."", ""All 14 labeling functions abstained due to lack of spatial context."", ""XGBoost also abstained: its most probable class was 'unclassified' (99.7%), meaning no specific class met the evidence threshold."", ""Decision [uncertain]: classified as unknown requiring ground review.""]",5,uncertain,0.0,0.9968,unclassified,0.0
1082,23.71841,86.4215,1.67,305.64,2026-09-03,,4.143,999.0,999.0,999.0,3.551,999.0,unclassified,0.0,0.99,low,uncertain,False,False,True,Both rule engine and ML model have insufficient evidence.,unclassified,0,unclassified,0.99,0.0,"[""Low-intensity thermal source (FRP: 1.7 MW)."", ""Forest cover within 4.1 km."", ""All 14 labeling functions abstained due to lack of spatial context."", ""XGBoost also abstained: its most probable class was 'unclassified' (99.0%), meaning no specific class met the evidence threshold."", ""Decision [uncertain]: classified as unknown requiring ground review.""]",5,uncertain,0.0,0.99,unclassified,0.0
1083,23.71866,86.4409,1.28,314.11,2026-09-03,,3.817,999.0,999.0,999.0,2.272,999.0,unclassified,0.0,0.9915,low,uncertain,False,False,True,Both rule engine and ML model have insufficient evidence.,unclassified,0,unclassified,0.9915,0.0,"[""Low-intensity thermal source (FRP: 1.3 MW)."", ""Forest cover within 3.8 km."", ""All 14 labeling functions abstained due to lack of spatial context."", ""XGBoost also abstained: its most probable class was 'unclassified' (99.2%), meaning no specific class met the evidence threshold."", ""Decision [uncertain]: classified as unknown requiring ground review.""]",5,uncertain,0.0,0.9915,unclassified,0.0
1084,23.71965,85.0089,0.69,304.95,2026-09-03,,7.366,999.0,999.0,999.0,999.0,999.0,unclassified,0.0,0.9996,low,uncertain,False,False,True,Both rule engine and ML model have insufficient evidence.,unclassified,0,unclassified,0.9996,0.0,"[""Low-intensity thermal source (FRP: 0.7 MW)."", ""All 14 labeling functions abstained due to lack of spatial context."", ""XGBoost also abstained: its most probable class was 'unclassified' (100.0%), meaning no specific class met the evidence threshold."", ""Decision [uncertain]: classified as unknown requiring ground review.""]",4,uncertain,0.0,0.9996,unclassified,0.0
1085,23.72257,86.43778,2.16,308.92,2026-09-03,,3.363,999.0,999.0,999.0,2.801,999.0,forest_natural_fire,0.8888,0.8488,high,hybrid_agreement,True,False,False,,forest_natural_fire,1,forest_natural_fire,0.8488,88.9,"[""Low-intensity thermal source (FRP: 2.2 MW)."", ""Forest cover within 3.4 km."", ""1 labeling function(s) voted 'forest_natural_fire' (lf_forest_vegetation_fire)."", ""XGBoost predicted 'forest_natural_fire' with 84.9% probability."", ""Decision [hybrid_agreement]: independent rule evidence and ML agree on 'forest_natural_fire' — status confirmed.""]",5,confirmed,0.8888,0.8488,forest_natural_fire,1.0
1086,23.725,86.42276,1.75,313.03,2026-09-03,,3.421,999.0,999.0,999.0,3.927,999.0,unclassified,0.0,0.9876,low,uncertain,False,False,True,Both rule engine and ML model have insufficient evidence.,unclassified,0,unclassified,0.9876,0.0,"[""Low-intensity thermal source (FRP: 1.8 MW)."", ""Forest cover within 3.4 km."", ""All 14 labeling functions abstained due to lack of spatial context."", ""XGBoost also abstained: its most probable class was 'unclassified' (98.8%), meaning no specific class met the evidence threshold."", ""Decision [uncertain]: classified as unknown requiring ground review.""]",5,uncertain,0.0,0.9876,unclassified,0.0
1087,23.7255,85.52321,0.25,301.47,2026-09-03,,8.862,999.0,999.0,999.0,999.0,999.0,unclassified,0.0,0.9995,low,uncertain,False,False,True,Both rule engine and ML model have insufficient evidence.,unclassified,0,unclassified,0.9995,0.0,"[""Low-intensity thermal source (FRP: 0.2 MW)."", ""All 14 labeling functions abstained due to lack of spatial context."", ""XGBoost also abstained: its most probable class was 'unclassified' (100.0%), meaning no specific class met the evidence threshold."", ""Decision [uncertain]: classified as unknown requiring ground review.""]",4,uncertain,0.0,0.9995,unclassified,0.0
1088,23.73697,86.43278,3.28,341.06,2026-09-03,,1.817,999.0,999.0,999.0,4.469,999.0,forest_natural_fire,0.99,0.9801,high,hybrid_agreement,True,False,False,,forest_natural_fire,1,forest_natural_fire,0.9801,99.0,"[""Low-intensity thermal source (FRP: 3.3 MW)."", ""Forest cover within 1.8 km."", ""1 labeling function(s) voted 'forest_natural_fire' (lf_forest_vegetation_fire)."", ""XGBoost predicted 'forest_natural_fire' with 98.0% probability."", ""Decision [hybrid_agreement]: independent rule evidence and ML agree on 'forest_natural_fire' — status confirmed.""]",5,confirmed,0.99,0.9801,forest_natural_fire,1.0
1089,23.73758,86.42902,1.41,312.53,2026-09-03,,1.885,999.0,999.0,999.0,4.693,999.0,unclassified,0.0,0.9977,low,uncertain,False,False,True,Both rule engine and ML model have insufficient evidence.,unclassified,0,unclassified,0.9977,0.0,"[""Low-intensity thermal source (FRP: 1.4 MW)."", ""Forest cover within 1.9 km."", ""All 14 labeling functions abstained due to lack of spatial context."", ""XGBoost also abstained: its most probable class was 'unclassified' (99.8%), meaning no specific class met the evidence threshold."", ""Decision [uncertain]: classified as unknown requiring ground review.""]",5,uncertain,0.0,0.9977,unclassified,0.0
1090,23.74007,85.00873,2.7,317.46,2026-09-03,,5.288,999.0,999.0,999.0,999.0,999.0,forest_natural_fire,0.99,0.9509,high,hybrid_agreement,True,False,False,,forest_natural_fire,1,forest_natural_fire,0.9509,99.0,"[""Low-intensity thermal source (FRP: 2.7 MW)."", ""1 labeling function(s) voted 'forest_natural_fire' (lf_forest_vegetation_fire)."", ""XGBoost predicted 'forest_natural_fire' with 95.1% probability."", ""Decision [hybrid_agreement]: independent rule evidence and ML agree on 'forest_natural_fire' — status confirmed.""]",4,confirmed,0.99,0.9509,forest_natural_fire,1.0
1091,23.74027,86.43341,3.28,309.02,2026-09-03,,1.445,999.0,999.0,999.0,4.786,999.0,forest_natural_fire,0.99,0.9914,high,hybrid_agreement,True,False,False,,forest_natural_fire,1,forest_natural_fire,0.9914,99.0,"[""Low-intensity thermal source (FRP: 3.3 MW)."", ""Forest cover within 1.4 km."", ""1 labeling function(s) voted 'forest_natural_fire' (lf_forest_vegetation_fire)."", ""XGBoost predicted 'forest_natural_fire' with 99.1% probability."", ""Decision [hybrid_agreement]: independent rule evidence and ML agree on 'forest_natural_fire' — status confirmed.""]",5,confirmed,0.99,0.9914,forest_natural_fire,1.0
1092,23.74545,85.50378,0.59,301.96,2026-09-03,,6.407,999.0,999.0,999.0,999.0,999.0,unclassified,0.0,0.9995,low,uncertain,False,False,True,Both rule engine and ML model have insufficient evidence.,unclassified,0,unclassified,0.9995,0.0,"[""Low-intensity thermal source (FRP: 0.6 MW)."", ""All 14 labeling functions abstained due to lack of spatial context."", ""XGBoost also abstained: its most probable class was 'unclassified' (100.0%), meaning no specific class met the evidence threshold."", ""Decision [uncertain]: classified as unknown requiring ground review.""]",4,uncertain,0.0,0.9995,unclassified,0.0
1093,23.7532,86.41651,1.06,307.79,2026-09-03,,2.1,999.0,999.0,999.0,6.828,999.0,unclassified,0.0,0.9991,low,uncertain,False,False,True,Both rule engine and ML model have insufficient evidence.,unclassified,0,unclassified,0.9991,0.0,"[""Low-intensity thermal source (FRP: 1.1 MW)."", ""Forest cover within 2.1 km."", ""All 14 labeling functions abstained due to lack of spatial context."", ""XGBoost also abstained: its most probable class was 'unclassified' (99.9%), meaning no specific class met the evidence threshold."", ""Decision [uncertain]: classified as unknown requiring ground review.""]",5,uncertain,0.0,0.9991,unclassified,0.0
1094,23.75456,85.85532,0.89,309.18,2026-09-03,,15.857,999.0,999.0,999.0,22.98,999.0,unclassified,0.0,0.9998,low,uncertain,False,False,True,Both rule engine and ML model have insufficient evidence.,unclassified,0,unclassified,0.9998,0.0,"[""Low-intensity thermal source (FRP: 0.9 MW)."", ""All 14 labeling functions abstained due to lack of spatial context."", ""XGBoost also abstained: its most probable class was 'unclassified' (100.0%), meaning no specific class met the evidence threshold."", ""Decision [uncertain]: classified as unknown requiring ground review.""]",4,uncertain,0.0,0.9998,unclassified,0.0
1095,23.75515,85.85158,0.89,308.36,2026-09-03,,16.053,999.0,999.0,999.0,23.342,999.0,unclassified,0.0,0.9998,low,uncertain,False,False,True,Both rule engine and ML model have insufficient evidence.,unclassified,0,unclassified,0.9998,0.0,"[""Low-intensity thermal source (FRP: 0.9 MW)."", ""All 14 labeling functions abstained due to lack of spatial context."", ""XGBoost also abstained: its most probable class was 'unclassified' (100.0%), meaning no specific class met the evidence threshold."", ""Decision [uncertain]: classified as unknown requiring ground review.""]",4,uncertain,0.0,0.9998,unclassified,0.0
1096,23.75785,85.85593,0.89,305.14,2026-09-03,,15.537,999.0,999.0,999.0,23.113,999.0,unclassified,0.0,0.9998,low,uncertain,False,False,True,Both rule engine and ML model have insufficient evidence.,unclassified,0,unclassified,0.9998,0.0,"[""Low-intensity thermal source (FRP: 0.9 MW)."", ""All 14 labeling functions abstained due to lack of spatial context."", ""XGBoost also abstained: its most probable class was 'unclassified' (100.0%), meaning no specific class met the evidence threshold."", ""Decision [uncertain]: classified as unknown requiring ground review.""]",4,uncertain,0.0,0.9998,unclassified,0.0
1097,23.75844,85.8522,0.89,310.78,2026-09-03,,15.737,999.0,999.0,999.0,23.473,999.0,unclassified,0.0,0.9998,low,uncertain,False,False,True,Both rule engine and ML model have insufficient evidence.,unclassified,0,unclassified,0.9998,0.0,"[""Low-intensity thermal source (FRP: 0.9 MW)."", ""All 14 labeling functions abstained due to lack of spatial context."", ""XGBoost also abstained: its most probable class was 'unclassified' (100.0%), meaning no specific class met the evidence threshold."", ""Decision [uncertain]: classified as unknown requiring ground review.""]",4,uncertain,0.0,0.9998,unclassified,0.0
1098,23.75893,86.40212,0.96,302.01,2026-09-03,,3.628,999.0,999.0,999.0,8.167,999.0,unclassified,0.0,0.9992,low,uncertain,False,False,True,Both rule engine and ML model have insufficient evidence.,unclassified,0,unclassified,0.9992,0.0,"[""Low-intensity thermal source (FRP: 1.0 MW)."", ""Forest cover within 3.6 km."", ""All 14 labeling functions abstained due to lack of spatial context."", ""XGBoost also abstained: its most probable class was 'unclassified' (99.9%), meaning no specific class met the evidence threshold."", ""Decision [uncertain]: classified as unknown requiring ground review.""]",5,uncertain,0.0,0.9992,unclassified,0.0
1099,23.76222,86.40276,1.1,308.28,2026-09-03,,3.652,999.0,999.0,999.0,8.425,999.0,unclassified,0.0,0.9991,low,uncertain,False,False,True,Both rule engine and ML model have insufficient evidence.,unclassified,0,unclassified,0.9991,0.0,"[""Low-intensity thermal source (FRP: 1.1 MW)."", ""Forest cover within 3.7 km."", ""All 14 labeling functions abstained due to lack of spatial context."", ""XGBoost also abstained: its most probable class was 'unclassified' (99.9%), meaning no specific class met the evidence threshold."", ""Decision [uncertain]: classified as unknown requiring ground review.""]",5,uncertain,0.0,0.9991,unclassified,0.0
1100,23.76552,86.40339,1.1,312.99,2026-09-03,,3.714,999.0,999.0,999.0,8.694,999.0,unclassified,0.0,0.9968,low,uncertain,False,False,True,Both rule engine and ML model have insufficient evidence.,unclassified,0,unclassified,0.9968,0.0,"[""Low-intensity thermal source (FRP: 1.1 MW)."", ""Forest cover within 3.7 km."", ""All 14 labeling functions abstained due to lack of spatial context."", ""XGBoost also abstained: its most probable class was 'unclassified' (99.7%), meaning no specific class met the evidence threshold."", ""Decision [uncertain]: classified as unknown requiring ground review.""]",5,uncertain,0.0,0.9968,unclassified,0.0
1101,23.76881,86.40401,0.93,303.73,2026-09-03,,3.812,999.0,999.0,999.0,8.97,999.0,unclassified,0.0,0.9992,low,uncertain,False,False,True,Both rule engine and ML model have insufficient evidence.,unclassified,0,unclassified,0.9992,0.0,"[""Low-intensity thermal source (FRP: 0.9 MW)."", ""Forest cover within 3.8 km."", ""All 14 labeling functions abstained due to lack of spatial context."", ""XGBoost also abstained: its most probable class was 'unclassified' (99.9%), meaning no specific class met the evidence threshold."", ""Decision [uncertain]: classified as unknown requiring ground review.""]",5,uncertain,0.0,0.9992,unclassified,0.0
1102,23.77119,86.19974,0.99,304.78,2026-09-03,,10.857,999.0,999.0,999.0,10.42,999.0,unclassified,0.0,0.9993,low,uncertain,False,False,True,Both rule engine and ML model have insufficient evidence.,unclassified,0,unclassified,0.9993,0.0,"[""Low-intensity thermal source (FRP: 1.0 MW)."", ""All 14 labeling functions abstained due to lack of spatial context."", ""XGBoost also abstained: its most probable class was 'unclassified' (99.9%), meaning no specific class met the evidence threshold."", ""Decision [uncertain]: classified as unknown requiring ground review.""]",4,uncertain,0.0,0.9993,unclassified,0.0
1103,23.77179,86.196,1.67,308.84,2026-09-03,,10.493,999.0,999.0,999.0,10.066,999.0,unclassified,0.0,0.9979,low,uncertain,False,False,True,Both rule engine and ML model have insufficient evidence.,unclassified,0,unclassified,0.9979,0.0,"[""Low-intensity thermal source (FRP: 1.7 MW)."", ""All 14 labeling functions abstained due to lack of spatial context."", ""XGBoost also abstained: its most probable class was 'unclassified' (99.8%), meaning no specific class met the evidence threshold."", ""Decision [uncertain]: classified as unknown requiring ground review.""]",4,uncertain,0.0,0.9979,unclassified,0.0
1104,23.77548,86.36273,0.87,301.78,2026-09-03,,7.981,999.0,999.0,999.0,12.221,999.0,unclassified,0.0,0.9994,low,uncertain,False,False,True,Both rule engine and ML model have insufficient evidence.,unclassified,0,unclassified,0.9994,0.0,"[""Low-intensity thermal source (FRP: 0.9 MW)."", ""All 14 labeling functions abstained due to lack of spatial context."", ""XGBoost also abstained: its most probable class was 'unclassified' (99.9%), meaning no specific class met the evidence threshold."", ""Decision [uncertain]: classified as unknown requiring ground review.""]",4,uncertain,0.0,0.9994,unclassified,0.0
1105,23.77783,86.39025,1.05,303.92,2026-09-03,,5.524,999.0,999.0,999.0,10.578,999.0,unclassified,0.0,0.9994,low,uncertain,False,False,True,Both rule engine and ML model have insufficient evidence.,unclassified,0,unclassified,0.9994,0.0,"[""Low-intensity thermal source (FRP: 1.1 MW)."", ""All 14 labeling functions abstained due to lack of spatial context."", ""XGBoost also abstained: its most probable class was 'unclassified' (99.9%), meaning no specific class met the evidence threshold."", ""Decision [uncertain]: classified as unknown requiring ground review.""]",4,uncertain,0.0,0.9994,unclassified,0.0
1106,23.77986,86.20908,2.21,318.46,2026-09-03,,10.555,999.0,999.0,999.0,11.587,999.0,forest_natural_fire,0.99,0.99,high,hybrid_agreement,True,False,False,,forest_natural_fire,1,forest_natural_fire,0.99,99.0,"[""Low-intensity thermal source (FRP: 2.2 MW)."", ""1 labeling function(s) voted 'forest_natural_fire' (lf_forest_vegetation_fire)."", ""XGBoost predicted 'forest_natural_fire' with 99.0% probability."", ""Decision [hybrid_agreement]: independent rule evidence and ML agree on 'forest_natural_fire' — status confirmed.""]",4,confirmed,0.99,0.99,forest_natural_fire,1.0
1107,23.78113,86.39088,1.05,309.56,2026-09-03,,5.664,999.0,999.0,999.0,10.844,999.0,unclassified,0.0,0.9993,low,uncertain,False,False,True,Both rule engine and ML model have insufficient evidence.,unclassified,0,unclassified,0.9993,0.0,"[""Low-intensity thermal source (FRP: 1.1 MW)."", ""All 14 labeling functions abstained due to lack of spatial context."", ""XGBoost also abstained: its most probable class was 'unclassified' (99.9%), meaning no specific class met the evidence threshold."", ""Decision [uncertain]: classified as unknown requiring ground review.""]",4,uncertain,0.0,0.9993,unclassified,0.0
1108,23.78161,85.57585,1.39,304.27,2026-09-03,,4.844,999.0,999.0,999.0,999.0,999.0,unclassified,0.0,0.9995,low,uncertain,False,False,True,Both rule engine and ML model have insufficient evidence.,unclassified,0,unclassified,0.9995,0.0,"[""Low-intensity thermal source (FRP: 1.4 MW)."", ""Forest cover within 4.8 km."", ""All 14 labeling functions abstained due to lack of spatial context."", ""XGBoost also abstained: its most probable class was 'unclassified' (99.9%), meaning no specific class met the evidence threshold."", ""Decision [uncertain]: classified as unknown requiring ground review.""]",5,uncertain,0.0,0.9995,unclassified,0.0
1109,23.78512,85.55343,0.94,308.22,2026-09-03,,5.485,999.0,999.0,999.0,999.0,999.0,unclassified,0.0,0.9995,low,uncertain,False,False,True,Both rule engine and ML model have insufficient evidence.,unclassified,0,unclassified,0.9995,0.0,"[""Low-intensity thermal source (FRP: 0.9 MW)."", ""All 14 labeling functions abstained due to lack of spatial context."", ""XGBoost also abstained: its most probable class was 'unclassified' (99.9%), meaning no specific class met the evidence threshold."", ""Decision [uncertain]: classified as unknown requiring ground review.""]",4,uncertain,0.0,0.9995,unclassified,0.0
1110,23.78841,85.55404,1.41,308.98,2026-09-03,,5.422,999.0,999.0,999.0,999.0,999.0,unclassified,0.0,0.9995,low,uncertain,False,False,True,Both rule engine and ML model have insufficient evidence.,unclassified,0,unclassified,0.9995,0.0,"[""Low-intensity thermal source (FRP: 1.4 MW)."", ""All 14 labeling functions abstained due to lack of spatial context."", ""XGBoost also abstained: its most probable class was 'unclassified' (99.9%), meaning no specific class met the evidence threshold."", ""Decision [uncertain]: classified as unknown requiring ground review.""]",4,uncertain,0.0,0.9995,unclassified,0.0
1111,23.79767,86.3515,1.82,314.18,2026-09-03,,10.041,999.0,999.0,999.0,14.78,999.0,unclassified,0.0,0.9919,low,uncertain,False,False,True,Both rule engine and ML model have insufficient evidence.,unclassified,0,unclassified,0.9919,0.0,"[""Low-intensity thermal source (FRP: 1.8 MW)."", ""All 14 labeling functions abstained due to lack of spatial context."", ""XGBoost also abstained: its most probable class was 'unclassified' (99.2%), meaning no specific class met the evidence threshold."", ""Decision [uncertain]: classified as unknown requiring ground review.""]",4,uncertain,0.0,0.9919,unclassified,0.0
1112,23.80129,86.32899,2.12,305.52,2026-09-03,,12.183,999.0,999.0,999.0,16.689,999.0,forest_natural_fire,0.99,0.9911,high,hybrid_agreement,True,False,False,,forest_natural_fire,1,forest_natural_fire,0.9911,99.0,"[""Low-intensity thermal source (FRP: 2.1 MW)."", ""1 labeling function(s) voted 'forest_natural_fire' (lf_forest_vegetation_fire)."", ""XGBoost predicted 'forest_natural_fire' with 99.1% probability."", ""Decision [hybrid_agreement]: independent rule evidence and ML agree on 'forest_natural_fire' — status confirmed.""]",4,confirmed,0.99,0.9911,forest_natural_fire,1.0
1113,23.80459,86.32961,2.12,328.48,2026-09-03,,12.002,999.0,999.0,999.0,16.893,999.0,forest_natural_fire,0.99,0.9892,high,hybrid_agreement,True,False,False,,forest_natural_fire,1,forest_natural_fire,0.9892,99.0,"[""Low-intensity thermal source (FRP: 2.1 MW)."", ""1 labeling function(s) voted 'forest_natural_fire' (lf_forest_vegetation_fire)."", ""XGBoost predicted 'forest_natural_fire' with 98.9% probability."", ""Decision [hybrid_agreement]: independent rule evidence and ML agree on 'forest_natural_fire' — status confirmed.""]",4,confirmed,0.99,0.9892,forest_natural_fire,1.0
1114,23.81538,86.57941,0.58,309.89,2026-09-03,,7.745,999.0,999.0,999.0,18.386,999.0,unclassified,0.0,0.9993,low,uncertain,False,False,True,Both rule engine and ML model have insufficient evidence.,unclassified,0,unclassified,0.9993,0.0,"[""Low-intensity thermal source (FRP: 0.6 MW)."", ""All 14 labeling functions abstained due to lack of spatial context."", ""XGBoost also abstained: its most probable class was 'unclassified' (99.9%), meaning no specific class met the evidence threshold."", ""Decision [uncertain]: classified as unknown requiring ground review.""]",4,uncertain,0.0,0.9993,unclassified,0.0
1115,23.82409,85.49904,0.92,302.51,2026-09-03,,2.376,999.0,999.0,999.0,999.0,999.0,unclassified,0.0,0.9994,low,uncertain,False,False,True,Both rule engine and ML model have insufficient evidence.,unclassified,0,unclassified,0.9994,0.0,"[""Low-intensity thermal source (FRP: 0.9 MW)."", ""Forest cover within 2.4 km."", ""All 14 labeling functions abstained due to lack of spatial context."", ""XGBoost also abstained: its most probable class was 'unclassified' (99.9%), meaning no specific class met the evidence threshold."", ""Decision [uncertain]: classified as unknown requiring ground review.""]",5,uncertain,0.0,0.9994,unclassified,0.0
1116,23.82467,85.49529,0.92,302.86,2026-09-03,,2.533,999.0,999.0,999.0,999.0,999.0,unclassified,0.0,0.9994,low,uncertain,False,False,True,Both rule engine and ML model have insufficient evidence.,unclassified,0,unclassified,0.9994,0.0,"[""Low-intensity thermal source (FRP: 0.9 MW)."", ""Forest cover within 2.5 km."", ""All 14 labeling functions abstained due to lack of spatial context."", ""XGBoost also abstained: its most probable class was 'unclassified' (99.9%), meaning no specific class met the evidence threshold."", ""Decision [uncertain]: classified as unknown requiring ground review.""]",5,uncertain,0.0,0.9994,unclassified,0.0
1117,23.82555,84.93825,0.5,303.94,2026-09-03,,6.716,999.0,999.0,999.0,999.0,999.0,unclassified,0.0,0.9994,low,uncertain,False,False,True,Both rule engine and ML model have insufficient evidence.,unclassified,0,unclassified,0.9994,0.0,"[""Low-intensity thermal source (FRP: 0.5 MW)."", ""All 14 labeling functions abstained due to lack of spatial context."", ""XGBoost also abstained: its most probable class was 'unclassified' (99.9%), meaning no specific class met the evidence threshold."", ""Decision [uncertain]: classified as unknown requiring ground review.""]",4,uncertain,0.0,0.9994,unclassified,0.0
1118,23.84097,84.94881,0.55,303.34,2026-09-03,,7.481,999.0,999.0,999.0,999.0,999.0,unclassified,0.0,0.9996,low,uncertain,False,False,True,Both rule engine and ML model have insufficient evidence.,unclassified,0,unclassified,0.9996,0.0,"[""Low-intensity thermal source (FRP: 0.6 MW)."", ""All 14 labeling functions abstained due to lack of spatial context."", ""XGBoost also abstained: its most probable class was 'unclassified' (100.0%), meaning no specific class met the evidence threshold."", ""Decision [uncertain]: classified as unknown requiring ground review.""]",4,uncertain,0.0,0.9996,unclassified,0.0
1119,23.84145,86.50287,0.52,303.98,2026-09-03,,4.843,999.0,999.0,999.0,16.623,999.0,unclassified,0.0,0.9994,low,uncertain,False,False,True,Both rule engine and ML model have insufficient evidence.,unclassified,0,unclassified,0.9994,0.0,"[""Low-intensity thermal source (FRP: 0.5 MW)."", ""Forest cover within 4.8 km."", ""All 14 labeling functions abstained due to lack of spatial context."", ""XGBoost also abstained: its most probable class was 'unclassified' (99.9%), meaning no specific class met the evidence threshold."", ""Decision [uncertain]: classified as unknown requiring ground review.""]",5,uncertain,0.0,0.9994,unclassified,0.0
1120,23.85833,86.33572,0.5,309.39,2026-09-03,,10.156,999.0,999.0,999.0,21.099,999.0,unclassified,0.0,0.9996,low,uncertain,False,False,True,Both rule engine and ML model have insufficient evidence.,unclassified,0,unclassified,0.9996,0.0,"[""Low-intensity thermal source (FRP: 0.5 MW)."", ""All 14 labeling functions abstained due to lack of spatial context."", ""XGBoost also abstained: its most probable class was 'unclassified' (100.0%), meaning no specific class met the evidence threshold."", ""Decision [uncertain]: classified as unknown requiring ground review.""]",4,uncertain,0.0,0.9996,unclassified,0.0
1121,24.11708,86.85863,1.12,316.11,2026-09-03,,999.0,999.0,999.0,999.0,999.0,999.0,unclassified,0.0,0.9994,low,uncertain,False,False,True,Both rule engine and ML model have insufficient evidence.,unclassified,0,unclassified,0.9994,0.0,"[""Low-intensity thermal source (FRP: 1.1 MW)."", ""All 14 labeling functions abstained due to lack of spatial context."", ""XGBoost also abstained: its most probable class was 'unclassified' (99.9%), meaning no specific class met the evidence threshold."", ""Decision [uncertain]: classified as unknown requiring ground review.""]",4,uncertain,0.0,0.9994,unclassified,0.0
1122,24.11976,86.86308,1.25,311.02,2026-09-03,,999.0,999.0,999.0,999.0,999.0,999.0,unclassified,0.0,0.9998,low,uncertain,False,False,True,Both rule engine and ML model have insufficient evidence.,unclassified,0,unclassified,0.9998,0.0,"[""Low-intensity thermal source (FRP: 1.2 MW)."", ""All 14 labeling functions abstained due to lack of spatial context."", ""XGBoost also abstained: its most probable class was 'unclassified' (100.0%), meaning no specific class met the evidence threshold."", ""Decision [uncertain]: classified as unknown requiring ground review.""]",4,uncertain,0.0,0.9998,unclassified,0.0
1123,25.94085,72.18671,2.0,305.68,2026-09-03,,999.0,999.0,999.0,999.0,999.0,999.0,unclassified,0.0,0.9993,low,uncertain,False,False,True,Both rule engine and ML model have insufficient evidence.,unclassified,0,unclassified,0.9993,0.0,"[""Low-intensity thermal source (FRP: 2.0 MW)."", ""All 14 labeling functions abstained due to lack of spatial context."", ""XGBoost also abstained: its most probable class was 'unclassified' (99.9%), meaning no specific class met the evidence threshold."", ""Decision [uncertain]: classified as unknown requiring ground review.""]",4,uncertain,0.0,0.9993,unclassified,0.0
1124,26.52291,90.5325,5.79,328.03,2026-09-03,,999.0,999.0,999.0,0.397,999.0,17.969,gas_flare,0.8968,0.8568,high,hybrid_agreement,True,False,False,,gas_flare,1,gas_flare,0.8568,89.7,"[""Moderate thermal signature (FRP: 5.8 MW)."", ""Petroleum/chemical refinery within 0.4 km."", ""1 labeling function(s) voted 'gas_flare' (lf_refinery_flare)."", ""XGBoost predicted 'gas_flare' with 85.7% probability."", ""Decision [hybrid_agreement]: independent rule evidence and ML agree on 'gas_flare' — status confirmed.""]",5,confirmed,0.8968,0.8568,gas_flare,1.0
1125,26.7609,83.19978,3.62,308.37,2026-09-03,,999.0,999.0,999.0,999.0,999.0,999.0,unclassified,0.0,0.9982,low,uncertain,False,False,True,Both rule engine and ML model have insufficient evidence.,unclassified,0,unclassified,0.9982,0.0,"[""Low-intensity thermal source (FRP: 3.6 MW)."", ""All 14 labeling functions abstained due to lack of spatial context."", ""XGBoost also abstained: its most probable class was 'unclassified' (99.8%), meaning no specific class met the evidence threshold."", ""Decision [uncertain]: classified as unknown requiring ground review.""]",4,uncertain,0.0,0.9982,unclassified,0.0
1126,28.71685,76.8332,1.13,299.98,2026-09-03,,15.435,18.427,999.0,999.0,999.0,3.586,unclassified,0.0,0.9968,low,uncertain,False,False,True,Both rule engine and ML model have insufficient evidence.,unclassified,0,unclassified,0.9968,0.0,"[""Low-intensity thermal source (FRP: 1.1 MW)."", ""Industrial infrastructure within 2.1 km."", ""All 14 labeling functions abstained due to lack of spatial context."", ""XGBoost also abstained: its most probable class was 'unclassified' (99.7%), meaning no specific class met the evidence threshold."", ""Decision [uncertain]: classified as unknown requiring ground review.""]",5,uncertain,0.0,0.9968,unclassified,0.0
1127,28.74499,76.92669,2.1,296.37,2026-09-03,,14.522,15.756,999.0,999.0,999.0,3.284,forest_natural_fire,0.9337,0.8937,high,hybrid_agreement,True,False,False,,forest_natural_fire,1,forest_natural_fire,0.8937,93.4,"[""Low-intensity thermal source (FRP: 2.1 MW)."", ""Industrial infrastructure within 3.8 km."", ""1 labeling function(s) voted 'forest_natural_fire' (lf_forest_vegetation_fire)."", ""XGBoost predicted 'forest_natural_fire' with 89.4% probability."", ""Decision [hybrid_agreement]: independent rule evidence and ML agree on 'forest_natural_fire' — status confirmed.""]",5,confirmed,0.9337,0.8937,forest_natural_fire,1.0
1128,29.47446,76.85703,5.44,309.14,2026-09-03,,999.0,999.0,999.0,2.089,999.0,1.954,industrial_fire,0.9456,0.8656,high,hybrid_agreement,True,False,False,,industrial_fire,2,industrial_fire,0.8656,94.6,"[""Moderate thermal signature (FRP: 5.4 MW)."", ""Industrial infrastructure within 0.95 km."", ""2 labeling function(s) voted 'industrial_fire' (lf_industry_high_frp, lf_industrial_zone_cluster)."", ""XGBoost predicted 'industrial_fire' with 86.6% probability."", ""Decision [hybrid_agreement]: independent rule evidence and ML agree on 'industrial_fire' — status confirmed.""]",5,confirmed,0.9456,0.8656,industrial_fire,2.0
1129,29.47475,76.85314,8.36,367.0,2026-09-03,,999.0,999.0,999.0,2.465,999.0,2.205,industrial_fire,0.99,0.9961,high,hybrid_agreement,True,False,False,,industrial_fire,4,industrial_fire,0.9961,99.0,"[""Moderate thermal signature (FRP: 8.4 MW)."", ""Industrial infrastructure within 1.2 km."", ""4 labeling function(s) voted 'industrial_fire' (lf_industry_high_frp, lf_factory_proximity_thermal, lf_industrial_zone_cluster, lf_nighttime_process_heat)."", ""XGBoost predicted 'industrial_fire' with 99.6% probability."", ""Decision [hybrid_agreement]: independent rule evidence and ML agree on 'industrial_fire' — status confirmed.""]",5,confirmed,0.99,0.9961,industrial_fire,4.0
1130,29.47725,76.85763,6.79,310.55,2026-09-03,,999.0,999.0,999.0,2.119,999.0,2.046,industrial_fire,0.99,0.9926,high,hybrid_agreement,True,False,False,,industrial_fire,4,industrial_fire,0.9926,99.0,"[""Moderate thermal signature (FRP: 6.8 MW)."", ""Industrial infrastructure within 1.2 km."", ""4 labeling function(s) voted 'industrial_fire' (lf_industry_high_frp, lf_factory_proximity_thermal, lf_industrial_zone_cluster, lf_nighttime_process_heat)."", ""XGBoost predicted 'industrial_fire' with 99.3% probability."", ""Decision [hybrid_agreement]: independent rule evidence and ML agree on 'industrial_fire' — status confirmed.""]",5,confirmed,0.99,0.9926,industrial_fire,4.0
1131,29.47757,76.85374,9.46,367.0,2026-09-03,,999.0,999.0,999.0,2.487,999.0,2.391,industrial_fire,0.99,0.9955,high,hybrid_agreement,True,False,False,,industrial_fire,4,industrial_fire,0.9955,99.0,"[""Moderate thermal signature (FRP: 9.5 MW)."", ""Industrial infrastructure within 1.4 km."", ""4 labeling function(s) voted 'industrial_fire' (lf_industry_high_frp, lf_factory_proximity_thermal, lf_industrial_zone_cluster, lf_nighttime_process_heat)."", ""XGBoost predicted 'industrial_fire' with 99.5% probability."", ""Decision [hybrid_agreement]: independent rule evidence and ML agree on 'industrial_fire' — status confirmed.""]",5,confirmed,0.99,0.9955,industrial_fire,4.0
1132,29.48014,76.85374,0.73,305.02,2026-09-03,,999.0,999.0,999.0,2.59,999.0,2.537,unclassified,0.0,0.988,low,uncertain,False,False,True,Both rule engine and ML model have insufficient evidence.,unclassified,0,unclassified,0.988,0.0,"[""Low-intensity thermal source (FRP: 0.7 MW)."", ""Industrial infrastructure within 1.7 km."", ""All 14 labeling functions abstained due to lack of spatial context."", ""XGBoost also abstained: its most probable class was 'unclassified' (98.8%), meaning no specific class met the evidence threshold."", ""Decision [uncertain]: classified as unknown requiring ground review.""]",5,uncertain,0.0,0.988,unclassified,0.0
1133,29.91007,74.94244,1.02,304.52,2026-09-03,,999.0,999.0,999.0,1.305,999.0,2.645,gas_flare,0.99,0.9682,high,hybrid_agreement,True,False,False,,gas_flare,1,gas_flare,0.9682,99.0,"[""Low-intensity thermal source (FRP: 1.0 MW)."", ""Industrial infrastructure within 4.7 km."", ""Petroleum/chemical refinery within 1.3 km."", ""1 labeling function(s) voted 'gas_flare' (lf_refinery_flare)."", ""XGBoost predicted 'gas_flare' with 96.8% probability."", ""Decision [hybrid_agreement]: independent rule evidence and ML agree on 'gas_flare' — status confirmed.""]",6,confirmed,0.99,0.9682,gas_flare,1.0
1134,29.91132,74.94312,0.8,306.14,2026-09-03,,999.0,999.0,999.0,1.163,999.0,2.5,gas_flare,0.99,0.9763,high,hybrid_agreement,True,False,False,,gas_flare,1,gas_flare,0.9763,99.0,"[""Low-intensity thermal source (FRP: 0.8 MW)."", ""Industrial infrastructure within 4.6 km."", ""Petroleum/chemical refinery within 1.2 km."", ""1 labeling function(s) voted 'gas_flare' (lf_refinery_flare)."", ""XGBoost predicted 'gas_flare' with 97.6% probability."", ""Decision [hybrid_agreement]: independent rule evidence and ML agree on 'gas_flare' — status confirmed.""]",6,confirmed,0.99,0.9763,gas_flare,1.0
1135,16.87099,80.02061,2.28,306.16,2026-09-03,,21.154,23.069,999.0,999.0,999.0,4.934,unclassified,0.0,0.9893,low,uncertain,False,False,True,Both rule engine and ML model have insufficient evidence.,unclassified,0,unclassified,0.9893,0.0,"[""Low-intensity thermal source (FRP: 2.3 MW)."", ""Industrial infrastructure within 0.07 km."", ""All 14 labeling functions abstained due to lack of spatial context."", ""XGBoost also abstained: its most probable class was 'unclassified' (98.9%), meaning no specific class met the evidence threshold."", ""Decision [uncertain]: classified as unknown requiring ground review.""]",5,uncertain,0.0,0.9893,unclassified,0.0
1136,17.35811,76.87943,1.05,303.69,2026-09-03,,999.0,999.0,999.0,999.0,999.0,18.464,unclassified,0.0,0.9984,low,uncertain,False,False,True,Both rule engine and ML model have insufficient evidence.,unclassified,0,unclassified,0.9984,0.0,"[""Low-intensity thermal source (FRP: 1.1 MW)."", ""Industrial infrastructure within 3.7 km."", ""All 14 labeling functions abstained due to lack of spatial context."", ""XGBoost also abstained: its most probable class was 'unclassified' (99.8%), meaning no specific class met the evidence threshold."", ""Decision [uncertain]: classified as unknown requiring ground review.""]",5,uncertain,0.0,0.9984,unclassified,0.0
1137,17.59818,83.19147,1.29,307.48,2026-09-03,,6.063,18.411,999.0,12.076,999.0,0.127,unclassified,0.0,0.9817,low,uncertain,False,False,True,Both rule engine and ML model have insufficient evidence.,unclassified,0,unclassified,0.9817,0.0,"[""Low-intensity thermal source (FRP: 1.3 MW)."", ""Industrial infrastructure within 1.6 km."", ""All 14 labeling functions abstained due to lack of spatial context."", ""XGBoost also abstained: its most probable class was 'unclassified' (98.2%), meaning no specific class met the evidence threshold."", ""Decision [uncertain]: classified as unknown requiring ground review.""]",5,uncertain,0.0,0.9817,unclassified,0.0
1138,17.60372,83.19993,1.9,309.65,2026-09-03,,6.511,17.713,999.0,11.124,999.0,0.45,unclassified,0.0,0.9584,low,uncertain,False,False,True,Both rule engine and ML model have insufficient evidence.,unclassified,0,unclassified,0.9584,0.0,"[""Low-intensity thermal source (FRP: 1.9 MW)."", ""Industrial infrastructure within 0.53 km."", ""All 14 labeling functions abstained due to lack of spatial context."", ""XGBoost also abstained: its most probable class was 'unclassified' (95.8%), meaning no specific class met the evidence threshold."", ""Decision [uncertain]: classified as unknown requiring ground review.""]",5,uncertain,0.0,0.9584,unclassified,0.0
1139,17.60705,83.20048,2.31,314.98,2026-09-03,,6.406,17.34,999.0,10.765,999.0,0.563,industrial_fire,0.99,0.9584,high,hybrid_agreement,True,False,False,,industrial_fire,2,industrial_fire,0.9584,99.0,"[""Low-intensity thermal source (FRP: 2.3 MW)."", ""Industrial infrastructure within 0.37 km."", ""2 labeling function(s) voted 'industrial_fire' (lf_factory_proximity_thermal, lf_nighttime_process_heat)."", ""XGBoost predicted 'industrial_fire' with 95.8% probability."", ""Decision [hybrid_agreement]: independent rule evidence and ML agree on 'industrial_fire' — status confirmed.""]",5,confirmed,0.99,0.9584,industrial_fire,2.0
1140,17.60983,83.20471,2.31,326.65,2026-09-03,,6.709,17.006,999.0,10.295,999.0,1.106,industrial_fire,0.99,0.9805,high,hybrid_agreement,True,False,False,,industrial_fire,2,industrial_fire,0.9805,99.0,"[""Low-intensity thermal source (FRP: 2.3 MW)."", ""Industrial infrastructure within 0.37 km."", ""2 labeling function(s) voted 'industrial_fire' (lf_factory_proximity_thermal, lf_nighttime_process_heat)."", ""XGBoost predicted 'industrial_fire' with 98.0% probability."", ""Decision [hybrid_agreement]: independent rule evidence and ML agree on 'industrial_fire' — status confirmed.""]",5,confirmed,0.99,0.9805,industrial_fire,2.0
1141,17.69188,83.24426,1.77,318.58,2026-09-03,,6.275,8.584,999.0,0.266,999.0,0.409,unclassified,0.0,0.821,low,conflict,False,True,True,"Strong rule consensus ('industrial_fire') and strong ML evidence ('gas_flare', 82.1%) actively disagree.",industrial_fire,3,gas_flare,0.821,0.0,"[""Low-intensity thermal source (FRP: 1.8 MW)."", ""Industrial infrastructure within 1.4 km."", ""Petroleum/chemical refinery within 0.3 km."", ""Strong disagreement: 3 labeling function(s) voted 'industrial_fire' while ML predicted 'gas_flare' at 82.1%."", ""Decision [conflict]: contradictory strong evidence — status uncertain, operator review required.""]",5,uncertain,0.0,0.821,industrial_fire,3.0
1142,17.96308,83.15963,1.55,306.04,2026-09-03,,11.418,22.965,999.0,999.0,999.0,6.974,unclassified,0.0,0.9923,low,uncertain,False,False,True,Both rule engine and ML model have insufficient evidence.,unclassified,0,unclassified,0.9923,0.0,"[""Low-intensity thermal source (FRP: 1.6 MW)."", ""Industrial infrastructure within 0.68 km."", ""All 14 labeling functions abstained due to lack of spatial context."", ""XGBoost also abstained: its most probable class was 'unclassified' (99.2%), meaning no specific class met the evidence threshold."", ""Decision [uncertain]: classified as unknown requiring ground review.""]",5,uncertain,0.0,0.9923,unclassified,0.0
1143,9.54893,77.52233,3.0,328.06,2026-09-03,,999.0,999.0,999.0,999.0,999.0,999.0,unclassified,0.0,0.9995,low,uncertain,False,False,True,Both rule engine and ML model have insufficient evidence.,unclassified,0,unclassified,0.9995,0.0,"[""Low-intensity thermal source (FRP: 3.0 MW)."", ""All 14 labeling functions abstained due to lack of spatial context."", ""XGBoost also abstained: its most probable class was 'unclassified' (99.9%), meaning no specific class met the evidence threshold."", ""Decision [uncertain]: classified as unknown requiring ground review.""]",4,uncertain,0.0,0.9995,unclassified,0.0
1144,9.54934,77.51951,2.15,315.78,2026-09-03,,999.0,999.0,999.0,999.0,999.0,999.0,unclassified,0.0,0.9996,low,uncertain,False,False,True,Both rule engine and ML model have insufficient evidence.,unclassified,0,unclassified,0.9996,0.0,"[""Low-intensity thermal source (FRP: 2.1 MW)."", ""All 14 labeling functions abstained due to lack of spatial context."", ""XGBoost also abstained: its most probable class was 'unclassified' (100.0%), meaning no specific class met the evidence threshold."", ""Decision [uncertain]: classified as unknown requiring ground review.""]",4,uncertain,0.0,0.9996,unclassified,0.0
1145,9.55857,77.51196,0.19,300.32,2026-09-03,,999.0,999.0,999.0,999.0,999.0,999.0,unclassified,0.0,0.9998,low,uncertain,False,False,True,Both rule engine and ML model have insufficient evidence.,unclassified,0,unclassified,0.9998,0.0,"[""Low-intensity thermal source (FRP: 0.2 MW)."", ""All 14 labeling functions abstained due to lack of spatial context."", ""XGBoost also abstained: its most probable class was 'unclassified' (100.0%), meaning no specific class met the evidence threshold."", ""Decision [uncertain]: classified as unknown requiring ground review.""]",4,uncertain,0.0,0.9998,unclassified,0.0
1146,9.73645,77.55113,1.08,310.68,2026-09-03,,999.0,999.0,999.0,999.0,999.0,999.0,unclassified,0.0,0.9997,low,uncertain,False,False,True,Both rule engine and ML model have insufficient evidence.,unclassified,0,unclassified,0.9997,0.0,"[""Low-intensity thermal source (FRP: 1.1 MW)."", ""All 14 labeling functions abstained due to lack of spatial context."", ""XGBoost also abstained: its most probable class was 'unclassified' (100.0%), meaning no specific class met the evidence threshold."", ""Decision [uncertain]: classified as unknown requiring ground review.""]",4,uncertain,0.0,0.9997,unclassified,0.0
1147,10.61815,77.42112,0.77,308.73,2026-09-03,,999.0,999.0,999.0,999.0,999.0,999.0,unclassified,0.0,0.9997,low,uncertain,False,False,True,Both rule engine and ML model have insufficient evidence.,unclassified,0,unclassified,0.9997,0.0,"[""Low-intensity thermal source (FRP: 0.8 MW)."", ""All 14 labeling functions abstained due to lack of spatial context."", ""XGBoost also abstained: its most probable class was 'unclassified' (100.0%), meaning no specific class met the evidence threshold."", ""Decision [uncertain]: classified as unknown requiring ground review.""]",4,uncertain,0.0,0.9997,unclassified,0.0
1148,11.17709,79.08981,0.88,308.03,2026-09-03,,19.787,999.0,999.0,999.0,999.0,999.0,unclassified,0.0,0.9997,low,uncertain,False,False,True,Both rule engine and ML model have insufficient evidence.,unclassified,0,unclassified,0.9997,0.0,"[""Low-intensity thermal source (FRP: 0.9 MW)."", ""All 14 labeling functions abstained due to lack of spatial context."", ""XGBoost also abstained: its most probable class was 'unclassified' (100.0%), meaning no specific class met the evidence threshold."", ""Decision [uncertain]: classified as unknown requiring ground review.""]",4,uncertain,0.0,0.9997,unclassified,0.0
1149,13.412,78.25958,0.43,303.36,2026-09-03,,999.0,999.0,999.0,999.0,999.0,12.438,unclassified,0.0,0.9981,low,uncertain,False,False,True,Both rule engine and ML model have insufficient evidence.,unclassified,0,unclassified,0.9981,0.0,"[""Low-intensity thermal source (FRP: 0.4 MW)."", ""All 14 labeling functions abstained due to lack of spatial context."", ""XGBoost also abstained: its most probable class was 'unclassified' (99.8%), meaning no specific class met the evidence threshold."", ""Decision [uncertain]: classified as unknown requiring ground review.""]",4,uncertain,0.0,0.9981,unclassified,0.0
1150,15.02147,78.0108,1.15,299.92,2026-09-03,,999.0,999.0,999.0,999.0,999.0,1.232,unclassified,0.0,0.997,low,uncertain,False,False,True,Both rule engine and ML model have insufficient evidence.,unclassified,0,unclassified,0.997,0.0,"[""Low-intensity thermal source (FRP: 1.1 MW)."", ""Industrial infrastructure within 0.46 km."", ""All 14 labeling functions abstained due to lack of spatial context."", ""XGBoost also abstained: its most probable class was 'unclassified' (99.7%), meaning no specific class met the evidence threshold."", ""Decision [uncertain]: classified as unknown requiring ground review.""]",5,uncertain,0.0,0.997,unclassified,0.0
1151,15.02509,78.01545,1.15,308.47,2026-09-03,,999.0,999.0,999.0,999.0,999.0,0.871,unclassified,0.0,0.9789,low,uncertain,False,False,True,Both rule engine and ML model have insufficient evidence.,unclassified,0,unclassified,0.9789,0.0,"[""Low-intensity thermal source (FRP: 1.1 MW)."", ""Industrial infrastructure within 0.64 km."", ""All 14 labeling functions abstained due to lack of spatial context."", ""XGBoost also abstained: its most probable class was 'unclassified' (97.9%), meaning no specific class met the evidence threshold."", ""Decision [uncertain]: classified as unknown requiring ground review.""]",5,uncertain,0.0,0.9789,unclassified,0.0
1152,15.06992,76.86325,1.13,298.07,2026-09-03,,8.854,999.0,999.0,999.0,999.0,15.358,unclassified,0.0,0.9983,low,uncertain,False,False,True,Both rule engine and ML model have insufficient evidence.,unclassified,0,unclassified,0.9983,0.0,"[""Low-intensity thermal source (FRP: 1.1 MW)."", ""Industrial infrastructure within 0.43 km."", ""All 14 labeling functions abstained due to lack of spatial context."", ""XGBoost also abstained: its most probable class was 'unclassified' (99.8%), meaning no specific class met the evidence threshold."", ""Decision [uncertain]: classified as unknown requiring ground review.""]",5,uncertain,0.0,0.9983,unclassified,0.0
1153,15.13724,76.70645,0.62,303.86,2026-09-03,,999.0,999.0,999.0,999.0,999.0,19.604,unclassified,0.0,0.9996,low,uncertain,False,False,True,Both rule engine and ML model have insufficient evidence.,unclassified,0,unclassified,0.9996,0.0,"[""Low-intensity thermal source (FRP: 0.6 MW)."", ""All 14 labeling functions abstained due to lack of spatial context."", ""XGBoost also abstained: its most probable class was 'unclassified' (100.0%), meaning no specific class met the evidence threshold."", ""Decision [uncertain]: classified as unknown requiring ground review.""]",4,uncertain,0.0,0.9996,unclassified,0.0
1154,15.17367,76.78399,1.27,303.2,2026-09-03,,17.257,999.0,999.0,999.0,999.0,10.604,unclassified,0.0,0.9983,low,uncertain,False,False,True,Both rule engine and ML model have insufficient evidence.,unclassified,0,unclassified,0.9983,0.0,"[""Low-intensity thermal source (FRP: 1.3 MW)."", ""Industrial infrastructure within 0.09 km."", ""All 14 labeling functions abstained due to lack of spatial context."", ""XGBoost also abstained: its most probable class was 'unclassified' (99.8%), meaning no specific class met the evidence threshold."", ""Decision [uncertain]: classified as unknown requiring ground review.""]",5,uncertain,0.0,0.9983,unclassified,0.0
1155,15.17583,76.65791,3.54,312.3,2026-09-03,,25.363,28.283,999.0,999.0,17.157,22.294,unclassified,0.0,0.9975,low,uncertain,False,False,True,Both rule engine and ML model have insufficient evidence.,unclassified,0,unclassified,0.9975,0.0,"[""Low-intensity thermal source (FRP: 3.5 MW)."", ""All 14 labeling functions abstained due to lack of spatial context."", ""XGBoost also abstained: its most probable class was 'unclassified' (99.8%), meaning no specific class met the evidence threshold."", ""Decision [uncertain]: classified as unknown requiring ground review.""]",4,uncertain,0.0,0.9975,unclassified,0.0
1156,15.17644,76.6531,2.15,311.26,2026-09-03,,24.951,27.848,999.0,999.0,16.637,22.762,unclassified,0.0,0.9966,low,uncertain,False,False,True,Both rule engine and ML model have insufficient evidence.,unclassified,0,unclassified,0.9966,0.0,"[""Low-intensity thermal source (FRP: 2.1 MW)."", ""All 14 labeling functions abstained due to lack of spatial context."", ""XGBoost also abstained: its most probable class was 'unclassified' (99.7%), meaning no specific class met the evidence threshold."", ""Decision [uncertain]: classified as unknown requiring ground review.""]",4,uncertain,0.0,0.9966,unclassified,0.0
1157,15.17711,77.10126,0.93,300.53,2026-09-03,,19.47,999.0,999.0,999.0,999.0,2.605,unclassified,0.0,0.9964,low,uncertain,False,False,True,Both rule engine and ML model have insufficient evidence.,unclassified,0,unclassified,0.9964,0.0,"[""Low-intensity thermal source (FRP: 0.9 MW)."", ""Industrial infrastructure within 0.66 km."", ""All 14 labeling functions abstained due to lack of spatial context."", ""XGBoost also abstained: its most probable class was 'unclassified' (99.6%), meaning no specific class met the evidence threshold."", ""Decision [uncertain]: classified as unknown requiring ground review.""]",5,uncertain,0.0,0.9964,unclassified,0.0
1158,15.18254,76.67829,2.6,306.64,2026-09-03,,26.471,999.0,999.0,999.0,19.23,19.983,unclassified,0.0,0.9983,low,uncertain,False,False,True,Both rule engine and ML model have insufficient evidence.,unclassified,0,unclassified,0.9983,0.0,"[""Low-intensity thermal source (FRP: 2.6 MW)."", ""All 14 labeling functions abstained due to lack of spatial context."", ""XGBoost also abstained: its most probable class was 'unclassified' (99.8%), meaning no specific class met the evidence threshold."", ""Decision [uncertain]: classified as unknown requiring ground review.""]",4,uncertain,0.0,0.9983,unclassified,0.0
1159,15.18315,76.67349,3.3,309.9,2026-09-03,,26.036,999.0,999.0,999.0,18.711,20.45,unclassified,0.0,0.9973,low,uncertain,False,False,True,Both rule engine and ML model have insufficient evidence.,unclassified,0,unclassified,0.9973,0.0,"[""Low-intensity thermal source (FRP: 3.3 MW)."", ""All 14 labeling functions abstained due to lack of spatial context."", ""XGBoost also abstained: its most probable class was 'unclassified' (99.7%), meaning no specific class met the evidence threshold."", ""Decision [uncertain]: classified as unknown requiring ground review.""]",4,uncertain,0.0,0.9973,unclassified,0.0
1160,15.18376,76.66869,3.3,317.37,2026-09-03,,25.604,999.0,999.0,999.0,18.192,20.92,unclassified,0.0,0.9945,low,uncertain,False,False,True,Both rule engine and ML model have insufficient evidence.,unclassified,0,unclassified,0.9945,0.0,"[""Low-intensity thermal source (FRP: 3.3 MW)."", ""All 14 labeling functions abstained due to lack of spatial context."", ""XGBoost also abstained: its most probable class was 'unclassified' (99.5%), meaning no specific class met the evidence threshold."", ""Decision [uncertain]: classified as unknown requiring ground review.""]",4,uncertain,0.0,0.9945,unclassified,0.0
1161,15.18437,76.66389,4.2,316.88,2026-09-03,,25.175,999.0,999.0,999.0,17.672,21.392,unclassified,0.0,0.9944,low,uncertain,False,False,True,Both rule engine and ML model have insufficient evidence.,unclassified,0,unclassified,0.9944,0.0,"[""Low-intensity thermal source (FRP: 4.2 MW)."", ""All 14 labeling functions abstained due to lack of spatial context."", ""XGBoost also abstained: its most probable class was 'unclassified' (99.4%), meaning no specific class met the evidence threshold."", ""Decision [uncertain]: classified as unknown requiring ground review.""]",4,uncertain,0.0,0.9944,unclassified,0.0
1162,15.22415,76.75953,1.9,308.39,2026-09-03,,22.242,999.0,999.0,999.0,999.0,10.36,unclassified,0.0,0.9808,low,uncertain,False,False,True,Both rule engine and ML model have insufficient evidence.,unclassified,0,unclassified,0.9808,0.0,"[""Low-intensity thermal source (FRP: 1.9 MW)."", ""Industrial infrastructure within 0.58 km."", ""All 14 labeling functions abstained due to lack of spatial context."", ""XGBoost also abstained: its most probable class was 'unclassified' (98.1%), meaning no specific class met the evidence threshold."", ""Decision [uncertain]: classified as unknown requiring ground review.""]",5,uncertain,0.0,0.9808,unclassified,0.0
1163,15.2287,76.76014,1.69,318.43,2026-09-03,,22.471,999.0,999.0,999.0,999.0,10.219,industrial_fire,0.99,0.9924,high,hybrid_agreement,True,False,False,,industrial_fire,2,industrial_fire,0.9924,99.0,"[""Low-intensity thermal source (FRP: 1.7 MW)."", ""Industrial infrastructure within 0.65 km."", ""2 labeling function(s) voted 'industrial_fire' (lf_factory_proximity_thermal, lf_nighttime_process_heat)."", ""XGBoost predicted 'industrial_fire' with 99.2% probability."", ""Decision [hybrid_agreement]: independent rule evidence and ML agree on 'industrial_fire' — status confirmed.""]",5,confirmed,0.99,0.9924,industrial_fire,2.0
1164,6.81165,81.62,0.8,316.81,2026-09-03,,999.0,999.0,999.0,999.0,999.0,999.0,unclassified,0.0,0.9998,low,uncertain,False,False,True,Both rule engine and ML model have insufficient evidence.,unclassified,0,unclassified,0.9998,0.0,"[""Low-intensity thermal source (FRP: 0.8 MW)."", ""All 14 labeling functions abstained due to lack of spatial context."", ""XGBoost also abstained: its most probable class was 'unclassified' (100.0%), meaning no specific class met the evidence threshold."", ""Decision [uncertain]: classified as unknown requiring ground review.""]",4,uncertain,0.0,0.9998,unclassified,0.0
1165,6.81495,81.62053,0.8,305.42,2026-09-03,,999.0,999.0,999.0,999.0,999.0,999.0,unclassified,0.0,0.9997,low,uncertain,False,False,True,Both rule engine and ML model have insufficient evidence.,unclassified,0,unclassified,0.9997,0.0,"[""Low-intensity thermal source (FRP: 0.8 MW)."", ""All 14 labeling functions abstained due to lack of spatial context."", ""XGBoost also abstained: its most probable class was 'unclassified' (100.0%), meaning no specific class met the evidence threshold."", ""Decision [uncertain]: classified as unknown requiring ground review.""]",4,uncertain,0.0,0.9997,unclassified,0.0
1166,6.81549,81.61707,1.05,309.32,2026-09-03,,999.0,999.0,999.0,999.0,999.0,999.0,unclassified,0.0,0.9997,low,uncertain,False,False,True,Both rule engine and ML model have insufficient evidence.,unclassified,0,unclassified,0.9997,0.0,"[""Low-intensity thermal source (FRP: 1.1 MW)."", ""All 14 labeling functions abstained due to lack of spatial context."", ""XGBoost also abstained: its most probable class was 'unclassified' (100.0%), meaning no specific class met the evidence threshold."", ""Decision [uncertain]: classified as unknown requiring ground review.""]",4,uncertain,0.0,0.9997,unclassified,0.0
1167,6.82885,81.33916,2.22,322.19,2026-09-03,,999.0,999.0,999.0,999.0,999.0,999.0,unclassified,0.0,0.9997,low,uncertain,False,False,True,Both rule engine and ML model have insufficient evidence.,unclassified,0,unclassified,0.9997,0.0,"[""Low-intensity thermal source (FRP: 2.2 MW)."", ""All 14 labeling functions abstained due to lack of spatial context."", ""XGBoost also abstained: its most probable class was 'unclassified' (100.0%), meaning no specific class met the evidence threshold."", ""Decision [uncertain]: classified as unknown requiring ground review.""]",4,uncertain,0.0,0.9997,unclassified,0.0
1168,6.8327,81.33623,0.89,310.17,2026-09-03,,999.0,999.0,999.0,999.0,999.0,999.0,unclassified,0.0,0.9996,low,uncertain,False,False,True,Both rule engine and ML model have insufficient evidence.,unclassified,0,unclassified,0.9996,0.0,"[""Low-intensity thermal source (FRP: 0.9 MW)."", ""All 14 labeling functions abstained due to lack of spatial context."", ""XGBoost also abstained: its most probable class was 'unclassified' (100.0%), meaning no specific class met the evidence threshold."", ""Decision [uncertain]: classified as unknown requiring ground review.""]",4,uncertain,0.0,0.9996,unclassified,0.0
1169,7.38341,80.83238,0.95,302.19,2026-09-03,,999.0,999.0,999.0,999.0,999.0,999.0,unclassified,0.0,0.9996,low,uncertain,False,False,True,Both rule engine and ML model have insufficient evidence.,unclassified,0,unclassified,0.9996,0.0,"[""Low-intensity thermal source (FRP: 0.9 MW)."", ""All 14 labeling functions abstained due to lack of spatial context."", ""XGBoost also abstained: its most probable class was 'unclassified' (100.0%), meaning no specific class met the evidence threshold."", ""Decision [uncertain]: classified as unknown requiring ground review.""]",4,uncertain,0.0,0.9996,unclassified,0.0
1170,8.26514,80.19796,2.41,315.75,2026-09-03,,999.0,999.0,999.0,999.0,999.0,999.0,unclassified,0.0,0.9997,low,uncertain,False,False,True,Both rule engine and ML model have insufficient evidence.,unclassified,0,unclassified,0.9997,0.0,"[""Low-intensity thermal source (FRP: 2.4 MW)."", ""All 14 labeling functions abstained due to lack of spatial context."", ""XGBoost also abstained: its most probable class was 'unclassified' (100.0%), meaning no specific class met the evidence threshold."", ""Decision [uncertain]: classified as unknown requiring ground review.""]",4,uncertain,0.0,0.9997,unclassified,0.0
1171,8.26856,80.19849,2.07,324.56,2026-09-03,,999.0,999.0,999.0,999.0,999.0,999.0,unclassified,0.0,0.9997,low,uncertain,False,False,True,Both rule engine and ML model have insufficient evidence.,unclassified,0,unclassified,0.9997,0.0,"[""Low-intensity thermal source (FRP: 2.1 MW)."", ""All 14 labeling functions abstained due to lack of spatial context."", ""XGBoost also abstained: its most probable class was 'unclassified' (100.0%), meaning no specific class met the evidence threshold."", ""Decision [uncertain]: classified as unknown requiring ground review.""]",4,uncertain,0.0,0.9997,unclassified,0.0
1172,8.29983,81.0357,0.73,306.92,2026-09-03,,999.0,999.0,999.0,999.0,999.0,999.0,unclassified,0.0,0.9997,low,uncertain,False,False,True,Both rule engine and ML model have insufficient evidence.,unclassified,0,unclassified,0.9997,0.0,"[""Low-intensity thermal source (FRP: 0.7 MW)."", ""All 14 labeling functions abstained due to lack of spatial context."", ""XGBoost also abstained: its most probable class was 'unclassified' (100.0%), meaning no specific class met the evidence threshold."", ""Decision [uncertain]: classified as unknown requiring ground review.""]",4,uncertain,0.0,0.9997,unclassified,0.0
1173,8.57341,80.40363,1.53,308.8,2026-09-03,,999.0,999.0,999.0,999.0,999.0,999.0,unclassified,0.0,0.9997,low,uncertain,False,False,True,Both rule engine and ML model have insufficient evidence.,unclassified,0,unclassified,0.9997,0.0,"[""Low-intensity thermal source (FRP: 1.5 MW)."", ""All 14 labeling functions abstained due to lack of spatial context."", ""XGBoost also abstained: its most probable class was 'unclassified' (100.0%), meaning no specific class met the evidence threshold."", ""Decision [uncertain]: classified as unknown requiring ground review.""]",4,uncertain,0.0,0.9997,unclassified,0.0
1174,8.62789,80.36659,1.72,306.31,2026-09-03,,999.0,999.0,999.0,999.0,999.0,999.0,unclassified,0.0,0.9998,low,uncertain,False,False,True,Both rule engine and ML model have insufficient evidence.,unclassified,0,unclassified,0.9998,0.0,"[""Low-intensity thermal source (FRP: 1.7 MW)."", ""All 14 labeling functions abstained due to lack of spatial context."", ""XGBoost also abstained: its most probable class was 'unclassified' (100.0%), meaning no specific class met the evidence threshold."", ""Decision [uncertain]: classified as unknown requiring ground review.""]",4,uncertain,0.0,0.9998,unclassified,0.0
1175,8.75604,80.98608,1.08,313.55,2026-09-03,,999.0,999.0,999.0,999.0,999.0,999.0,unclassified,0.0,0.9998,low,uncertain,False,False,True,Both rule engine and ML model have insufficient evidence.,unclassified,0,unclassified,0.9998,0.0,"[""Low-intensity thermal source (FRP: 1.1 MW)."", ""All 14 labeling functions abstained due to lack of spatial context."", ""XGBoost also abstained: its most probable class was 'unclassified' (100.0%), meaning no specific class met the evidence threshold."", ""Decision [uncertain]: classified as unknown requiring ground review.""]",4,uncertain,0.0,0.9998,unclassified,0.0
1176,32.64611,72.97604,1.06,305.0,2026-09-03,,999.0,999.0,999.0,999.0,999.0,999.0,unclassified,0.0,0.9997,low,uncertain,False,False,True,Both rule engine and ML model have insufficient evidence.,unclassified,0,unclassified,0.9997,0.0,"[""Low-intensity thermal source (FRP: 1.1 MW)."", ""All 14 labeling functions abstained due to lack of spatial context."", ""XGBoost also abstained: its most probable class was 'unclassified' (100.0%), meaning no specific class met the evidence threshold."", ""Decision [uncertain]: classified as unknown requiring ground review.""]",4,uncertain,0.0,0.9997,unclassified,0.0
1177,32.72236,72.92319,0.9,303.06,2026-09-03,,999.0,999.0,999.0,999.0,999.0,999.0,unclassified,0.0,0.9996,low,uncertain,False,False,True,Both rule engine and ML model have insufficient evidence.,unclassified,0,unclassified,0.9996,0.0,"[""Low-intensity thermal source (FRP: 0.9 MW)."", ""All 14 labeling functions abstained due to lack of spatial context."", ""XGBoost also abstained: its most probable class was 'unclassified' (100.0%), meaning no specific class met the evidence threshold."", ""Decision [uncertain]: classified as unknown requiring ground review.""]",4,uncertain,0.0,0.9996,unclassified,0.0
1178,32.88735,71.617,3.17,307.21,2026-09-03,,999.0,999.0,999.0,999.0,999.0,999.0,unclassified,0.0,0.9995,low,uncertain,False,False,True,Both rule engine and ML model have insufficient evidence.,unclassified,0,unclassified,0.9995,0.0,"[""Low-intensity thermal source (FRP: 3.2 MW)."", ""All 14 labeling functions abstained due to lack of spatial context."", ""XGBoost also abstained: its most probable class was 'unclassified' (100.0%), meaning no specific class met the evidence threshold."", ""Decision [uncertain]: classified as unknown requiring ground review.""]",4,uncertain,0.0,0.9995,unclassified,0.0
1179,33.29866,71.1848,1.0,308.47,2026-09-03,,999.0,999.0,999.0,999.0,999.0,999.0,unclassified,0.0,0.9996,low,uncertain,False,False,True,Both rule engine and ML model have insufficient evidence.,unclassified,0,unclassified,0.9996,0.0,"[""Low-intensity thermal source (FRP: 1.0 MW)."", ""All 14 labeling functions abstained due to lack of spatial context."", ""XGBoost also abstained: its most probable class was 'unclassified' (100.0%), meaning no specific class met the evidence threshold."", ""Decision [uncertain]: classified as unknown requiring ground review.""]",4,uncertain,0.0,0.9996,unclassified,0.0
1180,25.94266,72.1937,1.66,315.55,2026-09-03,,999.0,999.0,999.0,999.0,999.0,999.0,unclassified,0.0,0.9998,low,uncertain,False,False,True,Both rule engine and ML model have insufficient evidence.,unclassified,0,unclassified,0.9998,0.0,"[""Low-intensity thermal source (FRP: 1.7 MW)."", ""All 14 labeling functions abstained due to lack of spatial context."", ""XGBoost also abstained: its most probable class was 'unclassified' (100.0%), meaning no specific class met the evidence threshold."", ""Decision [uncertain]: classified as unknown requiring ground review.""]",4,uncertain,0.0,0.9998,unclassified,0.0
1181,25.94423,72.19559,1.92,310.82,2026-09-03,,999.0,999.0,999.0,999.0,999.0,999.0,unclassified,0.0,0.9997,low,uncertain,False,False,True,Both rule engine and ML model have insufficient evidence.,unclassified,0,unclassified,0.9997,0.0,"[""Low-intensity thermal source (FRP: 1.9 MW)."", ""All 14 labeling functions abstained due to lack of spatial context."", ""XGBoost also abstained: its most probable class was 'unclassified' (100.0%), meaning no specific class met the evidence threshold."", ""Decision [uncertain]: classified as unknown requiring ground review.""]",4,uncertain,0.0,0.9997,unclassified,0.0
1182,28.42469,69.70127,1.58,308.89,2026-09-03,,999.0,999.0,999.0,999.0,999.0,999.0,unclassified,0.0,0.9997,low,uncertain,False,False,True,Both rule engine and ML model have insufficient evidence.,unclassified,0,unclassified,0.9997,0.0,"[""Low-intensity thermal source (FRP: 1.6 MW)."", ""All 14 labeling functions abstained due to lack of spatial context."", ""XGBoost also abstained: its most probable class was 'unclassified' (100.0%), meaning no specific class met the evidence threshold."", ""Decision [uncertain]: classified as unknown requiring ground review.""]",4,uncertain,0.0,0.9997,unclassified,0.0
1183,29.47193,76.86103,3.16,313.99,2026-09-03,,999.0,999.0,999.0,1.664,999.0,1.492,industrial_fire,0.99,0.9911,high,hybrid_agreement,True,False,False,,industrial_fire,3,industrial_fire,0.9911,99.0,"[""Low-intensity thermal source (FRP: 3.2 MW)."", ""Industrial infrastructure within 0.57 km."", ""Petroleum/chemical refinery within 1.7 km."", ""3 labeling function(s) voted 'industrial_fire' (lf_factory_proximity_thermal, lf_refinery_flare, lf_nighttime_process_heat)."", ""XGBoost predicted 'industrial_fire' with 99.1% probability."", ""Decision [hybrid_agreement]: independent rule evidence and ML agree on 'industrial_fire' — status confirmed.""]",6,confirmed,0.99,0.9911,industrial_fire,3.0
1184,29.47375,76.85448,3.16,316.52,2026-09-03,,999.0,999.0,999.0,2.318,999.0,2.063,industrial_fire,0.99,0.9957,high,hybrid_agreement,True,False,False,,industrial_fire,2,industrial_fire,0.9957,99.0,"[""Low-intensity thermal source (FRP: 3.2 MW)."", ""Industrial infrastructure within 1.0 km."", ""2 labeling function(s) voted 'industrial_fire' (lf_factory_proximity_thermal, lf_nighttime_process_heat)."", ""XGBoost predicted 'industrial_fire' with 99.6% probability."", ""Decision [hybrid_agreement]: independent rule evidence and ML agree on 'industrial_fire' — status confirmed.""]",5,confirmed,0.99,0.9957,industrial_fire,2.0
1185,29.47733,76.8575,5.4,334.66,2026-09-03,,999.0,999.0,999.0,2.134,999.0,2.062,industrial_fire,0.99,0.9959,high,hybrid_agreement,True,False,False,,industrial_fire,4,industrial_fire,0.9959,99.0,"[""Moderate thermal signature (FRP: 5.4 MW)."", ""Industrial infrastructure within 1.2 km."", ""4 labeling function(s) voted 'industrial_fire' (lf_industry_high_frp, lf_factory_proximity_thermal, lf_industrial_zone_cluster, lf_nighttime_process_heat)."", ""XGBoost predicted 'industrial_fire' with 99.6% probability."", ""Decision [hybrid_agreement]: independent rule evidence and ML agree on 'industrial_fire' — status confirmed.""]",5,confirmed,0.99,0.9959,industrial_fire,4.0
1186,29.90804,74.94972,0.96,304.42,2026-09-03,,999.0,999.0,999.0,1.152,999.0,2.409,gas_flare,0.99,0.9785,high,hybrid_agreement,True,False,False,,gas_flare,1,gas_flare,0.9785,99.0,"[""Low-intensity thermal source (FRP: 1.0 MW)."", ""Industrial infrastructure within 4.3 km."", ""Petroleum/chemical refinery within 1.2 km."", ""1 labeling function(s) voted 'gas_flare' (lf_refinery_flare)."", ""XGBoost predicted 'gas_flare' with 97.8% probability."", ""Decision [hybrid_agreement]: independent rule evidence and ML agree on 'gas_flare' — status confirmed.""]",6,confirmed,0.99,0.9785,gas_flare,1.0
1187,20.36032,72.94863,1.27,300.96,2026-09-03,,999.0,17.633,999.0,999.0,999.0,10.762,unclassified,0.0,0.9971,low,uncertain,False,False,True,Both rule engine and ML model have insufficient evidence.,unclassified,0,unclassified,0.9971,0.0,"[""Low-intensity thermal source (FRP: 1.3 MW)."", ""Industrial infrastructure within 1.0 km."", ""All 14 labeling functions abstained due to lack of spatial context."", ""XGBoost also abstained: its most probable class was 'unclassified' (99.7%), meaning no specific class met the evidence threshold."", ""Decision [uncertain]: classified as unknown requiring ground review.""]",5,uncertain,0.0,0.9971,unclassified,0.0
1188,21.10505,72.65266,1.48,303.05,2026-09-03,,999.0,3.968,3.349,999.0,999.0,0.649,unclassified,0.0,0.9685,low,uncertain,False,False,True,Both rule engine and ML model have insufficient evidence.,unclassified,0,unclassified,0.9685,0.0,"[""Low-intensity thermal source (FRP: 1.5 MW)."", ""Industrial infrastructure within 1.1 km."", ""Agricultural land within 4.0 km."", ""All 14 labeling functions abstained due to lack of spatial context."", ""XGBoost also abstained: its most probable class was 'unclassified' (96.8%), meaning no specific class met the evidence threshold."", ""Decision [uncertain]: classified as unknown requiring ground review.""]",6,uncertain,0.0,0.9685,unclassified,0.0
1189,21.10634,72.64722,1.48,303.47,2026-09-03,,999.0,3.6,2.855,999.0,999.0,0.988,unclassified,0.0,0.9824,low,uncertain,False,False,True,Both rule engine and ML model have insufficient evidence.,unclassified,0,unclassified,0.9824,0.0,"[""Low-intensity thermal source (FRP: 1.5 MW)."", ""Industrial infrastructure within 0.53 km."", ""Agricultural land within 3.6 km."", ""All 14 labeling functions abstained due to lack of spatial context."", ""XGBoost also abstained: its most probable class was 'unclassified' (98.2%), meaning no specific class met the evidence threshold."", ""Decision [uncertain]: classified as unknown requiring ground review.""]",6,uncertain,0.0,0.9824,unclassified,0.0
1190,21.1091,72.64794,1.64,303.32,2026-09-03,,999.0,3.347,3.044,999.0,999.0,0.83,unclassified,0.0,0.9875,low,uncertain,False,False,True,Both rule engine and ML model have insufficient evidence.,unclassified,0,unclassified,0.9875,0.0,"[""Low-intensity thermal source (FRP: 1.6 MW)."", ""Industrial infrastructure within 0.45 km."", ""Agricultural land within 3.3 km."", ""All 14 labeling functions abstained due to lack of spatial context."", ""XGBoost also abstained: its most probable class was 'unclassified' (98.8%), meaning no specific class met the evidence threshold."", ""Decision [uncertain]: classified as unknown requiring ground review.""]",6,uncertain,0.0,0.9875,unclassified,0.0
1191,21.11042,72.64252,1.64,302.58,2026-09-03,,999.0,3.013,2.627,999.0,999.0,1.04,unclassified,0.0,0.9906,low,uncertain,False,False,True,Both rule engine and ML model have insufficient evidence.,unclassified,0,unclassified,0.9906,0.0,"[""Low-intensity thermal source (FRP: 1.6 MW)."", ""Industrial infrastructure within 0.14 km."", ""Agricultural land within 3.0 km."", ""All 14 labeling functions abstained due to lack of spatial context."", ""XGBoost also abstained: its most probable class was 'unclassified' (99.1%), meaning no specific class met the evidence threshold."", ""Decision [uncertain]: classified as unknown requiring ground review.""]",6,uncertain,0.0,0.9906,unclassified,0.0
1192,21.16396,72.66865,2.07,320.12,2026-09-03,,999.0,4.677,8.883,999.0,999.0,0.723,industrial_fire,0.99,0.9759,high,hybrid_agreement,True,False,False,,industrial_fire,2,industrial_fire,0.9759,99.0,"[""Low-intensity thermal source (FRP: 2.1 MW)."", ""Industrial infrastructure within 0.64 km."", ""Agricultural land within 4.7 km."", ""2 labeling function(s) voted 'industrial_fire' (lf_factory_proximity_thermal, lf_nighttime_process_heat)."", ""XGBoost predicted 'industrial_fire' with 97.6% probability."", ""Decision [hybrid_agreement]: independent rule evidence and ML agree on 'industrial_fire' — status confirmed.""]",6,confirmed,0.99,0.9759,industrial_fire,2.0
1193,21.1702,72.67035,2.07,302.88,2026-09-03,,999.0,5.28,9.562,999.0,999.0,0.992,unclassified,0.0,0.9872,low,uncertain,False,False,True,Both rule engine and ML model have insufficient evidence.,unclassified,0,unclassified,0.9872,0.0,"[""Low-intensity thermal source (FRP: 2.1 MW)."", ""Industrial infrastructure within 0.39 km."", ""All 14 labeling functions abstained due to lack of spatial context."", ""XGBoost also abstained: its most probable class was 'unclassified' (98.7%), meaning no specific class met the evidence threshold."", ""Decision [uncertain]: classified as unknown requiring ground review.""]",5,uncertain,0.0,0.9872,unclassified,0.0
1194,23.49735,68.57843,1.13,305.16,2026-09-03,,999.0,999.0,999.0,999.0,999.0,0.243,unclassified,0.0,0.9904,low,uncertain,False,False,True,Both rule engine and ML model have insufficient evidence.,unclassified,0,unclassified,0.9904,0.0,"[""Low-intensity thermal source (FRP: 1.1 MW)."", ""Industrial infrastructure within 0.21 km."", ""All 14 labeling functions abstained due to lack of spatial context."", ""XGBoost also abstained: its most probable class was 'unclassified' (99.0%), meaning no specific class met the evidence threshold."", ""Decision [uncertain]: classified as unknown requiring ground review.""]",5,uncertain,0.0,0.9904,unclassified,0.0
1195,6.82668,81.33308,2.93,341.49,2026-09-04,,999.0,999.0,999.0,999.0,999.0,999.0,unclassified,0.0,0.999,low,uncertain,False,False,True,Both rule engine and ML model have insufficient evidence.,unclassified,0,unclassified,0.999,0.0,"[""Low-intensity thermal source (FRP: 2.9 MW)."", ""All 14 labeling functions abstained due to lack of spatial context."", ""XGBoost also abstained: its most probable class was 'unclassified' (99.9%), meaning no specific class met the evidence threshold."", ""Decision [uncertain]: classified as unknown requiring ground review.""]",4,uncertain,0.0,0.999,unclassified,0.0
1196,6.82742,81.33201,0.98,333.12,2026-09-04,,999.0,999.0,999.0,999.0,999.0,999.0,unclassified,0.0,0.9994,low,uncertain,False,False,True,Both rule engine and ML model have insufficient evidence.,unclassified,0,unclassified,0.9994,0.0,"[""Low-intensity thermal source (FRP: 1.0 MW)."", ""All 14 labeling functions abstained due to lack of spatial context."", ""XGBoost also abstained: its most probable class was 'unclassified' (99.9%), meaning no specific class met the evidence threshold."", ""Decision [uncertain]: classified as unknown requiring ground review.""]",4,uncertain,0.0,0.9994,unclassified,0.0
1197,6.89503,81.66534,15.69,333.26,2026-09-04,,999.0,999.0,999.0,999.0,999.0,999.0,unclassified,0.0,0.9998,low,uncertain,False,False,True,Both rule engine and ML model have insufficient evidence.,unclassified,0,unclassified,0.9998,0.0,"[""High-intensity thermal signature (FRP: 15.7 MW)."", ""All 14 labeling functions abstained due to lack of spatial context."", ""XGBoost also abstained: its most probable class was 'unclassified' (100.0%), meaning no specific class met the evidence threshold."", ""Decision [uncertain]: classified as unknown requiring ground review.""]",4,uncertain,0.0,0.9998,unclassified,0.0
1198,6.896,81.67058,9.7,332.33,2026-09-04,,999.0,999.0,999.0,999.0,999.0,999.0,unclassified,0.0,0.9996,low,uncertain,False,False,True,Both rule engine and ML model have insufficient evidence.,unclassified,0,unclassified,0.9996,0.0,"[""Moderate thermal signature (FRP: 9.7 MW)."", ""All 14 labeling functions abstained due to lack of spatial context."", ""XGBoost also abstained: its most probable class was 'unclassified' (100.0%), meaning no specific class met the evidence threshold."", ""Decision [uncertain]: classified as unknown requiring ground review.""]",4,uncertain,0.0,0.9996,unclassified,0.0
1199,7.16258,81.81094,5.04,334.7,2026-09-04,,999.0,999.0,999.0,999.0,999.0,999.0,unclassified,0.0,0.9998,low,uncertain,False,False,True,Both rule engine and ML model have insufficient evidence.,unclassified,0,unclassified,0.9998,0.0,"[""Moderate thermal signature (FRP: 5.0 MW)."", ""All 14 labeling functions abstained due to lack of spatial context."", ""XGBoost also abstained: its most probable class was 'unclassified' (100.0%), meaning no specific class met the evidence threshold."", ""Decision [uncertain]: classified as unknown requiring ground review.""]",4,uncertain,0.0,0.9998,unclassified,0.0
1200,7.29266,81.13496,7.34,333.31,2026-09-04,,999.0,999.0,999.0,999.0,999.0,999.0,unclassified,0.0,0.999,low,uncertain,False,False,True,Both rule engine and ML model have insufficient evidence.,unclassified,0,unclassified,0.999,0.0,"[""Moderate thermal signature (FRP: 7.3 MW)."", ""All 14 labeling functions abstained due to lack of spatial context."", ""XGBoost also abstained: its most probable class was 'unclassified' (99.9%), meaning no specific class met the evidence threshold."", ""Decision [uncertain]: classified as unknown requiring ground review.""]",4,uncertain,0.0,0.999,unclassified,0.0
1201,7.29266,81.82796,5.6,344.67,2026-09-04,,999.0,999.0,999.0,999.0,999.0,999.0,unclassified,0.0,0.9998,low,uncertain,False,False,True,Both rule engine and ML model have insufficient evidence.,unclassified,0,unclassified,0.9998,0.0,"[""Moderate thermal signature (FRP: 5.6 MW)."", ""All 14 labeling functions abstained due to lack of spatial context."", ""XGBoost also abstained: its most probable class was 'unclassified' (100.0%), meaning no specific class met the evidence threshold."", ""Decision [uncertain]: classified as unknown requiring ground review.""]",4,uncertain,0.0,0.9998,unclassified,0.0
1202,7.43091,81.71309,6.07,329.71,2026-09-04,,999.0,999.0,999.0,999.0,999.0,999.0,unclassified,0.0,0.9997,low,uncertain,False,False,True,Both rule engine and ML model have insufficient evidence.,unclassified,0,unclassified,0.9997,0.0,"[""Moderate thermal signature (FRP: 6.1 MW)."", ""All 14 labeling functions abstained due to lack of spatial context."", ""XGBoost also abstained: its most probable class was 'unclassified' (100.0%), meaning no specific class met the evidence threshold."", ""Decision [uncertain]: classified as unknown requiring ground review.""]",4,uncertain,0.0,0.9997,unclassified,0.0
1203,7.43366,81.71141,6.1,333.44,2026-09-04,,999.0,999.0,999.0,999.0,999.0,999.0,unclassified,0.0,0.9998,low,uncertain,False,False,True,Both rule engine and ML model have insufficient evidence.,unclassified,0,unclassified,0.9998,0.0,"[""Moderate thermal signature (FRP: 6.1 MW)."", ""All 14 labeling functions abstained due to lack of spatial context."", ""XGBoost also abstained: its most probable class was 'unclassified' (100.0%), meaning no specific class met the evidence threshold."", ""Decision [uncertain]: classified as unknown requiring ground review.""]",4,uncertain,0.0,0.9998,unclassified,0.0
1204,7.4607,81.24904,3.69,333.01,2026-09-04,,999.0,999.0,999.0,999.0,999.0,999.0,unclassified,0.0,0.9996,low,uncertain,False,False,True,Both rule engine and ML model have insufficient evidence.,unclassified,0,unclassified,0.9996,0.0,"[""Low-intensity thermal source (FRP: 3.7 MW)."", ""All 14 labeling functions abstained due to lack of spatial context."", ""XGBoost also abstained: its most probable class was 'unclassified' (100.0%), meaning no specific class met the evidence threshold."", ""Decision [uncertain]: classified as unknown requiring ground review.""]",4,uncertain,0.0,0.9996,unclassified,0.0
1205,7.49698,81.7366,3.05,332.32,2026-09-04,,999.0,999.0,999.0,999.0,999.0,999.0,unclassified,0.0,0.9996,low,uncertain,False,False,True,Both rule engine and ML model have insufficient evidence.,unclassified,0,unclassified,0.9996,0.0,"[""Low-intensity thermal source (FRP: 3.0 MW)."", ""All 14 labeling functions abstained due to lack of spatial context."", ""XGBoost also abstained: its most probable class was 'unclassified' (100.0%), meaning no specific class met the evidence threshold."", ""Decision [uncertain]: classified as unknown requiring ground review.""]",4,uncertain,0.0,0.9996,unclassified,0.0
1206,7.707,81.09916,4.47,334.77,2026-09-04,,999.0,999.0,999.0,999.0,999.0,999.0,unclassified,0.0,0.999,low,uncertain,False,False,True,Both rule engine and ML model have insufficient evidence.,unclassified,0,unclassified,0.999,0.0,"[""Low-intensity thermal source (FRP: 4.5 MW)."", ""All 14 labeling functions abstained due to lack of spatial context."", ""XGBoost also abstained: its most probable class was 'unclassified' (99.9%), meaning no specific class met the evidence threshold."", ""Decision [uncertain]: classified as unknown requiring ground review.""]",4,uncertain,0.0,0.999,unclassified,0.0
1207,7.70815,81.10244,3.81,330.64,2026-09-04,,999.0,999.0,999.0,999.0,999.0,999.0,unclassified,0.0,0.9996,low,uncertain,False,False,True,Both rule engine and ML model have insufficient evidence.,unclassified,0,unclassified,0.9996,0.0,"[""Low-intensity thermal source (FRP: 3.8 MW)."", ""All 14 labeling functions abstained due to lack of spatial context."", ""XGBoost also abstained: its most probable class was 'unclassified' (100.0%), meaning no specific class met the evidence threshold."", ""Decision [uncertain]: classified as unknown requiring ground review.""]",4,uncertain,0.0,0.9996,unclassified,0.0
1208,8.01449,81.27029,8.57,338.06,2026-09-04,,999.0,999.0,999.0,999.0,999.0,999.0,unclassified,0.0,0.9998,low,uncertain,False,False,True,Both rule engine and ML model have insufficient evidence.,unclassified,0,unclassified,0.9998,0.0,"[""Moderate thermal signature (FRP: 8.6 MW)."", ""All 14 labeling functions abstained due to lack of spatial context."", ""XGBoost also abstained: its most probable class was 'unclassified' (100.0%), meaning no specific class met the evidence threshold."", ""Decision [uncertain]: classified as unknown requiring ground review.""]",4,uncertain,0.0,0.9998,unclassified,0.0
1209,8.20375,81.32036,10.19,343.82,2026-09-04,,999.0,999.0,999.0,999.0,999.0,999.0,unclassified,0.0,0.9998,low,uncertain,False,False,True,Both rule engine and ML model have insufficient evidence.,unclassified,0,unclassified,0.9998,0.0,"[""Moderate thermal signature (FRP: 10.2 MW)."", ""All 14 labeling functions abstained due to lack of spatial context."", ""XGBoost also abstained: its most probable class was 'unclassified' (100.0%), meaning no specific class met the evidence threshold."", ""Decision [uncertain]: classified as unknown requiring ground review.""]",4,uncertain,0.0,0.9998,unclassified,0.0
1210,8.20534,81.31903,16.61,340.42,2026-09-04,,999.0,999.0,999.0,999.0,999.0,999.0,unclassified,0.0,0.9998,low,uncertain,False,False,True,Both rule engine and ML model have insufficient evidence.,unclassified,0,unclassified,0.9998,0.0,"[""High-intensity thermal signature (FRP: 16.6 MW)."", ""All 14 labeling functions abstained due to lack of spatial context."", ""XGBoost also abstained: its most probable class was 'unclassified' (100.0%), meaning no specific class met the evidence threshold."", ""Decision [uncertain]: classified as unknown requiring ground review.""]",4,uncertain,0.0,0.9998,unclassified,0.0
1211,8.39582,81.08801,8.45,331.14,2026-09-04,,999.0,999.0,999.0,999.0,999.0,999.0,unclassified,0.0,0.9996,low,uncertain,False,False,True,Both rule engine and ML model have insufficient evidence.,unclassified,0,unclassified,0.9996,0.0,"[""Moderate thermal signature (FRP: 8.4 MW)."", ""All 14 labeling functions abstained due to lack of spatial context."", ""XGBoost also abstained: its most probable class was 'unclassified' (100.0%), meaning no specific class met the evidence threshold."", ""Decision [uncertain]: classified as unknown requiring ground review.""]",4,uncertain,0.0,0.9996,unclassified,0.0
1212,8.40456,81.06378,7.44,334.76,2026-09-04,,999.0,999.0,999.0,999.0,999.0,999.0,unclassified,0.0,0.9997,low,uncertain,False,False,True,Both rule engine and ML model have insufficient evidence.,unclassified,0,unclassified,0.9997,0.0,"[""Moderate thermal signature (FRP: 7.4 MW)."", ""All 14 labeling functions abstained due to lack of spatial context."", ""XGBoost also abstained: its most probable class was 'unclassified' (100.0%), meaning no specific class met the evidence threshold."", ""Decision [uncertain]: classified as unknown requiring ground review.""]",4,uncertain,0.0,0.9997,unclassified,0.0
1213,8.40722,80.73176,7.11,337.36,2026-09-04,,999.0,999.0,999.0,999.0,999.0,999.0,unclassified,0.0,0.9997,low,uncertain,False,False,True,Both rule engine and ML model have insufficient evidence.,unclassified,0,unclassified,0.9997,0.0,"[""Moderate thermal signature (FRP: 7.1 MW)."", ""All 14 labeling functions abstained due to lack of spatial context."", ""XGBoost also abstained: its most probable class was 'unclassified' (100.0%), meaning no specific class met the evidence threshold."", ""Decision [uncertain]: classified as unknown requiring ground review.""]",4,uncertain,0.0,0.9997,unclassified,0.0
1214,8.54235,80.3744,4.67,337.36,2026-09-04,,999.0,999.0,999.0,999.0,999.0,999.0,unclassified,0.0,0.9991,low,uncertain,False,False,True,Both rule engine and ML model have insufficient evidence.,unclassified,0,unclassified,0.9991,0.0,"[""Low-intensity thermal source (FRP: 4.7 MW)."", ""All 14 labeling functions abstained due to lack of spatial context."", ""XGBoost also abstained: its most probable class was 'unclassified' (99.9%), meaning no specific class met the evidence threshold."", ""Decision [uncertain]: classified as unknown requiring ground review.""]",4,uncertain,0.0,0.9991,unclassified,0.0
1215,8.54459,80.37231,6.86,347.07,2026-09-04,,999.0,999.0,999.0,999.0,999.0,999.0,unclassified,0.0,0.999,low,uncertain,False,False,True,Both rule engine and ML model have insufficient evidence.,unclassified,0,unclassified,0.999,0.0,"[""Moderate thermal signature (FRP: 6.9 MW)."", ""All 14 labeling functions abstained due to lack of spatial context."", ""XGBoost also abstained: its most probable class was 'unclassified' (99.9%), meaning no specific class met the evidence threshold."", ""Decision [uncertain]: classified as unknown requiring ground review.""]",4,uncertain,0.0,0.999,unclassified,0.0
1216,8.54552,80.85181,7.65,330.25,2026-09-04,,999.0,999.0,999.0,999.0,999.0,999.0,unclassified,0.0,0.9988,low,uncertain,False,False,True,Both rule engine and ML model have insufficient evidence.,unclassified,0,unclassified,0.9988,0.0,"[""Moderate thermal signature (FRP: 7.7 MW)."", ""All 14 labeling functions abstained due to lack of spatial context."", ""XGBoost also abstained: its most probable class was 'unclassified' (99.9%), meaning no specific class met the evidence threshold."", ""Decision [uncertain]: classified as unknown requiring ground review.""]",4,uncertain,0.0,0.9988,unclassified,0.0
1217,17.60935,82.68137,4.0,336.49,2026-09-04,,13.803,999.0,999.0,999.0,999.0,6.897,forest_natural_fire,0.9184,0.8784,high,hybrid_agreement,True,False,False,,forest_natural_fire,1,forest_natural_fire,0.8784,91.8,"[""Low-intensity thermal source (FRP: 4.0 MW)."", ""1 labeling function(s) voted 'forest_natural_fire' (lf_forest_vegetation_fire)."", ""XGBoost predicted 'forest_natural_fire' with 87.8% probability."", ""Decision [hybrid_agreement]: independent rule evidence and ML agree on 'forest_natural_fire' — status confirmed.""]",4,confirmed,0.9184,0.8784,forest_natural_fire,1.0
1218,20.88834,84.98114,2.35,329.15,2026-09-04,,20.75,999.0,999.0,999.0,999.0,999.0,unclassified,0.0,0.9996,low,uncertain,False,False,True,Both rule engine and ML model have insufficient evidence.,unclassified,0,unclassified,0.9996,0.0,"[""Low-intensity thermal source (FRP: 2.4 MW)."", ""All 14 labeling functions abstained due to lack of spatial context."", ""XGBoost also abstained: its most probable class was 'unclassified' (100.0%), meaning no specific class met the evidence threshold."", ""Decision [uncertain]: classified as unknown requiring ground review.""]",4,uncertain,0.0,0.9996,unclassified,0.0
1219,21.74705,83.8432,7.19,333.02,2026-09-04,,15.473,999.0,26.012,999.0,999.0,6.675,industrial_fire,0.99,0.9906,high,hybrid_agreement,True,False,False,,industrial_fire,3,industrial_fire,0.9906,99.0,"[""Moderate thermal signature (FRP: 7.2 MW)."", ""Industrial infrastructure within 0.77 km."", ""3 labeling function(s) voted 'industrial_fire' (lf_industry_high_frp, lf_factory_proximity_thermal, lf_industrial_zone_cluster)."", ""XGBoost predicted 'industrial_fire' with 99.1% probability."", ""Decision [hybrid_agreement]: independent rule evidence and ML agree on 'industrial_fire' — status confirmed.""]",5,confirmed,0.99,0.9906,industrial_fire,3.0
1220,23.69273,87.12243,5.66,331.45,2026-09-04,,999.0,999.0,999.0,999.0,999.0,999.0,unclassified,0.0,0.9997,low,uncertain,False,False,True,Both rule engine and ML model have insufficient evidence.,unclassified,0,unclassified,0.9997,0.0,"[""Moderate thermal signature (FRP: 5.7 MW)."", ""All 14 labeling functions abstained due to lack of spatial context."", ""XGBoost also abstained: its most probable class was 'unclassified' (100.0%), meaning no specific class met the evidence threshold."", ""Decision [uncertain]: classified as unknown requiring ground review.""]",4,uncertain,0.0,0.9997,unclassified,0.0
1221,23.71243,86.45306,6.0,334.05,2026-09-04,,4.774,999.0,999.0,999.0,1.417,999.0,forest_natural_fire,0.8554,0.8154,high,hybrid_agreement,True,False,False,,forest_natural_fire,1,forest_natural_fire,0.8154,85.5,"[""Moderate thermal signature (FRP: 6.0 MW)."", ""Mining/extraction site within 1.4 km."", ""Forest cover within 4.8 km."", ""1 labeling function(s) voted 'forest_natural_fire' (lf_forest_vegetation_fire)."", ""XGBoost predicted 'forest_natural_fire' with 81.5% probability."", ""Decision [hybrid_agreement]: independent rule evidence and ML agree on 'forest_natural_fire' — status confirmed.""]",6,confirmed,0.8554,0.8154,forest_natural_fire,1.0
1222,26.99477,87.50374,2.81,337.89,2026-09-04,,18.945,999.0,999.0,999.0,999.0,999.0,unclassified,0.0,0.9991,low,uncertain,False,False,True,Both rule engine and ML model have insufficient evidence.,unclassified,0,unclassified,0.9991,0.0,"[""Low-intensity thermal source (FRP: 2.8 MW)."", ""All 14 labeling functions abstained due to lack of spatial context."", ""XGBoost also abstained: its most probable class was 'unclassified' (99.9%), meaning no specific class met the evidence threshold."", ""Decision [uncertain]: classified as unknown requiring ground review.""]",4,uncertain,0.0,0.9991,unclassified,0.0
1223,6.79195,81.54296,8.57,336.55,2026-09-04,,999.0,999.0,999.0,999.0,999.0,999.0,unclassified,0.0,0.9997,low,uncertain,False,False,True,Both rule engine and ML model have insufficient evidence.,unclassified,0,unclassified,0.9997,0.0,"[""Moderate thermal signature (FRP: 8.6 MW)."", ""All 14 labeling functions abstained due to lack of spatial context."", ""XGBoost also abstained: its most probable class was 'unclassified' (100.0%), meaning no specific class met the evidence threshold."", ""Decision [uncertain]: classified as unknown requiring ground review.""]",4,uncertain,0.0,0.9997,unclassified,0.0
1224,6.79202,81.54022,8.68,340.2,2026-09-04,,999.0,999.0,999.0,999.0,999.0,999.0,unclassified,0.0,0.9997,low,uncertain,False,False,True,Both rule engine and ML model have insufficient evidence.,unclassified,0,unclassified,0.9997,0.0,"[""Moderate thermal signature (FRP: 8.7 MW)."", ""All 14 labeling functions abstained due to lack of spatial context."", ""XGBoost also abstained: its most probable class was 'unclassified' (100.0%), meaning no specific class met the evidence threshold."", ""Decision [uncertain]: classified as unknown requiring ground review.""]",4,uncertain,0.0,0.9997,unclassified,0.0
1225,7.44237,81.24368,39.68,367.0,2026-09-04,,999.0,999.0,999.0,999.0,999.0,999.0,unclassified,0.0,0.9997,low,uncertain,False,False,True,Both rule engine and ML model have insufficient evidence.,unclassified,0,unclassified,0.9997,0.0,"[""High-intensity thermal signature (FRP: 39.7 MW)."", ""All 14 labeling functions abstained due to lack of spatial context."", ""XGBoost also abstained: its most probable class was 'unclassified' (100.0%), meaning no specific class met the evidence threshold."", ""Decision [uncertain]: classified as unknown requiring ground review.""]",4,uncertain,0.0,0.9997,unclassified,0.0
1226,7.70602,81.09903,8.43,330.59,2026-09-04,,999.0,999.0,999.0,999.0,999.0,999.0,unclassified,0.0,0.9996,low,uncertain,False,False,True,Both rule engine and ML model have insufficient evidence.,unclassified,0,unclassified,0.9996,0.0,"[""Moderate thermal signature (FRP: 8.4 MW)."", ""All 14 labeling functions abstained due to lack of spatial context."", ""XGBoost also abstained: its most probable class was 'unclassified' (100.0%), meaning no specific class met the evidence threshold."", ""Decision [uncertain]: classified as unknown requiring ground review.""]",4,uncertain,0.0,0.9996,unclassified,0.0
1227,7.70872,79.86331,3.61,330.47,2026-09-04,,999.0,999.0,999.0,999.0,999.0,999.0,unclassified,0.0,0.9996,low,uncertain,False,False,True,Both rule engine and ML model have insufficient evidence.,unclassified,0,unclassified,0.9996,0.0,"[""Low-intensity thermal source (FRP: 3.6 MW)."", ""All 14 labeling functions abstained due to lack of spatial context."", ""XGBoost also abstained: its most probable class was 'unclassified' (100.0%), meaning no specific class met the evidence threshold."", ""Decision [uncertain]: classified as unknown requiring ground review.""]",4,uncertain,0.0,0.9996,unclassified,0.0
1228,7.71155,79.86526,3.33,331.96,2026-09-04,,999.0,999.0,999.0,999.0,999.0,999.0,unclassified,0.0,0.9995,low,uncertain,False,False,True,Both rule engine and ML model have insufficient evidence.,unclassified,0,unclassified,0.9995,0.0,"[""Low-intensity thermal source (FRP: 3.3 MW)."", ""All 14 labeling functions abstained due to lack of spatial context."", ""XGBoost also abstained: its most probable class was 'unclassified' (100.0%), meaning no specific class met the evidence threshold."", ""Decision [uncertain]: classified as unknown requiring ground review.""]",4,uncertain,0.0,0.9995,unclassified,0.0
1229,7.90929,80.56167,14.95,348.28,2026-09-04,,999.0,999.0,999.0,999.0,999.0,999.0,unclassified,0.0,0.999,low,uncertain,False,False,True,Both rule engine and ML model have insufficient evidence.,unclassified,0,unclassified,0.999,0.0,"[""Moderate thermal signature (FRP: 14.9 MW)."", ""All 14 labeling functions abstained due to lack of spatial context."", ""XGBoost also abstained: its most probable class was 'unclassified' (99.9%), meaning no specific class met the evidence threshold."", ""Decision [uncertain]: classified as unknown requiring ground review.""]",4,uncertain,0.0,0.999,unclassified,0.0
1230,7.91409,80.55795,13.66,353.42,2026-09-04,,999.0,999.0,999.0,999.0,999.0,999.0,unclassified,0.0,0.9991,low,uncertain,False,False,True,Both rule engine and ML model have insufficient evidence.,unclassified,0,unclassified,0.9991,0.0,"[""Moderate thermal signature (FRP: 13.7 MW)."", ""All 14 labeling functions abstained due to lack of spatial context."", ""XGBoost also abstained: its most probable class was 'unclassified' (99.9%), meaning no specific class met the evidence threshold."", ""Decision [uncertain]: classified as unknown requiring ground review.""]",4,uncertain,0.0,0.9991,unclassified,0.0
1231,8.2301,80.60484,7.86,344.58,2026-09-04,,999.0,999.0,999.0,999.0,999.0,999.0,unclassified,0.0,0.999,low,uncertain,False,False,True,Both rule engine and ML model have insufficient evidence.,unclassified,0,unclassified,0.999,0.0,"[""Moderate thermal signature (FRP: 7.9 MW)."", ""All 14 labeling functions abstained due to lack of spatial context."", ""XGBoost also abstained: its most probable class was 'unclassified' (99.9%), meaning no specific class met the evidence threshold."", ""Decision [uncertain]: classified as unknown requiring ground review.""]",4,uncertain,0.0,0.999,unclassified,0.0
1232,8.23217,80.60614,3.61,334.29,2026-09-04,,999.0,999.0,999.0,999.0,999.0,999.0,unclassified,0.0,0.999,low,uncertain,False,False,True,Both rule engine and ML model have insufficient evidence.,unclassified,0,unclassified,0.999,0.0,"[""Low-intensity thermal source (FRP: 3.6 MW)."", ""All 14 labeling functions abstained due to lack of spatial context."", ""XGBoost also abstained: its most probable class was 'unclassified' (99.9%), meaning no specific class met the evidence threshold."", ""Decision [uncertain]: classified as unknown requiring ground review.""]",4,uncertain,0.0,0.999,unclassified,0.0
1233,8.42327,77.67912,3.6,342.48,2026-09-04,,999.0,999.0,999.0,999.0,999.0,999.0,unclassified,0.0,0.9998,low,uncertain,False,False,True,Both rule engine and ML model have insufficient evidence.,unclassified,0,unclassified,0.9998,0.0,"[""Low-intensity thermal source (FRP: 3.6 MW)."", ""All 14 labeling functions abstained due to lack of spatial context."", ""XGBoost also abstained: its most probable class was 'unclassified' (100.0%), meaning no specific class met the evidence threshold."", ""Decision [uncertain]: classified as unknown requiring ground review.""]",4,uncertain,0.0,0.9998,unclassified,0.0
1234,8.42943,80.50793,8.06,335.1,2026-09-04,,999.0,999.0,999.0,999.0,999.0,999.0,unclassified,0.0,0.9997,low,uncertain,False,False,True,Both rule engine and ML model have insufficient evidence.,unclassified,0,unclassified,0.9997,0.0,"[""Moderate thermal signature (FRP: 8.1 MW)."", ""All 14 labeling functions abstained due to lack of spatial context."", ""XGBoost also abstained: its most probable class was 'unclassified' (100.0%), meaning no specific class met the evidence threshold."", ""Decision [uncertain]: classified as unknown requiring ground review.""]",4,uncertain,0.0,0.9997,unclassified,0.0
1235,8.43013,80.51373,8.06,335.6,2026-09-04,,999.0,999.0,999.0,999.0,999.0,999.0,unclassified,0.0,0.9991,low,uncertain,False,False,True,Both rule engine and ML model have insufficient evidence.,unclassified,0,unclassified,0.9991,0.0,"[""Moderate thermal signature (FRP: 8.1 MW)."", ""All 14 labeling functions abstained due to lack of spatial context."", ""XGBoost also abstained: its most probable class was 'unclassified' (99.9%), meaning no specific class met the evidence threshold."", ""Decision [uncertain]: classified as unknown requiring ground review.""]",4,uncertain,0.0,0.9991,unclassified,0.0
1236,8.4311,80.50901,11.13,344.77,2026-09-04,,999.0,999.0,999.0,999.0,999.0,999.0,unclassified,0.0,0.9997,low,uncertain,False,False,True,Both rule engine and ML model have insufficient evidence.,unclassified,0,unclassified,0.9997,0.0,"[""Moderate thermal signature (FRP: 11.1 MW)."", ""All 14 labeling functions abstained due to lack of spatial context."", ""XGBoost also abstained: its most probable class was 'unclassified' (100.0%), meaning no specific class met the evidence threshold."", ""Decision [uncertain]: classified as unknown requiring ground review.""]",4,uncertain,0.0,0.9997,unclassified,0.0
1237,8.53678,77.81892,5.15,339.01,2026-09-04,,999.0,999.0,999.0,999.0,999.0,999.0,unclassified,0.0,0.9998,low,uncertain,False,False,True,Both rule engine and ML model have insufficient evidence.,unclassified,0,unclassified,0.9998,0.0,"[""Moderate thermal signature (FRP: 5.2 MW)."", ""All 14 labeling functions abstained due to lack of spatial context."", ""XGBoost also abstained: its most probable class was 'unclassified' (100.0%), meaning no specific class met the evidence threshold."", ""Decision [uncertain]: classified as unknown requiring ground review.""]",4,uncertain,0.0,0.9998,unclassified,0.0
1238,8.53726,77.82267,5.15,367.0,2026-09-04,,999.0,999.0,999.0,999.0,999.0,999.0,unclassified,0.0,0.9998,low,uncertain,False,False,True,Both rule engine and ML model have insufficient evidence.,unclassified,0,unclassified,0.9998,0.0,"[""Moderate thermal signature (FRP: 5.2 MW)."", ""All 14 labeling functions abstained due to lack of spatial context."", ""XGBoost also abstained: its most probable class was 'unclassified' (100.0%), meaning no specific class met the evidence threshold."", ""Decision [uncertain]: classified as unknown requiring ground review.""]",4,uncertain,0.0,0.9998,unclassified,0.0
1239,8.55636,80.87636,11.72,348.62,2026-09-04,,999.0,999.0,999.0,999.0,999.0,999.0,unclassified,0.0,0.9997,low,uncertain,False,False,True,Both rule engine and ML model have insufficient evidence.,unclassified,0,unclassified,0.9997,0.0,"[""Moderate thermal signature (FRP: 11.7 MW)."", ""All 14 labeling functions abstained due to lack of spatial context."", ""XGBoost also abstained: its most probable class was 'unclassified' (100.0%), meaning no specific class met the evidence threshold."", ""Decision [uncertain]: classified as unknown requiring ground review.""]",4,uncertain,0.0,0.9997,unclassified,0.0
1240,8.56839,80.39928,6.46,336.02,2026-09-04,,999.0,999.0,999.0,999.0,999.0,999.0,unclassified,0.0,0.9997,low,uncertain,False,False,True,Both rule engine and ML model have insufficient evidence.,unclassified,0,unclassified,0.9997,0.0,"[""Moderate thermal signature (FRP: 6.5 MW)."", ""All 14 labeling functions abstained due to lack of spatial context."", ""XGBoost also abstained: its most probable class was 'unclassified' (100.0%), meaning no specific class met the evidence threshold."", ""Decision [uncertain]: classified as unknown requiring ground review.""]",4,uncertain,0.0,0.9997,unclassified,0.0
1241,8.69493,80.86718,7.3,335.13,2026-09-04,,999.0,999.0,999.0,999.0,999.0,999.0,unclassified,0.0,0.9997,low,uncertain,False,False,True,Both rule engine and ML model have insufficient evidence.,unclassified,0,unclassified,0.9997,0.0,"[""Moderate thermal signature (FRP: 7.3 MW)."", ""All 14 labeling functions abstained due to lack of spatial context."", ""XGBoost also abstained: its most probable class was 'unclassified' (100.0%), meaning no specific class met the evidence threshold."", ""Decision [uncertain]: classified as unknown requiring ground review.""]",4,uncertain,0.0,0.9997,unclassified,0.0
1242,8.69732,80.86606,11.01,339.0,2026-09-04,,999.0,999.0,999.0,999.0,999.0,999.0,unclassified,0.0,0.9997,low,uncertain,False,False,True,Both rule engine and ML model have insufficient evidence.,unclassified,0,unclassified,0.9997,0.0,"[""Moderate thermal signature (FRP: 11.0 MW)."", ""All 14 labeling functions abstained due to lack of spatial context."", ""XGBoost also abstained: its most probable class was 'unclassified' (100.0%), meaning no specific class met the evidence threshold."", ""Decision [uncertain]: classified as unknown requiring ground review.""]",4,uncertain,0.0,0.9997,unclassified,0.0
1243,8.73432,77.86235,1.87,336.58,2026-09-04,,999.0,999.0,999.0,999.0,999.0,999.0,unclassified,0.0,0.9998,low,uncertain,False,False,True,Both rule engine and ML model have insufficient evidence.,unclassified,0,unclassified,0.9998,0.0,"[""Low-intensity thermal source (FRP: 1.9 MW)."", ""All 14 labeling functions abstained due to lack of spatial context."", ""XGBoost also abstained: its most probable class was 'unclassified' (100.0%), meaning no specific class met the evidence threshold."", ""Decision [uncertain]: classified as unknown requiring ground review.""]",4,uncertain,0.0,0.9998,unclassified,0.0
1244,8.83588,77.99625,2.09,330.84,2026-09-04,,999.0,999.0,999.0,999.0,999.0,999.0,unclassified,0.0,0.9997,low,uncertain,False,False,True,Both rule engine and ML model have insufficient evidence.,unclassified,0,unclassified,0.9997,0.0,"[""Low-intensity thermal source (FRP: 2.1 MW)."", ""All 14 labeling functions abstained due to lack of spatial context."", ""XGBoost also abstained: its most probable class was 'unclassified' (100.0%), meaning no specific class met the evidence threshold."", ""Decision [uncertain]: classified as unknown requiring ground review.""]",4,uncertain,0.0,0.9997,unclassified,0.0
1245,8.84148,77.70094,8.48,352.84,2026-09-04,,999.0,999.0,999.0,999.0,999.0,999.0,unclassified,0.0,0.9997,low,uncertain,False,False,True,Both rule engine and ML model have insufficient evidence.,unclassified,0,unclassified,0.9997,0.0,"[""Moderate thermal signature (FRP: 8.5 MW)."", ""All 14 labeling functions abstained due to lack of spatial context."", ""XGBoost also abstained: its most probable class was 'unclassified' (100.0%), meaning no specific class met the evidence threshold."", ""Decision [uncertain]: classified as unknown requiring ground review.""]",4,uncertain,0.0,0.9997,unclassified,0.0
1246,8.84704,77.70026,10.59,350.85,2026-09-04,,999.0,999.0,999.0,999.0,999.0,999.0,unclassified,0.0,0.9997,low,uncertain,False,False,True,Both rule engine and ML model have insufficient evidence.,unclassified,0,unclassified,0.9997,0.0,"[""Moderate thermal signature (FRP: 10.6 MW)."", ""All 14 labeling functions abstained due to lack of spatial context."", ""XGBoost also abstained: its most probable class was 'unclassified' (100.0%), meaning no specific class met the evidence threshold."", ""Decision [uncertain]: classified as unknown requiring ground review.""]",4,uncertain,0.0,0.9997,unclassified,0.0
1247,9.227,77.50995,5.08,333.23,2026-09-04,,999.0,999.0,999.0,999.0,999.0,999.0,unclassified,0.0,0.9998,low,uncertain,False,False,True,Both rule engine and ML model have insufficient evidence.,unclassified,0,unclassified,0.9998,0.0,"[""Moderate thermal signature (FRP: 5.1 MW)."", ""All 14 labeling functions abstained due to lack of spatial context."", ""XGBoost also abstained: its most probable class was 'unclassified' (100.0%), meaning no specific class met the evidence threshold."", ""Decision [uncertain]: classified as unknown requiring ground review.""]",4,uncertain,0.0,0.9998,unclassified,0.0
1248,9.32813,77.77109,2.23,344.38,2026-09-04,,999.0,999.0,999.0,999.0,999.0,999.0,unclassified,0.0,0.9998,low,uncertain,False,False,True,Both rule engine and ML model have insufficient evidence.,unclassified,0,unclassified,0.9998,0.0,"[""Low-intensity thermal source (FRP: 2.2 MW)."", ""All 14 labeling functions abstained due to lack of spatial context."", ""XGBoost also abstained: its most probable class was 'unclassified' (100.0%), meaning no specific class met the evidence threshold."", ""Decision [uncertain]: classified as unknown requiring ground review.""]",4,uncertain,0.0,0.9998,unclassified,0.0
1249,9.40713,80.29379,5.73,340.05,2026-09-04,,999.0,999.0,999.0,999.0,999.0,999.0,unclassified,0.0,0.999,low,uncertain,False,False,True,Both rule engine and ML model have insufficient evidence.,unclassified,0,unclassified,0.999,0.0,"[""Moderate thermal signature (FRP: 5.7 MW)."", ""All 14 labeling functions abstained due to lack of spatial context."", ""XGBoost also abstained: its most probable class was 'unclassified' (99.9%), meaning no specific class met the evidence threshold."", ""Decision [uncertain]: classified as unknown requiring ground review.""]",4,uncertain,0.0,0.999,unclassified,0.0
1250,9.45251,80.50063,4.9,331.41,2026-09-04,,999.0,999.0,999.0,999.0,999.0,999.0,unclassified,0.0,0.9983,low,uncertain,False,False,True,Both rule engine and ML model have insufficient evidence.,unclassified,0,unclassified,0.9983,0.0,"[""Low-intensity thermal source (FRP: 4.9 MW)."", ""All 14 labeling functions abstained due to lack of spatial context."", ""XGBoost also abstained: its most probable class was 'unclassified' (99.8%), meaning no specific class met the evidence threshold."", ""Decision [uncertain]: classified as unknown requiring ground review.""]",4,uncertain,0.0,0.9983,unclassified,0.0
1251,9.84708,78.08351,2.27,330.17,2026-09-04,,999.0,999.0,999.0,999.0,999.0,999.0,unclassified,0.0,0.9997,low,uncertain,False,False,True,Both rule engine and ML model have insufficient evidence.,unclassified,0,unclassified,0.9997,0.0,"[""Low-intensity thermal source (FRP: 2.3 MW)."", ""All 14 labeling functions abstained due to lack of spatial context."", ""XGBoost also abstained: its most probable class was 'unclassified' (100.0%), meaning no specific class met the evidence threshold."", ""Decision [uncertain]: classified as unknown requiring ground review.""]",4,uncertain,0.0,0.9997,unclassified,0.0
1252,13.90252,78.07291,2.74,330.71,2026-09-04,,999.0,999.0,999.0,999.0,999.0,11.735,unclassified,0.0,0.998,low,uncertain,False,False,True,Both rule engine and ML model have insufficient evidence.,unclassified,0,unclassified,0.998,0.0,"[""Low-intensity thermal source (FRP: 2.7 MW)."", ""All 14 labeling functions abstained due to lack of spatial context."", ""XGBoost also abstained: its most probable class was 'unclassified' (99.8%), meaning no specific class met the evidence threshold."", ""Decision [uncertain]: classified as unknown requiring ground review.""]",4,uncertain,0.0,0.998,unclassified,0.0
1253,22.92564,70.10651,6.03,330.89,2026-09-04,,999.0,999.0,999.0,999.0,999.0,19.878,industrial_fire,0.99,0.9849,high,hybrid_agreement,True,False,False,,industrial_fire,1,industrial_fire,0.9849,99.0,"[""Moderate thermal signature (FRP: 6.0 MW)."", ""Industrial infrastructure within 0.75 km."", ""1 labeling function(s) voted 'industrial_fire' (lf_industry_high_frp)."", ""XGBoost predicted 'industrial_fire' with 98.5% probability."", ""Decision [hybrid_agreement]: independent rule evidence and ML agree on 'industrial_fire' — status confirmed.""]",5,confirmed,0.99,0.9849,industrial_fire,1.0
1254,23.32104,68.85722,9.54,336.7,2026-09-04,,999.0,999.0,999.0,999.0,999.0,18.73,unclassified,0.0,0.9985,low,uncertain,False,False,True,Both rule engine and ML model have insufficient evidence.,unclassified,0,unclassified,0.9985,0.0,"[""Moderate thermal signature (FRP: 9.5 MW)."", ""All 14 labeling functions abstained due to lack of spatial context."", ""XGBoost also abstained: its most probable class was 'unclassified' (99.8%), meaning no specific class met the evidence threshold."", ""Decision [uncertain]: classified as unknown requiring ground review.""]",4,uncertain,0.0,0.9985,unclassified,0.0
1255,24.46648,68.4707,2.73,332.04,2026-09-04,,999.0,999.0,999.0,999.0,999.0,17.928,unclassified,0.0,0.998,low,uncertain,False,False,True,Both rule engine and ML model have insufficient evidence.,unclassified,0,unclassified,0.998,0.0,"[""Low-intensity thermal source (FRP: 2.7 MW)."", ""All 14 labeling functions abstained due to lack of spatial context."", ""XGBoost also abstained: its most probable class was 'unclassified' (99.8%), meaning no specific class met the evidence threshold."", ""Decision [uncertain]: classified as unknown requiring ground review.""]",4,uncertain,0.0,0.998,unclassified,0.0
1256,25.60187,68.655,5.99,334.98,2026-09-04,,999.0,999.0,999.0,999.0,999.0,999.0,unclassified,0.0,0.9997,low,uncertain,False,False,True,Both rule engine and ML model have insufficient evidence.,unclassified,0,unclassified,0.9997,0.0,"[""Moderate thermal signature (FRP: 6.0 MW)."", ""All 14 labeling functions abstained due to lack of spatial context."", ""XGBoost also abstained: its most probable class was 'unclassified' (100.0%), meaning no specific class met the evidence threshold."", ""Decision [uncertain]: classified as unknown requiring ground review.""]",4,uncertain,0.0,0.9997,unclassified,0.0
1257,25.69429,68.37287,9.16,346.32,2026-09-04,,999.0,999.0,999.0,999.0,999.0,999.0,unclassified,0.0,0.9997,low,uncertain,False,False,True,Both rule engine and ML model have insufficient evidence.,unclassified,0,unclassified,0.9997,0.0,"[""Moderate thermal signature (FRP: 9.2 MW)."", ""All 14 labeling functions abstained due to lack of spatial context."", ""XGBoost also abstained: its most probable class was 'unclassified' (100.0%), meaning no specific class met the evidence threshold."", ""Decision [uncertain]: classified as unknown requiring ground review.""]",4,uncertain,0.0,0.9997,unclassified,0.0
1258,25.80458,72.25359,3.59,333.21,2026-09-04,,999.0,999.0,999.0,999.0,999.0,999.0,unclassified,0.0,0.9997,low,uncertain,False,False,True,Both rule engine and ML model have insufficient evidence.,unclassified,0,unclassified,0.9997,0.0,"[""Low-intensity thermal source (FRP: 3.6 MW)."", ""All 14 labeling functions abstained due to lack of spatial context."", ""XGBoost also abstained: its most probable class was 'unclassified' (100.0%), meaning no specific class met the evidence threshold."", ""Decision [uncertain]: classified as unknown requiring ground review.""]",4,uncertain,0.0,0.9997,unclassified,0.0
1259,25.80554,72.25489,2.74,332.06,2026-09-04,,999.0,999.0,999.0,999.0,999.0,999.0,unclassified,0.0,0.9996,low,uncertain,False,False,True,Both rule engine and ML model have insufficient evidence.,unclassified,0,unclassified,0.9996,0.0,"[""Low-intensity thermal source (FRP: 2.7 MW)."", ""All 14 labeling functions abstained due to lack of spatial context."", ""XGBoost also abstained: its most probable class was 'unclassified' (100.0%), meaning no specific class met the evidence threshold."", ""Decision [uncertain]: classified as unknown requiring ground review.""]",4,uncertain,0.0,0.9996,unclassified,0.0
1260,26.22089,68.72581,7.33,347.03,2026-09-04,,999.0,999.0,999.0,999.0,999.0,999.0,unclassified,0.0,0.9997,low,uncertain,False,False,True,Both rule engine and ML model have insufficient evidence.,unclassified,0,unclassified,0.9997,0.0,"[""Moderate thermal signature (FRP: 7.3 MW)."", ""All 14 labeling functions abstained due to lack of spatial context."", ""XGBoost also abstained: its most probable class was 'unclassified' (100.0%), meaning no specific class met the evidence threshold."", ""Decision [uncertain]: classified as unknown requiring ground review.""]",4,uncertain,0.0,0.9997,unclassified,0.0
1261,26.26703,68.71362,6.71,344.71,2026-09-04,,999.0,999.0,999.0,999.0,999.0,999.0,unclassified,0.0,0.9997,low,uncertain,False,False,True,Both rule engine and ML model have insufficient evidence.,unclassified,0,unclassified,0.9997,0.0,"[""Moderate thermal signature (FRP: 6.7 MW)."", ""All 14 labeling functions abstained due to lack of spatial context."", ""XGBoost also abstained: its most probable class was 'unclassified' (100.0%), meaning no specific class met the evidence threshold."", ""Decision [uncertain]: classified as unknown requiring ground review.""]",4,uncertain,0.0,0.9997,unclassified,0.0
1262,28.45206,68.1468,7.33,334.78,2026-09-04,,999.0,999.0,999.0,999.0,999.0,999.0,unclassified,0.0,0.9997,low,uncertain,False,False,True,Both rule engine and ML model have insufficient evidence.,unclassified,0,unclassified,0.9997,0.0,"[""Moderate thermal signature (FRP: 7.3 MW)."", ""All 14 labeling functions abstained due to lack of spatial context."", ""XGBoost also abstained: its most probable class was 'unclassified' (100.0%), meaning no specific class met the evidence threshold."", ""Decision [uncertain]: classified as unknown requiring ground review.""]",4,uncertain,0.0,0.9997,unclassified,0.0
1263,28.45271,68.15234,7.33,338.37,2026-09-04,,999.0,999.0,999.0,999.0,999.0,999.0,unclassified,0.0,0.9997,low,uncertain,False,False,True,Both rule engine and ML model have insufficient evidence.,unclassified,0,unclassified,0.9997,0.0,"[""Moderate thermal signature (FRP: 7.3 MW)."", ""All 14 labeling functions abstained due to lack of spatial context."", ""XGBoost also abstained: its most probable class was 'unclassified' (100.0%), meaning no specific class met the evidence threshold."", ""Decision [uncertain]: classified as unknown requiring ground review.""]",4,uncertain,0.0,0.9997,unclassified,0.0
1264,29.33545,69.01601,4.74,350.1,2026-09-04,,999.0,999.0,999.0,999.0,999.0,999.0,unclassified,0.0,0.9997,low,uncertain,False,False,True,Both rule engine and ML model have insufficient evidence.,unclassified,0,unclassified,0.9997,0.0,"[""Low-intensity thermal source (FRP: 4.7 MW)."", ""All 14 labeling functions abstained due to lack of spatial context."", ""XGBoost also abstained: its most probable class was 'unclassified' (100.0%), meaning no specific class met the evidence threshold."", ""Decision [uncertain]: classified as unknown requiring ground review.""]",4,uncertain,0.0,0.9997,unclassified,0.0
1265,29.90779,74.95393,3.63,334.59,2026-09-04,,999.0,999.0,999.0,1.166,999.0,2.272,unclassified,0.0,0.9496,low,uncertain,False,False,True,Both rule engine and ML model have insufficient evidence.,unclassified,0,unclassified,0.9496,0.0,"[""Low-intensity thermal source (FRP: 3.6 MW)."", ""Industrial infrastructure within 4.1 km."", ""Petroleum/chemical refinery within 1.2 km."", ""All 14 labeling functions abstained due to lack of spatial context."", ""XGBoost also abstained: its most probable class was 'unclassified' (95.0%), meaning no specific class met the evidence threshold."", ""Decision [uncertain]: classified as unknown requiring ground review.""]",6,uncertain,0.0,0.9496,unclassified,0.0
1266,32.43343,71.37107,7.83,340.84,2026-09-04,,999.0,999.0,999.0,999.0,999.0,999.0,unclassified,0.0,0.9998,low,uncertain,False,False,True,Both rule engine and ML model have insufficient evidence.,unclassified,0,unclassified,0.9998,0.0,"[""Moderate thermal signature (FRP: 7.8 MW)."", ""All 14 labeling functions abstained due to lack of spatial context."", ""XGBoost also abstained: its most probable class was 'unclassified' (100.0%), meaning no specific class met the evidence threshold."", ""Decision [uncertain]: classified as unknown requiring ground review.""]",4,uncertain,0.0,0.9998,unclassified,0.0
1267,32.4346,71.36937,4.95,338.7,2026-09-04,,999.0,999.0,999.0,999.0,999.0,999.0,unclassified,0.0,0.9998,low,uncertain,False,False,True,Both rule engine and ML model have insufficient evidence.,unclassified,0,unclassified,0.9998,0.0,"[""Low-intensity thermal source (FRP: 5.0 MW)."", ""All 14 labeling functions abstained due to lack of spatial context."", ""XGBoost also abstained: its most probable class was 'unclassified' (100.0%), meaning no specific class met the evidence threshold."", ""Decision [uncertain]: classified as unknown requiring ground review.""]",4,uncertain,0.0,0.9998,unclassified,0.0
