latitude,longitude,scan,track,acq_date,acq_time,satellite,instrument,confidence,version,bright_ti5,daynight,source_dataset,frp,bright_ti4,confidence_val,is_night,firms_type,is_offshore,is_viiirs,is_modis,dist_refinery,dist_powerplant,dist_factory,dist_volcano,dist_oil_gas,dist_industrial_zone,dist_mining,has_refinery_5km,has_powerplant_5km,has_factory_5km,has_volcano_10km,has_industrial_2km,count_ind_5km,count_ref_5km,cluster_id,final_class,classification,reason,nearest_site_type
27.98973,94.2222,0.42,0.38,2026-08-30,652,N,VIIRS,0.3,2.0NRT,297.24,D,VIIRS_SNPP_NRT,18.02,336.75,1,0,-1,0,1,0,152.86821100149317,49.2878048644975,81.44828292018092,371.8963147224685,103.91222475623724,61.75219485562658,999,0,0,0,0,0,0,0,-1,unclassified,unclassified,No rule matched,power_plant
29.55473,90.99751,0.55,0.43,2026-08-30,652,N,VIIRS,0.3,2.0NRT,296.37,D,VIIRS_SNPP_NRT,4.5,325.18,0,0,-1,0,1,0,340.59048306202016,212.00436799879915,243.70367412149406,697.5114130774774,384.8041359937133,236.24736302898643,999,0,0,0,0,0,0,0,-1,unclassified,unclassified,No rule matched,power_plant
29.55749,90.99095,0.55,0.43,2026-08-30,652,N,VIIRS,0.3,2.0NRT,290.57,D,VIIRS_SNPP_NRT,5.61,328.38,1,0,-1,0,1,0,340.80876667251334,212.57308226489866,243.78140999316577,698.1731523397488,385.23134059890725,236.41134130929476,999,0,0,0,0,0,0,0,-1,unclassified,unclassified,No rule matched,power_plant
29.65337,90.98225,0.55,0.43,2026-08-30,652,N,VIIRS,0.3,2.0NRT,292.56,D,VIIRS_SNPP_NRT,3.42,327.32,1,0,-1,0,1,0,351.2681656228529,222.4194182758245,253.59556494276652,706.4520029494929,395.8475774519445,246.66963769981078,999,0,0,0,0,0,0,0,-1,unclassified,unclassified,No rule matched,power_plant
6.24721,80.86079,0.53,0.42,2026-08-30,826,N,VIIRS,0.3,2.0NRT,299.28,D,VIIRS_SNPP_NRT,2.37,335.72,1,0,-1,0,1,0,772.413477688395,740.420411147766,726.0436113276093,2478.142583573326,1219.8412139380307,716.193993105696,999,0,0,0,0,0,0,0,-1,unclassified,unclassified,No rule matched,industrial_zone
6.26749,81.05721,0.55,0.42,2026-08-30,826,N,VIIRS,0.3,2.0NRT,295.72,D,VIIRS_SNPP_NRT,13.47,334.91,1,0,-1,0,1,0,772.2590678357376,741.3856391070807,726.8660024814592,2480.2691492768517,1216.2234524242012,716.6485791340549,999,0,0,0,0,0,0,0,-1,unclassified,unclassified,No rule matched,industrial_zone
6.45618,81.09254,0.55,0.43,2026-08-30,826,N,VIIRS,0.3,2.0NRT,300.75,D,VIIRS_SNPP_NRT,7.3,345.43,1,0,-1,0,1,0,751.8600962390877,721.3460198366948,706.7809987053944,2460.5346314097183,1195.063688925409,696.4451921263056,999,0,0,0,0,0,0,0,0,unclassified,unclassified,No rule matched,industrial_zone
6.45692,81.09754,0.55,0.43,2026-08-30,826,N,VIIRS,0.3,2.0NRT,301.59,D,VIIRS_SNPP_NRT,19.19,349.51,1,0,-1,0,1,0,751.8438606897313,721.3597789840015,706.791288984449,2460.5683162907126,1194.9527818241017,696.4460092585795,999,0,0,0,0,0,0,0,0,unclassified,unclassified,No rule matched,industrial_zone
6.45926,81.09015,0.55,0.43,2026-08-30,826,N,VIIRS,0.3,2.0NRT,299.67,D,VIIRS_SNPP_NRT,8.32,346.16,1,0,-1,0,1,0,751.4888480848222,720.9634012352144,706.3996421824035,2460.1449891682655,1194.7355015378528,696.0673521525115,999,0,0,0,0,0,0,0,0,unclassified,unclassified,No rule matched,industrial_zone
6.45996,81.09512,0.55,0.43,2026-08-30,826,N,VIIRS,0.3,2.0NRT,299.92,D,VIIRS_SNPP_NRT,8.32,348.18,1,0,-1,0,1,0,751.4764742345227,720.9808195790572,706.4136115207626,2460.182302048418,1194.6290839060387,696.0719082390499,999,0,0,0,0,0,0,0,0,unclassified,unclassified,No rule matched,industrial_zone
6.46012,81.09199,0.55,0.43,2026-08-30,826,N,VIIRS,0.3,2.0NRT,299.41,D,VIIRS_SNPP_NRT,7.3,341.66,1,0,-1,0,1,0,751.4178770605623,720.903977418557,706.3388704821226,2460.093420711303,1194.629356017587,696.0029168660251,999,0,0,0,0,0,0,0,0,unclassified,unclassified,No rule matched,industrial_zone
6.55183,80.87236,0.54,0.42,2026-08-30,826,N,VIIRS,0.3,2.0NRT,291.28,D,VIIRS_SNPP_NRT,11.61,346.14,1,0,-1,0,1,0,738.7731276414996,707.0417602158387,692.6248874512721,2445.188579689764,1185.964842696835,682.6815228215249,999,0,0,0,0,0,0,0,-1,unclassified,unclassified,No rule matched,industrial_zone
6.55189,80.87561,0.54,0.42,2026-08-30,826,N,VIIRS,0.3,2.0NRT,292.72,D,VIIRS_SNPP_NRT,8.33,334.36,1,0,-1,0,1,0,738.7981214750847,707.0858264938241,692.6664581106863,2445.253441825563,1185.932224237185,682.7167429043253,999,0,0,0,0,0,0,0,-1,unclassified,unclassified,No rule matched,industrial_zone
6.56987,81.05585,0.55,0.43,2026-08-30,826,N,VIIRS,0.3,2.0NRT,292.28,D,VIIRS_SNPP_NRT,39.3,349.19,1,0,-1,0,1,0,738.8322173875636,708.1991254490802,693.6459976838121,2447.328489687911,1182.6600089718124,683.345179107326,999,0,0,0,0,0,0,0,1,unclassified,unclassified,No rule matched,industrial_zone
6.57044,81.05381,0.55,0.43,2026-08-30,826,N,VIIRS,0.3,2.0NRT,290.95,D,VIIRS_SNPP_NRT,18.25,336.92,1,0,-1,0,1,0,738.7434099730848,708.0986452457004,693.5468717128796,2447.220020670095,1182.609388649577,683.2497445125416,999,0,0,0,0,0,0,0,1,unclassified,unclassified,No rule matched,industrial_zone
6.57118,81.0588,0.55,0.43,2026-08-30,826,N,VIIRS,0.3,2.0NRT,289.64,D,VIIRS_SNPP_NRT,18.25,337.67,1,0,-1,0,1,0,738.7250124297035,708.1106417648256,693.5553071312121,2447.2531569605612,1182.4963361459982,683.2485192376136,999,0,0,0,0,0,0,0,1,unclassified,unclassified,No rule matched,industrial_zone
6.71188,81.53472,0.39,0.44,2026-08-30,826,N,VIIRS,0.3,2.0NRT,300.87,D,VIIRS_SNPP_NRT,3.03,341.78,1,0,-1,0,1,0,731.2067061509335,703.6645170190457,688.8042372146623,2443.342778540308,1165.046290257741,677.5813608619875,999,0,0,0,0,0,0,0,2,unclassified,unclassified,No rule matched,industrial_zone
6.72053,81.5371,0.39,0.44,2026-08-30,826,N,VIIRS,0.3,2.0NRT,299.79,D,VIIRS_SNPP_NRT,5.65,342.87,1,0,-1,0,1,0,730.3111482504362,702.7959474758259,687.9333470821949,2442.4653208682244,1164.0811393296979,676.7027173851747,999,0,0,0,0,0,0,0,2,unclassified,unclassified,No rule matched,industrial_zone
6.72105,81.5407,0.39,0.44,2026-08-30,826,N,VIIRS,0.3,2.0NRT,300.12,D,VIIRS_SNPP_NRT,5.65,343.31,1,0,-1,0,1,0,730.3290649858524,702.8371788161558,687.9726805419925,2442.498987167081,1164.0182940860345,676.7355676721133,999,0,0,0,0,0,0,0,2,unclassified,unclassified,No rule matched,industrial_zone
6.72933,81.16361,0.56,0.43,2026-08-30,826,N,VIIRS,0.3,2.0NRT,291.13,D,VIIRS_SNPP_NRT,4.87,339.18,1,0,-1,0,1,0,722.7158065396853,692.8856811622593,678.2400209777337,2432.4759503966557,1164.3383447101162,667.6847023409155,999,0,0,0,0,0,0,0,-1,unclassified,unclassified,No rule matched,industrial_zone
6.7333,81.16302,0.56,0.43,2026-08-30,826,N,VIIRS,0.3,2.0NRT,291.31,D,VIIRS_SNPP_NRT,19.5,349.54,1,0,-1,0,1,0,722.2696159326065,692.4398879849035,677.7941166115179,2432.030722145795,1163.9004604894276,667.2385707588752,999,0,0,0,0,0,0,0,-1,unclassified,unclassified,No rule matched,industrial_zone
6.7412,81.50845,0.39,0.44,2026-08-30,826,N,VIIRS,0.3,2.0NRT,306.51,D,VIIRS_SNPP_NRT,4.05,342.02,1,0,-1,0,1,0,727.4647030443736,699.7982523312404,684.9477493780936,2439.5118383116455,1161.8277129989597,673.7586167133204,999,0,0,0,0,0,0,0,3,unclassified,unclassified,No rule matched,industrial_zone
6.74123,81.50769,0.39,0.44,2026-08-30,826,N,VIIRS,0.3,2.0NRT,306.26,D,VIIRS_SNPP_NRT,3.86,340.69,1,0,-1,0,1,0,727.4459771729586,699.7747886783304,684.9246774937167,2439.489675932997,1161.8256789755658,673.7368676750343,999,0,0,0,0,0,0,0,3,unclassified,unclassified,No rule matched,industrial_zone
6.74882,81.53226,0.39,0.44,2026-08-30,826,N,VIIRS,0.3,2.0NRT,306.41,D,VIIRS_SNPP_NRT,3.11,335.77,0,0,-1,0,1,0,727.1210345309255,699.6150759886716,684.7513148936634,2439.2802771331285,1160.9426793900102,673.5172684600465,999,0,0,0,0,0,0,0,3,unclassified,unclassified,No rule matched,industrial_zone
6.74896,81.53299,0.39,0.44,2026-08-30,826,N,VIIRS,0.3,2.0NRT,306.47,D,VIIRS_SNPP_NRT,3.24,336.66,1,0,-1,0,1,0,727.1208833776606,699.6197219774946,684.7555700613477,2439.2833622669336,1160.9260446110022,673.5201884678179,999,0,0,0,0,0,0,0,3,unclassified,unclassified,No rule matched,industrial_zone
6.77788,81.78619,0.41,0.45,2026-08-30,826,N,VIIRS,0.3,2.0NRT,302.1,D,VIIRS_SNPP_NRT,4.91,338.04,1,0,-1,0,1,0,729.7449878597164,703.8933389509004,688.9089810357464,2442.625608400127,1157.6663446654145,677.2308405645356,999,0,0,0,0,0,0,0,-1,unclassified,unclassified,No rule matched,industrial_zone
6.7977,81.55489,0.4,0.44,2026-08-30,826,N,VIIRS,0.3,2.0NRT,305.52,D,VIIRS_SNPP_NRT,6.68,349.29,1,0,-1,0,1,0,722.2598790859313,694.9670237775733,680.0855182947591,2434.5543182996016,1155.4771974698906,668.7911069825499,999,0,0,0,0,0,0,0,-1,unclassified,unclassified,No rule matched,industrial_zone
6.81451,81.55614,0.4,0.44,2026-08-30,826,N,VIIRS,0.3,2.0NRT,305.15,D,VIIRS_SNPP_NRT,3.16,340.43,1,0,-1,0,1,0,720.4523428675902,693.1919448543867,678.3076435056391,2432.7657254832684,1153.6065805279475,667.0037887080829,999,0,0,0,0,0,0,0,-1,unclassified,unclassified,No rule matched,industrial_zone
6.81849,81.5262,0.39,0.44,2026-08-30,826,N,VIIRS,0.3,2.0NRT,303.18,D,VIIRS_SNPP_NRT,2.63,339.07,1,0,-1,0,1,0,719.3866685540278,691.941188861028,677.0715228782108,2431.583193573249,1153.205558828047,665.8185793167794,999,0,0,0,0,0,0,0,4,unclassified,unclassified,No rule matched,industrial_zone
6.863,81.43449,0.39,0.44,2026-08-30,826,N,VIIRS,0.3,2.0NRT,297.4,D,VIIRS_SNPP_NRT,3.02,332.96,1,0,-1,0,1,0,712.6701518713577,684.7010205913593,669.8741717434417,2424.480696773041,1148.4416901682202,658.7664770760555,999,0,0,0,0,0,0,0,-1,unclassified,unclassified,No rule matched,industrial_zone
6.89576,81.66621,0.4,0.44,2026-08-30,826,N,VIIRS,0.3,2.0NRT,301.71,D,VIIRS_SNPP_NRT,3.31,331.54,0,0,-1,0,1,0,714.0626750169478,687.6349896794198,672.6877926829288,2426.7747904679786,1144.4982265373433,661.1566090291044,999,0,0,0,0,0,0,0,-1,unclassified,unclassified,No rule matched,industrial_zone
6.96385,81.61536,0.4,0.44,2026-08-30,826,N,VIIRS,0.3,2.0NRT,304.75,D,VIIRS_SNPP_NRT,6.91,336.56,1,0,-1,0,1,0,705.4859125609853,678.8367550235699,663.904320559412,2418.106598545245,1136.9459200440515,652.4298722156592,999,0,0,0,0,0,0,0,-1,unclassified,unclassified,No rule matched,industrial_zone
7.01565,81.40194,0.39,0.44,2026-08-30,826,N,VIIRS,0.3,2.0NRT,303.03,D,VIIRS_SNPP_NRT,3.69,344.36,1,0,-1,0,1,0,695.3286815439471,667.3581425166808,652.5289559137004,2407.1332251939402,1131.5598023034577,641.4168409225937,999,0,0,0,0,0,0,0,-1,unclassified,unclassified,No rule matched,industrial_zone
7.01929,81.60059,0.4,0.44,2026-08-30,826,N,VIIRS,0.3,2.0NRT,302.79,D,VIIRS_SNPP_NRT,2.25,332.84,1,0,-1,0,1,0,699.117659571403,672.4605601353386,657.5278952473576,2411.7320105579493,1130.7919608798716,646.053693934283,999,0,0,0,0,0,0,0,5,unclassified,unclassified,No rule matched,industrial_zone
7.10918,81.68468,0.41,0.45,2026-08-30,826,N,VIIRS,0.3,2.0NRT,305.92,D,VIIRS_SNPP_NRT,4.05,335.1,0,0,-1,0,1,0,691.3348412755195,665.389753985311,650.4070859575179,2404.1826673429846,1120.7667666414625,638.741830034015,999,0,0,0,0,0,0,0,-1,unclassified,unclassified,No rule matched,industrial_zone
7.13256,81.41004,0.39,0.44,2026-08-30,826,N,VIIRS,0.3,2.0NRT,297.2,D,VIIRS_SNPP_NRT,2.12,330.14,1,0,-1,0,1,0,682.6963237996293,654.9457860274468,640.0960939147119,2394.6660942971857,1118.5413279058653,628.9180141984903,999,0,0,0,0,0,0,0,-1,unclassified,unclassified,No rule matched,industrial_zone
7.21619,81.59032,0.4,0.44,2026-08-30,826,N,VIIRS,0.3,2.0NRT,306.07,D,VIIRS_SNPP_NRT,5.44,337.99,1,0,-1,0,1,0,677.4675111971,651.0692943737055,636.1154310837948,2390.1739800523474,1108.90712289239,624.5652267516763,999,0,0,0,0,0,0,0,-1,unclassified,unclassified,No rule matched,industrial_zone
7.27317,81.1773,0.57,0.43,2026-08-30,826,N,VIIRS,0.3,2.0NRT,303.55,D,VIIRS_SNPP_NRT,2.91,330.44,0,0,-1,0,1,0,663.0557768228604,633.925585428029,619.1981760786998,2373.736184315378,1103.8628351704342,608.4149068077456,999,0,0,0,0,0,0,0,6,unclassified,unclassified,No rule matched,industrial_zone
7.27678,81.14547,0.57,0.43,2026-08-30,826,N,VIIRS,0.3,2.0NRT,305.53,D,VIIRS_SNPP_NRT,4.38,337.26,1,0,-1,0,1,0,662.1486417818538,632.8069422260274,618.1004602459484,2372.5833886901714,1103.6369270506018,607.3804951412345,999,0,0,0,0,0,0,0,6,unclassified,unclassified,No rule matched,industrial_zone
7.27753,81.15067,0.57,0.43,2026-08-30,826,N,VIIRS,0.3,2.0NRT,306.06,D,VIIRS_SNPP_NRT,4.38,337.79,1,0,-1,0,1,0,662.14822484487,632.8426910779552,618.132567143928,2372.625980912824,1103.524306647385,607.4016908456077,999,0,0,0,0,0,0,0,6,unclassified,unclassified,No rule matched,industrial_zone
7.27994,81.59621,0.4,0.45,2026-08-30,826,N,VIIRS,0.3,2.0NRT,306.6,D,VIIRS_SNPP_NRT,5.24,340.82,1,0,-1,0,1,0,670.678324962785,644.4314581912271,629.4662857880292,2383.4333237004093,1101.8134389760478,617.8736835549335,999,0,0,0,0,0,0,0,-1,unclassified,unclassified,No rule matched,industrial_zone
7.29368,81.80795,0.42,0.45,2026-08-30,826,N,VIIRS,0.3,2.0NRT,303.12,D,VIIRS_SNPP_NRT,2.34,332.54,0,0,-1,0,1,0,674.569811702337,649.8158095208105,634.7603437916929,2387.5157383643827,1100.343098706098,622.7861811215544,999,0,0,0,0,0,0,0,-1,unclassified,unclassified,No rule matched,industrial_zone
7.31546,81.10326,0.57,0.43,2026-08-30,826,N,VIIRS,0.3,2.0NRT,304.81,D,VIIRS_SNPP_NRT,6.49,334.42,0,0,-1,0,1,0,657.2389911104524,627.6564150307446,612.9736871061989,2367.3803453919054,1099.5912971555229,602.3254051727073,999,0,0,0,0,0,0,0,7,unclassified,unclassified,No rule matched,industrial_zone
7.31621,81.10839,0.57,0.43,2026-08-30,826,N,VIIRS,0.3,2.0NRT,305.81,D,VIIRS_SNPP_NRT,9.05,336.91,1,0,-1,0,1,0,657.234051197695,627.6872903115035,613.0008566007625,2367.420479619059,1099.4766671858436,602.3416521547018,999,0,0,0,0,0,0,0,7,unclassified,unclassified,No rule matched,industrial_zone
7.31681,81.76224,0.41,0.45,2026-08-30,826,N,VIIRS,0.3,2.0NRT,299.4,D,VIIRS_SNPP_NRT,5.41,344.78,1,0,-1,0,1,0,670.8471185982064,645.8216866720913,630.7807324534074,2383.801102405217,1097.7182428077724,618.8731186600281,999,0,0,0,0,0,0,0,8,unclassified,unclassified,No rule matched,industrial_zone
7.32021,81.10786,0.57,0.43,2026-08-30,826,N,VIIRS,0.3,2.0NRT,306.09,D,VIIRS_SNPP_NRT,2.2,336.09,1,0,-1,0,1,0,656.7854594563655,627.2397897237261,612.5531616585263,2366.973534273842,1099.0357940172362,601.8934934161489,999,0,0,0,0,0,0,0,7,unclassified,unclassified,No rule matched,industrial_zone
7.32289,81.80387,0.42,0.45,2026-08-30,826,N,VIIRS,0.3,2.0NRT,303.84,D,VIIRS_SNPP_NRT,2.59,340.57,1,0,-1,0,1,0,671.3112618495018,646.5883101280219,631.5308228849489,2384.2556140941942,1097.0897028085456,619.547823997408,999,0,0,0,0,0,0,0,9,unclassified,unclassified,No rule matched,industrial_zone
7.3236,81.80315,0.42,0.45,2026-08-30,826,N,VIIRS,0.3,2.0NRT,303.42,D,VIIRS_SNPP_NRT,2.14,331.97,0,0,-1,0,1,0,671.215138315105,646.4886143311817,631.431307438267,2384.159753381216,1097.0097807934942,619.4491617021449,999,0,0,0,0,0,0,0,9,unclassified,unclassified,No rule matched,industrial_zone
7.32474,81.2229,0.38,0.43,2026-08-30,826,N,VIIRS,0.3,2.0NRT,307.22,D,VIIRS_SNPP_NRT,5.09,344.58,1,0,-1,0,1,0,658.1529169511634,629.4002808084786,614.6356589600402,2369.239436618988,1097.9021873190195,603.7388440071798,999,0,0,0,0,0,0,0,-1,unclassified,unclassified,No rule matched,factory
7.33473,81.20717,0.38,0.43,2026-08-30,826,N,VIIRS,0.3,2.0NRT,311.78,D,VIIRS_SNPP_NRT,10.19,357.22,1,0,-1,0,1,0,656.7862394587951,627.9386206848038,613.1827558007872,2367.775039112898,1096.87038918542,602.3135516818976,999,0,0,0,0,0,0,0,10,unclassified,unclassified,No rule matched,industrial_zone
7.34377,81.73465,0.41,0.45,2026-08-30,826,N,VIIRS,0.3,2.0NRT,300.35,D,VIIRS_SNPP_NRT,3.47,336.86,1,0,-1,0,1,0,667.2088926955905,642.0441923311381,627.0107345210556,2380.159216708658,1094.6992537823273,615.1369727459668,999,0,0,0,0,0,0,0,-1,unclassified,unclassified,No rule matched,industrial_zone
7.35118,81.19792,0.38,0.43,2026-08-30,826,N,VIIRS,0.3,2.0NRT,309.58,D,VIIRS_SNPP_NRT,3.8,336.49,0,0,-1,0,1,0,654.8221248981413,625.9322977921016,611.1801181620499,2365.76686005945,1095.0903023135106,600.3228051682063,999,0,0,0,0,0,0,0,10,unclassified,unclassified,No rule matched,industrial_zone
7.35132,81.81868,0.42,0.45,2026-08-30,826,N,VIIRS,0.3,2.0NRT,303.61,D,VIIRS_SNPP_NRT,2.2,335.23,1,0,-1,0,1,0,668.6559095575775,644.0951372348164,629.0280709744209,2381.586382914032,1093.9501170579078,617.004781866357,999,0,0,0,0,0,0,0,-1,unclassified,unclassified,No rule matched,factory
7.35166,81.2014,0.38,0.43,2026-08-30,826,N,VIIRS,0.3,2.0NRT,310.47,D,VIIRS_SNPP_NRT,3.8,348.5,1,0,-1,0,1,0,654.8282217809635,625.9630174883052,611.2084869822821,2365.7988285140577,1095.0191377786957,600.3438844159069,999,0,0,0,0,0,0,0,10,unclassified,unclassified,No rule matched,industrial_zone
7.35215,81.2049,0.38,0.43,2026-08-30,826,N,VIIRS,0.3,2.0NRT,310.14,D,VIIRS_SNPP_NRT,6.09,344.63,1,0,-1,0,1,0,654.8337854038691,625.9933641606314,611.2364742757329,2365.830252579888,1094.946889249011,600.3645422691493,999,0,0,0,0,0,0,0,10,unclassified,unclassified,No rule matched,industrial_zone
7.35264,81.2084,0.38,0.43,2026-08-30,826,N,VIIRS,0.3,2.0NRT,307.54,D,VIIRS_SNPP_NRT,6.09,348.0,1,0,-1,0,1,0,654.8395770928963,626.0239481793279,611.2647049846428,2365.8617343640485,1094.8747704386233,600.385448628926,999,0,0,0,0,0,0,0,10,unclassified,unclassified,No rule matched,industrial_zone
7.35635,81.76369,0.42,0.45,2026-08-30,826,N,VIIRS,0.3,2.0NRT,304.1,D,VIIRS_SNPP_NRT,4.46,340.63,1,0,-1,0,1,0,666.6192134680936,641.6831221710788,626.6366991934666,2379.5729024578054,1093.3230943643712,614.7051992230865,999,0,0,0,0,0,0,0,-1,unclassified,unclassified,No rule matched,factory
7.36431,81.55346,0.4,0.44,2026-08-30,826,N,VIIRS,0.3,2.0NRT,303.42,D,VIIRS_SNPP_NRT,4.19,330.83,0,0,-1,0,1,0,660.5106026901508,634.1149503100343,619.1586139256221,2373.2098096370855,1092.479153188484,607.6021068271749,999,0,0,0,0,0,0,0,11,unclassified,unclassified,No rule matched,industrial_zone
7.36655,81.24904,0.39,0.44,2026-08-30,826,N,VIIRS,0.3,2.0NRT,306.31,D,VIIRS_SNPP_NRT,19.27,343.12,1,0,-1,0,1,0,654.0214675439657,625.5056838382384,610.7183715652407,2365.3400601729577,1093.1336043221345,599.7508648133877,999,0,0,0,0,0,0,0,-1,unclassified,unclassified,No rule matched,industrial_zone
7.36683,81.77773,0.42,0.45,2026-08-30,826,N,VIIRS,0.3,2.0NRT,304.2,D,VIIRS_SNPP_NRT,5.08,338.06,1,0,-1,0,1,0,665.8662513003882,641.0500287173354,625.9969543767435,2378.816576870874,1092.1720352519455,614.0352438829644,999,0,0,0,0,0,0,0,-1,unclassified,unclassified,No rule matched,industrial_zone
7.36748,81.57545,0.4,0.45,2026-08-30,826,N,VIIRS,0.3,2.0NRT,303.73,D,VIIRS_SNPP_NRT,2.71,332.45,0,0,-1,0,1,0,660.6798952003303,634.4440655933427,619.4768005789562,2373.4338152747478,1092.1000767102287,607.8779099582591,999,0,0,0,0,0,0,0,11,unclassified,unclassified,No rule matched,industrial_zone
7.37411,81.56326,0.4,0.44,2026-08-30,826,N,VIIRS,0.3,2.0NRT,303.29,D,VIIRS_SNPP_NRT,5.71,342.4,1,0,-1,0,1,0,659.6734918137255,633.363949745413,618.4015660952813,2372.402562617917,1091.3770093148714,606.8218703442225,999,0,0,0,0,0,0,0,11,unclassified,unclassified,No rule matched,industrial_zone
7.37766,81.24046,0.39,0.44,2026-08-30,826,N,VIIRS,0.3,2.0NRT,306.84,D,VIIRS_SNPP_NRT,3.11,336.16,0,0,-1,0,1,0,652.6497645144575,624.0897114372033,609.3062235294077,2363.9261238883487,1091.939266053844,598.3512064449686,999,0,0,0,0,0,0,0,-1,unclassified,unclassified,No rule matched,industrial_zone
7.37768,81.55894,0.4,0.44,2026-08-30,826,N,VIIRS,0.3,2.0NRT,302.66,D,VIIRS_SNPP_NRT,3.86,331.05,0,0,-1,0,1,0,659.184676435224,632.8511436403714,617.8903374675808,2371.905267975211,1090.9854579451255,606.3168470301798,999,0,0,0,0,0,0,0,11,unclassified,unclassified,No rule matched,industrial_zone
7.3884,81.54617,0.4,0.44,2026-08-30,826,N,VIIRS,0.3,2.0NRT,299.81,D,VIIRS_SNPP_NRT,4.46,340.43,1,0,-1,0,1,0,657.7228438552283,631.3185251796043,616.3624014799146,2370.4175037042564,1089.8106560490376,604.8072513807284,999,0,0,0,0,0,0,0,11,unclassified,unclassified,No rule matched,industrial_zone
7.38893,81.54981,0.4,0.44,2026-08-30,826,N,VIIRS,0.3,2.0NRT,298.51,D,VIIRS_SNPP_NRT,4.08,338.13,1,0,-1,0,1,0,657.7495455078067,631.3717841181335,616.413825546466,2370.4538328492167,1089.7466654923076,604.851608826762,999,0,0,0,0,0,0,0,11,unclassified,unclassified,No rule matched,industrial_zone
7.39143,81.54616,0.4,0.44,2026-08-30,826,N,VIIRS,0.3,2.0NRT,300.33,D,VIIRS_SNPP_NRT,4.74,342.88,1,0,-1,0,1,0,657.3931921460105,630.9941645463117,616.037627864871,2370.08961693063,1089.4737770911456,604.4809541831387,999,0,0,0,0,0,0,0,11,unclassified,unclassified,No rule matched,industrial_zone
7.39302,81.54917,0.4,0.44,2026-08-30,826,N,VIIRS,0.3,2.0NRT,300.78,D,VIIRS_SNPP_NRT,5.04,343.05,1,0,-1,0,1,0,657.290089474971,630.9150788064985,615.9568660837161,2369.995133226907,1089.292793430282,604.393758963509,999,0,0,0,0,0,0,0,11,unclassified,unclassified,No rule matched,industrial_zone
7.39604,81.54919,0.4,0.44,2026-08-30,826,N,VIIRS,0.3,2.0NRT,303.82,D,VIIRS_SNPP_NRT,8.59,349.53,1,0,-1,0,1,0,656.9622663201906,630.5927608056874,615.6341222460946,2369.669113062387,1088.9569834241581,604.06943661796,999,0,0,0,0,0,0,0,11,unclassified,unclassified,No rule matched,industrial_zone
7.39712,81.54854,0.4,0.44,2026-08-30,826,N,VIIRS,0.3,2.0NRT,302.96,D,VIIRS_SNPP_NRT,5.04,336.74,1,0,-1,0,1,0,656.8297797129669,630.4576121404004,615.4991387973987,2369.535610492467,1088.8378008156892,603.9351162105285,999,0,0,0,0,0,0,0,11,unclassified,unclassified,No rule matched,industrial_zone
7.4049,81.77624,0.42,0.45,2026-08-30,826,N,VIIRS,0.3,2.0NRT,303.84,D,VIIRS_SNPP_NRT,3.36,342.42,1,0,-1,0,1,0,661.7223359980552,636.9738614261216,621.9166690546292,2374.6697372154185,1087.9374353356889,609.9366272355624,999,0,0,0,0,0,0,0,-1,unclassified,unclassified,No rule matched,power_plant
7.4156,81.56924,0.4,0.45,2026-08-30,826,N,VIIRS,0.3,2.0NRT,302.85,D,VIIRS_SNPP_NRT,2.32,341.29,1,0,-1,0,1,0,655.3066095688172,629.1138235724745,614.1429178336681,2368.0715981011504,1086.756661432635,602.5307885369157,999,0,0,0,0,0,0,0,-1,unclassified,unclassified,No rule matched,industrial_zone
7.43686,81.39532,0.39,0.44,2026-08-30,826,N,VIIRS,0.3,2.0NRT,307.01,D,VIIRS_SNPP_NRT,4.3,337.73,1,0,-1,0,1,0,649.1381217974114,621.7513874271866,606.8669535359592,2361.340912696082,1084.7597875249246,595.5763483751251,999,0,0,0,0,0,0,0,-1,unclassified,unclassified,No rule matched,industrial_zone
7.43925,81.32561,0.39,0.44,2026-08-30,826,N,VIIRS,0.3,2.0NRT,309.94,D,VIIRS_SNPP_NRT,4.43,340.99,1,0,-1,0,1,0,647.4798387604164,619.6045852179317,604.7598565196265,2359.342739318892,1084.733371771283,593.6059387377665,999,0,0,0,0,0,0,0,12,unclassified,unclassified,No rule matched,industrial_zone
7.45403,81.34198,0.39,0.44,2026-08-30,826,N,VIIRS,0.998,2.0NRT,308.95,D,VIIRS_SNPP_NRT,4.67,340.72,1,0,-1,0,1,0,646.1832516381434,618.4462547186912,603.5897454894715,2358.148193308669,1083.0298913261634,592.3962601382468,999,0,0,0,0,0,0,0,-1,mining_activity,mining_activity,Persistent near mining/quarry area,industrial_zone
7.4743,81.05003,0.56,0.43,2026-08-30,826,N,VIIRS,0.3,2.0NRT,305.58,D,VIIRS_SNPP_NRT,3.44,337.26,1,0,-1,0,1,0,638.9484910345185,609.1843440010479,594.517158424639,2348.870286114648,1082.3043074377601,583.9190723661774,999,0,0,0,0,0,0,0,-1,unclassified,unclassified,No rule matched,power_plant
7.48906,81.38728,0.39,0.44,2026-08-30,826,N,VIIRS,0.692,2.0NRT,306.08,D,VIIRS_SNPP_NRT,3.0,338.59,1,0,-1,0,1,0,643.2704862511897,615.9109126775971,601.0233974259488,2355.487204775571,1078.9826786928838,589.7232374152703,999,0,0,0,0,0,0,0,-1,mining_activity,mining_activity,Persistent near mining/quarry area,factory
7.51956,81.30991,0.39,0.44,2026-08-30,826,N,VIIRS,0.918,2.0NRT,305.47,D,VIIRS_SNPP_NRT,2.27,334.71,0,0,-1,0,1,0,638.3845231990364,610.5203399172971,595.6731519251122,2350.2521941284017,1075.8703221262813,584.5130212918465,999,0,0,0,0,0,0,0,-1,mining_activity,mining_activity,Persistent near mining/quarry area,industrial_zone
7.61757,81.15485,0.38,0.43,2026-08-30,826,N,VIIRS,0.3,2.0NRT,313.13,D,VIIRS_SNPP_NRT,15.47,356.38,1,0,-1,0,1,0,624.8231715289919,595.9865197696286,581.2237839263428,2335.825461832023,1065.740131183298,570.3410217813694,999,0,0,0,0,0,0,0,13,unclassified,unclassified,No rule matched,industrial_zone
7.61807,81.15833,0.38,0.43,2026-08-30,826,N,VIIRS,0.3,2.0NRT,311.16,D,VIIRS_SNPP_NRT,34.65,367.0,2,0,-1,0,1,0,624.8269806227171,596.0161920753092,581.2510125772284,2335.855539690865,1065.6646305850363,570.3605957523972,999,0,0,0,0,0,0,0,13,unclassified,unclassified,No rule matched,industrial_zone
7.62159,81.15429,0.38,0.43,2026-08-30,826,N,VIIRS,0.3,2.0NRT,306.78,D,VIIRS_SNPP_NRT,15.47,335.61,1,0,-1,0,1,0,624.3719869286156,595.5368325443994,580.7738685337977,2335.375822547885,1065.2969673316265,569.8905093598064,999,0,0,0,0,0,0,0,13,unclassified,unclassified,No rule matched,industrial_zone
7.67645,81.44918,0.4,0.44,2026-08-30,826,N,VIIRS,0.3,2.0NRT,308.37,D,VIIRS_SNPP_NRT,6.52,347.74,1,0,-1,0,1,0,624.1736622433407,597.5874718503603,582.6391006857623,2336.7789961958406,1057.9767194765786,571.1205454373671,999,0,0,0,0,0,0,0,-1,unclassified,unclassified,No rule matched,industrial_zone
7.69219,81.52925,0.41,0.45,2026-08-30,826,N,VIIRS,0.3,2.0NRT,305.85,D,VIIRS_SNPP_NRT,2.33,336.39,1,0,-1,0,1,0,624.3254952791442,598.3635448593308,583.3730277191385,2337.141654658425,1056.0597932233086,571.6887426441822,999,0,0,0,0,0,0,0,-1,unclassified,unclassified,No rule matched,industrial_zone
7.78376,81.21587,0.39,0.44,2026-08-30,826,N,VIIRS,0.3,2.0NRT,306.64,D,VIIRS_SNPP_NRT,9.22,341.02,1,0,-1,0,1,0,607.66170502397,579.5185779622665,564.689675274837,2319.2978277407205,1046.94971544698,553.598276871647,999,0,0,0,0,0,0,0,-1,unclassified,unclassified,No rule matched,industrial_zone
7.78425,81.21941,0.39,0.44,2026-08-30,826,N,VIIRS,0.3,2.0NRT,303.53,D,VIIRS_SNPP_NRT,7.08,334.77,1,0,-1,0,1,0,607.6736669687465,579.5578496001323,564.7265851622158,2319.3320707262637,1046.8770400456517,553.6273345994749,999,0,0,0,0,0,0,0,-1,unclassified,unclassified,No rule matched,industrial_zone
7.80813,81.45168,0.4,0.44,2026-08-30,826,N,VIIRS,0.3,2.0NRT,308.72,D,VIIRS_SNPP_NRT,4.97,339.35,1,0,-1,0,1,0,609.9048330092088,583.5848672690292,568.615804010068,2322.6039939125367,1043.3321085611406,557.0203906816859,999,0,0,0,0,0,0,0,-1,unclassified,unclassified,No rule matched,industrial_zone
7.80942,81.45202,0.4,0.44,2026-08-30,826,N,VIIRS,0.991,2.0NRT,308.39,D,VIIRS_SNPP_NRT,4.33,342.3,1,0,-1,0,1,0,609.7724163912269,583.4575238057555,568.4880957369618,2322.4732805220788,1043.1878435297929,556.8912781324209,999,0,0,0,0,0,0,0,-1,mining_activity,mining_activity,Persistent near mining/quarry area,industrial_zone
7.81643,81.36108,0.4,0.44,2026-08-30,826,N,VIIRS,0.3,2.0NRT,308.95,D,VIIRS_SNPP_NRT,7.87,338.02,0,0,-1,0,1,0,606.9868291967572,579.9942896487293,565.0725743144554,2319.391430751533,1042.6856056566776,553.6577063897215,999,0,0,0,0,0,0,0,-1,unclassified,unclassified,No rule matched,industrial_zone
7.87288,81.46512,0.4,0.45,2026-08-30,826,N,VIIRS,0.3,2.0NRT,308.48,D,VIIRS_SNPP_NRT,4.66,336.09,0,0,-1,0,1,0,603.1816734340298,577.0916466704799,562.1062055160356,2315.951518861506,1036.1008731842962,550.4470908399703,999,0,0,0,0,0,0,0,-1,unclassified,unclassified,No rule matched,industrial_zone
7.87428,81.41622,0.4,0.44,2026-08-30,826,N,VIIRS,0.3,2.0NRT,308.64,D,VIIRS_SNPP_NRT,9.46,347.81,1,0,-1,0,1,0,601.8986991525346,575.4352308798343,560.4746760545153,2314.540032770043,1036.076186190027,548.9143399493013,999,0,0,0,0,0,0,0,-1,unclassified,unclassified,No rule matched,factory
8.60875,77.83811,0.41,0.37,2026-08-30,826,N,VIIRS,0.3,2.0NRT,284.72,D,VIIRS_SNPP_NRT,2.3,330.12,1,0,-1,0,1,0,572.6238457537459,449.5014608224226,449.4844324878517,2171.003880407315,988.9973322482027,449.4177146459327,999,0,0,0,0,0,0,0,-1,unclassified,unclassified,No rule matched,factory
8.78732,78.01003,0.42,0.37,2026-08-30,828,N,VIIRS,0.3,2.0NRT,301.37,D,VIIRS_SNPP_NRT,4.32,339.42,1,0,-1,0,1,0,546.3428135183252,430.48346716894827,430.4674194135705,2152.8771201136274,967.5910169250078,429.6173685345357,999,0,0,0,0,0,0,0,-1,unclassified,unclassified,No rule matched,factory
8.80542,78.10815,0.42,0.38,2026-08-30,828,N,VIIRS,0.3,2.0NRT,296.09,D,VIIRS_SNPP_NRT,2.62,335.36,1,0,-1,0,1,0,539.7716965559581,429.3206116281825,429.3051326267413,2151.8882440886414,964.8056913591606,427.67871134456334,999,0,0,0,0,0,0,0,-1,unclassified,unclassified,No rule matched,factory
8.88687,77.78855,0.41,0.37,2026-08-30,828,N,VIIRS,0.3,2.0NRT,297.2,D,VIIRS_SNPP_NRT,3.0,336.67,1,0,-1,0,1,0,548.0230217374415,418.4932085063651,418.47593605026435,2139.734144861651,958.7586170693935,418.52585411391004,999,0,0,0,0,0,0,0,-1,unclassified,unclassified,No rule matched,factory
8.91,77.59529,0.4,0.37,2026-08-30,828,N,VIIRS,0.3,2.0NRT,296.51,D,VIIRS_SNPP_NRT,1.37,335.65,1,0,-1,0,1,0,556.5626203355548,416.23961306944653,416.22127930774224,2135.5229202641754,958.6129079978128,416.22344258755686,999,0,0,0,0,0,0,0,-1,unclassified,unclassified,No rule matched,factory
8.93239,77.96133,0.42,0.37,2026-08-30,828,N,VIIRS,0.3,2.0NRT,296.5,D,VIIRS_SNPP_NRT,2.9,333.2,1,0,-1,0,1,0,534.4669720244643,414.0573182099955,414.04104184446857,2136.3259982513555,951.9449763330219,413.5517514564196,999,0,0,0,0,0,0,0,-1,unclassified,unclassified,No rule matched,factory
8.93294,77.9651,0.42,0.37,2026-08-30,828,N,VIIRS,0.3,2.0NRT,296.81,D,VIIRS_SNPP_NRT,2.9,349.29,1,0,-1,0,1,0,534.2188732982145,414.01948047024354,414.00322631330795,2136.3024927579067,951.8492687163238,413.48311657518457,999,0,0,0,0,0,0,0,-1,unclassified,unclassified,No rule matched,factory
9.11369,77.77237,0.41,0.37,2026-08-30,828,N,VIIRS,0.3,2.0NRT,298.66,D,VIIRS_SNPP_NRT,1.37,334.29,1,0,-1,0,1,0,527.1152958325099,393.2581110916675,393.24075657752604,2114.4521684036017,933.8634603272912,393.28712611853734,999,0,0,0,0,0,0,0,-1,unclassified,unclassified,No rule matched,factory
9.15121,78.32916,0.43,0.38,2026-08-30,828,N,VIIRS,0.3,2.0NRT,293.35,D,VIIRS_SNPP_NRT,1.56,331.35,1,0,-1,0,1,0,494.616650806525,394.19308398766424,393.9726647538041,2116.1258068885318,925.0637186674707,390.49702410353376,999,0,0,0,0,0,0,0,-1,unclassified,unclassified,No rule matched,factory
9.32007,77.4914,0.4,0.37,2026-08-30,828,N,VIIRS,0.3,2.0NRT,290.35,D,VIIRS_SNPP_NRT,2.53,333.17,1,0,-1,0,1,0,524.6711090131356,371.3703978750787,371.3513507375157,2089.226900536973,914.9392695886816,371.12826681235555,999,0,0,0,0,0,0,0,-1,unclassified,unclassified,No rule matched,factory
9.40266,80.43048,0.55,0.43,2026-08-30,828,N,VIIRS,0.3,2.0NRT,295.28,D,VIIRS_SNPP_NRT,4.05,328.22,1,0,-1,0,1,0,419.21207105725773,386.36373145207784,372.0056031313689,2124.9072387061224,876.1657132232634,362.3460481573012,999,0,0,0,0,0,0,0,14,unclassified,unclassified,No rule matched,industrial_zone
9.42778,80.38101,0.55,0.42,2026-08-30,828,N,VIIRS,0.3,2.0NRT,292.84,D,VIIRS_SNPP_NRT,1.83,331.15,1,0,-1,0,1,0,416.2350823091225,382.9038705293481,368.6148269099518,2121.0575229869055,874.2458887893317,359.13094266731275,999,0,0,0,0,0,0,0,15,unclassified,unclassified,No rule matched,industrial_zone
9.44417,77.66956,0.41,0.37,2026-08-30,828,N,VIIRS,0.3,2.0NRT,290.55,D,VIIRS_SNPP_NRT,5.42,357.05,1,0,-1,0,1,0,502.2086323715234,356.60871574297335,356.59071295663904,2076.915910496287,898.6634282311891,356.60818421088067,999,0,0,0,0,0,0,0,-1,unclassified,unclassified,No rule matched,factory
9.44472,77.67329,0.41,0.37,2026-08-30,828,N,VIIRS,0.3,2.0NRT,287.31,D,VIIRS_SNPP_NRT,5.42,339.12,1,0,-1,0,1,0,501.9282499641053,356.53786864635913,356.5198894827813,2076.88717388396,898.5522321573773,356.538432368635,999,0,0,0,0,0,0,0,-1,unclassified,unclassified,No rule matched,factory
9.49209,77.66238,0.41,0.37,2026-08-30,828,N,VIIRS,0.3,2.0NRT,299.79,D,VIIRS_SNPP_NRT,7.59,342.98,1,0,-1,0,1,0,498.2565516017598,351.3021418569685,351.28408524250335,2071.542032253768,893.47438710388,351.29913011398907,999,0,0,0,0,0,0,0,-1,unclassified,unclassified,No rule matched,industrial_zone
9.51278,78.066,0.42,0.38,2026-08-30,828,N,VIIRS,0.3,2.0NRT,303.22,D,VIIRS_SNPP_NRT,10.29,343.56,1,0,-1,0,1,0,472.5091720830249,350.5796756178663,350.5643605647473,2073.1559661146707,886.6899906922998,348.962770861014,999,0,0,0,0,0,0,0,-1,unclassified,unclassified,No rule matched,industrial_zone
9.82619,77.39869,0.4,0.37,2026-08-30,828,N,VIIRS,0.3,2.0NRT,303.27,D,VIIRS_SNPP_NRT,1.05,331.44,0,0,-1,0,1,0,486.1474614398362,316.34354568996446,316.17831303788273,2032.3854397141438,860.8643356964812,314.71929693898795,999,0,0,0,0,0,0,0,-1,unclassified,unclassified,No rule matched,industrial_zone
9.86126,78.18573,0.43,0.38,2026-08-30,828,N,VIIRS,0.3,2.0NRT,303.91,D,VIIRS_SNPP_NRT,4.18,338.34,1,0,-1,0,1,0,432.5299220865777,313.75332761867105,313.7392551719778,2035.9422249325792,847.0954000574633,310.6460946790878,999,0,0,0,0,0,0,0,-1,unclassified,unclassified,No rule matched,industrial_zone
9.87797,78.03197,0.42,0.38,2026-08-30,828,N,VIIRS,0.3,2.0NRT,294.37,D,VIIRS_SNPP_NRT,1.97,336.6,1,0,-1,0,1,0,440.0192892254996,309.80247888515345,309.7871838290017,2032.3786332899767,846.5230036870455,308.3358704877895,999,0,0,0,0,0,0,0,-1,unclassified,unclassified,No rule matched,industrial_zone
10.00316,76.4542,0.39,0.36,2026-08-30,828,N,VIIRS,0.3,2.0NRT,298.59,D,VIIRS_SNPP_NRT,0.94,333.81,1,0,-1,0,1,0,545.0175838381816,307.66285855607657,315.41777516458785,2008.1674283245745,864.5069133831298,305.2337715961857,999,0,0,0,0,0,0,0,-1,unclassified,unclassified,No rule matched,industrial_zone
11.80984,77.21425,0.41,0.37,2026-08-30,828,N,VIIRS,0.3,2.0NRT,301.41,D,VIIRS_SNPP_NRT,61.33,335.6,1,0,-1,0,1,0,364.95815561965924,99.22608167630051,98.72478502105048,1810.9651682433457,648.8598168610532,93.4819386901707,999,0,0,0,0,0,0,0,-1,unclassified,unclassified,No rule matched,factory
12.07999,76.99017,0.41,0.37,2026-08-30,828,N,VIIRS,0.3,2.0NRT,303.8,D,VIIRS_SNPP_NRT,3.7,338.02,1,0,-1,0,1,0,376.343086475735,69.57128927530971,81.81504974793971,1779.5357447451918,626.4777312548233,67.19346186568876,999,0,0,0,0,0,0,0,-1,unclassified,unclassified,No rule matched,industrial_zone
12.48661,76.3177,0.39,0.37,2026-08-30,828,N,VIIRS,0.3,2.0NRT,298.79,D,VIIRS_SNPP_NRT,3.61,336.89,1,0,-1,0,1,0,435.6030836544285,73.4974308917165,107.68065881942812,1731.790262958114,610.1501786450752,75.60103841480225,999,0,0,0,0,0,0,0,-1,unclassified,unclassified,No rule matched,industrial_zone
12.81456,78.60983,0.48,0.4,2026-08-30,828,N,VIIRS,0.3,2.0NRT,291.11,D,VIIRS_SNPP_NRT,2.64,333.07,1,0,-1,0,1,0,184.57948183469614,25.159184522355357,12.423160925664334,1716.0250359793147,516.9031818081619,11.518855619283137,999,0,0,0,0,0,0,0,-1,unclassified,unclassified,No rule matched,industrial_zone
13.9402,78.66064,0.5,0.41,2026-08-30,828,N,VIIRS,0.3,2.0NRT,299.53,D,VIIRS_SNPP_NRT,2.81,331.18,1,0,-1,0,1,0,194.18125579372708,15.843186528926003,60.55952257629441,1593.2529384310076,391.6586204798647,17.635071638174477,999,0,0,0,0,0,0,0,-1,unclassified,unclassified,No rule matched,factory
13.99587,79.86121,0.39,0.44,2026-08-30,828,N,VIIRS,0.3,2.0NRT,297.69,D,VIIRS_SNPP_NRT,3.16,330.58,1,0,-1,0,1,0,101.69396163519605,33.85020873354629,16.95122084015114,1613.0436805388556,404.5110699792783,1.7511211897938534,999,0,0,0,0,1,4,0,-1,unclassified,unclassified,No rule matched,factory
14.18999,77.3446,0.43,0.38,2026-08-30,828,N,VIIRS,0.3,2.0NRT,298.23,D,VIIRS_SNPP_NRT,3.06,342.86,1,0,-1,0,1,0,336.1351205251146,0.5384631654239425,28.49263454112021,1548.0758189246321,392.21206067424293,28.022814339838252,999,0,1,0,0,0,0,0,-1,unclassified,unclassified,No rule matched,factory
14.29174,77.98407,0.46,0.39,2026-08-30,828,N,VIIRS,0.3,2.0NRT,294.69,D,VIIRS_SNPP_NRT,3.76,337.34,1,0,-1,0,1,0,276.8999485856087,12.294420417366718,41.71950241828255,1544.0307369609084,361.0621025322509,24.178186982203925,999,0,0,0,0,0,0,0,-1,unclassified,unclassified,No rule matched,factory
14.3499,77.63499,0.45,0.39,2026-08-30,828,N,VIIRS,1.0,2.0NRT,300.01,D,VIIRS_SNPP_NRT,3.47,335.71,1,0,-1,0,1,0,313.6620207309582,12.092680177439858,20.00154813480049,1533.3049456197036,364.7793819161436,10.90520504990015,999,0,0,0,0,0,0,0,-1,mining_activity,mining_activity,Persistent near mining/quarry area,industrial_zone
14.4991,79.69765,0.38,0.44,2026-08-30,828,N,VIIRS,0.3,2.0NRT,297.16,D,VIIRS_SNPP_NRT,1.87,330.15,1,0,-1,0,1,0,159.8813158951188,11.321183076240878,22.607794429945375,1554.5143378985908,345.84360657645834,7.866939474701388,999,0,0,0,0,0,0,0,-1,unclassified,unclassified,No rule matched,power_plant
14.50312,79.69711,0.38,0.44,2026-08-30,828,N,VIIRS,0.3,2.0NRT,296.91,D,VIIRS_SNPP_NRT,1.54,336.85,1,0,-1,0,1,0,160.31480313441543,11.28465910476569,22.36106580903634,1554.0661159649426,345.39991685320445,8.090167193855098,999,0,0,0,0,0,0,0,-1,unclassified,unclassified,No rule matched,power_plant
14.67836,76.89172,0.42,0.38,2026-08-30,828,N,VIIRS,0.3,2.0NRT,291.89,D,VIIRS_SNPP_NRT,2.11,333.67,1,0,-1,0,1,0,401.61293701430657,11.271045502243808,49.89328439902824,1490.462716871664,365.6628356851307,3.9956523971329068,999,0,0,0,0,0,1,0,-1,unclassified,unclassified,No rule matched,industrial_zone
14.69206,79.62556,0.38,0.43,2026-08-30,828,N,VIIRS,0.3,2.0NRT,295.71,D,VIIRS_SNPP_NRT,2.12,331.61,1,0,-1,0,1,0,182.65992876885173,6.372301642756429,16.97155043778052,1531.8416840974883,323.04782230699624,7.491010923766624,999,0,0,0,0,0,0,0,-1,unclassified,unclassified,No rule matched,industrial_zone
14.71446,79.98879,0.4,0.44,2026-08-30,828,N,VIIRS,0.994,2.0NRT,295.02,D,VIIRS_SNPP_NRT,7.26,342.4,1,0,-1,0,1,0,173.73762317826302,43.44694660279714,2.0344620081229263,1538.9335113056975,328.9977822004172,8.74205492448969,999,0,0,1,0,0,0,0,-1,mining_activity,mining_activity,Persistent near mining/quarry area,industrial_zone
14.84624,78.37249,0.49,0.4,2026-08-30,828,N,VIIRS,0.994,2.0NRT,299.84,D,VIIRS_SNPP_NRT,2.01,332.45,1,0,-1,0,1,0,276.93822980382936,12.87062476983612,55.02774920716401,1488.844483815969,293.1455778344641,1.618049921111323,999,0,0,0,0,1,1,0,-1,mining_activity,mining_activity,Persistent near mining/quarry area,industrial_zone
15.43925,77.664,0.46,0.39,2026-08-30,828,N,VIIRS,0.3,2.0NRT,291.37,D,VIIRS_SNPP_NRT,2.43,333.31,1,0,-1,0,1,0,377.5807798953596,20.387961253820542,42.57178138744707,1413.2315378642586,251.2501517482549,18.57321260883228,999,0,0,0,0,0,0,0,-1,unclassified,unclassified,No rule matched,industrial_zone
15.93384,79.5267,0.39,0.44,2026-08-30,828,N,VIIRS,0.3,2.0NRT,289.76,D,VIIRS_SNPP_NRT,4.06,343.13,1,0,-1,0,1,0,260.692052145768,37.80461522515772,37.30887178859885,1395.2457410449026,190.715416520602,26.567588008913894,999,0,0,0,0,0,0,0,-1,unclassified,unclassified,No rule matched,industrial_zone
19.7772,73.79005,0.39,0.36,2026-08-30,830,N,VIIRS,0.999,2.0NRT,293.26,D,VIIRS_SNPP_NRT,2.03,333.97,1,0,-1,0,1,0,283.84410762124753,37.52480179009671,93.03087051604736,948.5929348073919,190.7117227631282,38.974750682830596,999,0,0,0,0,0,0,0,-1,mining_activity,mining_activity,Persistent near mining/quarry area,power_plant
21.17639,74.58324,0.4,0.37,2026-08-30,830,N,VIIRS,0.653,2.0NRT,291.83,D,VIIRS_SNPP_NRT,1.91,334.94,1,0,-1,0,1,0,176.4114771968779,102.99426618551843,104.68709278009926,779.1618578178629,203.65147622184767,79.04040396496362,999,0,0,0,0,0,0,0,-1,mining_activity,mining_activity,Persistent near mining/quarry area,industrial_zone
30.02923,71.74337,0.39,0.36,2026-08-30,835,N,VIIRS,0.655,2.0NRT,304.36,D,VIIRS_SNPP_NRT,0.57,332.13,0,0,-1,0,1,0,309.32474641030745,266.2648423263493,270.4430006346911,471.0262925793736,872.4277887247478,262.73603641284944,999,0,0,0,0,0,0,0,-1,mining_activity,mining_activity,Persistent near mining/quarry area,industrial_zone
30.08648,71.7243,0.39,0.36,2026-08-30,835,N,VIIRS,0.3,2.0NRT,303.89,D,VIIRS_SNPP_NRT,1.66,334.33,1,0,-1,0,1,0,311.3879920122244,268.2862996796047,271.2302830123328,475.5476560496939,878.2313675020085,264.1651898379724,999,0,0,0,0,0,0,0,-1,unclassified,unclassified,No rule matched,industrial_zone
30.11638,73.26059,0.42,0.38,2026-08-30,835,N,VIIRS,0.3,2.0NRT,305.78,D,VIIRS_SNPP_NRT,3.03,335.4,0,0,-1,0,1,0,164.35622875315119,121.2699979148057,125.73063624915982,353.43704312682416,925.8715972644369,116.41957521194391,999,0,0,0,0,0,0,0,-1,unclassified,unclassified,No rule matched,power_plant
30.11697,73.26498,0.42,0.38,2026-08-30,835,N,VIIRS,0.998,2.0NRT,305.23,D,VIIRS_SNPP_NRT,5.74,336.37,1,0,-1,0,1,0,163.94574808690027,120.86112179239015,125.30658508307401,353.15399040438996,926.0923367613705,115.9939476166824,999,0,0,0,0,0,0,0,-1,mining_activity,mining_activity,Persistent near mining/quarry area,factory
30.16407,74.51582,0.47,0.4,2026-08-30,835,N,VIIRS,1.0,2.0NRT,302.09,D,VIIRS_SNPP_NRT,3.35,331.57,0,0,-1,0,1,0,50.123378736199996,16.183944970172703,27.51774011500776,276.64135429059905,983.1680807158439,4.793460142695267,999,0,0,0,0,0,1,0,-1,mining_activity,mining_activity,Persistent near mining/quarry area,industrial_zone
30.35123,73.65195,0.44,0.38,2026-08-30,835,N,VIIRS,1.0,2.0NRT,300.2,D,VIIRS_SNPP_NRT,1.82,334.44,1,0,-1,0,1,0,133.99480238839573,93.11350249235323,83.77351494315369,344.07148262020223,964.6417912244536,79.97004614923279,999,0,0,0,0,0,0,0,-1,mining_activity,mining_activity,Persistent near mining/quarry area,industrial_zone
30.51386,73.90864,0.45,0.39,2026-08-30,835,N,VIIRS,0.3,2.0NRT,299.41,D,VIIRS_SNPP_NRT,2.87,335.57,1,0,-1,0,1,0,120.17731322718548,68.30505297133709,59.665299037956956,342.00924829408825,991.2827416045584,55.17016216899433,999,0,0,0,0,0,0,0,-1,unclassified,unclassified,No rule matched,industrial_zone
31.10913,74.49384,0.48,0.4,2026-08-30,835,N,VIIRS,0.3,2.0NRT,299.84,D,VIIRS_SNPP_NRT,9.69,345.2,1,0,-1,0,1,0,139.0360416283703,24.24518508760429,23.27890032251395,370.4023802506715,1075.1527652844948,23.63743302574446,999,0,0,0,0,0,0,0,-1,unclassified,unclassified,No rule matched,industrial_zone
31.12675,74.30208,0.47,0.4,2026-08-30,835,N,VIIRS,0.981,2.0NRT,300.91,D,VIIRS_SNPP_NRT,4.14,342.96,1,0,-1,0,1,0,147.8877786723844,38.66696915873512,37.047073010719565,379.9831174220722,1068.9399789263116,38.43939606692428,999,0,0,0,0,0,0,0,-1,mining_activity,mining_activity,Persistent near mining/quarry area,industrial_zone
31.2082,73.91856,0.46,0.39,2026-08-30,835,N,VIIRS,1.0,2.0NRT,300.68,D,VIIRS_SNPP_NRT,3.87,337.22,1,0,-1,0,1,0,174.27216334492266,75.008701690278,73.15798728494674,405.4575902748024,1062.16841189512,74.72755840496194,999,0,0,0,0,0,0,0,-1,mining_activity,mining_activity,Persistent near mining/quarry area,industrial_zone
31.2118,73.91795,0.46,0.39,2026-08-30,835,N,VIIRS,0.3,2.0NRT,299.86,D,VIIRS_SNPP_NRT,2.3,331.16,1,0,-1,0,1,0,174.6338571802909,75.2276624246753,73.38173608970227,405.83117534635323,1062.5134031759032,74.9731365203328,999,0,0,0,0,0,0,0,-1,unclassified,unclassified,No rule matched,industrial_zone
31.39489,72.12487,0.4,0.37,2026-08-30,835,N,VIIRS,0.3,2.0NRT,300.88,D,VIIRS_SNPP_NRT,1.87,333.23,1,0,-1,0,1,0,316.3760966237564,244.39602955457357,240.4160328231271,529.1029190885354,1028.5941297252039,242.71829528569214,999,0,0,0,0,0,0,0,-1,unclassified,unclassified,No rule matched,industrial_zone
31.4235,72.12935,0.4,0.37,2026-08-30,835,N,VIIRS,0.3,2.0NRT,300.79,D,VIIRS_SNPP_NRT,3.19,331.22,1,0,-1,0,1,0,317.6401175584796,244.64161977254884,240.91966319138405,530.9918191458821,1031.7888069442588,243.04010295661277,999,0,0,0,0,0,0,0,-1,unclassified,unclassified,No rule matched,industrial_zone
31.46879,72.1555,0.4,0.37,2026-08-30,835,N,VIIRS,0.3,2.0NRT,301.51,D,VIIRS_SNPP_NRT,3.6,335.84,1,0,-1,0,1,0,318.1643548117913,243.35963311604525,240.08610043261675,532.7149408207129,1037.2575334678509,241.88966157687588,999,0,0,0,0,0,0,0,-1,unclassified,unclassified,No rule matched,industrial_zone
31.56918,72.22474,0.41,0.37,2026-08-30,835,N,VIIRS,0.3,2.0NRT,302.29,D,VIIRS_SNPP_NRT,2.25,334.87,1,0,-1,0,1,0,318.8014587606567,239.94534452412378,237.71302892922378,535.9853656175343,1049.6329957762691,238.78173450979654,999,0,0,0,0,0,0,0,-1,unclassified,unclassified,No rule matched,industrial_zone
31.56943,72.27724,0.41,0.37,2026-08-30,835,N,VIIRS,0.3,2.0NRT,301.32,D,VIIRS_SNPP_NRT,1.98,340.52,1,0,-1,0,1,0,314.72934208976807,235.19339549317812,233.10138456764645,532.5487328174314,1050.82937523988,234.0680137119362,999,0,0,0,0,0,0,0,-1,unclassified,unclassified,No rule matched,industrial_zone
31.58139,72.28816,0.41,0.37,2026-08-30,835,N,VIIRS,0.3,2.0NRT,299.58,D,VIIRS_SNPP_NRT,2.12,337.8,1,0,-1,0,1,0,314.64924252328916,234.5997103275983,232.6439066554891,532.7947432136983,1052.3671974863876,233.51444761638018,999,0,0,0,0,0,0,0,-1,unclassified,unclassified,No rule matched,industrial_zone
32.05318,73.38254,0.44,0.39,2026-08-30,835,N,VIIRS,0.3,2.0NRT,301.33,D,VIIRS_SNPP_NRT,3.08,337.5,1,0,-1,0,1,0,280.61471550360847,172.51499808922094,171.1888610651281,512.1593165649301,1131.7554676199074,172.05574092226772,999,0,0,0,0,0,0,0,-1,unclassified,unclassified,No rule matched,industrial_zone
32.09223,73.23719,0.44,0.38,2026-08-30,835,N,VIIRS,0.3,2.0NRT,299.99,D,VIIRS_SNPP_NRT,2.2,330.89,1,0,-1,0,1,0,291.8070524535782,185.26221671116494,183.87466186068886,522.953146286683,1131.5632643361855,184.84109044064778,999,0,0,0,0,0,0,0,-1,unclassified,unclassified,No rule matched,industrial_zone
32.30693,73.28819,0.44,0.38,2026-08-30,835,N,VIIRS,0.3,2.0NRT,297.34,D,VIIRS_SNPP_NRT,3.64,337.47,1,0,-1,0,1,0,309.24925330547217,199.4493276120745,198.23473911472888,541.0108088387032,1155.7559356335328,198.9230771881919,999,0,0,0,0,0,0,0,-1,unclassified,unclassified,No rule matched,industrial_zone
32.8883,71.61584,0.4,0.37,2026-08-30,835,N,VIIRS,0.3,2.0NRT,303.18,D,VIIRS_SNPP_NRT,1.77,331.99,0,0,-1,0,1,0,457.47665942280497,358.7686004446938,357.2042838317253,683.6463535118396,1182.5724091257057,358.466632212965,999,0,0,0,0,0,0,0,16,unclassified,unclassified,No rule matched,factory
33.58202,69.2417,0.39,0.36,2026-08-30,835,N,VIIRS,0.3,2.0NRT,315.16,D,VIIRS_SNPP_NRT,3.52,340.44,0,0,-1,0,1,0,676.2032937161915,586.6447879993492,584.9245017705482,892.7421814863666,1248.5244803252256,586.468302204261,999,0,0,0,0,0,0,0,-1,unclassified,unclassified,No rule matched,industrial_zone
33.84936,72.20547,0.42,0.38,2026-08-30,835,N,VIIRS,0.3,2.0NRT,297.4,D,VIIRS_SNPP_NRT,3.38,340.8,1,0,-1,0,1,0,508.1830294621964,396.9317218203463,395.8686010344114,739.9844217576292,1297.2149227599575,396.32050470307536,999,0,0,0,0,0,0,0,-1,unclassified,unclassified,No rule matched,industrial_zone
7.13631,81.13902,0.73,0.76,2026-08-30,1921,N,VIIRS,0.3,2.0NRT,280.67,N,VIIRS_SNPP_NRT,1.72,296.16,1,1,-1,0,1,0,677.5129636757152,647.9636192655406,633.2810354707503,2387.6833235765203,1119.2724100114617,622.6283645623763,999,0,0,0,0,0,0,0,-1,unclassified,unclassified,No rule matched,industrial_zone
7.14013,81.1341,0.73,0.76,2026-08-30,1921,N,VIIRS,0.3,2.0NRT,283.35,N,VIIRS_SNPP_NRT,3.59,297.7,1,1,-1,0,1,0,677.0172790396778,647.4397644812756,632.7600156582694,2387.1520243531745,1118.8761879660583,622.1157874108462,999,0,0,0,0,0,0,0,-1,unclassified,unclassified,No rule matched,industrial_zone
7.28379,81.16539,0.72,0.76,2026-08-30,1921,N,VIIRS,0.3,2.0NRT,288.27,N,VIIRS_SNPP_NRT,1.34,304.2,1,1,-1,0,1,0,661.6946770846533,632.4967304885125,617.7757821275393,2372.298192550428,1102.7476007203995,607.012413277333,999,0,0,0,0,0,0,0,6,unclassified,unclassified,No rule matched,industrial_zone
7.6078,81.15397,0.73,0.76,2026-08-30,1921,N,VIIRS,0.3,2.0NRT,288.01,N,VIIRS_SNPP_NRT,0.82,303.16,1,1,-1,0,1,0,625.8820029368823,597.025544681258,582.2648885874316,2336.863986952042,1066.8300905358874,571.3883542422052,999,0,0,0,0,0,0,0,13,unclassified,unclassified,No rule matched,industrial_zone
8.86712,81.02701,0.78,0.78,2026-08-30,1921,N,VIIRS,0.3,2.0NRT,287.51,N,VIIRS_SNPP_NRT,1.75,309.61,1,1,-1,0,1,0,485.4188920099114,457.6310663434457,442.7438099661723,2197.25104289597,927.9602445327391,431.49179107149484,999,0,0,0,0,0,0,0,-1,unclassified,unclassified,No rule matched,industrial_zone
8.86843,81.02491,0.78,0.78,2026-08-30,1921,N,VIIRS,0.3,2.0NRT,287.9,N,VIIRS_SNPP_NRT,2.71,316.5,1,1,-1,0,1,0,485.2365541787143,457.43159773143407,442.54566688772746,2197.056773141469,927.8322365845672,431.2984444629955,999,0,0,0,0,0,0,0,-1,unclassified,unclassified,No rule matched,industrial_zone
31.61482,74.37532,0.39,0.36,2026-08-30,2055,N,VIIRS,0.3,2.0NRT,295.45,N,VIIRS_SNPP_NRT,0.61,311.52,1,1,-1,0,1,0,195.97582164699557,80.29770425774302,79.8271966064342,426.51308442610394,1121.0702071555122,79.4451478121063,999,0,0,0,0,0,0,0,-1,unclassified,unclassified,No rule matched,industrial_zone
31.64126,74.42704,0.39,0.36,2026-08-30,2055,N,VIIRS,0.3,2.0NRT,295.23,N,VIIRS_SNPP_NRT,0.49,308.12,1,1,-1,0,1,0,197.4266120459442,81.77659013290571,81.44804768676312,427.40026139581016,1125.785736687566,80.87599380247035,999,0,0,0,0,0,0,0,-1,unclassified,unclassified,No rule matched,industrial_zone
31.769,70.10805,0.55,0.43,2026-08-30,2055,N,VIIRS,0.3,2.0NRT,295.54,N,VIIRS_SNPP_NRT,4.57,312.33,1,1,-1,0,1,0,506.12213526332675,439.8913601181979,435.73907538261307,704.2974728066038,1045.7449048148144,438.2364035391588,999,0,0,0,0,0,0,0,-1,unclassified,unclassified,No rule matched,industrial_zone
32.0868,74.16059,0.39,0.36,2026-08-30,2055,N,VIIRS,0.3,2.0NRT,294.79,N,VIIRS_SNPP_NRT,2.11,315.49,1,1,-1,0,1,0,252.13430172690852,136.51282426081667,135.9847748312941,482.7633506695063,1161.093056050835,135.67554224782106,999,0,0,0,0,0,0,0,-1,unclassified,unclassified,No rule matched,industrial_zone
32.08741,74.15643,0.39,0.36,2026-08-30,2055,N,VIIRS,0.3,2.0NRT,294.49,N,VIIRS_SNPP_NRT,0.65,308.49,1,1,-1,0,1,0,252.3207024336017,136.70711045737244,136.1738000015126,482.97547568812223,1161.0058378548786,135.8717346726436,999,0,0,0,0,0,0,0,-1,unclassified,unclassified,No rule matched,industrial_zone
32.13232,74.17843,0.39,0.36,2026-08-30,2055,N,VIIRS,0.3,2.0NRT,295.18,N,VIIRS_SNPP_NRT,0.79,312.92,1,1,-1,0,1,0,256.4439512208159,140.76994818455933,140.28936081560158,486.8159990794174,1166.4124239006487,139.91544341097693,999,0,0,0,0,0,0,0,-1,unclassified,unclassified,No rule matched,industrial_zone
32.57351,72.56357,0.44,0.38,2026-08-30,2055,N,VIIRS,0.3,2.0NRT,294.88,N,VIIRS_SNPP_NRT,4.1,309.26,1,1,-1,0,1,0,372.4556019594865,268.0324662707823,266.61181796630444,602.348094948104,1165.6904395683127,267.6306526962737,999,0,0,0,0,0,0,0,-1,unclassified,unclassified,No rule matched,industrial_zone
32.64409,72.9769,0.42,0.38,2026-08-30,2055,N,VIIRS,0.3,2.0NRT,293.7,N,VIIRS_SNPP_NRT,1.59,307.1,1,1,-1,0,1,0,356.5075889254605,246.9402839960622,245.73752041491713,588.1121079343999,1183.1925736526036,246.40603828481616,999,0,0,0,0,0,0,0,-1,unclassified,unclassified,No rule matched,industrial_zone
32.88999,71.6175,0.48,0.4,2026-08-30,2055,N,VIIRS,0.3,2.0NRT,293.74,N,VIIRS_SNPP_NRT,3.33,308.91,1,1,-1,0,1,0,457.50137734809374,358.75635000494987,357.193012190175,683.6932583883206,1182.7819059380324,358.4536478601359,999,0,0,0,0,0,0,0,16,unclassified,unclassified,No rule matched,factory
33.29611,71.18341,0.51,0.41,2026-08-30,2055,N,VIIRS,0.3,2.0NRT,293.05,N,VIIRS_SNPP_NRT,0.8,310.8,1,1,-1,0,1,0,518.0500829708158,418.3100288771417,416.7890711997833,744.2643936306804,1222.1738573046487,417.97563055189926,999,0,0,0,0,0,0,0,-1,unclassified,unclassified,No rule matched,industrial_zone
33.29622,71.18803,0.51,0.41,2026-08-30,2055,N,VIIRS,0.3,2.0NRT,293.04,N,VIIRS_SNPP_NRT,1.09,306.97,1,1,-1,0,1,0,517.757723814367,417.9797094155238,416.4597316269633,743.9990216662723,1222.2341974452668,417.64460753077583,999,0,0,0,0,0,0,0,-1,unclassified,unclassified,No rule matched,industrial_zone
24.68952,73.00175,0.39,0.36,2026-08-30,2057,N,VIIRS,0.3,2.0NRT,292.27,N,VIIRS_SNPP_NRT,1.08,308.21,1,1,-1,0,1,0,257.16038694290916,1.493171220077418,34.25563180104516,481.148865389195,401.33273910676394,0.3008249297288186,999,0,1,0,0,1,1,0,-1,unclassified,unclassified,No rule matched,industrial_zone
25.9433,72.19072,0.4,0.37,2026-08-30,2057,N,VIIRS,0.3,2.0NRT,294.95,N,VIIRS_SNPP_NRT,2.98,329.62,1,1,-1,0,1,0,407.3222903323196,144.89974683764282,174.83892376433434,447.45451538305673,462.63553759375696,161.3031772729013,999,0,0,0,0,0,0,0,-1,unclassified,unclassified,No rule matched,industrial_zone
25.94431,72.19051,0.4,0.37,2026-08-30,2057,N,VIIRS,0.3,2.0NRT,295.03,N,VIIRS_SNPP_NRT,2.14,325.37,1,1,-1,0,1,0,407.4363902383798,145.0139367268874,174.9517315226351,447.41176009915335,462.7206994405109,161.41055670535889,999,0,0,0,0,0,0,0,-1,unclassified,unclassified,No rule matched,industrial_zone
26.09499,68.87773,0.55,0.42,2026-08-30,2057,N,VIIRS,0.3,2.0NRT,295.07,N,VIIRS_SNPP_NRT,0.92,305.36,1,1,-1,0,1,0,421.55575848757184,160.71042018940886,335.8678915823387,741.1827962958013,426.3262657586144,159.23412074341545,999,0,0,0,0,0,0,0,-1,unclassified,unclassified,No rule matched,industrial_zone
26.60605,73.68385,0.38,0.36,2026-08-30,2057,N,VIIRS,0.3,2.0NRT,292.92,N,VIIRS_SNPP_NRT,0.71,305.13,1,1,-1,0,1,0,388.66687889885094,218.6282110245371,233.05674244177294,282.7392690700674,609.7520395405164,145.73194480472404,999,0,0,0,0,0,0,0,-1,unclassified,unclassified,No rule matched,industrial_zone
26.87274,73.51597,0.39,0.36,2026-08-30,2057,N,VIIRS,0.3,2.0NRT,293.13,N,VIIRS_SNPP_NRT,1.35,306.77,1,1,-1,0,1,0,366.61058674043636,235.19212528039418,240.70284623813652,281.18414367182214,622.4797388172365,132.9805185593722,999,0,0,0,0,0,0,0,17,unclassified,unclassified,No rule matched,industrial_zone
26.87605,73.51661,0.39,0.36,2026-08-30,2057,N,VIIRS,0.3,2.0NRT,293.23,N,VIIRS_SNPP_NRT,1.26,309.34,1,1,-1,0,1,0,366.24583095007984,234.90802478379854,240.47612076639228,280.95266401346794,622.8113298195079,132.67652502545448,999,0,0,0,0,0,0,0,17,unclassified,unclassified,No rule matched,industrial_zone
26.87664,73.51275,0.39,0.36,2026-08-30,2057,N,VIIRS,0.3,2.0NRT,292.77,N,VIIRS_SNPP_NRT,1.39,304.99,1,1,-1,0,1,0,366.32998158951125,235.16082479455235,240.78530527407534,281.257981055921,622.6323514982104,132.9031602648632,999,0,0,0,0,0,0,0,17,unclassified,unclassified,No rule matched,industrial_zone
27.66868,76.13271,0.41,0.37,2026-08-30,2057,N,VIIRS,0.3,2.0NRT,276.77,N,VIIRS_SNPP_NRT,0.32,296.11,1,1,-1,0,1,0,210.97658067695136,0.8971570455714353,17.738826419670755,44.45853850594905,812.5007962350792,0.36714101166437374,999,0,1,0,0,1,2,0,-1,unclassified,unclassified,No rule matched,industrial_zone
27.66938,76.12862,0.41,0.37,2026-08-30,2057,N,VIIRS,0.3,2.0NRT,279.78,N,VIIRS_SNPP_NRT,0.32,299.11,1,1,-1,0,1,0,211.03980860372866,1.251687092203572,17.882125208507517,44.29572812426131,812.3894854940806,0.3159098233431331,999,0,1,0,0,1,2,0,-1,unclassified,unclassified,No rule matched,industrial_zone
28.35198,70.13081,0.5,0.41,2026-08-30,2057,N,VIIRS,0.3,2.0NRT,296.83,N,VIIRS_SNPP_NRT,0.75,307.1,1,1,-1,0,1,0,499.56324358708554,406.75790000561517,465.73761698611406,579.2449219358047,666.057614948996,406.31617845455713,999,0,0,0,0,0,0,0,-1,unclassified,unclassified,No rule matched,industrial_zone
28.42588,69.698,0.53,0.42,2026-08-30,2057,N,VIIRS,0.3,2.0NRT,297.18,N,VIIRS_SNPP_NRT,1.83,310.32,1,1,-1,0,1,0,536.3810258570545,418.80954745063065,488.8115190584929,621.8503715708173,673.9155833528188,418.52409713888204,999,0,0,0,0,0,0,0,-1,unclassified,unclassified,No rule matched,industrial_zone
28.74306,76.92912,0.42,0.38,2026-08-30,2057,N,VIIRS,0.3,2.0NRT,291.02,N,VIIRS_SNPP_NRT,1.91,316.04,1,1,-1,0,1,0,79.10088419550965,3.4369686625497216,4.099822785944384,116.0591337156483,954.4692918244721,3.936204575632661,999,0,1,1,0,0,2,0,-1,unclassified,unclassified,No rule matched,industrial_zone
29.45914,76.89161,0.41,0.37,2026-08-30,2057,N,VIIRS,0.3,2.0NRT,292.1,N,VIIRS_SNPP_NRT,3.18,316.03,1,1,-1,0,1,0,1.7556624244556422,1.8108183736177492,3.4374604672102236,176.77722980966638,1023.866028441482,0.6272490237400828,999,1,1,1,0,1,7,3,-1,unclassified,unclassified,No rule matched,industrial_zone
29.4759,76.85623,0.41,0.37,2026-08-30,2057,N,VIIRS,0.3,2.0NRT,289.97,N,VIIRS_SNPP_NRT,2.28,311.77,1,1,-1,0,1,0,2.2022288292137144,2.091821909846577,2.9274603070088356,176.82704818354478,1024.065849226853,1.1297621389498704,999,1,1,1,0,1,7,3,-1,unclassified,unclassified,No rule matched,industrial_zone
18.54634,74.25378,0.42,0.38,2026-08-30,2059,N,VIIRS,0.3,2.0NRT,289.64,N,VIIRS_SNPP_NRT,1.13,311.92,1,1,-1,0,1,0,427.32234224046385,177.34465811371265,225.70841729715397,1073.1686208913627,331.06968960626705,177.08982417119302,999,0,0,0,0,0,0,0,-1,unclassified,unclassified,No rule matched,industrial_zone
18.68969,73.04101,0.39,0.36,2026-08-30,2059,N,VIIRS,0.3,2.0NRT,291.93,N,VIIRS_SNPP_NRT,1.57,304.97,1,1,-1,0,1,0,403.06731444073534,160.73262772153785,166.73714229920358,1085.480873295079,271.2813515786622,157.1152104361973,999,0,0,0,0,0,0,0,18,unclassified,unclassified,No rule matched,industrial_zone
18.69302,73.0416,0.39,0.36,2026-08-30,2059,N,VIIRS,0.3,2.0NRT,293.8,N,VIIRS_SNPP_NRT,3.62,319.89,1,1,-1,0,1,0,402.69305975245214,160.36488595821228,166.38348057903195,1085.1076385108108,270.92587184035773,156.74576122638905,999,0,0,0,0,0,0,0,18,unclassified,unclassified,No rule matched,industrial_zone
19.93695,73.71136,0.4,0.37,2026-08-30,2059,N,VIIRS,0.3,2.0NRT,287.35,N,VIIRS_SNPP_NRT,2.32,323.05,1,1,-1,0,1,0,265.1064511291017,21.070730985812947,77.16843096801738,933.3094575625296,171.840338178543,23.550280209575657,999,0,0,0,0,0,0,0,-1,unclassified,unclassified,No rule matched,industrial_zone
20.35619,72.94963,0.39,0.36,2026-08-30,2059,N,VIIRS,0.3,2.0NRT,291.96,N,VIIRS_SNPP_NRT,1.84,305.96,1,1,-1,0,1,0,220.7382878425471,10.290761066849946,1.078745058351734,911.6561524519085,89.19287926962981,1.829915516406764,999,0,0,1,0,1,13,0,-1,unclassified,unclassified,No rule matched,industrial_zone
21.10102,72.63954,0.38,0.36,2026-08-30,2059,N,VIIRS,0.85,2.0NRT,281.97,N,VIIRS_SNPP_NRT,0.49,295.93,1,1,-1,0,1,0,150.50894216791693,1.9699756671853408,1.0751611924902096,846.2079939407023,1.919961380777258,1.4936223287555477,999,0,1,1,0,1,2,0,19,industrial_process_heat,industrial_process_heat,"Persistent (0.67), industrial site within 2km",factory
21.1016,72.63586,0.38,0.36,2026-08-30,2059,N,VIIRS,0.85,2.0NRT,282.26,N,VIIRS_SNPP_NRT,1.65,315.23,1,1,-1,0,1,0,150.57346308216972,2.0400816376880466,1.229293476068446,846.2993959495083,1.5679937214268187,1.6543481814329155,999,0,1,1,0,1,2,0,19,industrial_process_heat,industrial_process_heat,"Persistent (0.67), industrial site within 2km",factory
21.26307,72.94081,0.38,0.36,2026-08-30,2059,N,VIIRS,0.3,2.0NRT,293.36,N,VIIRS_SNPP_NRT,2.1,312.03,1,1,-1,0,1,0,123.91299308082912,5.41889448266647,10.798235939467201,817.5909838744093,37.896232037467364,1.0181412789482973,999,0,0,0,0,1,9,0,-1,unclassified,unclassified,No rule matched,industrial_zone
21.79665,72.08905,0.39,0.36,2026-08-30,2059,N,VIIRS,0.3,2.0NRT,292.6,N,VIIRS_SNPP_NRT,1.45,308.36,1,1,-1,0,1,0,124.30915065568682,12.330398075938938,48.21831155027687,801.7174353619354,95.30947100100076,2.6024983163888047,999,0,0,0,0,0,4,0,-1,unclassified,unclassified,No rule matched,industrial_zone
9.67002,77.45597,0.57,0.52,2026-08-30,2101,N,VIIRS,0.3,2.0NRT,278.12,N,VIIRS_SNPP_NRT,0.77,297.92,1,1,-1,0,1,0,495.7129678543577,332.9306858950317,332.91124012430043,2050.1382720511333,877.0238653010729,332.16950311522214,999,0,0,0,0,0,0,0,-1,unclassified,unclassified,No rule matched,industrial_zone
11.62482,79.08276,0.34,0.56,2026-08-30,2101,N,VIIRS,0.3,2.0NRT,283.7,N,VIIRS_SNPP_NRT,0.94,304.91,1,1,-1,0,1,0,215.03696830308465,133.672340306719,136.40953196832484,1854.7304928885949,650.2879245716541,118.21505450915791,999,0,0,0,0,0,0,0,-1,unclassified,unclassified,No rule matched,industrial_zone
13.71089,79.62021,0.34,0.56,2026-08-30,2101,N,VIIRS,0.3,2.0NRT,281.19,N,VIIRS_SNPP_NRT,1.05,304.97,1,1,-1,0,1,0,92.6086377736226,10.996066593711062,13.242506529837664,1638.027463470684,428.2582349730904,1.3012715074141026,999,0,0,0,0,1,1,0,-1,unclassified,unclassified,No rule matched,industrial_zone
13.82755,79.33979,0.32,0.55,2026-08-30,2101,N,VIIRS,0.3,2.0NRT,278.47,N,VIIRS_SNPP_NRT,0.49,302.83,1,1,-1,0,1,0,124.50948698060547,28.590193254051314,6.599445940189396,1618.989628292141,409.661067624767,15.918878752765622,999,0,0,0,0,0,0,0,20,unclassified,unclassified,No rule matched,factory
13.82812,79.33691,0.32,0.55,2026-08-30,2101,N,VIIRS,0.3,2.0NRT,279.11,N,VIIRS_SNPP_NRT,0.49,305.97,1,1,-1,0,1,0,124.79931110503654,28.829783290512168,6.907984431583915,1618.8646235148128,409.54819904225366,15.961016889800213,999,0,0,0,0,0,0,0,20,unclassified,unclassified,No rule matched,factory
13.82816,79.33921,0.32,0.55,2026-08-30,2101,N,VIIRS,0.3,2.0NRT,278.87,N,VIIRS_SNPP_NRT,0.64,305.91,1,1,-1,0,1,0,124.59989000333945,28.68209902293123,6.659626669106074,1618.910525349915,409.58398334612286,15.98178038370378,999,0,0,0,0,0,0,0,20,unclassified,unclassified,No rule matched,factory
13.82868,79.33408,0.32,0.55,2026-08-30,2101,N,VIIRS,0.3,2.0NRT,278.63,N,VIIRS_SNPP_NRT,0.73,302.13,1,1,-1,0,1,0,125.08422789952928,29.066658085032852,7.205051878392353,1618.7418471348817,409.437507076884,16.00843703778072,999,0,0,0,0,0,0,0,20,unclassified,unclassified,No rule matched,factory
13.82871,79.33633,0.32,0.55,2026-08-30,2101,N,VIIRS,0.3,2.0NRT,278.4,N,VIIRS_SNPP_NRT,0.64,304.76,1,1,-1,0,1,0,124.88840165697681,28.919990704693774,6.963133653462263,1618.787706346991,409.47334569173915,16.02301676032074,999,0,0,0,0,0,0,0,20,unclassified,unclassified,No rule matched,factory
15.16888,76.67051,0.41,0.45,2026-08-30,2101,N,VIIRS,0.3,2.0NRT,279.46,N,VIIRS_SNPP_NRT,0.4,297.02,1,1,-1,0,1,0,447.4210781832109,21.294825934530238,28.61422535326496,1434.7873824211474,335.5040564986177,11.900471013883703,999,0,0,0,0,0,0,0,21,unclassified,unclassified,No rule matched,industrial_zone
15.17345,76.78623,0.42,0.45,2026-08-30,2101,N,VIIRS,0.3,2.0NRT,284.14,N,VIIRS_SNPP_NRT,0.79,302.27,1,1,-1,0,1,0,436.88597825958954,10.450633787100692,16.664499743748202,1434.8752345213427,327.21683202023917,0.1914234683126465,999,0,0,0,0,1,6,0,-1,unclassified,unclassified,No rule matched,industrial_zone
15.17362,76.69113,0.41,0.45,2026-08-30,2101,N,VIIRS,0.3,2.0NRT,281.35,N,VIIRS_SNPP_NRT,0.52,301.13,1,1,-1,0,1,0,445.7510231297698,19.048225926029996,26.537198846080045,1434.3597033150809,333.6745412429068,9.767016144564785,999,0,0,0,0,0,0,0,21,unclassified,unclassified,No rule matched,industrial_zone
15.1757,76.65623,0.41,0.45,2026-08-30,2101,N,VIIRS,0.3,2.0NRT,283.06,N,VIIRS_SNPP_NRT,3.12,320.74,1,1,-1,0,1,0,449.1287236146376,22.469198117973836,30.256742009886754,1433.963123404798,335.9195879657996,12.88744943311799,999,0,0,0,0,0,0,0,21,unclassified,unclassified,No rule matched,industrial_zone
15.17636,76.67603,0.41,0.45,2026-08-30,2101,N,VIIRS,0.3,2.0NRT,284.26,N,VIIRS_SNPP_NRT,2.05,312.47,1,1,-1,0,1,0,447.31207417644146,20.441961607019117,28.185847390607865,1433.9826149477296,334.48649974733206,10.966484440128884,999,0,0,0,0,0,0,0,21,unclassified,unclassified,No rule matched,industrial_zone
15.17842,76.66464,0.41,0.45,2026-08-30,2101,N,VIIRS,0.3,2.0NRT,282.67,N,VIIRS_SNPP_NRT,1.47,301.31,1,1,-1,0,1,0,448.4896392510129,21.517340071853692,29.429284731994116,1433.7000265151707,335.10352717814374,11.94265372951255,999,0,0,0,0,0,0,0,21,unclassified,unclassified,No rule matched,industrial_zone
15.18182,76.66927,0.41,0.45,2026-08-30,2101,N,VIIRS,0.3,2.0NRT,282.18,N,VIIRS_SNPP_NRT,1.46,302.97,1,1,-1,0,1,0,448.2421629765884,20.926456013281797,29.02199540648174,1433.3440628907297,334.4934943017372,11.331487193914624,999,0,0,0,0,0,0,0,21,unclassified,unclassified,No rule matched,industrial_zone
15.1825,76.66548,0.41,0.45,2026-08-30,2101,N,VIIRS,0.3,2.0NRT,280.75,N,VIIRS_SNPP_NRT,1.46,315.65,1,1,-1,0,1,0,448.633600224847,21.290314660991466,29.435448495240692,1433.2507150055694,334.699888231289,11.669991371865018,999,0,0,0,0,0,0,0,21,unclassified,unclassified,No rule matched,industrial_zone
6.95868,79.95699,0.47,0.64,2026-08-30,2104,N,VIIRS,0.3,2.0NRT,282.46,N,VIIRS_SNPP_NRT,1.05,300.79,1,1,-1,0,1,0,691.4934750920398,649.825053764074,641.0636131154176,2382.2895625363126,1152.723352772093,633.0578705297514,999,0,0,0,0,0,0,0,-1,unclassified,unclassified,No rule matched,industrial_zone
6.74823,81.75127,0.39,0.36,2026-08-31,807,N,VIIRS,0.3,2.0NRT,303.36,D,VIIRS_SNPP_NRT,2.28,333.23,0,0,-1,0,1,0,732.1041972389082,705.9815943791963,691.0154386768887,2444.9210312250843,1160.9304671026664,679.4087089871671,999,0,0,0,0,0,0,0,-1,unclassified,unclassified,No rule matched,industrial_zone
6.99914,81.59812,0.39,0.36,2026-08-31,807,N,VIIRS,0.3,2.0NRT,307.0,D,VIIRS_SNPP_NRT,4.66,345.91,1,0,-1,0,1,0,701.2545179391693,674.5487157105149,659.6198651092121,2413.8486093645524,1133.034468985834,648.1594104314543,999,0,0,0,0,0,0,0,5,unclassified,unclassified,No rule matched,industrial_zone
6.99967,81.60159,0.39,0.36,2026-08-31,807,N,VIIRS,0.3,2.0NRT,306.99,D,VIIRS_SNPP_NRT,5.33,335.33,0,0,-1,0,1,0,701.2753850836499,674.5932775227689,659.6627032616083,2413.879907387919,1132.9727621315963,648.1958735804494,999,0,0,0,0,0,0,0,5,unclassified,unclassified,No rule matched,industrial_zone
7.00193,81.59413,0.39,0.36,2026-08-31,807,N,VIIRS,0.3,2.0NRT,306.28,D,VIIRS_SNPP_NRT,4.66,340.51,1,0,-1,0,1,0,700.8607551914585,674.1331473367253,659.205840051507,2413.4449343068254,1132.7275902249048,647.7511466433546,999,0,0,0,0,0,0,0,5,unclassified,unclassified,No rule matched,industrial_zone
7.00246,81.59761,0.39,0.36,2026-08-31,807,N,VIIRS,0.3,2.0NRT,309.62,D,VIIRS_SNPP_NRT,4.66,349.4,1,0,-1,0,1,0,700.8816492621556,674.1778089455485,659.2487676085843,2413.4764361259276,1132.6657305114563,647.7876736052149,999,0,0,0,0,0,0,0,5,unclassified,unclassified,No rule matched,industrial_zone
7.00911,81.5966,0.39,0.36,2026-08-31,807,N,VIIRS,0.3,2.0NRT,307.12,D,VIIRS_SNPP_NRT,4.34,334.53,0,0,-1,0,1,0,700.1350518327235,673.4352240274188,658.5057946689725,2412.731264750345,1131.9271422372174,647.0433975767678,999,0,0,0,0,0,0,0,5,unclassified,unclassified,No rule matched,industrial_zone
7.07676,81.82498,0.39,0.36,2026-08-31,807,N,VIIRS,0.3,2.0NRT,304.24,D,VIIRS_SNPP_NRT,3.59,341.21,1,0,-1,0,1,0,698.4206918407692,673.356976788209,658.3212414676866,2411.3747510684634,1124.4865245332664,646.4323710300289,999,0,0,0,0,0,0,0,-1,unclassified,unclassified,No rule matched,industrial_zone
7.09931,80.83875,0.38,0.36,2026-08-31,807,N,VIIRS,0.3,2.0NRT,300.51,D,VIIRS_SNPP_NRT,3.8,330.54,1,0,-1,0,1,0,677.8076437171962,646.2678990946836,631.8154303136238,2384.803653542121,1125.54539214976,621.7954251432723,999,0,0,0,0,0,0,0,-1,unclassified,unclassified,No rule matched,industrial_zone
7.17094,81.64171,0.39,0.36,2026-08-31,807,N,VIIRS,0.3,2.0NRT,300.2,D,VIIRS_SNPP_NRT,8.79,345.22,1,0,-1,0,1,0,683.5952704910185,657.4685232025223,642.4969149522896,2396.392481701693,1113.905522370182,630.876819147538,999,0,0,0,0,0,0,0,-1,unclassified,unclassified,No rule matched,industrial_zone
7.1865,81.38634,0.38,0.36,2026-08-31,807,N,VIIRS,0.3,2.0NRT,300.35,D,VIIRS_SNPP_NRT,4.57,339.42,1,0,-1,0,1,0,676.3266079215691,648.4952276982448,633.65136752893,2388.2336322473016,1112.6153189225186,622.4941917273038,999,0,0,0,0,0,0,0,-1,unclassified,unclassified,No rule matched,industrial_zone
7.32466,81.76436,0.39,0.36,2026-08-31,807,N,VIIRS,0.3,2.0NRT,297.2,D,VIIRS_SNPP_NRT,4.49,343.9,1,0,-1,0,1,0,670.0562813201589,645.0612708262161,630.0185197129027,2383.0103448208374,1096.8473627717665,618.1029907763228,999,0,0,0,0,0,0,0,8,unclassified,unclassified,No rule matched,industrial_zone
7.33384,81.80244,0.39,0.36,2026-08-31,807,N,VIIRS,0.3,2.0NRT,300.22,D,VIIRS_SNPP_NRT,3.07,340.74,1,0,-1,0,1,0,670.0924919611444,645.3819584660612,630.3236744986756,2383.0361648817857,1095.8702694271249,618.3371702489867,999,0,0,0,0,0,0,0,9,unclassified,unclassified,No rule matched,industrial_zone
7.43173,81.31496,0.38,0.36,2026-08-31,807,N,VIIRS,0.3,2.0NRT,294.08,D,VIIRS_SNPP_NRT,2.02,330.4,1,0,-1,0,1,0,648.0974001819527,620.1357832810914,605.2984872913786,2359.8937459956455,1085.6102159046895,594.169335202619,999,0,0,0,0,0,0,0,12,unclassified,unclassified,No rule matched,industrial_zone
7.4614,80.99762,0.38,0.36,2026-08-31,807,N,VIIRS,0.3,2.0NRT,299.46,D,VIIRS_SNPP_NRT,24.03,354.52,1,0,-1,0,1,0,639.6362257316154,609.4924301333093,594.8663241604929,2349.0409510739487,1084.1075104661415,584.3863136012654,999,0,0,0,0,0,0,0,-1,unclassified,unclassified,No rule matched,industrial_zone
7.47357,81.65829,0.39,0.36,2026-08-31,807,N,VIIRS,0.3,2.0NRT,297.84,D,VIIRS_SNPP_NRT,9.86,346.07,1,0,-1,0,1,0,651.2061928824203,625.7568997891996,610.7381866343545,2364.1301925744137,1080.2499684746376,598.9311728623663,999,0,0,0,0,0,0,0,-1,unclassified,unclassified,No rule matched,factory
7.52729,80.8979,0.38,0.36,2026-08-31,807,N,VIIRS,0.3,2.0NRT,306.55,D,VIIRS_SNPP_NRT,2.18,334.5,0,0,-1,0,1,0,631.0941208466703,600.3249933589148,585.7683706536134,2339.567459341631,1077.5913977454659,575.4843351730121,999,0,0,0,0,0,0,0,-1,unclassified,unclassified,No rule matched,industrial_zone
7.60614,81.15155,0.38,0.36,2026-08-31,807,N,VIIRS,0.3,2.0NRT,301.8,D,VIIRS_SNPP_NRT,8.72,339.35,1,0,-1,0,1,0,626.0238290577144,597.1476305923529,582.3888771102571,2336.985501184262,1067.0284002803485,571.5182444147732,999,0,0,0,0,0,0,0,13,unclassified,unclassified,No rule matched,industrial_zone
7.65419,81.40054,0.39,0.36,2026-08-31,807,N,VIIRS,0.3,2.0NRT,305.53,D,VIIRS_SNPP_NRT,2.94,335.93,1,0,-1,0,1,0,625.5284111664068,598.5431633003587,583.6240217793405,2337.948055321897,1060.587132111952,572.2142806878961,999,0,0,0,0,0,0,0,-1,unclassified,unclassified,No rule matched,industrial_zone
7.70496,81.42134,0.39,0.36,2026-08-31,807,N,VIIRS,0.3,2.0NRT,303.38,D,VIIRS_SNPP_NRT,6.93,340.73,1,0,-1,0,1,0,620.4483127187062,593.7073512638437,578.769438603968,2332.983946297522,1054.8823316891812,567.291255741704,999,0,0,0,0,0,0,0,-1,unclassified,unclassified,No rule matched,industrial_zone
7.73714,79.95287,0.39,0.36,2026-08-31,807,N,VIIRS,0.3,2.0NRT,299.09,D,VIIRS_SNPP_NRT,3.4,335.15,1,0,-1,0,1,0,605.0809876379759,563.5851025455277,554.5134857703576,2296.8846394508323,1067.4345518825842,546.5644761187746,999,0,0,0,0,0,0,0,-1,unclassified,unclassified,No rule matched,industrial_zone
7.73915,79.95213,0.39,0.36,2026-08-31,807,N,VIIRS,0.3,2.0NRT,299.7,D,VIIRS_SNPP_NRT,5.01,345.5,1,0,-1,0,1,0,604.8625553903343,563.3547042205952,554.2910309333862,2296.650487332953,1067.2284517307826,546.344203594186,999,0,0,0,0,0,0,0,-1,unclassified,unclassified,No rule matched,industrial_zone
7.8739,80.07893,0.39,0.36,2026-08-31,807,N,VIIRS,0.3,2.0NRT,305.08,D,VIIRS_SNPP_NRT,5.31,348.7,1,0,-1,0,1,0,589.2407850655679,550.0185254863314,539.3048018456933,2284.329452638446,1050.1177967640726,531.0105979264048,999,0,0,0,0,0,0,0,-1,unclassified,unclassified,No rule matched,industrial_zone
7.87699,80.62096,0.38,0.36,2026-08-31,807,N,VIIRS,0.3,2.0NRT,302.63,D,VIIRS_SNPP_NRT,2.86,331.9,1,0,-1,0,1,0,589.7317683799464,557.2910467872402,542.9393467346755,2295.2669711026874,1041.6966735893593,533.2027133272171,999,0,0,0,0,0,0,0,-1,unclassified,unclassified,No rule matched,industrial_zone
7.88657,80.13833,0.39,0.36,2026-08-31,807,N,VIIRS,0.3,2.0NRT,305.14,D,VIIRS_SNPP_NRT,7.77,345.81,1,0,-1,0,1,0,587.6332785212568,549.4786831950343,538.0171713308548,2284.1126567995675,1047.6833805158533,529.5571576074951,999,0,0,0,0,0,0,0,-1,unclassified,unclassified,No rule matched,industrial_zone
7.88696,80.61943,0.38,0.36,2026-08-31,807,N,VIIRS,0.3,2.0NRT,302.18,D,VIIRS_SNPP_NRT,3.88,341.73,1,0,-1,0,1,0,588.6146704873798,556.1699420253304,541.8185065590776,2294.147065931758,1040.6128239390148,532.0829494369249,999,0,0,0,0,0,0,0,-1,unclassified,unclassified,No rule matched,industrial_zone
7.92286,81.40872,0.39,0.36,2026-08-31,807,N,VIIRS,0.3,2.0NRT,308.16,D,VIIRS_SNPP_NRT,4.75,341.88,1,0,-1,0,1,0,596.4425470027443,570.0153320027698,555.0513664779724,2309.0944231970725,1030.6988869926124,543.4790456682971,999,0,0,0,0,0,0,0,-1,unclassified,unclassified,No rule matched,industrial_zone
7.94071,81.30248,0.38,0.36,2026-08-31,807,N,VIIRS,0.3,2.0NRT,308.84,D,VIIRS_SNPP_NRT,20.34,345.2,1,0,-1,0,1,0,592.1881242397534,564.9694264738912,550.0621468784743,2304.4594346980675,1029.1044305409898,538.7036020336666,999,0,0,0,0,0,0,0,22,unclassified,unclassified,No rule matched,industrial_zone
7.94124,81.30596,0.39,0.36,2026-08-31,807,N,VIIRS,0.3,2.0NRT,313.67,D,VIIRS_SNPP_NRT,20.34,352.39,1,0,-1,0,1,0,592.2025361796107,565.0118219376038,550.1024053889662,2304.489866648322,1029.0307396339826,538.736119735003,999,0,0,0,0,0,0,0,22,unclassified,unclassified,No rule matched,industrial_zone
7.94297,81.295,0.38,0.36,2026-08-31,807,N,VIIRS,0.3,2.0NRT,310.0,D,VIIRS_SNPP_NRT,80.22,350.67,1,0,-1,0,1,0,591.7866854988209,564.5139500951803,549.6107503932607,2304.0262674294145,1028.8856081694487,538.2670254802407,999,0,0,0,0,0,0,0,22,unclassified,unclassified,No rule matched,industrial_zone
7.94403,81.30197,0.38,0.36,2026-08-31,807,N,VIIRS,0.3,2.0NRT,313.41,D,VIIRS_SNPP_NRT,20.34,352.31,1,0,-1,0,1,0,591.8149851664429,564.5983031610671,549.6907998977667,2304.0872164234056,1028.7377229648134,538.3315423126191,999,0,0,0,0,0,0,0,22,unclassified,unclassified,No rule matched,industrial_zone
7.94456,81.30545,0.39,0.36,2026-08-31,807,N,VIIRS,0.3,2.0NRT,311.43,D,VIIRS_SNPP_NRT,20.34,367.0,2,0,-1,0,1,0,591.8294064480499,564.6407264962329,549.7310856426783,2304.1176529349996,1028.6640068274157,538.3640826103413,999,0,0,0,0,0,0,0,22,unclassified,unclassified,No rule matched,industrial_zone
7.95897,80.09814,0.39,0.36,2026-08-31,807,N,VIIRS,0.3,2.0NRT,304.5,D,VIIRS_SNPP_NRT,3.06,338.14,0,0,-1,0,1,0,579.7142588061346,540.907801752068,529.8772409845766,2275.3984286966183,1040.440590745937,521.5285108329341,999,0,0,0,0,0,0,0,-1,unclassified,unclassified,No rule matched,factory
7.96847,80.62367,0.38,0.36,2026-08-31,807,N,VIIRS,0.3,2.0NRT,303.21,D,VIIRS_SNPP_NRT,2.45,334.81,1,0,-1,0,1,0,579.6001828156338,547.2458517434387,532.8794408392336,2285.361736036313,1031.5522507411838,523.1098529347415,999,0,0,0,0,0,0,0,-1,unclassified,unclassified,No rule matched,industrial_zone
7.99786,80.37258,0.39,0.36,2026-08-31,807,N,VIIRS,0.99,2.0NRT,305.98,D,VIIRS_SNPP_NRT,6.58,332.12,0,0,-1,0,1,0,575.1722627417043,541.0043194559817,526.9114628205185,2276.7368394137548,1031.6790164499844,517.7967611440652,999,0,0,0,0,0,0,0,-1,mining_activity,mining_activity,Persistent near mining/quarry area,industrial_zone
7.9984,80.37608,0.39,0.36,2026-08-31,807,N,VIIRS,0.3,2.0NRT,308.42,D,VIIRS_SNPP_NRT,6.58,349.28,1,0,-1,0,1,0,575.1195181123272,540.9768844915911,526.8798309517326,2276.7514938797144,1031.5676100548214,517.7555739027152,999,0,0,0,0,0,0,0,-1,unclassified,unclassified,No rule matched,industrial_zone
8.01197,81.41592,0.39,0.36,2026-08-31,807,N,VIIRS,0.996,2.0NRT,310.95,D,VIIRS_SNPP_NRT,4.35,340.12,0,0,-1,0,1,0,586.9173326361005,560.7241129922362,545.7427784023681,2299.6457879272566,1020.7722495352483,534.1040078000105,999,0,0,0,0,0,0,0,-1,mining_activity,mining_activity,Persistent near mining/quarry area,industrial_zone
8.03437,80.19405,0.39,0.36,2026-08-31,807,N,VIIRS,0.3,2.0NRT,306.27,D,VIIRS_SNPP_NRT,6.16,338.36,1,0,-1,0,1,0,571.0784303723395,534.1029918642614,521.7782418666694,2269.06777155468,1030.495981229683,513.1540242890452,999,0,0,0,0,0,0,0,-1,unclassified,unclassified,No rule matched,industrial_zone
8.08878,80.19277,0.39,0.36,2026-08-31,807,N,VIIRS,0.3,2.0NRT,305.52,D,VIIRS_SNPP_NRT,5.01,344.37,1,0,-1,0,1,0,565.0311970839489,528.1024525891208,515.7270494561108,2263.094864362113,1024.5397424623966,507.1027275424006,999,0,0,0,0,0,0,0,-1,unclassified,unclassified,No rule matched,factory
8.14198,79.99303,0.39,0.36,2026-08-31,807,N,VIIRS,0.3,2.0NRT,303.02,D,VIIRS_SNPP_NRT,3.1,337.81,1,0,-1,0,1,0,559.8877910577314,519.2907875546998,509.45974802942294,2253.3181082710416,1022.3354861768776,501.4211717075948,999,0,0,0,0,0,0,0,-1,unclassified,unclassified,No rule matched,industrial_zone
8.2525,80.51107,0.39,0.36,2026-08-31,807,N,VIIRS,1.0,2.0NRT,304.77,D,VIIRS_SNPP_NRT,2.72,330.03,0,0,-1,0,1,0,547.3695324040934,514.3611909095519,500.07872115333834,2251.937421442249,1001.628138400658,490.52999131482073,999,0,0,0,0,0,0,0,-1,mining_activity,mining_activity,Persistent near mining/quarry area,industrial_zone
8.26829,80.17477,0.39,0.36,2026-08-31,807,N,VIIRS,1.0,2.0NRT,308.72,D,VIIRS_SNPP_NRT,2.7,333.76,0,0,-1,0,1,0,545.1086444572721,508.0756640281667,495.708308527998,2243.111283715735,1005.1373802246064,487.12489169268736,999,0,0,0,0,0,0,0,-1,mining_activity,mining_activity,Persistent near mining/quarry area,industrial_zone
8.28108,80.16919,0.39,0.36,2026-08-31,807,N,VIIRS,0.655,2.0NRT,309.37,D,VIIRS_SNPP_NRT,3.83,341.22,1,0,-1,0,1,0,543.6992264544401,506.57532487506745,494.26606693174995,2241.600145794085,1003.831572514566,485.6986245066485,999,0,0,0,0,0,0,0,-1,mining_activity,mining_activity,Persistent near mining/quarry area,industrial_zone
8.29091,80.21081,0.39,0.36,2026-08-31,807,N,VIIRS,0.623,2.0NRT,308.56,D,VIIRS_SNPP_NRT,5.81,346.43,1,0,-1,0,1,0,542.5295749772927,506.2271509011299,493.34808520929437,2241.376158120069,1002.028206689707,484.6549054188183,999,0,0,0,0,0,0,0,-1,mining_activity,mining_activity,Persistent near mining/quarry area,industrial_zone
8.30053,80.16256,0.39,0.36,2026-08-31,807,N,VIIRS,0.3,2.0NRT,308.91,D,VIIRS_SNPP_NRT,3.66,339.1,1,0,-1,0,1,0,541.5527459405595,504.3257609570686,492.0805687738873,2239.339897360664,1001.8141616132981,483.53200413149546,999,0,0,0,0,0,0,0,23,unclassified,unclassified,No rule matched,industrial_zone
8.30774,80.12835,0.39,0.36,2026-08-31,807,N,VIIRS,0.3,2.0NRT,306.22,D,VIIRS_SNPP_NRT,2.95,332.31,0,0,-1,0,1,0,540.8482052468895,502.96537859224594,491.1723476901187,2237.8597830749345,1001.6368623121798,482.7273324760197,999,0,0,0,0,0,0,0,-1,unclassified,unclassified,No rule matched,factory
8.31053,80.29387,0.39,0.36,2026-08-31,807,N,VIIRS,0.3,2.0NRT,305.49,D,VIIRS_SNPP_NRT,1.4,334.22,0,0,-1,0,1,0,540.308418321026,505.66056741473494,491.6419889013765,2240.955613651368,998.4838413481843,482.7005402804958,999,0,0,0,0,0,0,0,24,unclassified,unclassified,No rule matched,industrial_zone
8.34692,80.20496,0.39,0.36,2026-08-31,807,N,VIIRS,0.3,2.0NRT,309.9,D,VIIRS_SNPP_NRT,3.86,336.99,0,0,-1,0,1,0,536.3106478336063,499.9780839965757,487.09840972927833,2235.137455039544,995.9781663735996,478.417996549288,999,0,0,0,0,0,0,0,25,unclassified,unclassified,No rule matched,industrial_zone
8.34746,80.20847,0.39,0.36,2026-08-31,807,N,VIIRS,0.3,2.0NRT,309.73,D,VIIRS_SNPP_NRT,3.85,336.17,0,0,-1,0,1,0,536.2453572928105,499.9826817638283,487.054753532796,2235.150629399645,995.8580799812232,478.3636348182028,999,0,0,0,0,0,0,0,25,unclassified,unclassified,No rule matched,industrial_zone
8.35775,80.80066,0.38,0.36,2026-08-31,807,N,VIIRS,0.3,2.0NRT,310.22,D,VIIRS_SNPP_NRT,8.27,337.97,0,0,-1,0,1,0,538.1357375540454,507.5352647478746,492.93604800334805,2247.0381136000865,986.5065669108088,482.5655432047108,999,0,0,0,0,0,0,0,-1,unclassified,unclassified,No rule matched,industrial_zone
8.36229,81.05286,0.38,0.36,2026-08-31,807,N,VIIRS,0.3,2.0NRT,310.94,D,VIIRS_SNPP_NRT,6.7,337.65,0,0,-1,0,1,0,541.2730512157921,512.7749450684291,497.96286539527694,2252.5847189713018,983.7507458458113,486.94686670214685,999,0,0,0,0,0,0,0,34,unclassified,unclassified,No rule matched,industrial_zone
8.3721,80.43393,0.39,0.36,2026-08-31,807,N,VIIRS,0.3,2.0NRT,304.21,D,VIIRS_SNPP_NRT,6.87,336.87,1,0,-1,0,1,0,533.7436332075189,500.20519394078116,485.9984441363496,2237.2215955632355,989.5354611750482,476.63811743784174,999,0,0,0,0,0,0,0,-1,unclassified,unclassified,No rule matched,industrial_zone
8.3754,81.1614,0.38,0.36,2026-08-31,807,N,VIIRS,0.3,2.0NRT,307.17,D,VIIRS_SNPP_NRT,3.98,336.39,0,0,-1,0,1,0,541.8270322649076,514.2675364808756,499.3764643704328,2253.855201412462,981.5576240447771,488.0904952843479,999,0,0,0,0,0,0,0,-1,unclassified,unclassified,No rule matched,industrial_zone
8.37858,80.18925,0.39,0.36,2026-08-31,807,N,VIIRS,0.961,2.0NRT,308.88,D,VIIRS_SNPP_NRT,4.28,336.53,0,0,-1,0,1,0,532.8175927958333,496.22211937370895,483.5111825459372,2231.3563637798393,992.7766188960701,474.87613162478294,999,0,0,0,0,0,0,0,-1,mining_activity,mining_activity,Persistent near mining/quarry area,industrial_zone
8.38648,80.15206,0.39,0.36,2026-08-31,807,N,VIIRS,0.989,2.0NRT,304.84,D,VIIRS_SNPP_NRT,4.9,334.03,0,0,-1,0,1,0,532.0254207992823,494.7048974136811,482.49191410304445,2229.73376898237,992.5717261560452,473.9708406291764,999,0,0,0,0,0,0,0,-1,mining_activity,mining_activity,Persistent near mining/quarry area,industrial_zone
8.38703,80.15557,0.39,0.36,2026-08-31,807,N,VIIRS,0.3,2.0NRT,310.23,D,VIIRS_SNPP_NRT,4.9,346.01,1,0,-1,0,1,0,531.9548275326622,494.7044918323394,482.44267897962817,2229.745073816116,992.4482083912366,473.9107330538621,999,0,0,0,0,0,0,0,-1,unclassified,unclassified,No rule matched,power_plant
8.4223,81.09,0.38,0.36,2026-08-31,807,N,VIIRS,0.3,2.0NRT,310.14,D,VIIRS_SNPP_NRT,3.98,340.12,0,0,-1,0,1,0,535.3429532234312,507.26336318386507,492.4133867213761,2246.9971492358163,976.8233906727397,481.2726589286974,999,0,0,0,0,0,0,0,-1,unclassified,unclassified,No rule matched,industrial_zone
8.42869,80.62504,0.38,0.36,2026-08-31,807,N,VIIRS,0.3,2.0NRT,308.86,D,VIIRS_SNPP_NRT,5.61,341.14,1,0,-1,0,1,0,528.5570475400758,496.5915813210083,482.15750117893737,2235.2875013058638,980.6809971822073,472.2367469328702,999,0,0,0,0,0,0,0,36,unclassified,unclassified,No rule matched,industrial_zone
8.4316,80.79919,0.38,0.36,2026-08-31,807,N,VIIRS,0.3,2.0NRT,309.0,D,VIIRS_SNPP_NRT,6.05,341.2,1,0,-1,0,1,0,529.9536552852558,499.43130118027096,484.8208017554565,2238.979809296721,978.3474956772426,474.4217293974653,999,0,0,0,0,0,0,0,-1,unclassified,unclassified,No rule matched,power_plant
8.43458,80.5528,0.38,0.36,2026-08-31,807,N,VIIRS,0.3,2.0NRT,304.61,D,VIIRS_SNPP_NRT,2.47,331.43,0,0,-1,0,1,0,527.3897431824972,494.8409046595426,480.4859176333955,2233.0250930481457,980.9704684516418,470.7673339207801,999,0,0,0,0,0,0,0,-1,unclassified,unclassified,No rule matched,industrial_zone
8.44716,80.87873,0.38,0.36,2026-08-31,807,N,VIIRS,0.3,2.0NRT,306.9,D,VIIRS_SNPP_NRT,7.37,338.83,1,0,-1,0,1,0,529.2467675672277,499.4131127743744,484.727377358486,2239.1688152423353,975.8246092025396,474.11003465208836,999,0,0,0,0,0,0,0,-1,unclassified,unclassified,No rule matched,industrial_zone
8.4479,80.75037,0.38,0.36,2026-08-31,807,N,VIIRS,0.3,2.0NRT,308.52,D,VIIRS_SNPP_NRT,3.6,335.29,0,0,-1,0,1,0,527.599530403525,496.68924581604244,482.12290326361267,2236.0699708196285,977.0720907802071,471.8485630299948,999,0,0,0,0,0,0,0,-1,unclassified,unclassified,No rule matched,industrial_zone
8.46928,80.77913,0.38,0.36,2026-08-31,807,N,VIIRS,0.3,2.0NRT,307.83,D,VIIRS_SNPP_NRT,7.93,346.94,1,0,-1,0,1,0,525.5539032577627,494.90990209930766,480.31194398815614,2234.416499602239,974.3912992732427,469.95017868636455,999,0,0,0,0,0,0,0,-1,unclassified,unclassified,No rule matched,industrial_zone
8.47334,80.16677,0.39,0.36,2026-08-31,807,N,VIIRS,0.3,2.0NRT,309.88,D,VIIRS_SNPP_NRT,7.33,342.12,1,0,-1,0,1,0,522.3316022659193,485.42390683360105,472.89100056907307,2220.5433307922694,982.7787555385607,464.3190825256194,999,0,0,0,0,0,0,0,-1,unclassified,unclassified,No rule matched,industrial_zone
8.47485,80.77115,0.38,0.36,2026-08-31,807,N,VIIRS,0.3,2.0NRT,303.02,D,VIIRS_SNPP_NRT,1.53,331.63,0,0,-1,0,1,0,524.8470946098303,494.14276650995765,479.55153386348377,2233.6248848599716,973.8615912833999,469.20898680779857,999,0,0,0,0,0,0,0,-1,unclassified,unclassified,No rule matched,industrial_zone
8.47952,80.82387,0.38,0.36,2026-08-31,807,N,VIIRS,0.3,2.0NRT,303.15,D,VIIRS_SNPP_NRT,4.13,331.96,0,0,-1,0,1,0,524.9576855323805,494.7041756722769,480.0622188107443,2234.354726951532,972.7861969120189,469.57507291300834,999,0,0,0,0,0,0,0,26,unclassified,unclassified,No rule matched,industrial_zone
8.48646,80.36195,0.39,0.36,2026-08-31,807,N,VIIRS,0.3,2.0NRT,306.36,D,VIIRS_SNPP_NRT,2.3,333.66,0,0,-1,0,1,0,520.8300869102768,486.77901698237764,472.64931660805195,2223.201104969372,978.0396450185615,463.4762573399852,999,0,0,0,0,0,0,0,-1,unclassified,unclassified,No rule matched,industrial_zone
8.49225,80.81834,0.38,0.36,2026-08-31,807,N,VIIRS,0.3,2.0NRT,310.05,D,VIIRS_SNPP_NRT,11.16,353.12,1,0,-1,0,1,0,523.4824604547895,493.1988289055155,478.55974388932367,2232.8417204005477,971.4340182199867,468.08151457939465,999,0,0,0,0,0,0,0,26,unclassified,unclassified,No rule matched,industrial_zone
8.49849,80.39584,0.39,0.36,2026-08-31,807,N,VIIRS,0.3,2.0NRT,303.07,D,VIIRS_SNPP_NRT,2.61,331.59,0,0,-1,0,1,0,519.5742106593275,485.7996111021743,471.62499807845904,2222.618254436757,976.187556616029,462.3478212927687,999,0,0,0,0,0,0,0,-1,unclassified,unclassified,No rule matched,industrial_zone
8.49889,80.81732,0.38,0.36,2026-08-31,807,N,VIIRS,0.3,2.0NRT,307.32,D,VIIRS_SNPP_NRT,4.41,341.45,1,0,-1,0,1,0,522.7361883523904,492.4526282196813,477.8133115905929,2232.0965061794477,970.7095556660065,467.334724878978,999,0,0,0,0,0,0,0,26,unclassified,unclassified,No rule matched,industrial_zone
8.51151,80.56882,0.38,0.36,2026-08-31,807,N,VIIRS,0.3,2.0NRT,300.44,D,VIIRS_SNPP_NRT,4.3,332.96,1,0,-1,0,1,0,518.9553545667176,486.5996438455381,472.21499881272644,2225.007450878645,972.2652970912486,462.42563436633577,999,0,0,0,0,0,0,0,-1,unclassified,unclassified,No rule matched,industrial_zone
8.51499,80.74651,0.38,0.36,2026-08-31,807,N,VIIRS,0.3,2.0NRT,309.49,D,VIIRS_SNPP_NRT,9.52,334.79,0,0,-1,0,1,0,520.1338220443282,489.2696332233746,474.6955499136056,2228.6886720343077,969.6938761867483,464.4029701757039,999,0,0,0,0,0,0,0,-1,unclassified,unclassified,No rule matched,industrial_zone
8.5192,80.46411,0.38,0.36,2026-08-31,807,N,VIIRS,0.3,2.0NRT,300.33,D,VIIRS_SNPP_NRT,2.27,331.95,1,0,-1,0,1,0,517.5174436775177,484.3070564675189,470.044680754677,2221.847089029929,972.8820279441964,460.5592058126237,999,0,0,0,0,0,0,0,-1,unclassified,unclassified,No rule matched,industrial_zone
8.55709,80.62238,0.38,0.36,2026-08-31,807,N,VIIRS,0.3,2.0NRT,306.97,D,VIIRS_SNPP_NRT,5.71,336.88,0,0,-1,0,1,0,514.296134280375,482.42842128186095,467.9767935432584,2221.2563372398968,966.5325948623139,458.01702488339475,999,0,0,0,0,0,0,0,-1,unclassified,unclassified,No rule matched,industrial_zone
8.55763,80.62587,0.38,0.36,2026-08-31,807,N,VIIRS,0.3,2.0NRT,308.82,D,VIIRS_SNPP_NRT,7.3,339.42,1,0,-1,0,1,0,514.2645710922611,482.4267869470488,467.97124583367344,2221.2769309189994,966.4283895421703,458.00124241162865,999,0,0,0,0,0,0,0,-1,unclassified,unclassified,No rule matched,industrial_zone
8.56241,80.85677,0.38,0.36,2026-08-31,807,N,VIIRS,0.3,2.0NRT,309.81,D,VIIRS_SNPP_NRT,6.27,347.43,1,0,-1,0,1,0,516.2317257587499,486.3740012941151,471.6869870845906,2226.134756086385,963.2751201912359,461.07111811301786,999,0,0,0,0,0,0,0,-1,unclassified,unclassified,No rule matched,industrial_zone
8.57523,80.74078,0.38,0.36,2026-08-31,807,N,VIIRS,0.3,2.0NRT,302.39,D,VIIRS_SNPP_NRT,0.92,334.55,1,0,-1,0,1,0,513.405951497024,482.5649432092799,467.98600588829675,2222.0087655239845,963.0959630171011,457.6829009486755,999,0,0,0,0,0,0,0,27,unclassified,unclassified,No rule matched,industrial_zone
8.5921,80.41267,0.39,0.36,2026-08-31,807,N,VIIRS,0.3,2.0NRT,308.67,D,VIIRS_SNPP_NRT,9.48,348.81,1,0,-1,0,1,0,509.21999523395135,475.63181582305447,461.4241468782262,2212.778544756818,965.62211704213,452.074409939094,999,0,0,0,0,0,0,0,-1,unclassified,unclassified,No rule matched,industrial_zone
8.59252,80.60977,0.38,0.36,2026-08-31,807,N,VIIRS,0.3,2.0NRT,302.77,D,VIIRS_SNPP_NRT,3.19,336.11,1,0,-1,0,1,0,510.26648118800057,478.32597564114354,463.882512597561,2217.1152596658194,962.7826845941603,453.9460370309302,999,0,0,0,0,0,0,0,-1,unclassified,unclassified,No rule matched,industrial_zone
8.59517,80.82677,0.38,0.36,2026-08-31,807,N,VIIRS,0.3,2.0NRT,307.19,D,VIIRS_SNPP_NRT,24.38,344.09,1,0,-1,0,1,0,512.2204223038015,482.14866860213994,467.48312841025876,2221.864831569726,959.9534233327172,456.93256077678365,999,0,0,0,0,0,0,0,-1,unclassified,unclassified,No rule matched,industrial_zone
8.61153,80.51681,0.38,0.36,2026-08-31,807,N,VIIRS,0.3,2.0NRT,310.3,D,VIIRS_SNPP_NRT,5.45,338.01,0,0,-1,0,1,0,507.52704055675014,474.81786916246006,460.47867904712876,2212.955365838611,961.9458982907707,450.8095405814708,999,0,0,0,0,0,0,0,-1,unclassified,unclassified,No rule matched,industrial_zone
8.6128,80.70208,0.38,0.36,2026-08-31,807,N,VIIRS,0.3,2.0NRT,307.32,D,VIIRS_SNPP_NRT,4.65,334.35,0,0,-1,0,1,0,508.84351832197007,477.7137869944603,463.16765465163263,2217.02648133336,959.39279376059,452.95741057649195,999,0,0,0,0,0,0,0,-1,unclassified,unclassified,No rule matched,industrial_zone
8.61921,81.14049,0.38,0.36,2026-08-31,807,N,VIIRS,0.3,2.0NRT,312.03,D,VIIRS_SNPP_NRT,9.6,350.21,1,0,-1,0,1,0,514.7453786622922,487.48706632170143,472.56633158345784,2226.936694413267,954.6259309836114,461.1817095727324,999,0,0,0,0,0,0,0,-1,unclassified,unclassified,No rule matched,industrial_zone
8.6213,80.7978,0.38,0.36,2026-08-31,807,N,VIIRS,0.3,2.0NRT,306.04,D,VIIRS_SNPP_NRT,6.63,348.51,1,0,-1,0,1,0,508.9700010828923,478.68161841909426,464.0385874833603,2218.341671859214,957.3675996396006,453.55517721077996,999,0,0,0,0,0,0,0,-1,unclassified,unclassified,No rule matched,industrial_zone
8.62135,80.97601,0.38,0.36,2026-08-31,807,N,VIIRS,0.3,2.0NRT,304.01,D,VIIRS_SNPP_NRT,1.17,335.68,1,0,-1,0,1,0,511.5152763981228,482.795782876011,467.9958777518771,2222.619756496919,955.6370588559398,457.0306004877078,999,0,0,0,0,0,0,0,-1,unclassified,unclassified,No rule matched,industrial_zone
8.62952,80.56754,0.38,0.36,2026-08-31,807,N,VIIRS,0.3,2.0NRT,303.3,D,VIIRS_SNPP_NRT,3.18,333.65,1,0,-1,0,1,0,505.8499186085302,473.5845512139596,459.18299379853846,2212.1338140253406,959.2590752787265,449.357042213589,999,0,0,0,0,0,0,0,-1,unclassified,unclassified,No rule matched,industrial_zone
8.63006,80.57103,0.38,0.36,2026-08-31,807,N,VIIRS,0.3,2.0NRT,301.35,D,VIIRS_SNPP_NRT,2.36,332.78,1,0,-1,0,1,0,505.8142701363347,473.5790748656978,459.1734077939501,2212.153736098698,959.1522549303077,449.3369383752416,999,0,0,0,0,0,0,0,-1,unclassified,unclassified,No rule matched,industrial_zone
8.63045,80.70648,0.38,0.36,2026-08-31,807,N,VIIRS,0.3,2.0NRT,310.42,D,VIIRS_SNPP_NRT,4.17,339.82,0,0,-1,0,1,0,506.933638592798,475.86236669502745,461.3085689381583,2215.2099835315466,957.3893886537193,451.0781538526352,999,0,0,0,0,0,0,0,-1,unclassified,unclassified,No rule matched,industrial_zone
8.63466,80.53464,0.38,0.36,2026-08-31,807,N,VIIRS,0.3,2.0NRT,306.44,D,VIIRS_SNPP_NRT,3.24,338.93,1,0,-1,0,1,0,505.06448046468125,472.52411733996826,458.1602122207298,2210.835279980561,959.1445906440132,448.4303559304766,999,0,0,0,0,0,0,0,-1,unclassified,unclassified,No rule matched,industrial_zone
8.6401,80.65864,0.38,0.36,2026-08-31,807,N,VIIRS,0.3,2.0NRT,303.83,D,VIIRS_SNPP_NRT,15.49,339.77,1,0,-1,0,1,0,505.4046236243336,473.9303741762764,459.4254087807555,2213.056303375829,956.9054191781978,449.3285485411378,999,0,0,0,0,0,0,0,-1,unclassified,unclassified,No rule matched,industrial_zone
8.65994,80.76608,0.38,0.36,2026-08-31,807,N,VIIRS,0.3,2.0NRT,305.82,D,VIIRS_SNPP_NRT,2.09,334.64,0,0,-1,0,1,0,504.31997255219426,473.8052117800233,459.18587370037477,2213.3975276226315,953.4407295010227,448.772786883088,999,0,0,0,0,0,0,0,-1,unclassified,unclassified,No rule matched,industrial_zone
8.66698,80.36886,0.39,0.36,2026-08-31,807,N,VIIRS,0.3,2.0NRT,307.33,D,VIIRS_SNPP_NRT,3.35,337.97,1,0,-1,0,1,0,500.77570606050574,466.86468005463166,452.70484692975805,2203.6654413291176,958.0675034702306,443.47279731003584,999,0,0,0,0,0,0,0,-1,unclassified,unclassified,No rule matched,industrial_zone
8.67386,80.74609,0.38,0.36,2026-08-31,807,N,VIIRS,0.3,2.0NRT,307.61,D,VIIRS_SNPP_NRT,6.91,338.19,1,0,-1,0,1,0,502.5524363617359,471.8799544301479,457.2779545867011,2211.4162371972106,952.1275214743914,446.91501580699986,999,0,0,0,0,0,0,0,-1,unclassified,unclassified,No rule matched,industrial_zone
8.68129,81.15162,0.39,0.36,2026-08-31,807,N,VIIRS,0.3,2.0NRT,311.49,D,VIIRS_SNPP_NRT,6.41,341.5,1,0,-1,0,1,0,508.18741167557897,481.1606778271488,466.22117816194515,2220.500062850171,947.6623899550714,454.7685161951385,999,0,0,0,0,0,0,0,-1,unclassified,unclassified,No rule matched,industrial_zone
8.6821,80.75552,0.38,0.36,2026-08-31,807,N,VIIRS,0.3,2.0NRT,308.89,D,VIIRS_SNPP_NRT,5.09,349.96,1,0,-1,0,1,0,501.74773280094166,471.16893615231044,456.5559885489667,2210.742280403695,951.1086840722385,446.1623331239108,999,0,0,0,0,0,0,0,-1,unclassified,unclassified,No rule matched,industrial_zone
8.74873,80.32748,0.39,0.36,2026-08-31,807,N,VIIRS,0.3,2.0NRT,305.13,D,VIIRS_SNPP_NRT,3.57,338.49,1,0,-1,0,1,0,491.61310447202186,457.39381209223035,443.28058964217234,2193.8594181940957,949.7535066950311,434.1624703875717,999,0,0,0,0,0,0,0,-1,unclassified,unclassified,No rule matched,industrial_zone
8.78987,80.99559,0.38,0.36,2026-08-31,807,N,VIIRS,0.3,2.0NRT,307.86,D,VIIRS_SNPP_NRT,12.29,343.59,1,0,-1,0,1,0,493.32961350664493,465.0943042525049,450.24642022122737,2204.837701895764,936.7878165745146,439.1284846144398,999,0,0,0,0,0,0,0,-1,unclassified,unclassified,No rule matched,industrial_zone
8.80894,80.39244,0.38,0.36,2026-08-31,807,N,VIIRS,0.3,2.0NRT,306.81,D,VIIRS_SNPP_NRT,3.36,341.51,1,0,-1,0,1,0,485.0556634679878,451.4200166857731,437.21033589077035,2188.7056044379574,942.0732000209942,427.8698181328379,999,0,0,0,0,0,0,0,-1,unclassified,unclassified,No rule matched,industrial_zone
8.85911,80.74155,0.38,0.36,2026-08-31,807,N,VIIRS,0.3,2.0NRT,311.49,D,VIIRS_SNPP_NRT,16.02,349.7,1,0,-1,0,1,0,482.01248621079634,451.5454900456732,436.91317759628987,2191.18772420065,931.6965258446002,426.4735392930083,999,0,0,0,0,0,0,0,-1,unclassified,unclassified,No rule matched,industrial_zone
8.90582,80.40517,0.38,0.36,2026-08-31,807,N,VIIRS,0.3,2.0NRT,305.91,D,VIIRS_SNPP_NRT,4.3,338.33,1,0,-1,0,1,0,474.32684003032495,440.8611683854792,426.62072530725965,2178.4299995151814,931.2117638996856,417.21308450114003,999,0,0,0,0,0,0,0,28,unclassified,unclassified,No rule matched,industrial_zone
8.91568,80.42508,0.38,0.36,2026-08-31,807,N,VIIRS,0.3,2.0NRT,314.07,D,VIIRS_SNPP_NRT,28.96,341.63,0,0,-1,0,1,0,473.30163674293624,440.01956849228463,425.75081789393977,2177.795884318871,929.8107840953184,416.2751443645067,999,0,0,0,0,0,0,0,28,unclassified,unclassified,No rule matched,industrial_zone
8.97013,80.69147,0.38,0.36,2026-08-31,807,N,VIIRS,0.3,2.0NRT,311.26,D,VIIRS_SNPP_NRT,6.62,345.28,1,0,-1,0,1,0,469.17593447039496,438.39414960255834,423.7927949618688,2177.950706740538,920.0356193961584,413.44856209657775,999,0,0,0,0,0,0,0,-1,unclassified,unclassified,No rule matched,industrial_zone
8.9767,80.37984,0.38,0.36,2026-08-31,807,N,VIIRS,0.3,2.0NRT,308.02,D,VIIRS_SNPP_NRT,6.26,336.51,0,0,-1,0,1,0,466.3723342397324,432.7241662708287,418.5084742755706,2170.1507891290007,923.8272479062522,409.165537223698,999,0,0,0,0,0,0,0,-1,unclassified,unclassified,No rule matched,industrial_zone
8.97723,80.38334,0.38,0.36,2026-08-31,807,N,VIIRS,0.3,2.0NRT,307.43,D,VIIRS_SNPP_NRT,6.26,337.39,0,0,-1,0,1,0,466.32303142006975,432.70665401153605,418.48599058681316,2170.1700398625967,923.7115273564158,409.13116785393635,999,0,0,0,0,0,0,0,-1,unclassified,unclassified,No rule matched,industrial_zone
9.02789,77.86799,0.45,0.39,2026-08-31,807,N,VIIRS,0.3,2.0NRT,311.04,D,VIIRS_SNPP_NRT,11.75,345.65,1,0,-1,0,1,0,530.0784359216333,402.99884031606007,402.98204102058753,2124.8434106501804,942.2898794971007,402.81309152860956,999,0,0,0,0,0,0,0,-1,unclassified,unclassified,No rule matched,industrial_zone
9.04133,80.45132,0.38,0.36,2026-08-31,807,N,VIIRS,0.3,2.0NRT,312.33,D,VIIRS_SNPP_NRT,19.68,367.0,2,0,-1,0,1,0,459.4502281541603,426.4991036894047,412.1754209858477,2164.698951991714,915.5705381835813,402.57324730307545,999,0,0,0,0,0,0,0,-1,unclassified,unclassified,No rule matched,industrial_zone
9.11122,80.50833,0.38,0.36,2026-08-31,807,N,VIIRS,0.3,2.0NRT,310.26,D,VIIRS_SNPP_NRT,5.42,339.2,0,0,-1,0,1,0,451.9947169671584,419.6405073792164,405.22950471812146,2158.3804343954253,906.9993589509006,395.4105381150192,999,0,0,0,0,0,0,0,-1,unclassified,unclassified,No rule matched,industrial_zone
9.17411,80.12911,0.39,0.36,2026-08-31,807,N,VIIRS,0.3,2.0NRT,306.33,D,VIIRS_SNPP_NRT,2.97,332.22,0,0,-1,0,1,0,444.5592238082388,407.9430711949013,394.8752953588146,2143.2389923168785,906.7420733461777,386.3916373473187,999,0,0,0,0,0,0,0,-1,unclassified,unclassified,No rule matched,industrial_zone
9.17741,78.13036,0.43,0.38,2026-08-31,807,N,VIIRS,0.3,2.0NRT,304.75,D,VIIRS_SNPP_NRT,6.86,346.2,1,0,-1,0,1,0,501.7116150729571,388.3981188504471,388.3830017675963,2110.961940177697,923.3718197207712,386.38356993723505,999,0,0,0,0,0,0,0,-1,unclassified,unclassified,No rule matched,industrial_zone
9.18498,80.30385,0.39,0.36,2026-08-31,807,N,VIIRS,0.3,2.0NRT,313.38,D,VIIRS_SNPP_NRT,6.16,347.17,1,0,-1,0,1,0,443.0816217965953,408.84887091317665,394.7159611209749,2145.7919844743633,902.2511541201575,385.58564279572903,999,0,0,0,0,0,0,0,-1,unclassified,unclassified,No rule matched,industrial_zone
9.19589,80.66298,0.38,0.36,2026-08-31,807,N,VIIRS,0.3,2.0NRT,309.9,D,VIIRS_SNPP_NRT,1.84,337.37,0,0,-1,0,1,0,443.8884140971854,413.1437530010167,398.5278969448967,2152.76022348096,895.4729760660834,388.15690602725,999,0,0,0,0,0,0,0,-1,unclassified,unclassified,No rule matched,industrial_zone
9.22821,77.66577,0.45,0.39,2026-08-31,807,N,VIIRS,0.3,2.0NRT,303.45,D,VIIRS_SNPP_NRT,16.19,339.43,0,0,-1,0,1,0,522.4721458266008,380.6254253683865,380.60743163529344,2100.823593780944,922.5477264411173,380.62523417042286,999,0,0,0,0,0,0,0,-1,unclassified,unclassified,No rule matched,industrial_zone
9.26766,80.71529,0.38,0.36,2026-08-31,807,N,VIIRS,0.3,2.0NRT,307.73,D,VIIRS_SNPP_NRT,6.53,340.77,1,0,-1,0,1,0,436.5366250778285,406.43091294391576,391.74161981218697,2146.211247279797,886.8703396439403,381.15911645222104,999,0,0,0,0,0,0,0,-1,unclassified,unclassified,No rule matched,industrial_zone
9.28584,80.72318,0.38,0.36,2026-08-31,807,N,VIIRS,0.3,2.0NRT,306.2,D,VIIRS_SNPP_NRT,3.86,340.11,1,0,-1,0,1,0,434.62344177133485,404.62898263682865,389.9271753520211,2144.4273607012865,884.7625343271893,379.3079485952186,999,0,0,0,0,0,0,0,-1,unclassified,unclassified,No rule matched,industrial_zone
9.39429,80.28052,0.38,0.36,2026-08-31,807,N,VIIRS,0.3,2.0NRT,306.48,D,VIIRS_SNPP_NRT,3.06,338.13,1,0,-1,0,1,0,419.796045221956,385.4378309410167,371.313340094324,2122.474566632283,879.722382431457,362.2219626249127,999,0,0,0,0,0,0,0,-1,unclassified,unclassified,No rule matched,industrial_zone
9.41306,80.4028,0.38,0.36,2026-08-31,807,N,VIIRS,0.3,2.0NRT,307.32,D,VIIRS_SNPP_NRT,5.73,353.54,1,0,-1,0,1,0,417.9443155254806,384.8230338227326,370.5037559516716,2123.1498063616978,875.4884697815368,360.9432043161259,999,0,0,0,0,0,0,0,15,unclassified,unclassified,No rule matched,industrial_zone
9.41691,80.40578,0.38,0.36,2026-08-31,807,N,VIIRS,0.3,2.0NRT,303.93,D,VIIRS_SNPP_NRT,5.73,332.41,0,0,-1,0,1,0,417.52750776320414,384.43976917826274,370.1153456892534,2122.798071867961,875.0148974809492,360.54224568255745,999,0,0,0,0,0,0,0,15,unclassified,unclassified,No rule matched,industrial_zone
9.47052,78.63935,0.41,0.37,2026-08-31,807,N,VIIRS,0.3,2.0NRT,300.43,D,VIIRS_SNPP_NRT,5.55,342.36,0,0,-1,0,1,0,448.25869662341444,366.66584889225203,363.7579781618373,2084.831085941637,888.6594117676933,357.68532279082257,999,0,0,0,0,0,0,0,-1,unclassified,unclassified,No rule matched,industrial_zone
9.77185,78.36581,0.42,0.38,2026-08-31,807,N,VIIRS,0.3,2.0NRT,303.44,D,VIIRS_SNPP_NRT,3.64,340.43,1,0,-1,0,1,0,431.2397292674514,327.0507011060848,325.82613977566604,2047.9867774220797,855.9418888808706,322.1982224611246,999,0,0,0,0,0,0,0,-1,unclassified,unclassified,No rule matched,industrial_zone
9.8061,77.88528,0.44,0.38,2026-08-31,807,N,VIIRS,0.3,2.0NRT,312.07,D,VIIRS_SNPP_NRT,7.57,340.12,0,0,-1,0,1,0,455.6405615306568,316.60477682603187,316.5882980294817,2038.8174343142946,855.995412027743,316.29749394270533,999,0,0,0,0,0,0,0,-1,unclassified,unclassified,No rule matched,industrial_zone
9.80675,77.88925,0.44,0.38,2026-08-31,807,N,VIIRS,0.3,2.0NRT,314.76,D,VIIRS_SNPP_NRT,7.57,344.35,0,0,-1,0,1,0,455.3341344229927,316.5531479980762,316.5366994987693,2038.7849360028306,855.8788278200411,316.23055763538787,999,0,0,0,0,0,0,0,-1,unclassified,unclassified,No rule matched,industrial_zone
9.90981,78.52617,0.41,0.37,2026-08-31,807,N,VIIRS,0.3,2.0NRT,304.96,D,VIIRS_SNPP_NRT,4.17,339.05,0,0,-1,0,1,0,409.4321637422667,316.2779132338381,313.4387313441654,2034.825817590565,840.0204618055571,309.01897111861246,999,0,0,0,0,0,0,0,-1,unclassified,unclassified,No rule matched,industrial_zone
9.98556,77.43252,0.46,0.39,2026-08-31,807,N,VIIRS,0.3,2.0NRT,304.75,D,VIIRS_SNPP_NRT,5.73,336.54,0,0,-1,0,1,0,470.2445604178917,298.3092155878309,298.28939118565637,2014.958130361689,842.7768688610245,297.07296011139783,999,0,0,0,0,0,0,0,-1,unclassified,unclassified,No rule matched,industrial_zone
11.62862,78.61463,0.4,0.37,2026-08-31,807,N,VIIRS,0.3,2.0NRT,298.12,D,VIIRS_SNPP_NRT,4.3,331.27,0,0,-1,0,1,0,248.66298359377706,138.4847220783038,130.81464810223943,1846.5965954602393,648.7409938519834,117.71612342890315,999,0,0,0,0,0,0,0,-1,unclassified,unclassified,No rule matched,industrial_zone
11.52704,77.24921,0.45,0.39,2026-08-31,809,N,VIIRS,0.3,2.0NRT,299.28,D,VIIRS_SNPP_NRT,3.56,330.49,0,0,-1,0,1,0,375.8992316316841,130.90161967907076,128.735746217012,1842.592513721506,678.5032855998343,124.99623215200558,999,0,0,0,0,0,0,0,-1,unclassified,unclassified,No rule matched,industrial_zone
11.52934,77.24984,0.45,0.39,2026-08-31,809,N,VIIRS,0.3,2.0NRT,298.98,D,VIIRS_SNPP_NRT,4.63,332.74,1,0,-1,0,1,0,375.7139762058047,130.65601959807944,128.472245453347,1842.3418263486972,678.2386118382841,124.74292440349886,999,0,0,0,0,0,0,0,-1,unclassified,unclassified,No rule matched,factory
11.73493,77.98431,0.42,0.37,2026-08-31,809,N,VIIRS,0.3,2.0NRT,299.52,D,VIIRS_SNPP_NRT,3.07,331.16,1,0,-1,0,1,0,295.3855894803468,104.93589175927947,104.87031983723453,1826.441458426721,641.6473387544769,101.98358190399634,999,0,0,0,0,0,0,0,-1,unclassified,unclassified,No rule matched,industrial_zone
11.80935,77.92519,0.42,0.38,2026-08-31,809,N,VIIRS,0.3,2.0NRT,292.97,D,VIIRS_SNPP_NRT,2.83,331.34,0,0,-1,0,1,0,296.4714874014771,95.43865983488602,95.42575452424065,1817.5369471058252,634.2523225157926,93.86677831992871,999,0,0,0,0,0,0,0,29,unclassified,unclassified,No rule matched,industrial_zone
11.99381,79.54753,0.39,0.36,2026-08-31,809,N,VIIRS,0.3,2.0NRT,310.35,D,VIIRS_SNPP_NRT,8.02,350.08,1,0,-1,0,1,0,152.6719326252052,88.22470201017771,81.92366819280223,1823.333955121355,614.6143058290418,79.67191961207828,999,0,0,0,0,0,0,0,-1,unclassified,unclassified,No rule matched,industrial_zone
11.99713,79.547,0.39,0.36,2026-08-31,809,N,VIIRS,0.3,2.0NRT,308.36,D,VIIRS_SNPP_NRT,8.02,346.13,1,0,-1,0,1,0,152.38542285555707,87.85122072708897,81.56648178467726,1822.9605827273092,614.2406847875432,79.30528475999736,999,0,0,0,0,0,0,0,-1,unclassified,unclassified,No rule matched,industrial_zone
12.05555,79.07794,0.39,0.36,2026-08-31,809,N,VIIRS,0.3,2.0NRT,302.51,D,VIIRS_SNPP_NRT,2.96,330.89,0,0,-1,0,1,0,179.41283155133866,87.29469860454715,91.3157734210355,1807.4091664106086,602.4530527465113,72.0429979344706,999,0,0,0,0,0,0,0,-1,unclassified,unclassified,No rule matched,industrial_zone
12.58657,79.6415,0.38,0.36,2026-08-31,809,N,VIIRS,0.3,2.0NRT,307.62,D,VIIRS_SNPP_NRT,4.02,349.15,1,0,-1,0,1,0,94.3578101685975,30.318787890084145,15.248221606322897,1760.7373345735134,551.2051884701227,15.316569818423659,999,0,0,0,0,0,0,0,-1,unclassified,unclassified,No rule matched,industrial_zone
13.40939,80.26858,0.39,0.36,2026-08-31,809,N,VIIRS,0.3,2.0NRT,301.29,D,VIIRS_SNPP_NRT,2.09,339.14,1,0,-1,0,1,0,25.744268183209716,14.825230465430115,12.453803867162305,1686.9745156838935,446.52074945673826,11.634295776204942,999,0,0,0,0,0,0,0,-1,unclassified,unclassified,No rule matched,industrial_zone
13.81923,79.34404,0.38,0.36,2026-08-31,809,N,VIIRS,0.3,2.0NRT,293.93,D,VIIRS_SNPP_NRT,13.51,351.56,1,0,-1,0,1,0,123.59883383795214,27.57685246438456,6.250162126159505,1619.988539271897,410.64849386743424,15.041512014785654,999,0,0,0,0,0,0,0,20,unclassified,unclassified,No rule matched,factory
14.47656,78.25895,0.39,0.36,2026-08-31,809,N,VIIRS,0.3,2.0NRT,296.94,D,VIIRS_SNPP_NRT,5.87,335.97,1,0,-1,0,1,0,261.4453514151976,2.659441393040155,49.49962994248957,1527.6558374947856,335.51853715718903,1.4533960713174454,999,0,1,0,0,1,2,0,-1,unclassified,unclassified,No rule matched,industrial_zone
27.71435,68.49007,0.5,0.49,2026-08-31,813,N,VIIRS,0.3,2.0NRT,304.87,D,VIIRS_SNPP_NRT,28.78,350.78,1,0,-1,0,1,0,605.6770081227583,341.9228524619945,485.2263496298858,742.2266994446261,610.3877085439727,341.02732359148484,999,0,0,0,0,0,0,0,-1,unclassified,unclassified,No rule matched,industrial_zone
28.12977,76.78864,0.39,0.36,2026-08-31,813,N,VIIRS,0.3,2.0NRT,296.53,D,VIIRS_SNPP_NRT,2.37,335.41,1,0,-1,0,1,0,147.2865708739799,19.95393079821227,1.9042815828270454,74.52346017145398,888.0178611836424,0.3764660758021032,999,0,0,1,0,1,132,0,-1,unclassified,unclassified,No rule matched,industrial_zone
31.1293,74.65489,0.39,0.36,2026-08-31,813,N,VIIRS,0.3,2.0NRT,298.33,D,VIIRS_SNPP_NRT,4.79,341.05,1,0,-1,0,1,0,136.92124390416177,22.5146976079929,22.949732923339603,366.50939059723544,1084.0641452613888,21.32438132048083,999,0,0,0,0,0,0,0,-1,unclassified,unclassified,No rule matched,industrial_zone
31.3222,72.33394,0.43,0.38,2026-08-31,813,N,VIIRS,0.3,2.0NRT,301.15,D,VIIRS_SNPP_NRT,8.52,341.28,1,0,-1,0,1,0,295.19073129824443,223.35312711016215,219.10394681826347,509.20981521310074,1025.4731778183336,221.5805920351148,999,0,0,0,0,0,0,0,-1,unclassified,unclassified,No rule matched,industrial_zone
31.37494,74.45004,0.39,0.36,2026-08-31,813,N,VIIRS,0.3,2.0NRT,300.46,D,VIIRS_SNPP_NRT,6.1,346.78,1,0,-1,0,1,0,168.40105658092205,52.75910713705003,52.24477895272975,399.1700145901296,1099.9036733606943,51.92922528164727,999,0,0,0,0,0,0,0,-1,unclassified,unclassified,No rule matched,industrial_zone
28.34651,77.2308,0.41,0.37,2026-08-31,2038,N,VIIRS,0.3,2.0NRT,291.76,N,VIIRS_SNPP_NRT,1.97,309.35,1,1,-1,0,1,0,127.92525739501774,11.047397242052309,6.872478645467912,121.6420166319652,930.5979584423319,2.8850119484505874,999,0,0,0,0,0,5,0,-1,unclassified,unclassified,No rule matched,industrial_zone
28.37152,77.22688,0.41,0.37,2026-08-31,2038,N,VIIRS,0.3,2.0NRT,289.42,N,VIIRS_SNPP_NRT,1.55,323.5,1,1,-1,0,1,0,125.14620203242384,9.00260052471392,6.471288379458187,122.02164954840883,932.7856918687738,0.6722334715915445,999,0,0,0,0,1,8,0,-1,unclassified,unclassified,No rule matched,industrial_zone
29.4606,76.88784,0.43,0.38,2026-08-31,2038,N,VIIRS,0.3,2.0NRT,292.7,N,VIIRS_SNPP_NRT,2.34,308.38,1,1,-1,0,1,0,1.456382447091361,1.4152876408611201,3.151572701400974,176.74647704709182,1023.8539016279598,0.8222430932666573,999,1,1,1,0,1,7,3,-1,unclassified,unclassified,No rule matched,industrial_zone
29.47525,76.859,0.43,0.38,2026-08-31,2038,N,VIIRS,0.3,2.0NRT,292.51,N,VIIRS_SNPP_NRT,2.78,314.13,1,1,-1,0,1,0,1.9245221469279623,1.8202614210223156,2.8532734452802213,176.88544076706856,1024.1160748513446,0.9700531484862975,999,1,1,1,0,1,7,3,-1,unclassified,unclassified,No rule matched,industrial_zone
29.78555,91.60432,0.44,0.63,2026-08-31,2038,N,VIIRS,0.3,2.0NRT,279.53,N,VIIRS_SNPP_NRT,1.24,301.18,1,1,-1,0,1,0,378.0903791842012,216.99421363624373,291.37945702695623,678.020801617782,403.35027397101294,276.9418737577081,999,0,0,0,0,0,0,0,-1,unclassified,unclassified,No rule matched,industrial_zone
32.5747,72.56332,0.5,0.49,2026-08-31,2038,N,VIIRS,0.3,2.0NRT,292.32,N,VIIRS_SNPP_NRT,3.15,308.45,1,1,-1,0,1,0,372.5740915579891,268.1391649476983,266.718997965675,602.4704623576657,1165.8132877632331,267.7370307671991,999,0,0,0,0,0,0,0,-1,unclassified,unclassified,No rule matched,industrial_zone
32.8878,71.61481,0.57,0.52,2026-08-31,2038,N,VIIRS,0.3,2.0NRT,292.4,N,VIIRS_SNPP_NRT,3.59,307.36,1,1,-1,0,1,0,457.5047567867216,358.8126533237368,357.2479263503779,683.6644313369941,1182.5027079404153,358.51099257380605,999,0,0,0,0,0,0,0,16,unclassified,unclassified,No rule matched,factory
32.88905,71.61505,0.57,0.52,2026-08-31,2038,N,VIIRS,0.3,2.0NRT,292.31,N,VIIRS_SNPP_NRT,3.29,307.79,1,1,-1,0,1,0,457.58782598943327,358.87754936301025,357.31332411428235,683.7576169182312,1182.643494187157,358.5755114280259,999,0,0,0,0,0,0,0,16,unclassified,unclassified,No rule matched,factory
35.96856,68.68645,0.45,0.63,2026-08-31,2038,N,VIIRS,0.3,2.0NRT,291.06,N,VIIRS_SNPP_NRT,0.58,302.12,1,1,-1,0,1,0,890.8838472890341,786.2750536335349,784.9489235538688,1118.728510455437,1516.674141237322,785.8095561184803,999,0,0,0,0,0,0,0,-1,unclassified,unclassified,No rule matched,industrial_zone
21.10513,72.64378,0.54,0.42,2026-08-31,2040,N,VIIRS,0.85,2.0NRT,287.66,N,VIIRS_SNPP_NRT,5.89,330.75,1,1,-1,0,1,0,149.93335071411073,1.368953286866111,0.5262410738893908,845.6145658359285,2.4733342509169076,1.947669014869446,999,0,1,1,0,1,2,0,19,industrial_process_heat,industrial_process_heat,"Persistent (0.67), industrial site within 2km",factory
21.10902,72.64436,0.54,0.42,2026-08-31,2040,N,VIIRS,0.85,2.0NRT,284.52,N,VIIRS_SNPP_NRT,1.6,299.5,1,1,-1,0,1,0,149.50481815086786,1.1998912410246627,0.11401347954659159,845.193338610169,2.7095113201692733,2.384284497372905,999,0,1,1,0,1,2,0,19,industrial_process_heat,industrial_process_heat,"Persistent (0.67), industrial site within 2km",factory
22.3858,73.11745,0.53,0.42,2026-08-31,2040,N,VIIRS,0.623,2.0NRT,282.63,N,VIIRS_SNPP_NRT,1.11,305.2,1,1,-1,0,1,0,0.7336036102117912,2.041557858228552,0.9896555055310405,695.5680609424303,152.15873215683567,1.1283941267698343,999,1,1,1,0,1,16,1,30,mining_activity,mining_activity,Persistent near mining/quarry area,factory
22.3882,73.11613,0.53,0.42,2026-08-31,2040,N,VIIRS,0.623,2.0NRT,282.49,N,VIIRS_SNPP_NRT,2.6,321.54,1,1,-1,0,1,0,1.0240151451276989,2.0924750161921315,0.6905391955709392,695.3808412094185,152.36413602790054,0.8653082025556349,999,1,1,1,0,1,16,1,30,mining_activity,mining_activity,Persistent near mining/quarry area,factory
22.38964,73.11803,0.53,0.42,2026-08-31,2040,N,VIIRS,0.623,2.0NRT,282.32,N,VIIRS_SNPP_NRT,1.41,318.73,1,1,-1,0,1,0,1.1510289540850216,2.344983516952826,0.6695855494393427,695.1544348031763,152.5807543789031,0.7083445025609652,999,1,1,1,0,1,17,1,30,mining_activity,mining_activity,Persistent near mining/quarry area,factory
24.76271,74.60774,0.47,0.4,2026-08-31,2040,N,VIIRS,0.3,2.0NRT,281.39,N,VIIRS_SNPP_NRT,1.26,306.91,1,1,-1,0,1,0,301.07919582933897,74.83708450384076,90.53962671194007,393.0189429805635,455.4916890792012,71.1860887700366,999,0,0,0,0,0,0,0,-1,unclassified,unclassified,No rule matched,industrial_zone
24.76335,74.60571,0.47,0.4,2026-08-31,2040,N,VIIRS,0.3,2.0NRT,280.61,N,VIIRS_SNPP_NRT,0.71,303.34,1,1,-1,0,1,0,301.05771458449385,74.64708988995123,90.3663640557436,393.02548799678107,455.4624107690631,71.0016764395364,999,0,0,0,0,0,0,0,-1,unclassified,unclassified,No rule matched,industrial_zone
25.3894,68.57961,0.36,0.57,2026-08-31,2040,N,VIIRS,0.3,2.0NRT,293.42,N,VIIRS_SNPP_NRT,1.29,315.17,1,1,-1,0,1,0,353.8729804239407,84.87444971418812,280.5026828247884,797.350964385973,360.24138595962705,84.8402685853813,999,0,0,0,0,0,0,0,-1,unclassified,unclassified,No rule matched,industrial_zone
27.71806,68.49272,0.39,0.59,2026-08-31,2040,N,VIIRS,0.3,2.0NRT,294.94,N,VIIRS_SNPP_NRT,0.44,313.32,1,1,-1,0,1,0,606.0260430396033,342.3102726348059,485.36697660680704,741.9328976857585,610.7288902198345,341.41083273589226,999,0,0,0,0,0,0,0,-1,unclassified,unclassified,No rule matched,industrial_zone
28.42419,69.70075,0.33,0.55,2026-08-31,2040,N,VIIRS,0.3,2.0NRT,296.56,N,VIIRS_SNPP_NRT,0.87,308.69,1,1,-1,0,1,0,536.1893327178917,418.5852804695851,488.5316237310444,621.5742724398552,673.721118281374,418.29893127703804,999,0,0,0,0,0,0,0,-1,unclassified,unclassified,No rule matched,industrial_zone
15.1696,76.37997,0.39,0.36,2026-08-31,2042,N,VIIRS,0.3,2.0NRT,271.6,N,VIIRS_SNPP_NRT,0.65,296.09,1,1,-1,0,1,0,474.9125678386039,51.53555905207643,59.58856769519355,1433.6487898879036,356.3742204720846,41.760722920481236,999,0,0,0,0,0,0,0,-1,unclassified,unclassified,No rule matched,industrial_zone
15.65919,73.98986,0.41,0.37,2026-08-31,2042,N,VIIRS,0.3,2.0NRT,289.55,N,VIIRS_SNPP_NRT,1.8,315.41,1,1,-1,0,1,0,731.0166885239305,12.86322412639914,9.35395184626337,1394.7034546596446,541.9012658652954,0.06065988142364762,999,0,0,0,0,1,5,0,-1,unclassified,unclassified,No rule matched,industrial_zone
17.06269,76.97835,0.39,0.36,2026-08-31,2042,N,VIIRS,0.3,2.0NRT,286.56,N,VIIRS_SNPP_NRT,0.84,306.39,1,1,-1,0,1,0,527.1852319164242,0.8361745540011077,42.44211985627189,1226.5291964745672,189.56001471787013,0.30388342963653925,999,0,1,0,0,1,1,0,-1,unclassified,unclassified,No rule matched,industrial_zone
17.43479,74.96613,0.4,0.37,2026-08-31,2042,N,VIIRS,0.3,2.0NRT,289.13,N,VIIRS_SNPP_NRT,0.74,307.73,1,1,-1,0,1,0,565.9603222167701,188.84868682041508,204.30759079961598,1186.360644310094,397.55663914369484,194.48172879010156,999,0,0,0,0,0,0,0,-1,unclassified,unclassified,No rule matched,industrial_zone
18.42431,74.38948,0.42,0.38,2026-08-31,2042,N,VIIRS,0.3,2.0NRT,290.41,N,VIIRS_SNPP_NRT,0.44,307.81,1,1,-1,0,1,0,443.74003261562393,193.8003195798358,245.02151227786172,1084.3320325150614,350.0892036440461,193.43287903885408,999,0,0,0,0,0,0,0,-1,unclassified,unclassified,No rule matched,industrial_zone
18.59601,74.25494,0.43,0.38,2026-08-31,2042,N,VIIRS,0.3,2.0NRT,290.26,N,VIIRS_SNPP_NRT,1.7,317.81,1,1,-1,0,1,0,421.951296375103,171.95866625652027,221.24244803189615,1067.7001447314785,326.4000116813199,171.69069207098562,999,0,0,0,0,0,0,0,-1,unclassified,unclassified,No rule matched,industrial_zone
18.68149,73.03835,0.48,0.4,2026-08-31,2042,N,VIIRS,0.3,2.0NRT,292.45,N,VIIRS_SNPP_NRT,3.11,311.06,1,1,-1,0,1,0,403.99990605615284,161.6338739122514,167.58646630230433,1086.4344983915632,272.1366911128488,158.02365849432303,999,0,0,0,0,0,0,0,18,unclassified,unclassified,No rule matched,industrial_zone
18.68213,73.03376,0.48,0.4,2026-08-31,2042,N,VIIRS,0.3,2.0NRT,292.44,N,VIIRS_SNPP_NRT,1.93,305.47,1,1,-1,0,1,0,403.9711732763552,161.54671320919311,167.43369412378703,1086.4974686112098,271.9899654285216,157.94799798551222,999,0,0,0,0,0,0,0,18,unclassified,unclassified,No rule matched,industrial_zone
18.68646,73.02973,0.48,0.4,2026-08-31,2042,N,VIIRS,0.3,2.0NRT,288.82,N,VIIRS_SNPP_NRT,1.93,306.48,1,1,-1,0,1,0,403.5290867109095,161.05254294163055,166.88753558306863,1086.1497850395936,271.4479248707116,157.46378900170117,999,0,0,0,0,0,0,0,18,unclassified,unclassified,No rule matched,industrial_zone
19.36855,71.35361,0.41,0.45,2026-08-31,2042,N,VIIRS,0.3,2.0NRT,291.62,N,VIIRS_SNPP_NRT,2.17,312.3,1,1,-1,0,1,0,364.42175945601434,154.60198027302113,171.9647012873986,1077.0324852742551,233.33898338918738,157.527704072786,999,0,0,0,0,0,0,0,-1,unclassified,unclassified,No rule matched,industrial_zone
7.39012,80.88872,0.51,0.49,2026-08-31,2044,N,VIIRS,0.3,2.0NRT,289.62,N,VIIRS_SNPP_NRT,2.8,318.01,1,1,-1,0,1,0,646.1556584790384,615.192295790319,600.6619409742005,2354.2775470269276,1092.8766471229878,590.4448885395619,999,0,0,0,0,0,0,0,31,unclassified,unclassified,No rule matched,industrial_zone
7.39378,80.89077,0.51,0.49,2026-08-31,2044,N,VIIRS,0.3,2.0NRT,290.36,N,VIIRS_SNPP_NRT,4.23,334.68,1,1,-1,0,1,0,645.7742359535465,614.8281884973419,600.295672942787,2353.9261403975365,1092.453498109489,590.0729043058766,999,0,0,0,0,0,0,0,31,unclassified,unclassified,No rule matched,industrial_zone
7.39473,80.88899,0.51,0.49,2026-08-31,2044,N,VIIRS,0.3,2.0NRT,289.75,N,VIIRS_SNPP_NRT,2.86,324.22,1,1,-1,0,1,0,645.6488630495156,614.6916053699676,600.1604120510481,2353.782181396457,1092.3632676258073,589.9412422849359,999,0,0,0,0,0,0,0,31,unclassified,unclassified,No rule matched,industrial_zone
8.09268,80.79333,0.49,0.48,2026-08-31,2044,N,VIIRS,0.3,2.0NRT,292.86,N,VIIRS_SNPP_NRT,1.9,316.15,1,1,-1,0,1,0,567.3718002175101,536.4132313762011,521.8639493900188,2275.679625314339,1015.9268610432541,511.62076430394643,999,0,0,0,0,0,0,0,-1,unclassified,unclassified,No rule matched,industrial_zone
8.11074,79.87141,0.42,0.45,2026-08-31,2044,N,VIIRS,0.3,2.0NRT,291.17,N,VIIRS_SNPP_NRT,2.02,312.18,1,1,-1,0,1,0,564.2362511101637,521.386828798086,513.1734725840743,2254.4204385811217,1028.1814144892041,505.4967794538697,999,0,0,0,0,0,0,0,32,unclassified,unclassified,No rule matched,industrial_zone
8.11138,79.86758,0.42,0.45,2026-08-31,2044,N,VIIRS,0.3,2.0NRT,291.83,N,VIIRS_SNPP_NRT,2.42,306.74,1,1,-1,0,1,0,564.1980699601024,521.2787177712192,513.115496316125,2254.2784743518796,1028.190564831534,505.4504192185546,999,0,0,0,0,0,0,0,32,unclassified,unclassified,No rule matched,industrial_zone
8.11194,79.87071,0.42,0.45,2026-08-31,2044,N,VIIRS,0.3,2.0NRT,291.95,N,VIIRS_SNPP_NRT,2.58,322.48,1,1,-1,0,1,0,564.1091840392749,521.2470911653513,513.0424810091963,2254.2758221664317,1028.0647799117435,505.368057409457,999,0,0,0,0,0,0,0,32,unclassified,unclassified,No rule matched,industrial_zone
8.74017,78.09332,0.49,0.4,2026-08-31,2044,N,VIIRS,0.3,2.0NRT,294.39,N,VIIRS_SNPP_NRT,0.38,306.91,1,1,-1,0,1,0,547.016580002262,436.4041781153875,436.38858107315053,2158.953925344772,972.1545119547143,434.90491355326014,999,0,0,0,0,0,0,0,-1,unclassified,unclassified,No rule matched,industrial_zone
10.41461,77.11382,0.43,0.38,2026-08-31,2044,N,VIIRS,0.3,2.0NRT,289.06,N,VIIRS_SNPP_NRT,0.43,305.75,1,1,-1,0,1,0,460.58546579806915,253.64622361357277,253.25055311355504,1965.176071678468,802.4160542608236,248.82499771918995,999,0,0,0,0,0,0,0,-1,unclassified,unclassified,No rule matched,industrial_zone
10.94284,78.06322,0.46,0.39,2026-08-31,2044,N,VIIRS,0.3,2.0NRT,294.36,N,VIIRS_SNPP_NRT,1.41,316.81,1,1,-1,0,1,0,345.0991454246416,192.90670925315908,192.89324300920902,1914.9336274774137,728.2889215473849,189.95796847357582,999,0,0,0,0,0,0,0,-1,unclassified,unclassified,No rule matched,industrial_zone
11.08366,78.75399,0.5,0.41,2026-08-31,2044,N,VIIRS,0.3,2.0NRT,294.08,N,VIIRS_SNPP_NRT,2.89,311.37,1,1,-1,0,1,0,284.7826897857811,200.8741067897686,190.90456704408496,1908.7269591635413,709.2631715967916,178.82151265413694,999,0,0,0,0,0,0,0,-1,unclassified,unclassified,No rule matched,industrial_zone
11.18313,79.09899,0.51,0.41,2026-08-31,2044,N,VIIRS,0.3,2.0NRT,283.87,N,VIIRS_SNPP_NRT,0.5,304.24,1,1,-1,0,1,0,255.14595764479475,181.62337507814186,181.5918050833619,1903.4823744244327,699.419985724802,166.41360479807676,999,0,0,0,0,0,0,0,-1,unclassified,unclassified,No rule matched,industrial_zone
11.80957,77.92274,0.44,0.39,2026-08-31,2044,N,VIIRS,0.3,2.0NRT,293.67,N,VIIRS_SNPP_NRT,1.65,309.05,1,1,-1,0,1,0,296.6877103662759,95.36173061245111,95.34876038328844,1817.4850268028015,634.2633564794885,93.8200688539273,999,0,0,0,0,0,0,0,29,unclassified,unclassified,No rule matched,industrial_zone
11.81027,77.91869,0.44,0.39,2026-08-31,2044,N,VIIRS,0.3,2.0NRT,292.03,N,VIIRS_SNPP_NRT,2.44,306.89,1,1,-1,0,1,0,297.02614787375774,95.19937670610325,95.18630096651002,1817.3620771589503,634.244773165013,93.70719181069741,999,0,0,0,0,0,0,0,29,unclassified,unclassified,No rule matched,industrial_zone
11.81802,77.91586,0.44,0.39,2026-08-31,2044,N,VIIRS,0.3,2.0NRT,291.36,N,VIIRS_SNPP_NRT,1.71,308.19,1,1,-1,0,1,0,296.85020163008244,94.29447025823846,94.2813598644439,1816.4731465863254,633.4318540119401,92.82439766974781,999,0,0,0,0,0,0,0,29,unclassified,unclassified,No rule matched,industrial_zone
12.59783,77.8851,0.43,0.38,2026-08-31,2044,N,VIIRS,0.3,2.0NRT,281.77,N,VIIRS_SNPP_NRT,0.27,299.48,1,1,-1,0,1,0,266.6333801415821,15.229709226424028,13.95530781077869,1729.8886906764415,548.1499229549181,6.891301892881059,999,0,0,0,0,0,0,0,-1,unclassified,unclassified,No rule matched,industrial_zone
12.60132,77.88569,0.43,0.38,2026-08-31,2044,N,VIIRS,0.3,2.0NRT,283.62,N,VIIRS_SNPP_NRT,0.27,308.19,1,1,-1,0,1,0,266.4772457713457,15.078136388200846,13.584223902580467,1729.5096311797174,547.7566075788027,6.6008056495167455,999,0,0,0,0,0,0,0,-1,unclassified,unclassified,No rule matched,industrial_zone
6.19543,81.0187,0.39,0.44,2026-09-01,748,N,VIIRS,0.3,2.0NRT,296.73,D,VIIRS_SNPP_NRT,3.17,334.15,1,0,-1,0,1,0,779.771016667191,748.6256772409442,734.1403121258616,2487.253466053369,1224.461748109924,724.011936229148,999,0,0,0,0,0,0,0,-1,unclassified,unclassified,No rule matched,industrial_zone
6.23883,81.20638,0.38,0.43,2026-09-01,748,N,VIIRS,0.3,2.0NRT,298.18,D,VIIRS_SNPP_NRT,1.23,330.31,1,0,-1,0,1,0,777.4038369940888,747.3563330505946,732.7421836459396,2486.790060888078,1218.6177862229326,722.2657167854587,999,0,0,0,0,0,0,0,-1,unclassified,unclassified,No rule matched,industrial_zone
6.32778,81.01263,0.39,0.44,2026-09-01,748,N,VIIRS,0.3,2.0NRT,298.03,D,VIIRS_SNPP_NRT,2.71,342.68,1,0,-1,0,1,0,765.0645842497781,733.9835726254505,719.4881467167224,2472.704562320651,1209.8088632343615,709.3362097140584,999,0,0,0,0,0,0,0,-1,unclassified,unclassified,No rule matched,industrial_zone
6.33772,81.34603,0.56,0.43,2026-09-01,748,N,VIIRS,0.3,2.0NRT,296.73,D,VIIRS_SNPP_NRT,7.75,334.53,1,0,-1,0,1,0,768.6895811443428,739.547246405757,724.8369320239517,2479.3204313517767,1207.0840187142069,714.0839988708107,999,0,0,0,0,0,0,0,-1,unclassified,unclassified,No rule matched,industrial_zone
6.33925,81.34753,0.56,0.43,2026-09-01,748,N,VIIRS,0.3,2.0NRT,296.64,D,VIIRS_SNPP_NRT,4.21,335.71,1,0,-1,0,1,0,768.5465266707296,739.4146002098948,724.7032300489964,2479.190003938691,1206.909120233375,713.9471681494271,999,0,0,0,0,0,0,0,-1,unclassified,unclassified,No rule matched,industrial_zone
6.35255,81.13854,0.39,0.44,2026-09-01,748,N,VIIRS,0.3,2.0NRT,298.76,D,VIIRS_SNPP_NRT,3.16,342.55,1,0,-1,0,1,0,763.9117465694162,733.5755595113128,718.9918754821813,2472.8604917473604,1206.3185359406032,708.602562328854,999,0,0,0,0,0,0,0,-1,unclassified,unclassified,No rule matched,industrial_zone
6.39061,81.01627,0.39,0.44,2026-09-01,748,N,VIIRS,0.3,2.0NRT,298.11,D,VIIRS_SNPP_NRT,5.79,348.9,1,0,-1,0,1,0,758.159650152648,727.1477546185014,712.6428421563833,2465.9448154133697,1202.810919961663,702.4672465605655,999,0,0,0,0,0,0,0,-1,unclassified,unclassified,No rule matched,industrial_zone
6.411,81.08882,0.39,0.44,2026-09-01,748,N,VIIRS,0.3,2.0NRT,296.1,D,VIIRS_SNPP_NRT,0.85,331.91,1,0,-1,0,1,0,756.8007924119612,726.2262761605582,711.6690008994062,2465.3655037257613,1200.1020963146752,701.3533198895574,999,0,0,0,0,0,0,0,-1,unclassified,unclassified,No rule matched,industrial_zone
6.41308,81.00175,0.39,0.44,2026-09-01,748,N,VIIRS,0.3,2.0NRT,296.79,D,VIIRS_SNPP_NRT,2.93,336.85,1,0,-1,0,1,0,755.505911945099,724.4274187106606,709.9302615913322,2463.17270456874,1200.412054265881,699.77567321898,999,0,0,0,0,0,0,0,-1,unclassified,unclassified,No rule matched,industrial_zone
6.56763,80.98006,0.39,0.44,2026-09-01,748,N,VIIRS,0.3,2.0NRT,298.34,D,VIIRS_SNPP_NRT,2.46,331.95,1,0,-1,0,1,0,738.1646047936645,707.0791937406601,692.5802127668672,2445.8588073239825,1183.406735971725,682.4244082473515,999,0,0,0,0,0,0,0,-1,unclassified,unclassified,No rule matched,industrial_zone
6.70304,81.54429,0.54,0.42,2026-09-01,748,N,VIIRS,0.3,2.0NRT,300.62,D,VIIRS_SNPP_NRT,5.44,334.86,1,0,-1,0,1,0,732.3705127128005,704.8759046997516,690.0118861991698,2444.539365081231,1166.0158831473377,678.7760668298318,999,0,0,0,0,0,0,0,2,unclassified,unclassified,No rule matched,industrial_zone
6.7111,81.59296,0.54,0.42,2026-09-01,748,N,VIIRS,0.3,2.0NRT,299.56,D,VIIRS_SNPP_NRT,5.1,332.59,1,0,-1,0,1,0,732.5217062722406,705.3435449944349,690.4542969421211,2444.888703059834,1165.0664425338377,679.1310819715791,999,0,0,0,0,0,0,0,-1,unclassified,unclassified,No rule matched,industrial_zone
6.73593,81.59883,0.54,0.42,2026-09-01,748,N,VIIRS,0.3,2.0NRT,299.81,D,VIIRS_SNPP_NRT,8.39,337.41,1,0,-1,0,1,0,729.9415126003064,702.8365164716085,687.9412624880408,2442.349011066154,1162.300738311147,676.5973064194973,999,0,0,0,0,0,0,0,-1,unclassified,unclassified,No rule matched,industrial_zone
6.73672,81.60365,0.54,0.42,2026-09-01,748,N,VIIRS,0.3,2.0NRT,299.25,D,VIIRS_SNPP_NRT,13.03,335.05,1,0,-1,0,1,0,729.9603989403032,702.8869416378425,687.9892548028441,2442.385343691699,1162.209203348169,676.6366786420533,999,0,0,0,0,0,0,0,-1,unclassified,unclassified,No rule matched,industrial_zone
6.74266,81.51804,0.54,0.42,2026-09-01,748,N,VIIRS,0.3,2.0NRT,300.14,D,VIIRS_SNPP_NRT,2.55,337.49,1,0,-1,0,1,0,727.5008819948516,699.8967743526892,685.0411109309848,2439.592540990089,1161.6494675481483,673.8345406081753,999,0,0,0,0,0,0,0,3,unclassified,unclassified,No rule matched,industrial_zone
6.80369,81.52106,0.54,0.42,2026-09-01,748,N,VIIRS,0.3,2.0NRT,302.28,D,VIIRS_SNPP_NRT,5.57,336.16,1,0,-1,0,1,0,720.8960835984641,693.3967813903847,678.5316747369924,2433.057450738273,1154.8591203955896,667.2941058623144,999,0,0,0,0,0,0,0,4,unclassified,unclassified,No rule matched,industrial_zone
6.81535,81.51917,0.54,0.42,2026-09-01,748,N,VIIRS,0.3,2.0NRT,300.72,D,VIIRS_SNPP_NRT,3.0,338.94,1,0,-1,0,1,0,719.583426722539,692.0886771415632,677.2230291719784,2431.747345569124,1153.5657482294046,665.9838371714521,999,0,0,0,0,0,0,0,4,unclassified,unclassified,No rule matched,industrial_zone
6.8355,81.49601,0.54,0.42,2026-09-01,748,N,VIIRS,0.3,2.0NRT,299.88,D,VIIRS_SNPP_NRT,9.59,333.16,1,0,-1,0,1,0,716.9056238777539,689.2917263968496,674.4354837027955,2428.98657251506,1151.3655316040572,663.2288082668919,999,0,0,0,0,0,0,0,-1,unclassified,unclassified,No rule matched,industrial_zone
6.83939,81.49536,0.54,0.42,2026-09-01,748,N,VIIRS,0.3,2.0NRT,300.37,D,VIIRS_SNPP_NRT,9.59,345.89,1,0,-1,0,1,0,716.4672653546211,688.8546970646855,673.9982864464018,2428.5489910138594,1150.934249883562,662.7911197257263,999,0,0,0,0,0,0,0,-1,unclassified,unclassified,No rule matched,industrial_zone
6.84047,81.57497,0.54,0.42,2026-09-01,748,N,VIIRS,0.3,2.0NRT,305.15,D,VIIRS_SNPP_NRT,12.38,346.36,1,0,-1,0,1,0,718.026067464377,690.92438372075,676.0273892041547,2430.430276337178,1150.6986872045943,664.6792719415288,999,0,0,0,0,0,0,0,-1,unclassified,unclassified,No rule matched,industrial_zone
6.84425,81.54947,0.54,0.42,2026-09-01,748,N,VIIRS,0.3,2.0NRT,299.8,D,VIIRS_SNPP_NRT,10.33,337.98,1,0,-1,0,1,0,717.0654511359022,689.8060228666413,674.9212110240435,2429.377985939466,1150.308323784671,663.6161564036599,999,0,0,0,0,0,0,0,-1,unclassified,unclassified,No rule matched,industrial_zone
6.84813,81.54882,0.54,0.42,2026-09-01,748,N,VIIRS,0.3,2.0NRT,299.9,D,VIIRS_SNPP_NRT,10.33,337.81,1,0,-1,0,1,0,716.6282762539477,689.3703869223083,674.4853974958877,2428.9415502762745,1149.8777680626154,663.1797977090638,999,0,0,0,0,0,0,0,-1,unclassified,unclassified,No rule matched,industrial_zone
6.85314,81.40752,0.55,0.43,2026-09-01,748,N,VIIRS,0.3,2.0NRT,298.04,D,VIIRS_SNPP_NRT,6.24,335.08,1,0,-1,0,1,0,713.2300087210422,685.0753395246969,670.2647527519686,2424.8852789630487,1149.6085390842995,659.2101118046929,999,0,0,0,0,0,0,0,-1,unclassified,unclassified,No rule matched,industrial_zone
6.93935,81.63994,0.53,0.42,2026-09-01,748,N,VIIRS,0.3,2.0NRT,302.51,D,VIIRS_SNPP_NRT,5.6,336.24,1,0,-1,0,1,0,708.7142366547357,682.1862920090167,667.245546421312,2421.3860715060014,1139.657670999262,655.7395530273542,999,0,0,0,0,0,0,0,-1,unclassified,unclassified,No rule matched,industrial_zone
7.07303,81.20502,0.56,0.43,2026-09-01,748,N,VIIRS,0.3,2.0NRT,295.76,D,VIIRS_SNPP_NRT,8.49,334.73,1,0,-1,0,1,0,685.5179835592357,656.3294655826674,641.6116169840682,2396.1241399907362,1125.9510643544684,630.8521974482317,999,0,0,0,0,0,0,0,-1,unclassified,unclassified,No rule matched,industrial_zone
7.07577,81.20669,0.56,0.43,2026-09-01,748,N,VIIRS,0.3,2.0NRT,296.1,D,VIIRS_SNPP_NRT,9.04,341.39,1,0,-1,0,1,0,685.2438204053778,656.0695240543361,641.3502179405245,2395.86662019635,1125.6384636717648,630.5864644997893,999,0,0,0,0,0,0,0,-1,unclassified,unclassified,No rule matched,industrial_zone
7.07607,81.5708,0.53,0.42,2026-09-01,748,N,VIIRS,0.3,2.0NRT,298.72,D,VIIRS_SNPP_NRT,6.13,333.41,1,0,-1,0,1,0,692.2651006704283,665.5019916281665,650.5761719456618,2404.8290860342513,1124.5068959240934,639.128479421427,999,0,0,0,0,0,0,0,-1,unclassified,unclassified,No rule matched,factory
7.09516,81.44301,0.54,0.42,2026-09-01,748,N,VIIRS,0.3,2.0NRT,296.11,D,VIIRS_SNPP_NRT,12.36,345.55,1,0,-1,0,1,0,687.4490449050508,659.8638613546957,645.0011876224348,2399.5386500700843,1122.6120961067686,633.7780929937134,999,0,0,0,0,0,0,0,-1,unclassified,unclassified,No rule matched,industrial_zone
7.0955,81.44486,0.54,0.42,2026-09-01,748,N,VIIRS,0.3,2.0NRT,294.82,D,VIIRS_SNPP_NRT,9.23,334.54,1,0,-1,0,1,0,687.4495733257446,659.877215142991,645.0134925216315,2399.548008973607,1122.5697787881045,633.7868104717683,999,0,0,0,0,0,0,0,-1,unclassified,unclassified,No rule matched,industrial_zone
7.16827,81.57197,0.53,0.42,2026-09-01,748,N,VIIRS,0.3,2.0NRT,300.12,D,VIIRS_SNPP_NRT,6.23,331.95,1,0,-1,0,1,0,682.2566203071508,655.652534354282,640.7138495891029,2394.885379663877,1114.253944071956,629.2202216044348,999,0,0,0,0,0,0,0,-1,unclassified,unclassified,No rule matched,industrial_zone
7.21606,81.76827,0.52,0.41,2026-09-01,748,N,VIIRS,0.3,2.0NRT,305.45,D,VIIRS_SNPP_NRT,19.17,341.2,0,0,-1,0,1,0,681.8840011539287,656.7030184545838,641.6721969725766,2394.834893813662,1108.9264174864145,629.8075370658031,999,0,0,0,0,0,0,0,-1,unclassified,unclassified,No rule matched,industrial_zone
7.28933,81.79167,0.51,0.41,2026-09-01,748,N,VIIRS,0.988,2.0NRT,305.52,D,VIIRS_SNPP_NRT,11.09,340.16,1,0,-1,0,1,0,674.5982218041281,649.7225051493241,634.6736553520099,2387.5500731390866,1100.8053247251457,622.7298207361271,999,0,0,0,0,0,0,0,-1,mining_activity,mining_activity,Persistent near mining/quarry area,factory
7.31592,81.76345,0.52,0.41,2026-09-01,748,N,VIIRS,0.3,2.0NRT,306.04,D,VIIRS_SNPP_NRT,12.39,344.78,1,0,-1,0,1,0,670.9752926139275,645.9565208363504,630.9152069490038,2383.9293147010426,1097.8183203524816,619.0059635424708,999,0,0,0,0,0,0,0,8,unclassified,unclassified,No rule matched,industrial_zone
7.32506,81.74758,0.52,0.41,2026-09-01,748,N,VIIRS,0.3,2.0NRT,305.24,D,VIIRS_SNPP_NRT,6.03,333.99,0,0,-1,0,1,0,669.5690136153245,644.4577208380193,629.4214814184493,2382.5214420256807,1096.7886138452839,617.5350477588931,999,0,0,0,0,0,0,0,8,unclassified,unclassified,No rule matched,industrial_zone
7.33726,81.72639,0.52,0.41,2026-09-01,748,N,VIIRS,0.3,2.0NRT,305.25,D,VIIRS_SNPP_NRT,5.18,335.03,0,0,-1,0,1,0,667.6966044780795,642.4613215265592,627.4320031394517,2380.643295559826,1095.4183463212496,615.5762857203387,999,0,0,0,0,0,0,0,-1,unclassified,unclassified,No rule matched,power_plant
7.35682,81.82351,0.51,0.41,2026-09-01,748,N,VIIRS,0.3,2.0NRT,304.05,D,VIIRS_SNPP_NRT,6.09,333.2,0,0,-1,0,1,0,668.1976308548045,643.6822040456693,628.6121677526057,2381.12307442005,1093.3461114257912,616.5781277343312,999,0,0,0,0,0,0,0,-1,unclassified,unclassified,No rule matched,industrial_zone
7.29757,81.14172,0.56,0.43,2026-09-01,750,N,VIIRS,0.993,2.0NRT,303.89,D,VIIRS_SNPP_NRT,6.16,334.94,1,0,-1,0,1,0,659.8015354174061,630.4594549341255,615.7525945426675,2370.2368916885034,1101.349620612455,605.0320567303951,999,0,0,0,0,0,0,0,-1,mining_activity,mining_activity,Persistent near mining/quarry area,industrial_zone
7.36199,81.50616,0.53,0.42,2026-09-01,750,N,VIIRS,0.915,2.0NRT,299.67,D,VIIRS_SNPP_NRT,3.82,333.35,1,0,-1,0,1,0,659.68674867442,632.9558421253104,618.0231892341998,2372.249012139854,1092.8119731559998,606.5563693434317,999,0,0,0,0,0,0,0,-1,mining_activity,mining_activity,Persistent near mining/quarry area,industrial_zone
7.39489,81.77684,0.51,0.41,2026-09-01,750,N,VIIRS,0.3,2.0NRT,304.8,D,VIIRS_SNPP_NRT,7.48,334.29,0,0,-1,0,1,0,662.8174557285646,638.0525495497001,622.9963619443345,2375.765629605364,1089.0510908080728,611.0207961413453,999,0,0,0,0,0,0,0,-1,unclassified,unclassified,No rule matched,power_plant
7.40997,81.6543,0.52,0.42,2026-09-01,750,N,VIIRS,0.3,2.0NRT,300.98,D,VIIRS_SNPP_NRT,6.13,333.78,0,0,-1,0,1,0,657.9894785861865,632.3881246135444,617.3795127321738,2370.893994632541,1087.3228369675057,605.6139890460402,999,0,0,0,0,0,0,0,-1,unclassified,unclassified,No rule matched,power_plant
7.42719,81.31733,0.54,0.42,2026-09-01,750,N,VIIRS,0.3,2.0NRT,301.93,D,VIIRS_SNPP_NRT,5.35,331.73,0,0,-1,0,1,0,648.6400490775035,620.6883159082744,605.8502671189096,2360.444340847528,1086.1054605251773,594.7184788916037,999,0,0,0,0,0,0,0,12,unclassified,unclassified,No rule matched,industrial_zone
7.45584,81.64682,0.52,0.42,2026-09-01,750,N,VIIRS,0.3,2.0NRT,302.99,D,VIIRS_SNPP_NRT,7.83,333.5,0,0,-1,0,1,0,652.8351860219062,627.2692447402301,612.2578001138806,2365.7436743132607,1082.2244671799156,600.481322066565,999,0,0,0,0,0,0,0,-1,unclassified,unclassified,No rule matched,power_plant
7.45856,81.64819,0.52,0.42,2026-09-01,750,N,VIIRS,0.3,2.0NRT,303.56,D,VIIRS_SNPP_NRT,6.24,334.63,0,0,-1,0,1,0,652.5751890311095,627.0243125656134,612.0119152160133,2365.4858507728877,1081.9215827149662,600.2314678255129,999,0,0,0,0,0,0,0,-1,unclassified,unclassified,No rule matched,power_plant
7.63038,81.58308,0.52,0.42,2026-09-01,750,N,VIIRS,0.995,2.0NRT,305.32,D,VIIRS_SNPP_NRT,6.87,335.51,0,0,-1,0,1,0,632.3406999586778,606.6554172421256,591.648565527446,2345.2222157484584,1062.8601723102747,579.8953005806144,999,0,0,0,0,0,0,0,-1,mining_activity,mining_activity,Persistent near mining/quarry area,industrial_zone
7.6342,81.58244,0.52,0.42,2026-09-01,750,N,VIIRS,0.3,2.0NRT,304.4,D,VIIRS_SNPP_NRT,6.87,344.19,1,0,-1,0,1,0,631.9109433161959,606.2285290154176,591.221439970203,2344.792841991782,1062.4360923070556,579.4672679491651,999,0,0,0,0,0,0,0,-1,unclassified,unclassified,No rule matched,industrial_zone
7.7604,81.24961,0.54,0.42,2026-09-01,750,N,VIIRS,0.3,2.0NRT,309.62,D,VIIRS_SNPP_NRT,10.62,340.95,1,0,-1,0,1,0,610.8553951310623,582.9279241835659,568.0811716893384,2322.6634198595375,1049.376546806051,556.9291838908836,999,0,0,0,0,0,0,0,-1,unclassified,unclassified,No rule matched,industrial_zone
7.78377,80.22298,0.42,0.45,2026-09-01,750,N,VIIRS,0.995,2.0NRT,293.66,D,VIIRS_SNPP_NRT,2.66,339.76,1,0,-1,0,1,0,598.9030407732943,562.129894834933,549.746347768184,2297.0453532399383,1057.5677296259946,541.060459299237,999,0,0,0,0,0,0,0,-1,mining_activity,mining_activity,Persistent near mining/quarry area,power_plant
7.78867,80.81643,0.38,0.44,2026-09-01,750,N,VIIRS,0.3,2.0NRT,302.57,D,VIIRS_SNPP_NRT,4.63,342.48,1,0,-1,0,1,0,601.2623469298611,570.1686600511636,555.6441660824023,2309.2715582886794,1049.3645279938971,545.4564681749547,999,0,0,0,0,0,0,0,-1,unclassified,unclassified,No rule matched,industrial_zone
7.79142,81.55624,0.52,0.42,2026-09-01,750,N,VIIRS,0.3,2.0NRT,304.23,D,VIIRS_SNPP_NRT,6.01,333.11,0,0,-1,0,1,0,614.2280826442461,588.6685213596174,573.6514128225035,2327.1253004633204,1044.9864770029485,561.8585149353679,999,0,0,0,0,0,0,0,-1,unclassified,unclassified,No rule matched,industrial_zone
7.85497,80.34256,0.41,0.45,2026-09-01,750,N,VIIRS,0.3,2.0NRT,296.96,D,VIIRS_SNPP_NRT,4.45,338.68,1,0,-1,0,1,0,591.0075308877175,556.4598388679417,542.5347211490139,2291.710249926918,1047.868951530794,533.5222112334078,999,0,0,0,0,0,0,0,-1,unclassified,unclassified,No rule matched,factory
7.86408,81.44665,0.53,0.42,2026-09-01,750,N,VIIRS,0.3,2.0NRT,303.81,D,VIIRS_SNPP_NRT,9.12,348.6,1,0,-1,0,1,0,603.7058366820621,577.4563756001805,562.4815655506485,2316.425623998728,1037.1253820553886,550.8648716303852,999,0,0,0,0,0,0,0,33,unclassified,unclassified,No rule matched,industrial_zone
7.86625,81.44823,0.53,0.42,2026-09-01,750,N,VIIRS,0.3,2.0NRT,304.19,D,VIIRS_SNPP_NRT,9.31,343.45,1,0,-1,0,1,0,603.5066492293565,577.2735922187023,562.2976530881564,2316.2317879378807,1036.8800503042833,550.6765213834256,999,0,0,0,0,0,0,0,33,unclassified,unclassified,No rule matched,industrial_zone
7.8685,81.43804,0.53,0.42,2026-09-01,750,N,VIIRS,0.3,2.0NRT,303.13,D,VIIRS_SNPP_NRT,4.72,334.4,1,0,-1,0,1,0,603.0261933879577,576.7192488240173,561.7481926950669,2315.7259089089716,1036.6569177353076,550.1465048006459,999,0,0,0,0,0,0,0,33,unclassified,unclassified,No rule matched,industrial_zone
7.90392,80.63752,0.39,0.44,2026-09-01,750,N,VIIRS,0.5,2.0NRT,299.19,D,VIIRS_SNPP_NRT,1.99,333.93,1,0,-1,0,1,0,586.8631394964244,554.5626077705366,540.190724097832,2292.6994760026673,1038.523542188858,530.4046432083774,999,0,0,0,0,0,0,0,-1,unclassified,unclassified,Per-point analysis,none
7.94456,81.37131,0.53,0.42,2026-09-01,750,N,VIIRS,0.5,2.0NRT,304.36,D,VIIRS_SNPP_NRT,3.65,332.56,0,0,-1,0,1,0,593.2420011331518,566.5657939119139,551.6186612869293,2305.7896452078858,1028.4094423705062,540.1120179586665,999,0,0,0,0,0,0,0,-1,unclassified,unclassified,Per-point analysis,none
7.94534,81.37614,0.53,0.42,2026-09-01,750,N,VIIRS,0.5,2.0NRT,303.27,D,VIIRS_SNPP_NRT,3.65,337.02,1,0,-1,0,1,0,593.2639454308991,566.6268585448051,551.6769581775992,2305.8286692434867,1028.3060314201666,540.1597452468554,999,0,0,0,0,0,0,0,-1,unclassified,unclassified,Per-point analysis,none
7.94756,81.31615,0.54,0.42,2026-09-01,750,N,VIIRS,0.3,2.0NRT,304.45,D,VIIRS_SNPP_NRT,8.89,343.2,1,0,-1,0,1,0,591.7257327249715,564.6257117232363,549.7093291463149,2304.063294247309,1028.2859308688164,538.3178017508151,999,0,0,0,0,0,0,0,22,unclassified,unclassified,No rule matched,industrial_zone
7.94843,81.31799,0.54,0.42,2026-09-01,750,N,VIIRS,0.3,2.0NRT,303.64,D,VIIRS_SNPP_NRT,9.05,338.51,1,0,-1,0,1,0,591.6695059768239,564.5853928830126,549.6678024087461,2304.015683415308,1028.1816965729015,538.2718687326454,999,0,0,0,0,0,0,0,22,unclassified,unclassified,No rule matched,industrial_zone
7.95932,80.72301,0.39,0.44,2026-09-01,750,N,VIIRS,0.5,2.0NRT,300.94,D,VIIRS_SNPP_NRT,4.06,331.21,1,0,-1,0,1,0,581.430667962502,549.8071927126061,535.3439126879003,2288.580972061865,1031.4288380656437,525.3255220890019,999,0,0,0,0,0,0,0,-1,unclassified,unclassified,Per-point analysis,none
7.96034,80.72224,0.39,0.44,2026-09-01,750,N,VIIRS,0.5,2.0NRT,300.93,D,VIIRS_SNPP_NRT,3.5,330.53,0,0,-1,0,1,0,581.3105522776447,549.6822369352208,535.2195464356308,2288.4525649059374,1031.324341976813,525.2027421038233,999,0,0,0,0,0,0,0,-1,unclassified,unclassified,Per-point analysis,none
7.96814,80.59685,0.39,0.44,2026-09-01,750,N,VIIRS,0.5,2.0NRT,298.24,D,VIIRS_SNPP_NRT,6.47,347.3,1,0,-1,0,1,0,579.4509993179131,546.8984622436028,532.5596889408504,2284.80518564149,1031.9144303354242,522.8591172744893,999,0,0,0,0,0,0,0,-1,unclassified,unclassified,Per-point analysis,none
7.98507,80.62343,0.39,0.44,2026-09-01,750,N,VIIRS,0.5,2.0NRT,299.01,D,VIIRS_SNPP_NRT,3.46,330.99,1,0,-1,0,1,0,577.7565790976447,545.4128455747491,531.0444680264234,2283.548346186034,1029.7202985653892,521.2706542141534,999,0,0,0,0,0,0,0,-1,unclassified,unclassified,Per-point analysis,none
8.00779,81.43661,0.53,0.42,2026-09-01,750,N,VIIRS,0.5,2.0NRT,304.26,D,VIIRS_SNPP_NRT,6.68,330.8,0,0,-1,0,1,0,587.8560193612934,561.8177382471703,546.8264407856572,2300.6325060042227,1021.177259861107,535.1471252558628,999,0,0,0,0,0,0,0,-1,unclassified,unclassified,Per-point analysis,none
8.03059,80.59743,0.39,0.44,2026-09-01,750,N,VIIRS,0.5,2.0NRT,300.21,D,VIIRS_SNPP_NRT,3.18,339.51,1,0,-1,0,1,0,572.5236197582808,540.0198123607768,525.6722644928503,2278.01464941619,1025.0068380370215,515.9526047165248,999,0,0,0,0,0,0,0,-1,unclassified,unclassified,Per-point analysis,none
8.03119,81.28948,0.54,0.42,2026-09-01,750,N,VIIRS,0.5,2.0NRT,307.0,D,VIIRS_SNPP_NRT,20.57,349.71,1,0,-1,0,1,0,582.0378402463554,554.8821812856,539.9681897005506,2294.33825675655,1019.1082165422084,528.5879208925692,999,0,0,0,0,0,0,0,-1,unclassified,unclassified,Per-point analysis,none
8.13979,81.4119,0.53,0.42,2026-09-01,750,N,VIIRS,0.5,2.0NRT,300.93,D,VIIRS_SNPP_NRT,4.71,332.42,0,0,-1,0,1,0,572.9365880116935,546.9777244622355,531.9788122013417,2285.726856284243,1006.5769941218923,520.2718439672498,999,0,0,0,0,0,0,0,-1,unclassified,unclassified,Per-point analysis,none
8.18792,80.69052,0.39,0.44,2026-09-01,750,N,VIIRS,0.5,2.0NRT,301.84,D,VIIRS_SNPP_NRT,6.26,340.57,1,0,-1,0,1,0,555.8030634338737,524.139662809759,509.67449498435667,2262.969513442777,1006.5044197817297,499.66096942721214,999,0,0,0,0,0,0,0,-1,unclassified,unclassified,Per-point analysis,none
8.24386,80.60502,0.39,0.44,2026-09-01,750,N,VIIRS,0.5,2.0NRT,301.48,D,VIIRS_SNPP_NRT,4.93,340.11,1,0,-1,0,1,0,548.9094996294025,516.6259687916663,502.24102149838143,2254.956545924006,1001.3502260245709,492.43717192631794,999,0,0,0,0,0,0,0,-1,unclassified,unclassified,Per-point analysis,none
8.26053,80.58041,0.39,0.44,2026-09-01,750,N,VIIRS,0.5,2.0NRT,300.71,D,VIIRS_SNPP_NRT,7.81,342.01,1,0,-1,0,1,0,546.8887931824142,514.4257359478062,500.06497084772695,2252.592920387062,999.8219660408294,490.32297750547013,999,0,0,0,0,0,0,0,-1,unclassified,unclassified,Per-point analysis,none
8.26432,80.55347,0.39,0.44,2026-09-01,750,N,VIIRS,0.5,2.0NRT,298.06,D,VIIRS_SNPP_NRT,4.08,334.0,1,0,-1,0,1,0,546.2958401600788,513.6250363628698,499.2933525870451,2251.5827783342147,999.7544834229117,489.62417513314375,999,0,0,0,0,0,0,0,-1,unclassified,unclassified,Per-point analysis,none
8.29291,77.57172,0.61,0.54,2026-09-01,750,N,VIIRS,0.5,2.0NRT,300.05,D,VIIRS_SNPP_NRT,3.49,340.35,1,0,-1,0,1,0,617.3714035399681,484.90563267426876,484.8873058240918,2203.7793521528542,1027.0378720249048,484.8896344112142,999,0,0,0,0,0,0,0,-1,unclassified,unclassified,Per-point analysis,none
8.29877,80.15601,0.42,0.45,2026-09-01,750,N,VIIRS,0.3,2.0NRT,301.32,D,VIIRS_SNPP_NRT,18.87,343.71,1,0,-1,0,1,0,541.7649409510416,504.4084272896451,492.25354371569233,2239.3993350601017,1002.123706493755,483.72490086456736,999,0,0,0,0,0,0,0,23,unclassified,unclassified,No rule matched,industrial_zone
8.30062,80.15585,0.41,0.45,2026-09-01,750,N,VIIRS,0.3,2.0NRT,303.18,D,VIIRS_SNPP_NRT,19.56,344.61,1,0,-1,0,1,0,541.5597036930037,504.20244394293564,492.0473900112215,2239.1939031102847,1001.9235586982301,483.51913601152,999,0,0,0,0,0,0,0,23,unclassified,unclassified,No rule matched,industrial_zone
8.30368,81.01878,0.55,0.43,2026-09-01,750,N,VIIRS,0.5,2.0NRT,299.13,D,VIIRS_SNPP_NRT,6.15,337.15,1,0,-1,0,1,0,547.145676230154,518.2683325449998,503.49246649837295,2258.1069101136104,990.5118685396437,492.5914690510674,999,0,0,0,0,0,0,0,-1,unclassified,unclassified,Per-point analysis,none
8.3076,81.01814,0.55,0.43,2026-09-01,750,N,VIIRS,0.5,2.0NRT,298.71,D,VIIRS_SNPP_NRT,6.15,336.04,1,0,-1,0,1,0,546.7041727919226,517.8277129429238,503.0516538720804,2257.6662406919268,990.0820736554555,492.15019439651184,999,0,0,0,0,0,0,0,-1,unclassified,unclassified,Per-point analysis,none
8.3114,80.28439,0.41,0.45,2026-09-01,750,N,VIIRS,0.3,2.0NRT,300.84,D,VIIRS_SNPP_NRT,2.5,343.65,1,0,-1,0,1,0,540.208509838875,505.3764777316807,491.4831041897087,2240.662360786129,998.5427665060795,482.5693110782094,999,0,0,0,0,0,0,0,24,unclassified,unclassified,No rule matched,industrial_zone
8.31414,80.28391,0.41,0.45,2026-09-01,750,N,VIIRS,0.3,2.0NRT,301.37,D,VIIRS_SNPP_NRT,3.4,339.16,1,0,-1,0,1,0,539.9037286307567,505.06727424463946,491.1758562695954,2240.3532015253872,998.2493392083568,482.26310254178554,999,0,0,0,0,0,0,0,24,unclassified,unclassified,No rule matched,industrial_zone
8.32899,80.29664,0.41,0.45,2026-09-01,750,N,VIIRS,0.5,2.0NRT,300.35,D,VIIRS_SNPP_NRT,3.46,333.49,1,0,-1,0,1,0,538.2570817668707,503.6406196869553,489.61183652382107,2238.9985566274972,996.4086818634948,480.6596423179567,999,0,0,0,0,0,0,0,-1,unclassified,unclassified,Per-point analysis,none
8.34424,80.18712,0.41,0.45,2026-09-01,750,N,VIIRS,0.3,2.0NRT,301.94,D,VIIRS_SNPP_NRT,6.2,332.68,1,0,-1,0,1,0,536.6395246123718,499.9522807295317,487.317838864866,2235.0643914157463,996.5835049052505,478.6918860454109,999,0,0,0,0,0,0,0,25,unclassified,unclassified,No rule matched,industrial_zone
8.349,80.19014,0.41,0.45,2026-09-01,750,N,VIIRS,0.3,2.0NRT,301.86,D,VIIRS_SNPP_NRT,4.48,331.08,0,0,-1,0,1,0,536.1045841641951,499.4835662440649,486.80165481218665,2234.6061762061067,996.0080487832305,478.16614814108766,999,0,0,0,0,0,0,0,25,unclassified,unclassified,No rule matched,industrial_zone
8.35582,80.28069,0.41,0.45,2026-09-01,750,N,VIIRS,0.5,2.0NRT,301.46,D,VIIRS_SNPP_NRT,3.73,331.43,0,0,-1,0,1,0,535.2685369366689,500.44493291779776,486.5284594918351,2235.7357168318945,993.719592070655,477.6195853196688,999,0,0,0,0,0,0,0,-1,unclassified,unclassified,Per-point analysis,none
8.36403,80.27928,0.41,0.45,2026-09-01,750,N,VIIRS,0.5,2.0NRT,302.44,D,VIIRS_SNPP_NRT,6.03,346.99,1,0,-1,0,1,0,534.355438666925,499.5190266732618,485.6080506567322,2234.8099663023854,992.8402696471405,476.70225254784197,999,0,0,0,0,0,0,0,-1,unclassified,unclassified,Per-point analysis,none
8.37648,81.04984,0.55,0.43,2026-09-01,750,N,VIIRS,0.3,2.0NRT,302.95,D,VIIRS_SNPP_NRT,12.25,336.23,1,0,-1,0,1,0,539.6626920905584,511.163075940267,496.35073236198,2250.9725083106027,982.1990688138825,485.33441973931156,999,0,0,0,0,0,0,0,34,unclassified,unclassified,No rule matched,industrial_zone
8.37836,80.6104,0.39,0.44,2026-09-01,750,N,VIIRS,0.5,2.0NRT,305.36,D,VIIRS_SNPP_NRT,6.35,344.11,1,0,-1,0,1,0,534.0267620421105,501.89782499845586,487.48728972898186,2240.4349564849385,986.4253397195979,477.6247669727794,999,0,0,0,0,0,0,0,-1,unclassified,unclassified,Per-point analysis,none
8.38429,81.04854,0.55,0.43,2026-09-01,750,N,VIIRS,0.3,2.0NRT,306.78,D,VIIRS_SNPP_NRT,22.09,349.85,1,0,-1,0,1,0,538.7825833200679,510.2851872221411,495.4724261003671,2250.094055041767,981.3424054683799,484.45504502606855,999,0,0,0,0,0,0,0,34,unclassified,unclassified,No rule matched,industrial_zone
8.38557,80.25662,0.41,0.45,2026-09-01,750,N,VIIRS,0.5,2.0NRT,299.85,D,VIIRS_SNPP_NRT,10.02,344.78,1,0,-1,0,1,0,531.9633673028145,496.7159080288859,483.07734724612584,2231.9853319687672,990.8503821662111,474.2363766795847,999,0,0,0,0,0,0,0,-1,unclassified,unclassified,Per-point analysis,none
8.39226,81.16862,0.54,0.42,2026-09-01,750,N,VIIRS,0.5,2.0NRT,295.94,D,VIIRS_SNPP_NRT,5.92,331.78,1,0,-1,0,1,0,540.124209706148,512.6581598618337,497.75934618084466,2252.2108319159856,979.641580234367,486.4462248861354,999,0,0,0,0,0,0,0,-1,unclassified,unclassified,Per-point analysis,none
8.40258,80.63156,0.39,0.44,2026-09-01,750,N,VIIRS,0.3,2.0NRT,303.59,D,VIIRS_SNPP_NRT,8.98,352.12,1,0,-1,0,1,0,531.5046818589201,499.56865855747503,485.1316343786316,2238.2762243768243,983.4837676652159,475.2019044884962,999,0,0,0,0,0,0,0,36,unclassified,unclassified,No rule matched,industrial_zone
8.40672,80.25681,0.41,0.45,2026-09-01,750,N,VIIRS,0.3,2.0NRT,301.7,D,VIIRS_SNPP_NRT,6.7,337.52,1,0,-1,0,1,0,529.6115355151104,494.40527150148745,480.7300811342729,2229.680111356604,988.5231071616931,471.88597085734,999,0,0,0,0,0,0,0,35,unclassified,unclassified,No rule matched,industrial_zone
8.40733,80.26052,0.41,0.45,2026-09-01,750,N,VIIRS,0.3,2.0NRT,299.62,D,VIIRS_SNPP_NRT,3.39,332.36,1,0,-1,0,1,0,529.5424271601718,494.41138838329755,480.68447573962726,2229.690903977534,988.3936390632736,471.82912818164016,999,0,0,0,0,0,0,0,35,unclassified,unclassified,No rule matched,industrial_zone
8.41083,80.25612,0.41,0.45,2026-09-01,750,N,VIIRS,0.3,2.0NRT,297.36,D,VIIRS_SNPP_NRT,4.26,338.4,1,0,-1,0,1,0,529.154799604861,493.9420493104655,480.26965164443095,2229.216998632006,988.0831271843902,471.427117458021,999,0,0,0,0,0,0,0,35,unclassified,unclassified,No rule matched,industrial_zone
8.41403,80.62608,0.39,0.44,2026-09-01,750,N,VIIRS,0.3,2.0NRT,300.18,D,VIIRS_SNPP_NRT,6.92,341.23,1,0,-1,0,1,0,530.1911709487944,498.2209052689201,483.78798370830685,2236.9063353488914,982.2873812649734,473.8694878586276,999,0,0,0,0,0,0,0,36,unclassified,unclassified,No rule matched,industrial_zone
8.41644,80.41689,0.4,0.44,2026-09-01,750,N,VIIRS,0.5,2.0NRT,302.89,D,VIIRS_SNPP_NRT,2.04,331.79,0,0,-1,0,1,0,528.757696071812,495.10864452757784,480.91745087818845,2232.018837473022,984.9037200264423,471.5964432287366,999,0,0,0,0,0,0,0,-1,unclassified,unclassified,Per-point analysis,none
8.41854,80.18941,0.41,0.45,2026-09-01,750,N,VIIRS,0.5,2.0NRT,299.92,D,VIIRS_SNPP_NRT,4.82,334.78,1,0,-1,0,1,0,528.3746036920339,491.8413874480623,479.07187883310655,2226.994317181257,988.3877914738421,470.43323718741794,999,0,0,0,0,0,0,0,-1,unclassified,unclassified,Per-point analysis,none
8.42361,80.5847,0.39,0.44,2026-09-01,750,N,VIIRS,0.5,2.0NRT,303.93,D,VIIRS_SNPP_NRT,6.09,331.75,0,0,-1,0,1,0,528.8195955489954,496.520865387845,482.1316891014408,2234.9322781054007,981.7589309904467,472.3261033925902,999,0,0,0,0,0,0,0,-1,unclassified,unclassified,Per-point analysis,none
8.43706,80.33877,0.4,0.44,2026-09-01,750,N,VIIRS,0.5,2.0NRT,301.29,D,VIIRS_SNPP_NRT,4.04,330.46,0,0,-1,0,1,0,526.2821014781397,492.0276055882051,477.93335018657075,2228.0948874045575,983.8428790773697,468.83901250019613,999,0,0,0,0,0,0,0,-1,unclassified,unclassified,Per-point analysis,none
8.44123,80.37093,0.4,0.44,2026-09-01,750,N,VIIRS,0.5,2.0NRT,299.81,D,VIIRS_SNPP_NRT,1.9,334.63,1,0,-1,0,1,0,525.8774214164557,491.87746115209865,477.74123974035297,2228.3264995743675,982.8768983242899,468.5503815998448,999,0,0,0,0,0,0,0,-1,unclassified,unclassified,Per-point analysis,none
8.44242,80.37146,0.4,0.44,2026-09-01,750,N,VIIRS,0.5,2.0NRT,299.87,D,VIIRS_SNPP_NRT,4.32,337.13,1,0,-1,0,1,0,525.7462942011796,491.75104641820525,477.6140144395508,2228.2080680029544,982.737652705881,468.42134422044523,999,0,0,0,0,0,0,0,-1,unclassified,unclassified,Per-point analysis,none
8.45904,80.40157,0.4,0.44,2026-09-01,750,N,VIIRS,0.3,2.0NRT,301.2,D,VIIRS_SNPP_NRT,2.31,331.54,1,0,-1,0,1,0,523.9757046519688,490.22700920966275,476.0498510202043,2227.04324747402,980.4436324354132,466.7643748805628,999,0,0,0,0,0,0,0,37,unclassified,unclassified,No rule matched,industrial_zone
8.4631,80.4009,0.4,0.44,2026-09-01,750,N,VIIRS,0.3,2.0NRT,303.21,D,VIIRS_SNPP_NRT,2.31,339.49,1,0,-1,0,1,0,523.5224692196429,489.77048751953487,475.59369025301635,2226.5861136846124,980.0067740249568,466.30929911483383,999,0,0,0,0,0,0,0,37,unclassified,unclassified,No rule matched,industrial_zone
8.46341,81.0887,0.54,0.42,2026-09-01,750,N,VIIRS,0.5,2.0NRT,299.74,D,VIIRS_SNPP_NRT,15.6,337.52,1,0,-1,0,1,0,530.8112868695006,502.79508586413937,487.9386545378897,2242.5113024305106,972.2708105299273,476.77740075402755,999,0,0,0,0,0,0,0,-1,unclassified,unclassified,Per-point analysis,none
8.46372,80.40453,0.4,0.44,2026-09-01,750,N,VIIRS,0.3,2.0NRT,301.63,D,VIIRS_SNPP_NRT,2.31,338.04,1,0,-1,0,1,0,523.4641942855709,489.7414617482324,475.56001992153887,2226.596906162662,979.8831473196651,466.2647307620495,999,0,0,0,0,0,0,0,37,unclassified,unclassified,No rule matched,industrial_zone
8.46717,80.40021,0.4,0.44,2026-09-01,750,N,VIIRS,0.3,2.0NRT,301.11,D,VIIRS_SNPP_NRT,2.9,339.96,1,0,-1,0,1,0,523.0680718716736,489.31264399365807,475.13623242106877,2226.127458127064,979.5691384193614,465.8529855529311,999,0,0,0,0,0,0,0,37,unclassified,unclassified,No rule matched,industrial_zone
8.4673,81.08805,0.54,0.42,2026-09-01,750,N,VIIRS,0.5,2.0NRT,298.79,D,VIIRS_SNPP_NRT,7.07,337.73,1,0,-1,0,1,0,530.3728731878301,502.3581921437673,487.5015251819944,2242.0737761985515,971.8437786201672,476.3396136021491,999,0,0,0,0,0,0,0,-1,unclassified,unclassified,Per-point analysis,none
8.46778,80.40383,0.4,0.44,2026-09-01,750,N,VIIRS,0.3,2.0NRT,301.31,D,VIIRS_SNPP_NRT,2.9,341.57,1,0,-1,0,1,0,523.0108306912255,489.2845902882768,475.1035427961117,2226.139127250509,979.4467127391957,465.8094187388516,999,0,0,0,0,0,0,0,37,unclassified,unclassified,No rule matched,industrial_zone
8.47152,80.72465,0.57,0.43,2026-09-01,750,N,VIIRS,0.5,2.0NRT,303.91,D,VIIRS_SNPP_NRT,11.25,336.85,1,0,-1,0,1,0,524.7149931367807,493.61678942341916,479.0719738226882,2232.9065987089666,974.7498648243978,468.85813391537215,999,0,0,0,0,0,0,0,-1,unclassified,unclassified,Per-point analysis,none
8.4955,80.82083,0.56,0.43,2026-09-01,750,N,VIIRS,0.3,2.0NRT,301.08,D,VIIRS_SNPP_NRT,16.97,335.09,1,0,-1,0,1,0,523.1543371017632,492.896131053824,478.2541519637735,2232.5474789337304,971.0484675135542,467.76769084934756,999,0,0,0,0,0,0,0,26,unclassified,unclassified,No rule matched,industrial_zone
8.49863,80.81506,0.56,0.43,2026-09-01,750,N,VIIRS,0.3,2.0NRT,302.59,D,VIIRS_SNPP_NRT,16.97,333.72,1,0,-1,0,1,0,522.7369730080468,492.4338661373477,477.7967043700598,2232.0714619327855,970.7618319984995,467.324339886111,999,0,0,0,0,0,0,0,26,unclassified,unclassified,No rule matched,industrial_zone
8.49946,80.82017,0.56,0.43,2026-09-01,750,N,VIIRS,0.3,2.0NRT,303.5,D,VIIRS_SNPP_NRT,16.97,339.21,1,0,-1,0,1,0,522.7086173911147,492.4500365546957,477.807965098722,2232.101828408548,970.6169137524018,467.32142267423256,999,0,0,0,0,0,0,0,26,unclassified,unclassified,No rule matched,industrial_zone
8.51547,80.31347,0.4,0.44,2026-09-01,750,N,VIIRS,0.5,2.0NRT,295.89,D,VIIRS_SNPP_NRT,5.43,343.83,1,0,-1,0,1,0,517.5337192769892,483.1089474229205,469.04009914089517,2219.002815193491,975.6278749252301,460.0085141589334,999,0,0,0,0,0,0,0,-1,unclassified,unclassified,Per-point analysis,none
8.51704,80.59698,0.39,0.44,2026-09-01,750,N,VIIRS,0.5,2.0NRT,301.92,D,VIIRS_SNPP_NRT,6.85,352.54,1,0,-1,0,1,0,518.541613407195,486.42425937927993,472.00710665874715,2225.039043129445,971.2831360939813,462.1347945749341,999,0,0,0,0,0,0,0,-1,unclassified,unclassified,Per-point analysis,none
8.51814,80.67673,0.57,0.43,2026-09-01,750,N,VIIRS,0.5,2.0NRT,301.34,D,VIIRS_SNPP_NRT,8.72,338.07,1,0,-1,0,1,0,519.0845073921732,487.63507161421245,473.1315753681593,2226.733996150196,970.1598096685785,463.032182287208,999,0,0,0,0,0,0,0,-1,unclassified,unclassified,Per-point analysis,none
8.51878,80.7773,0.57,0.43,2026-09-01,750,N,VIIRS,0.5,2.0NRT,303.99,D,VIIRS_SNPP_NRT,4.06,342.57,1,0,-1,0,1,0,520.0588742304718,489.4605854191825,474.85571731611043,2228.995510789759,968.9338228982992,464.4767870761941,999,0,0,0,0,0,0,0,-1,unclassified,unclassified,Per-point analysis,none
8.51968,80.43941,0.4,0.44,2026-09-01,750,N,VIIRS,0.5,2.0NRT,302.34,D,VIIRS_SNPP_NRT,2.88,331.47,0,0,-1,0,1,0,517.3629591614349,483.95178363069095,469.7197629189242,2221.2543061775823,973.1937730407637,460.3075132837406,999,0,0,0,0,0,0,0,-1,unclassified,unclassified,Per-point analysis,none
8.52105,80.59629,0.39,0.44,2026-09-01,750,N,VIIRS,0.5,2.0NRT,300.61,D,VIIRS_SNPP_NRT,6.85,352.43,1,0,-1,0,1,0,518.0916182361581,485.97209824780293,471.555084437442,2224.5870699234965,970.8493916503951,461.6833468743622,999,0,0,0,0,0,0,0,-1,unclassified,unclassified,Per-point analysis,none
8.52566,80.47535,0.39,0.44,2026-09-01,750,N,VIIRS,0.5,2.0NRT,298.71,D,VIIRS_SNPP_NRT,3.79,347.97,1,0,-1,0,1,0,516.8504355780774,483.7360729486708,469.4591338171575,2221.3901899067237,972.0064331182391,459.93862659406597,999,0,0,0,0,0,0,0,-1,unclassified,unclassified,Per-point analysis,none
8.52771,80.89381,0.56,0.43,2026-09-01,750,N,VIIRS,0.5,2.0NRT,299.91,D,VIIRS_SNPP_NRT,6.84,335.66,1,0,-1,0,1,0,520.5716085583756,490.9830972768388,476.26958007112734,2230.786273596591,966.7577228868804,465.572166274089,999,0,0,0,0,0,0,0,-1,unclassified,unclassified,Per-point analysis,none
8.54025,80.51318,0.39,0.44,2026-09-01,750,N,VIIRS,0.5,2.0NRT,303.93,D,VIIRS_SNPP_NRT,9.03,345.63,1,0,-1,0,1,0,515.4222846784102,482.62917007811035,468.3047961875538,2220.6368399208536,969.8576070637929,458.6684464204481,999,0,0,0,0,0,0,0,-1,unclassified,unclassified,Per-point analysis,none
8.54781,80.68247,0.57,0.43,2026-09-01,750,N,VIIRS,0.5,2.0NRT,302.43,D,VIIRS_SNPP_NRT,8.51,340.66,1,0,-1,0,1,0,515.850909784677,484.48139355667104,469.96689375374075,2223.639478383416,966.8113020448258,459.83940566751767,999,0,0,0,0,0,0,0,-1,unclassified,unclassified,Per-point analysis,none
8.56386,80.50555,0.39,0.44,2026-09-01,750,N,VIIRS,0.5,2.0NRT,301.18,D,VIIRS_SNPP_NRT,3.19,335.67,1,0,-1,0,1,0,512.7585724507127,479.91961886789903,465.60090729704876,2217.8962409447295,967.3618847147529,455.9799516221785,999,0,0,0,0,0,0,0,-1,unclassified,unclassified,Per-point analysis,none
8.56749,80.72697,0.57,0.43,2026-09-01,750,N,VIIRS,0.3,2.0NRT,299.82,D,VIIRS_SNPP_NRT,6.93,337.61,1,0,-1,0,1,0,514.1152164033033,483.1466472987754,468.5829647739444,2222.528633232979,964.1103411985882,458.3219337505991,999,0,0,0,0,0,0,0,27,unclassified,unclassified,No rule matched,industrial_zone
8.56789,80.50488,0.39,0.44,2026-09-01,750,N,VIIRS,0.5,2.0NRT,299.06,D,VIIRS_SNPP_NRT,2.13,340.09,1,0,-1,0,1,0,512.307390609514,479.4658199156438,465.14732580161285,2217.442476619179,966.927038276902,455.527141489238,999,0,0,0,0,0,0,0,-1,unclassified,unclassified,Per-point analysis,none
8.56902,80.48644,0.39,0.44,2026-09-01,750,N,VIIRS,0.5,2.0NRT,301.82,D,VIIRS_SNPP_NRT,4.42,333.01,1,0,-1,0,1,0,512.0867690034254,479.09307905652645,464.7966398474424,2216.911182443807,967.0665187479833,455.2309288146853,999,0,0,0,0,0,0,0,-1,unclassified,unclassified,Per-point analysis,none
8.5695,80.76366,0.57,0.43,2026-09-01,750,N,VIIRS,0.5,2.0NRT,304.65,D,VIIRS_SNPP_NRT,9.39,338.63,1,0,-1,0,1,0,514.2936177846018,483.6420893714268,469.0415004922772,2223.1656843954256,963.4723098181389,458.67719938337393,999,0,0,0,0,0,0,0,-1,unclassified,unclassified,Per-point analysis,none
8.57147,80.7263,0.57,0.43,2026-09-01,750,N,VIIRS,0.3,2.0NRT,298.68,D,VIIRS_SNPP_NRT,4.61,333.54,1,0,-1,0,1,0,513.667648888781,482.6980209905032,468.1343193198766,2222.0805027746164,963.6779795121132,457.8734388678709,999,0,0,0,0,0,0,0,27,unclassified,unclassified,No rule matched,industrial_zone
8.57321,80.5876,0.39,0.44,2026-09-01,750,N,VIIRS,0.3,2.0NRT,301.85,D,VIIRS_SNPP_NRT,4.19,332.23,1,0,-1,0,1,0,512.2407607642842,480.0951330626271,465.67962796156814,2218.714504356626,965.2052060053336,455.8146341441773,999,0,0,0,0,0,0,0,38,unclassified,unclassified,No rule matched,industrial_zone
8.574,80.66736,0.57,0.43,2026-09-01,750,N,VIIRS,0.5,2.0NRT,301.94,D,VIIRS_SNPP_NRT,36.79,342.42,1,0,-1,0,1,0,512.8087560398261,481.3388797981274,466.8358737158538,2220.444393039732,964.1008230186313,456.74071911954206,999,0,0,0,0,0,0,0,-1,unclassified,unclassified,Per-point analysis,none
8.57504,80.4455,0.39,0.44,2026-09-01,750,N,VIIRS,0.5,2.0NRT,302.14,D,VIIRS_SNPP_NRT,4.18,345.29,1,0,-1,0,1,0,511.2348673091938,477.9069331698294,463.66002793608635,2215.354632958911,967.0040853639281,454.2152488111759,999,0,0,0,0,0,0,0,-1,unclassified,unclassified,Per-point analysis,none
8.57664,80.58342,0.39,0.44,2026-09-01,750,N,VIIRS,0.3,2.0NRT,303.41,D,VIIRS_SNPP_NRT,6.1,331.51,0,0,-1,0,1,0,511.829885113557,479.6521347082498,465.2408124667718,2218.2468875516956,964.8820044447359,455.38678540775993,999,0,0,0,0,0,0,0,38,unclassified,unclassified,No rule matched,industrial_zone
8.57722,80.58692,0.39,0.44,2026-09-01,750,N,VIIRS,0.3,2.0NRT,303.41,D,VIIRS_SNPP_NRT,4.19,344.12,1,0,-1,0,1,0,511.7908924098003,479.6431333429358,465.2277592005484,2218.2627616808604,964.7715580600433,455.3633255318843,999,0,0,0,0,0,0,0,38,unclassified,unclassified,No rule matched,industrial_zone
8.59583,80.77507,0.56,0.43,2026-09-01,750,N,VIIRS,0.5,2.0NRT,297.34,D,VIIRS_SNPP_NRT,6.36,336.18,1,0,-1,0,1,0,511.51327228721993,480.99360159176524,466.3771368595183,2220.5727459736236,960.4332155911939,455.9690027998296,999,0,0,0,0,0,0,0,-1,unclassified,unclassified,Per-point analysis,none
8.59837,80.79054,0.56,0.43,2026-09-01,750,N,VIIRS,0.5,2.0NRT,300.96,D,VIIRS_SNPP_NRT,5.22,334.4,1,0,-1,0,1,0,511.4158788013013,481.03362386716134,466.4017400865635,2220.660737430226,959.9833355714181,455.9494593745022,999,0,0,0,0,0,0,0,-1,unclassified,unclassified,Per-point analysis,none
8.60734,80.91888,0.55,0.43,2026-09-01,750,N,VIIRS,0.5,2.0NRT,304.42,D,VIIRS_SNPP_NRT,7.46,339.09,1,0,-1,0,1,0,512.1614541151591,482.9140378433445,468.16413286233393,2222.7500418832547,957.7002704100258,457.35804290109303,999,0,0,0,0,0,0,0,-1,unclassified,unclassified,Per-point analysis,none
8.60837,80.85137,0.56,0.43,2026-09-01,750,N,VIIRS,0.5,2.0NRT,305.61,D,VIIRS_SNPP_NRT,11.2,338.67,1,0,-1,0,1,0,511.08696192110165,481.248704637007,466.5580990874449,2221.017103458453,958.2401563153114,455.933671152847,999,0,0,0,0,0,0,0,-1,unclassified,unclassified,Per-point analysis,none
8.62578,80.64729,0.38,0.43,2026-09-01,750,N,VIIRS,0.5,2.0NRT,301.26,D,VIIRS_SNPP_NRT,9.51,337.07,1,0,-1,0,1,0,506.89042251099096,475.30328868658376,460.8130452300386,2214.3530941588924,958.6295647749507,450.7548647305659,999,0,0,0,0,0,0,0,-1,unclassified,unclassified,Per-point analysis,none
8.65193,80.82672,0.56,0.43,2026-09-01,750,N,VIIRS,0.5,2.0NRT,303.08,D,VIIRS_SNPP_NRT,8.57,341.22,1,0,-1,0,1,0,505.95220902241005,475.96032960195816,461.28431142711923,2215.701335966302,953.6708973771217,450.70553762785767,999,0,0,0,0,0,0,0,-1,unclassified,unclassified,Per-point analysis,none
8.65909,80.69933,0.57,0.43,2026-09-01,750,N,VIIRS,0.5,2.0NRT,301.39,D,VIIRS_SNPP_NRT,4.65,332.35,1,0,-1,0,1,0,503.6902102804987,472.5902302362432,458.0387851549832,2211.9312113576048,954.3089953475519,447.81638930927505,999,0,0,0,0,0,0,0,-1,unclassified,unclassified,Per-point analysis,none
8.66735,80.72438,0.57,0.43,2026-09-01,750,N,VIIRS,0.5,2.0NRT,302.11,D,VIIRS_SNPP_NRT,7.16,336.5,1,0,-1,0,1,0,503.03545001554687,472.1642575635025,457.58544611561325,2211.616102366451,953.0988465590098,447.2874871827616,999,0,0,0,0,0,0,0,-1,unclassified,unclassified,Per-point analysis,none
8.67641,80.90026,0.55,0.43,2026-09-01,750,N,VIIRS,0.5,2.0NRT,301.67,D,VIIRS_SNPP_NRT,7.77,335.43,1,0,-1,0,1,0,504.274650099396,474.97290375193563,460.22596549020176,2214.8077061179843,950.2238455413991,449.4324025419247,999,0,0,0,0,0,0,0,-1,unclassified,unclassified,Per-point analysis,none
8.68091,80.87888,0.56,0.43,2026-09-01,750,N,VIIRS,0.3,2.0NRT,301.98,D,VIIRS_SNPP_NRT,7.56,334.14,1,0,-1,0,1,0,503.4674984824818,473.98198372152086,459.25298648058873,2213.8040390490737,949.9330292709598,448.51535042356005,999,0,0,0,0,0,0,0,39,unclassified,unclassified,No rule matched,industrial_zone
8.68468,81.02161,0.54,0.42,2026-09-01,750,N,VIIRS,0.5,2.0NRT,303.14,D,VIIRS_SNPP_NRT,22.07,349.12,1,0,-1,0,1,0,505.33253438663235,477.1352474743825,462.28750394795816,2216.877823152182,948.2348043812015,451.1652724662649,999,0,0,0,0,0,0,0,-1,unclassified,unclassified,Per-point analysis,none
8.68568,80.88323,0.55,0.43,2026-09-01,750,N,VIIRS,0.3,2.0NRT,299.08,D,VIIRS_SNPP_NRT,9.97,333.31,1,0,-1,0,1,0,503.0041670857826,473.5650169476327,458.83125226099116,2213.3912439794867,949.362035114201,448.0791175465334,999,0,0,0,0,0,0,0,39,unclassified,unclassified,No rule matched,industrial_zone
8.68774,81.01603,0.54,0.42,2026-09-01,750,N,VIIRS,0.5,2.0NRT,299.8,D,VIIRS_SNPP_NRT,4.45,332.11,1,0,-1,0,1,0,504.8986277389341,476.6566893326073,461.8126469695719,2216.4083223676043,947.9408607054819,450.7031812978233,999,0,0,0,0,0,0,0,-1,unclassified,unclassified,Per-point analysis,none
8.69272,78.05309,0.56,0.52,2026-09-01,750,N,VIIRS,0.3,2.0NRT,301.29,D,VIIRS_SNPP_NRT,4.6,339.6,1,0,-1,0,1,0,553.6878433149642,441.3090459278898,441.2932017774816,2163.7891685838476,977.7271571329647,440.1356420980199,999,0,0,0,0,0,0,0,40,unclassified,unclassified,No rule matched,industrial_zone
8.69322,78.05519,0.56,0.52,2026-09-01,750,N,VIIRS,0.3,2.0NRT,301.94,D,VIIRS_SNPP_NRT,6.31,347.78,1,0,-1,0,1,0,553.5374586083893,441.2709153943578,441.2550831221483,2163.7553768976977,977.6551181369115,440.0813017530136,999,0,0,0,0,0,0,0,40,unclassified,unclassified,No rule matched,industrial_zone
8.69359,78.05819,0.56,0.52,2026-09-01,750,N,VIIRS,0.3,2.0NRT,300.81,D,VIIRS_SNPP_NRT,4.74,331.91,1,0,-1,0,1,0,553.3572169036087,441.25482859003495,441.2390131502997,2163.74525806008,977.5904783257861,440.0421627615755,999,0,0,0,0,0,0,0,40,unclassified,unclassified,No rule matched,industrial_zone
8.70056,80.87553,0.56,0.43,2026-09-01,750,N,VIIRS,0.3,2.0NRT,300.82,D,VIIRS_SNPP_NRT,13.58,331.19,1,0,-1,0,1,0,501.2531791031119,471.76855563756146,457.0387871941363,2211.591449946259,947.7899656617599,446.2997310570294,999,0,0,0,0,0,0,0,39,unclassified,unclassified,No rule matched,industrial_zone
8.74317,80.18766,0.41,0.45,2026-09-01,750,N,VIIRS,0.5,2.0NRT,298.99,D,VIIRS_SNPP_NRT,5.11,343.55,1,0,-1,0,1,0,492.2868441292988,456.23837228487696,442.99640853113976,2191.505624538309,952.8079182070197,434.3361342106221,999,0,0,0,0,0,0,0,-1,unclassified,unclassified,Per-point analysis,none
8.86808,80.87281,0.55,0.43,2026-09-01,750,N,VIIRS,0.5,2.0NRT,301.1,D,VIIRS_SNPP_NRT,5.24,330.89,0,0,-1,0,1,0,482.7498405688359,453.51456104185604,438.7543969609118,2193.3538095778135,929.2674210932836,427.9288061462028,999,0,0,0,0,0,0,0,-1,unclassified,unclassified,Per-point analysis,none
8.89549,80.42211,0.39,0.44,2026-09-01,750,N,VIIRS,0.3,2.0NRT,301.45,D,VIIRS_SNPP_NRT,12.27,338.63,1,0,-1,0,1,0,475.53420055064254,442.21207724083416,427.9503084553933,2179.9291708369465,932.079393771728,418.49023299501994,999,0,0,0,0,0,0,0,28,unclassified,unclassified,No rule matched,industrial_zone
8.8961,80.42565,0.39,0.44,2026-09-01,750,N,VIIRS,0.3,2.0NRT,303.43,D,VIIRS_SNPP_NRT,12.27,343.18,1,0,-1,0,1,0,475.4796965766951,442.18940538558013,427.92281365449327,2179.9410355170794,931.9565377869613,418.4510322521356,999,0,0,0,0,0,0,0,28,unclassified,unclassified,No rule matched,industrial_zone
8.91162,80.4194,0.39,0.44,2026-09-01,750,N,VIIRS,0.3,2.0NRT,301.46,D,VIIRS_SNPP_NRT,5.7,340.85,1,0,-1,0,1,0,473.731657331197,440.3962183470862,426.1356987443292,2178.11238254418,930.3472578928494,416.67979683695876,999,0,0,0,0,0,0,0,28,unclassified,unclassified,No rule matched,industrial_zone
8.9195,80.3924,0.39,0.44,2026-09-01,750,N,VIIRS,0.5,2.0NRT,304.48,D,VIIRS_SNPP_NRT,5.41,332.26,0,0,-1,0,1,0,472.7662511260137,439.1957609338907,424.970793910091,2176.6585720079934,929.9123676477507,415.601413937477,999,0,0,0,0,0,0,0,-1,unclassified,unclassified,Per-point analysis,none
8.92028,80.4216,0.39,0.44,2026-09-01,750,N,VIIRS,0.3,2.0NRT,303.85,D,VIIRS_SNPP_NRT,8.63,332.13,0,0,-1,0,1,0,472.7773595473337,439.46735198497845,425.20258573865306,2177.2178380885052,929.359543598793,415.73695475841333,999,0,0,0,0,0,0,0,28,unclassified,unclassified,No rule matched,industrial_zone
8.92294,80.38815,0.39,0.44,2026-09-01,750,N,VIIRS,0.5,2.0NRT,301.73,D,VIIRS_SNPP_NRT,11.59,344.04,1,0,-1,0,1,0,472.37142665925614,438.7652809931036,424.5456739095953,2176.1903698567585,929.6028999173216,415.189408681065,999,0,0,0,0,0,0,0,-1,unclassified,unclassified,Per-point analysis,none
9.02756,80.16605,0.4,0.45,2026-09-01,750,N,VIIRS,0.5,2.0NRT,300.17,D,VIIRS_SNPP_NRT,2.26,334.03,1,0,-1,0,1,0,460.72444131752053,424.7057024733691,411.3033521807671,2160.009349200969,922.0537432474282,402.6933054499617,999,0,0,0,0,0,0,0,-1,unclassified,unclassified,Per-point analysis,none
9.02817,80.16972,0.4,0.44,2026-09-01,750,N,VIIRS,0.5,2.0NRT,300.5,D,VIIRS_SNPP_NRT,2.67,332.18,1,0,-1,0,1,0,460.64657486213696,424.7134279847368,411.2516325287905,2160.019877939821,921.9166521724312,402.62829610366987,999,0,0,0,0,0,0,0,-1,unclassified,unclassified,Per-point analysis,none
9.05315,80.14268,0.4,0.45,2026-09-01,750,N,VIIRS,0.5,2.0NRT,302.74,D,VIIRS_SNPP_NRT,6.08,340.69,1,0,-1,0,1,0,457.95253085340806,421.44104935834685,408.36636665695005,2156.726430511916,919.7049973892864,399.8392396046102,999,0,0,0,0,0,0,0,-1,unclassified,unclassified,Per-point analysis,none
9.05558,80.14168,0.4,0.45,2026-09-01,750,N,VIIRS,0.5,2.0NRT,302.26,D,VIIRS_SNPP_NRT,4.72,337.68,1,0,-1,0,1,0,457.6858845311355,421.1555268268283,408.0926562479097,2156.440261147773,919.4586334180325,399.5690291891416,999,0,0,0,0,0,0,0,-1,unclassified,unclassified,Per-point analysis,none
9.08676,79.74698,0.43,0.46,2026-09-01,750,N,VIIRS,0.3,2.0NRT,302.37,D,VIIRS_SNPP_NRT,2.14,335.52,1,0,-1,0,1,0,457.61616048304563,412.0913649691316,404.46807118472464,2145.15491329018,924.741310939845,398.2547927977568,999,0,0,0,0,0,0,0,41,unclassified,unclassified,No rule matched,industrial_zone
9.08716,79.74696,0.43,0.46,2026-09-01,750,N,VIIRS,0.3,2.0NRT,302.9,D,VIIRS_SNPP_NRT,6.52,339.59,1,0,-1,0,1,0,457.57230431798655,412.04685304467,404.4235524604156,2145.110726128624,924.6984355701792,398.2105710667443,999,0,0,0,0,0,0,0,41,unclassified,unclassified,No rule matched,industrial_zone
9.08741,79.75088,0.43,0.46,2026-09-01,750,N,VIIRS,0.3,2.0NRT,301.39,D,VIIRS_SNPP_NRT,2.14,330.38,0,0,-1,0,1,0,457.49119648385806,412.0535353136002,404.4066523575613,2145.1578527876186,924.5756862361297,398.153469072526,999,0,0,0,0,0,0,0,41,unclassified,unclassified,No rule matched,industrial_zone
9.10153,80.28739,0.4,0.44,2026-09-01,750,N,VIIRS,0.5,2.0NRT,304.88,D,VIIRS_SNPP_NRT,3.67,338.19,1,0,-1,0,1,0,452.35123028477034,417.92960096063484,403.83273447895243,2154.5294004504717,911.7006182866868,394.77907719639774,999,0,0,0,0,0,0,0,-1,unclassified,unclassified,Per-point analysis,none
9.10582,80.31257,0.39,0.44,2026-09-01,750,N,VIIRS,0.5,2.0NRT,304.01,D,VIIRS_SNPP_NRT,2.27,333.64,0,0,-1,0,1,0,451.891439187317,417.70189120778343,403.56620002396517,2154.608908137951,910.784633657411,394.42270319821654,999,0,0,0,0,0,0,0,-1,unclassified,unclassified,Per-point analysis,none
9.11247,80.27811,0.4,0.44,2026-09-01,750,N,VIIRS,0.5,2.0NRT,306.35,D,VIIRS_SNPP_NRT,6.48,336.96,1,0,-1,0,1,0,451.1326192976236,416.63081418611915,402.5468992947202,2153.135922648103,910.6665591670211,393.5240074785457,999,0,0,0,0,0,0,0,-1,unclassified,unclassified,Per-point analysis,none
9.24176,80.27779,0.39,0.44,2026-09-01,750,N,VIIRS,0.5,2.0NRT,305.64,D,VIIRS_SNPP_NRT,7.03,338.33,1,0,-1,0,1,0,436.75619997872707,402.30404580840775,388.2044893638723,2139.03611827443,896.4929841853437,379.1567777473992,999,0,0,0,0,0,0,0,-1,unclassified,unclassified,Per-point analysis,none
9.25795,80.27505,0.39,0.44,2026-09-01,750,N,VIIRS,0.5,2.0NRT,304.59,D,VIIRS_SNPP_NRT,6.81,330.46,0,0,-1,0,1,0,434.9557725962599,400.48449610091683,386.3872236581541,2137.211988926572,894.7680083333215,377.3462678737814,999,0,0,0,0,0,0,0,-1,unclassified,unclassified,Per-point analysis,none
9.39288,80.43707,0.38,0.43,2026-09-01,750,N,VIIRS,0.3,2.0NRT,305.78,D,VIIRS_SNPP_NRT,11.04,367.0,2,0,-1,0,1,0,420.32844854960257,387.53835477108237,373.17252777309636,2126.1207063556394,877.1314939689781,363.49248727718,999,0,0,0,0,0,0,0,14,unclassified,unclassified,No rule matched,industrial_zone
9.39346,80.44057,0.38,0.43,2026-09-01,750,N,VIIRS,0.3,2.0NRT,304.09,D,VIIRS_SNPP_NRT,11.04,343.24,1,0,-1,0,1,0,420.28032914485686,387.5264186250371,373.1554391749419,2126.137070461081,877.0099877638622,363.46229075798516,999,0,0,0,0,0,0,0,14,unclassified,unclassified,No rule matched,industrial_zone
9.39688,80.43639,0.38,0.43,2026-09-01,750,N,VIIRS,0.3,2.0NRT,303.23,D,VIIRS_SNPP_NRT,6.2,348.3,1,0,-1,0,1,0,419.88092968407057,387.08757842722395,372.72197623822467,2125.670115827994,876.7030324392798,363.04286536817904,999,0,0,0,0,0,0,0,14,unclassified,unclassified,No rule matched,industrial_zone
9.40603,80.44202,0.38,0.43,2026-09-01,750,N,VIIRS,0.3,2.0NRT,302.84,D,VIIRS_SNPP_NRT,1.33,334.62,1,0,-1,0,1,0,418.8907863758288,386.1634125535329,371.78794756433035,2124.802608317513,875.6042331702664,362.08443736055517,999,0,0,0,0,0,0,0,14,unclassified,unclassified,No rule matched,industrial_zone
9.41327,80.36134,0.39,0.44,2026-09-01,750,N,VIIRS,0.5,2.0NRT,302.94,D,VIIRS_SNPP_NRT,3.55,342.93,1,0,-1,0,1,0,417.7935155986815,384.25236380170753,369.9960389912848,2122.196376121209,876.1817767523754,360.59131576841884,999,0,0,0,0,0,0,0,-1,unclassified,unclassified,Per-point analysis,none
9.41424,80.36042,0.39,0.44,2026-09-01,750,N,VIIRS,0.5,2.0NRT,302.67,D,VIIRS_SNPP_NRT,3.02,332.41,0,0,-1,0,1,0,417.6834093937159,384.1336582442686,369.8785921585387,2122.0702236108727,876.0914585904245,360.4770388303684,999,0,0,0,0,0,0,0,-1,unclassified,unclassified,Per-point analysis,none
9.41566,80.40079,0.39,0.44,2026-09-01,750,N,VIIRS,0.3,2.0NRT,305.36,D,VIIRS_SNPP_NRT,4.54,347.73,1,0,-1,0,1,0,417.64805938841914,384.5084674169161,370.19172038738424,2122.82155800071,875.2370847405535,360.63774428276366,999,0,0,0,0,0,0,0,15,unclassified,unclassified,No rule matched,industrial_zone
9.41568,80.39275,0.39,0.44,2026-09-01,750,N,VIIRS,0.3,2.0NRT,302.54,D,VIIRS_SNPP_NRT,1.94,330.74,0,0,-1,0,1,0,417.6177423485363,384.3964098731236,370.0917272354087,2122.638320137022,875.3723117396501,360.56787298406965,999,0,0,0,0,0,0,0,15,unclassified,unclassified,No rule matched,industrial_zone
9.41628,80.39626,0.39,0.44,2026-09-01,750,N,VIIRS,0.3,2.0NRT,303.93,D,VIIRS_SNPP_NRT,3.96,342.87,1,0,-1,0,1,0,417.5630980205836,384.37792659422036,370.06785700195576,2122.6520302949625,875.2463120836013,360.5306264680983,999,0,0,0,0,0,0,0,15,unclassified,unclassified,No rule matched,industrial_zone
9.41689,80.39977,0.39,0.44,2026-09-01,750,N,VIIRS,0.3,2.0NRT,305.49,D,VIIRS_SNPP_NRT,3.96,342.6,1,0,-1,0,1,0,417.50769651904983,384.3587320747697,370.04328846403484,2122.6647173429274,875.1193657649261,360.4926867068415,999,0,0,0,0,0,0,0,15,unclassified,unclassified,No rule matched,industrial_zone
9.41749,80.40327,0.39,0.44,2026-09-01,750,N,VIIRS,0.3,2.0NRT,305.15,D,VIIRS_SNPP_NRT,4.57,338.11,1,0,-1,0,1,0,417.4537239172085,384.34089416047294,370.0201080358207,2122.6783322393107,874.9938397455344,360.45618477513824,999,0,0,0,0,0,0,0,15,unclassified,unclassified,No rule matched,industrial_zone
9.41908,80.39658,0.39,0.44,2026-09-01,750,N,VIIRS,0.3,2.0NRT,303.87,D,VIIRS_SNPP_NRT,4.54,330.1,0,0,-1,0,1,0,417.2530250820496,384.073375527813,369.76232007647116,2122.3545228824723,874.9333005885082,360.2228873253538,999,0,0,0,0,0,0,0,15,unclassified,unclassified,No rule matched,industrial_zone
9.42139,80.41061,0.39,0.44,2026-09-01,750,N,VIIRS,0.3,2.0NRT,303.28,D,VIIRS_SNPP_NRT,2.16,337.98,1,0,-1,0,1,0,417.0481201682324,384.01344382762625,369.68101376677726,2122.4196474256773,874.4408549126333,360.08819623428246,999,0,0,0,0,0,0,0,15,unclassified,unclassified,No rule matched,industrial_zone
9.42197,80.41412,0.38,0.44,2026-09-01,750,N,VIIRS,0.3,2.0NRT,303.32,D,VIIRS_SNPP_NRT,2.16,333.99,1,0,-1,0,1,0,416.9975116021806,383.99919880255516,369.661458088158,2122.435875228937,874.3178068729978,360.0553065678111,999,0,0,0,0,0,0,0,15,unclassified,unclassified,No rule matched,industrial_zone
9.4227,80.40959,0.38,0.44,2026-09-01,750,N,VIIRS,0.3,2.0NRT,303.37,D,VIIRS_SNPP_NRT,4.15,343.88,1,0,-1,0,1,0,416.89858863967885,383.8546096209414,369.5234528231276,2122.2540607778724,874.3142059887392,359.93396117554477,999,0,0,0,0,0,0,0,15,unclassified,unclassified,No rule matched,industrial_zone
9.4233,80.41309,0.38,0.44,2026-09-01,750,N,VIIRS,0.3,2.0NRT,304.67,D,VIIRS_SNPP_NRT,4.15,349.88,1,0,-1,0,1,0,416.8456202186882,383.83792488572834,369.5014627096954,2122.2678731190954,874.1890748424617,359.8986587869778,999,0,0,0,0,0,0,0,15,unclassified,unclassified,No rule matched,industrial_zone
9.4273,80.41241,0.38,0.44,2026-09-01,750,N,VIIRS,0.3,2.0NRT,305.8,D,VIIRS_SNPP_NRT,10.51,367.0,2,0,-1,0,1,0,416.3984384127191,383.3872334286487,369.0510369293012,2121.817269209576,873.7611030042219,359.4492707328458,999,0,0,0,0,0,0,0,15,unclassified,unclassified,No rule matched,industrial_zone
9.4283,80.39423,0.39,0.44,2026-09-01,750,N,VIIRS,0.3,2.0NRT,304.04,D,VIIRS_SNPP_NRT,2.36,333.51,0,0,-1,0,1,0,416.2201812541133,383.02404627624884,368.7148619085487,2121.2982205692574,873.9609052390884,359.18095623523374,999,0,0,0,0,0,0,0,15,unclassified,unclassified,No rule matched,industrial_zone
9.44431,80.39148,0.39,0.44,2026-09-01,750,N,VIIRS,0.3,2.0NRT,303.64,D,VIIRS_SNPP_NRT,3.35,340.36,1,0,-1,0,1,0,414.4314526876698,381.2201347418009,366.91220968359954,2119.493983883988,872.249925764143,357.38294589864535,999,0,0,0,0,0,0,0,15,unclassified,unclassified,No rule matched,industrial_zone
9.53506,80.38695,0.38,0.44,2026-09-01,750,N,VIIRS,0.5,2.0NRT,304.4,D,VIIRS_SNPP_NRT,25.84,342.55,1,0,-1,0,1,0,404.33005574120335,371.14632838776396,356.82857032487647,2109.516653294089,862.3646045227564,347.28348261761295,999,0,0,0,0,0,0,0,-1,unclassified,unclassified,Per-point analysis,none
9.57735,78.58523,0.5,0.49,2026-09-01,750,N,VIIRS,0.5,2.0NRT,305.45,D,VIIRS_SNPP_NRT,8.92,342.46,1,0,-1,0,1,0,439.80710442796925,353.6522064259487,350.964937426731,2072.3083327567083,876.8540637741397,345.8284200280819,999,0,0,0,0,0,0,0,-1,unclassified,unclassified,Per-point analysis,none
9.60892,79.98938,0.41,0.45,2026-09-01,750,N,VIIRS,0.5,2.0NRT,302.98,D,VIIRS_SNPP_NRT,4.83,345.28,1,0,-1,0,1,0,397.14282196655114,357.6667559955376,346.3498007134169,2092.859495403345,862.3115983103306,338.44993817634077,999,0,0,0,0,0,0,0,-1,unclassified,unclassified,Per-point analysis,none
9.63981,80.21948,0.39,0.44,2026-09-01,750,N,VIIRS,0.5,2.0NRT,300.71,D,VIIRS_SNPP_NRT,2.34,335.9,1,0,-1,0,1,0,392.53980886831863,357.66306322012724,343.6105950176778,2094.3871304041713,854.0192458204499,334.7124693139262,999,0,0,0,0,0,0,0,-1,unclassified,unclassified,Per-point analysis,none
9.64288,80.3102,0.39,0.44,2026-09-01,750,N,VIIRS,0.5,2.0NRT,302.49,D,VIIRS_SNPP_NRT,4.14,333.48,1,0,-1,0,1,0,392.17335235018396,358.25592221881635,344.0431038474491,2096.0578609999266,851.9294632494957,334.76770484087774,999,0,0,0,0,0,0,0,-1,unclassified,unclassified,Per-point analysis,none
9.6828,79.86526,0.41,0.45,2026-09-01,750,N,VIIRS,0.5,2.0NRT,302.61,D,VIIRS_SNPP_NRT,2.81,331.06,0,0,-1,0,1,0,390.26452372247036,347.5264818739132,338.5260817933589,2082.2543961062047,857.2416226103204,331.20331897281153,999,0,0,0,0,0,0,0,-1,unclassified,unclassified,Per-point analysis,none
9.77143,78.21916,0.52,0.5,2026-09-01,750,N,VIIRS,0.5,2.0NRT,302.84,D,VIIRS_SNPP_NRT,3.49,333.13,1,0,-1,0,1,0,439.20652603952584,324.18720658729166,324.1732876944712,2046.2630205358994,856.8297203238592,320.8319889698539,999,0,0,0,0,0,0,0,-1,unclassified,unclassified,Per-point analysis,none
9.8107,78.22701,0.52,0.5,2026-09-01,750,N,VIIRS,0.5,2.0NRT,302.93,D,VIIRS_SNPP_NRT,3.51,330.36,0,0,-1,0,1,0,435.00884924574336,320.0139036532573,319.9341600150906,2042.0133981083325,852.4187030337536,316.5305790391754,999,0,0,0,0,0,0,0,-1,unclassified,unclassified,Per-point analysis,none
9.95757,77.88288,0.55,0.51,2026-09-01,750,N,VIIRS,0.3,2.0NRT,305.57,D,VIIRS_SNPP_NRT,8.44,336.99,1,0,-1,0,1,0,442.03506859796255,299.76858192634154,299.7521413333514,2022.0206530242037,839.2716813447489,299.4528905195804,999,0,0,0,0,0,0,0,42,unclassified,unclassified,No rule matched,industrial_zone
9.95914,77.88472,0.55,0.51,2026-09-01,750,N,VIIRS,0.3,2.0NRT,305.78,D,VIIRS_SNPP_NRT,11.36,337.66,1,0,-1,0,1,0,441.7755256270213,299.60402463110296,299.5875993852457,2021.8652088937642,839.0768715657274,299.2806841543925,999,0,0,0,0,0,0,0,42,unclassified,unclassified,No rule matched,industrial_zone
9.96654,77.89884,0.55,0.51,2026-09-01,750,N,VIIRS,0.3,2.0NRT,305.78,D,VIIRS_SNPP_NRT,6.17,339.99,1,0,-1,0,1,0,440.2033686149893,298.86216644571255,298.8458577274397,2021.18768967257,838.0972614471152,298.4805356050638,999,0,0,0,0,0,0,0,42,unclassified,unclassified,No rule matched,industrial_zone
9.96955,77.89621,0.55,0.51,2026-09-01,750,N,VIIRS,0.3,2.0NRT,306.5,D,VIIRS_SNPP_NRT,13.59,343.87,1,0,-1,0,1,0,440.1003460288335,298.51244795396116,298.4961193713042,2020.8279039909164,837.7942142410592,298.1410656757539,999,0,0,0,0,0,0,0,42,unclassified,unclassified,No rule matched,industrial_zone
9.99659,77.51824,0.58,0.52,2026-09-01,750,N,VIIRS,0.5,2.0NRT,303.84,D,VIIRS_SNPP_NRT,3.0,343.88,1,0,-1,0,1,0,463.21483122171105,296.14990422423534,296.13067572815413,2014.405198576862,840.0958763529719,295.9950505509662,999,0,0,0,0,0,0,0,-1,unclassified,unclassified,Per-point analysis,none
9.99667,77.52258,0.58,0.52,2026-09-01,750,N,VIIRS,0.5,2.0NRT,303.41,D,VIIRS_SNPP_NRT,8.15,334.74,1,0,-1,0,1,0,462.9018888911835,296.1011592611185,296.081961952533,2014.4313335725467,840.0152635097185,296.00152669248513,999,0,0,0,0,0,0,0,-1,unclassified,unclassified,Per-point analysis,none
10.015,78.08784,0.53,0.5,2026-09-01,750,N,VIIRS,0.5,2.0NRT,304.53,D,VIIRS_SNPP_NRT,8.15,345.21,1,0,-1,0,1,0,423.94927292807284,295.3431592701835,295.32845402651117,2017.8287978218398,830.8309894697214,293.1618579923516,999,0,0,0,0,0,0,0,-1,unclassified,unclassified,Per-point analysis,none
10.38719,79.27933,0.44,0.46,2026-09-01,750,N,VIIRS,0.5,2.0NRT,305.99,D,VIIRS_SNPP_NRT,11.34,343.55,1,0,-1,0,1,0,327.7840288129442,266.788856240264,262.93926287212446,1994.0054611512658,789.0542512553037,253.52766690585227,999,0,0,0,0,0,0,0,-1,unclassified,unclassified,Per-point analysis,none
10.44507,78.80642,0.47,0.48,2026-09-01,750,N,VIIRS,0.5,2.0NRT,302.64,D,VIIRS_SNPP_NRT,3.98,332.13,0,0,-1,0,1,0,342.47672905070004,268.2371900108594,262.03944598088606,1979.8340821385705,780.321824348194,250.0591515541957,999,0,0,0,0,0,0,0,-1,unclassified,unclassified,Per-point analysis,none
10.44559,78.8073,0.47,0.48,2026-09-01,750,N,VIIRS,0.5,2.0NRT,301.71,D,VIIRS_SNPP_NRT,5.72,332.18,1,0,-1,0,1,0,342.3808545554025,268.1607212887411,261.9849813230932,1979.79026635551,780.2652275102514,250.00883101860106,999,0,0,0,0,0,0,0,-1,unclassified,unclassified,Per-point analysis,none
10.67588,78.80834,0.46,0.47,2026-09-01,750,N,VIIRS,0.5,2.0NRT,305.76,D,VIIRS_SNPP_NRT,4.1,334.64,0,0,-1,0,1,0,319.86101210625446,243.13784625803652,236.39939974687863,1954.4534560834668,754.6617998893258,224.49480894555774,999,0,0,0,0,0,0,0,-1,unclassified,unclassified,Per-point analysis,none
10.74769,78.83463,0.46,0.47,2026-09-01,750,N,VIIRS,0.5,2.0NRT,306.06,D,VIIRS_SNPP_NRT,6.13,344.12,1,0,-1,0,1,0,311.50681062184185,234.71095795527967,228.5543920906976,1946.9590217736911,746.7216256700402,216.81382988855844,999,0,0,0,0,0,0,0,-1,unclassified,unclassified,Per-point analysis,none
10.77378,78.65028,0.47,0.48,2026-09-01,750,N,VIIRS,0.5,2.0NRT,307.67,D,VIIRS_SNPP_NRT,5.62,335.4,0,0,-1,0,1,0,319.6253570864284,230.56150074876214,223.82468209037603,1941.290112900405,743.7386130581192,212.78468005176495,999,0,0,0,0,0,0,0,-1,unclassified,unclassified,Per-point analysis,none
10.86091,79.81236,0.4,0.44,2026-09-01,750,N,VIIRS,0.5,2.0NRT,298.78,D,VIIRS_SNPP_NRT,0.93,332.03,1,0,-1,0,1,0,261.57734066049215,217.1998489895969,207.77628037390554,1952.505645360449,731.7425951389818,201.0564461954261,999,0,0,0,0,0,0,0,-1,unclassified,unclassified,Per-point analysis,none
11.00781,77.43622,0.56,0.52,2026-09-01,750,N,VIIRS,0.5,2.0NRT,299.6,D,VIIRS_SNPP_NRT,7.15,332.41,1,0,-1,0,1,0,391.1146945026371,185.78584707502367,184.7539041497352,1901.6076916926224,730.7588884052225,183.40445985181557,999,0,0,0,0,0,0,0,-1,unclassified,unclassified,Per-point analysis,none
11.01218,79.41254,0.42,0.45,2026-09-01,750,N,VIIRS,0.5,2.0NRT,302.36,D,VIIRS_SNPP_NRT,1.56,334.72,1,0,-1,0,1,0,257.52851128825637,196.7111336046969,192.0609381201433,1927.952484813001,721.1359638935169,184.45518846746282,999,0,0,0,0,0,0,0,-1,unclassified,unclassified,Per-point analysis,none
11.01958,79.83994,0.39,0.44,2026-09-01,750,N,VIIRS,0.5,2.0NRT,303.87,D,VIIRS_SNPP_NRT,2.22,336.41,1,0,-1,0,1,0,243.68417873926222,200.50200433893693,190.45480138184024,1935.783660037183,713.9465026052395,183.20344472849445,999,0,0,0,0,0,0,0,-1,unclassified,unclassified,Per-point analysis,none
11.14795,78.03258,0.51,0.49,2026-09-01,750,N,VIIRS,0.5,2.0NRT,300.6,D,VIIRS_SNPP_NRT,4.53,336.34,1,0,-1,0,1,0,331.49355087012054,169.86904790508228,169.85568541048409,1891.9010256576166,705.9233489147832,167.1205461726835,999,0,0,0,0,0,0,0,-1,unclassified,unclassified,Per-point analysis,none
11.69378,79.12559,0.43,0.46,2026-09-01,750,N,VIIRS,0.3,2.0NRT,304.65,D,VIIRS_SNPP_NRT,3.94,336.91,1,0,-1,0,1,0,206.10577025407636,125.29326682665378,128.08553853985094,1847.9372217942544,642.9349354474319,109.82274246211841,999,0,0,0,0,0,0,0,43,unclassified,unclassified,No rule matched,industrial_zone
11.69394,79.12669,0.43,0.46,2026-09-01,750,N,VIIRS,0.3,2.0NRT,305.59,D,VIIRS_SNPP_NRT,5.89,334.62,0,0,-1,0,1,0,206.0193344110229,125.25581699403763,128.01600702575925,1847.9396191783758,642.9253467006091,109.7850068552347,999,0,0,0,0,0,0,0,43,unclassified,unclassified,No rule matched,industrial_zone
11.69813,79.12595,0.43,0.46,2026-09-01,750,N,VIIRS,0.3,2.0NRT,304.79,D,VIIRS_SNPP_NRT,5.89,355.18,1,0,-1,0,1,0,205.69654195116868,124.80980724744332,127.63567234686721,1847.466799931338,642.455029886475,109.33939278985116,999,0,0,0,0,0,0,0,43,unclassified,unclassified,No rule matched,industrial_zone
11.83094,79.66526,0.39,0.44,2026-09-01,750,N,VIIRS,0.5,2.0NRT,303.93,D,VIIRS_SNPP_NRT,1.86,331.46,0,0,-1,0,1,0,162.86101713244054,108.30057062754722,99.21026487311255,1843.5830419550596,633.8294663637344,99.04853563101872,999,0,0,0,0,0,0,0,-1,unclassified,unclassified,Per-point analysis,none
12.05853,79.84698,0.57,0.43,2026-09-01,750,N,VIIRS,0.5,2.0NRT,299.32,D,VIIRS_SNPP_NRT,3.58,331.63,1,0,-1,0,1,0,131.94819320773524,88.3390513995732,76.22122134541203,1822.7894875114769,603.4145648218393,68.86962751776525,999,0,0,0,0,0,0,0,-1,unclassified,unclassified,Per-point analysis,none
12.09285,79.56569,0.39,0.44,2026-09-01,750,N,VIIRS,0.5,2.0NRT,303.15,D,VIIRS_SNPP_NRT,4.53,341.02,1,0,-1,0,1,0,142.27172245433653,77.61832387347671,70.74323457270671,1812.9079515990431,604.0112954565665,70.21975977317369,999,0,0,0,0,0,0,0,-1,unclassified,unclassified,Per-point analysis,none
12.09304,79.56533,0.39,0.44,2026-09-01,750,N,VIIRS,0.5,2.0NRT,303.39,D,VIIRS_SNPP_NRT,2.38,342.44,1,0,-1,0,1,0,142.2750341666573,77.59093236824185,70.72765600555933,1812.8796438278994,603.9845439235253,70.18428711199843,999,0,0,0,0,0,0,0,-1,unclassified,unclassified,Per-point analysis,none
12.13102,78.14007,0.49,0.48,2026-09-01,750,N,VIIRS,0.5,2.0NRT,299.71,D,VIIRS_SNPP_NRT,8.28,332.63,1,0,-1,0,1,0,258.7210530545667,71.65373010909121,63.143932947847766,1784.5682189983193,595.9868259585959,58.98585988216976,999,0,0,0,0,0,0,0,-1,unclassified,unclassified,Per-point analysis,none
12.38799,79.56133,0.39,0.44,2026-09-01,750,N,VIIRS,0.5,2.0NRT,303.14,D,VIIRS_SNPP_NRT,2.06,332.27,1,0,-1,0,1,0,116.30044469666045,45.46728007480351,38.614421604946976,1780.6290792883426,571.5099132009849,38.87443896103051,999,0,0,0,0,0,0,0,-1,unclassified,unclassified,Per-point analysis,none
12.55496,79.97733,0.55,0.43,2026-09-01,750,N,VIIRS,0.5,2.0NRT,303.72,D,VIIRS_SNPP_NRT,6.59,343.27,1,0,-1,0,1,0,75.53291816733747,32.439323810691924,19.238141978524293,1771.9111559082548,546.6155485837298,11.894274698882343,999,0,0,0,0,0,0,0,-1,unclassified,unclassified,Per-point analysis,none
12.63548,79.86098,0.56,0.43,2026-09-01,750,N,VIIRS,0.5,2.0NRT,302.52,D,VIIRS_SNPP_NRT,5.87,334.7,1,0,-1,0,1,0,74.3721336059562,25.538404650852517,18.431882015952677,1760.4150663433024,542.5402431871581,8.330789896226804,999,0,0,0,0,0,0,0,-1,unclassified,unclassified,Per-point analysis,none
12.6515,79.40098,0.4,0.44,2026-09-01,750,N,VIIRS,0.5,2.0NRT,301.46,D,VIIRS_SNPP_NRT,2.19,337.49,1,0,-1,0,1,0,110.77801900523228,15.1830294620817,28.20925828778795,1748.5070262061163,539.9752225798082,11.433931007279984,999,0,0,0,0,0,0,0,-1,unclassified,unclassified,Per-point analysis,none
12.65554,79.40025,0.4,0.44,2026-09-01,750,N,VIIRS,0.5,2.0NRT,302.28,D,VIIRS_SNPP_NRT,2.19,336.68,1,0,-1,0,1,0,110.61214244698688,14.783918500033737,27.76854921636403,1748.0509439728523,539.519413164474,11.29543712483112,999,0,0,0,0,0,0,0,-1,unclassified,unclassified,Per-point analysis,none
12.8083,79.95654,0.55,0.43,2026-09-01,750,N,VIIRS,0.5,2.0NRT,302.28,D,VIIRS_SNPP_NRT,3.64,331.11,0,0,-1,0,1,0,52.8871035776841,4.183413796568713,3.329719152800682,1743.9441942525445,520.9001326841066,3.4308815512439965,999,0,1,1,0,0,2,0,-1,unclassified,unclassified,Per-point analysis,none
12.82044,79.10441,0.41,0.45,2026-09-01,750,N,VIIRS,0.5,2.0NRT,303.67,D,VIIRS_SNPP_NRT,5.45,338.59,1,0,-1,0,1,0,132.53421500715277,14.47504490038257,13.69855687651853,1724.1210503135176,517.8274591541146,5.542756954825454,999,0,0,0,0,0,0,0,-1,unclassified,unclassified,Per-point analysis,none
12.82455,79.10368,0.41,0.45,2026-09-01,750,N,VIIRS,0.5,2.0NRT,304.02,D,VIIRS_SNPP_NRT,5.9,332.39,0,0,-1,0,1,0,132.4757596751678,14.06583359111476,13.30175819583108,1723.6572453645363,517.3655787352127,5.082210356540885,999,0,0,0,0,0,0,0,-1,unclassified,unclassified,Per-point analysis,none
12.88371,78.21547,0.47,0.47,2026-09-01,750,N,VIIRS,0.5,2.0NRT,302.7,D,VIIRS_SNPP_NRT,3.46,333.65,1,0,-1,0,1,0,225.25951626968313,5.5078484926402735,33.954652211557125,1702.5012074753665,511.8935079955986,9.394187051774676,999,0,0,0,0,0,0,0,-1,unclassified,unclassified,Per-point analysis,none
13.20734,79.73056,0.56,0.43,2026-09-01,750,N,VIIRS,0.5,2.0NRT,301.37,D,VIIRS_SNPP_NRT,3.71,330.12,0,0,-1,0,1,0,58.981929492935016,14.864400892971547,16.05447185454099,1695.2751163497312,485.50119158657856,10.183340005016404,999,0,0,0,0,0,0,0,-1,unclassified,unclassified,Per-point analysis,none
13.85649,79.3286,0.38,0.43,2026-09-01,750,N,VIIRS,0.3,2.0NRT,296.39,D,VIIRS_SNPP_NRT,4.74,340.87,1,0,-1,0,1,0,127.3791393911301,31.897550097372513,8.102033210578861,1615.5937577655884,406.29028833834786,16.580627417295172,999,0,0,0,0,0,0,0,44,unclassified,unclassified,No rule matched,factory
13.85709,79.33201,0.38,0.43,2026-09-01,750,N,VIIRS,0.3,2.0NRT,298.61,D,VIIRS_SNPP_NRT,4.74,344.02,1,0,-1,0,1,0,127.12294754539101,31.739776091386325,7.770682969213949,1615.6028969465278,406.2837307369426,16.553548003135294,999,0,0,0,0,0,0,0,44,unclassified,unclassified,No rule matched,factory
13.86103,79.33105,0.38,0.43,2026-09-01,750,N,VIIRS,0.3,2.0NRT,296.24,D,VIIRS_SNPP_NRT,4.74,334.63,1,0,-1,0,1,0,127.46755675973324,32.15879184126121,8.014074747441054,1615.1528797551734,405.8346374210952,16.10636195261725,999,0,0,0,0,0,0,0,44,unclassified,unclassified,No rule matched,factory
14.43501,77.70506,0.47,0.48,2026-09-01,750,N,VIIRS,0.5,2.0NRT,296.7,D,VIIRS_SNPP_NRT,5.22,330.81,1,0,-1,0,1,0,310.9044548829012,4.02836831756089,31.060906305902705,1524.69486230396,353.44933531708966,2.952932801663015,999,0,1,0,0,0,1,0,-1,unclassified,unclassified,Per-point analysis,none
14.43581,77.70943,0.47,0.48,2026-09-01,750,N,VIIRS,0.5,2.0NRT,298.18,D,VIIRS_SNPP_NRT,11.47,343.02,1,0,-1,0,1,0,310.52311398248884,4.408277212475645,31.305571459243396,1524.6576137791108,353.2222774955104,2.906721438043625,999,0,1,0,0,0,1,0,-1,unclassified,unclassified,Per-point analysis,none
14.49206,77.77126,0.47,0.48,2026-09-01,750,N,VIIRS,0.5,2.0NRT,298.34,D,VIIRS_SNPP_NRT,8.52,343.95,1,0,-1,0,1,0,307.4838903687264,6.398439283008287,39.696838487942884,1519.1812996795318,345.27840419787793,10.943805675479357,999,0,0,0,0,0,0,0,-1,unclassified,unclassified,Per-point analysis,none
14.54064,79.68484,0.54,0.42,2026-09-01,750,N,VIIRS,0.5,2.0NRT,297.25,D,VIIRS_SNPP_NRT,9.29,344.26,1,0,-1,0,1,0,164.66955896656313,11.097928664167076,19.648087871376774,1549.701033839098,341.02381079718344,11.457498251611568,999,0,0,0,0,0,0,0,-1,unclassified,unclassified,Per-point analysis,none
14.86462,77.31979,0.49,0.49,2026-09-01,752,N,VIIRS,0.5,2.0NRT,292.46,D,VIIRS_SNPP_NRT,2.62,335.31,1,0,-1,0,1,0,370.087757578211,35.12652126137938,50.63294962576888,1473.1055695609136,324.9342389976501,8.219544330258115,999,0,0,0,0,0,0,0,-1,unclassified,unclassified,Per-point analysis,none
14.95313,79.62963,0.53,0.42,2026-09-01,752,N,VIIRS,0.5,2.0NRT,300.36,D,VIIRS_SNPP_NRT,5.79,338.9,1,0,-1,0,1,0,209.5525585298616,12.042349689692138,42.51197210223936,1503.7237077361285,295.6217316913959,36.33995946811424,999,0,0,0,0,0,0,0,-1,unclassified,unclassified,Per-point analysis,none
14.95399,79.63455,0.53,0.42,2026-09-01,752,N,VIIRS,0.5,2.0NRT,299.32,D,VIIRS_SNPP_NRT,5.79,333.95,1,0,-1,0,1,0,209.4648404805076,12.393047644331883,42.76676619203551,1503.7560066414155,295.70561962297995,36.6275981351343,999,0,0,0,0,0,0,0,-1,unclassified,unclassified,Per-point analysis,none
15.18663,76.75148,0.53,0.5,2026-09-01,752,N,VIIRS,0.5,2.0NRT,289.96,D,VIIRS_SNPP_NRT,3.78,337.67,1,0,-1,0,1,0,440.8472217920665,12.576870564050763,20.667692506188693,1433.2222676139938,328.42556454323187,3.8159072415485196,999,0,0,0,0,0,7,0,-1,unclassified,unclassified,Per-point analysis,none
15.88618,79.82315,0.5,0.41,2026-09-01,752,N,VIIRS,0.5,2.0NRT,301.09,D,VIIRS_SNPP_NRT,7.0,338.82,0,0,-1,0,1,0,231.6453564892532,14.36129374037493,38.42837305370672,1408.508181175473,211.34897507258643,13.44347461808446,999,0,0,0,0,0,0,0,-1,unclassified,unclassified,Per-point analysis,none
15.88993,79.82246,0.5,0.41,2026-09-01,752,N,VIIRS,0.5,2.0NRT,299.72,D,VIIRS_SNPP_NRT,7.0,339.55,1,0,-1,0,1,0,231.5909675354682,14.781048703608672,38.72123213935588,1408.086594364686,210.96159290598735,13.762991429808023,999,0,0,0,0,0,0,0,-1,unclassified,unclassified,Per-point analysis,none
17.95781,80.79736,0.43,0.38,2026-09-01,752,N,VIIRS,0.5,2.0NRT,292.25,D,VIIRS_SNPP_NRT,5.73,336.54,1,0,-1,0,1,0,199.56938400973806,3.1198946952202964,38.64315357014749,1224.0497477176984,126.5215010470058,3.3590412535594085,999,0,1,0,0,0,1,0,-1,unclassified,unclassified,Per-point analysis,none
27.52273,68.33573,0.5,0.65,2026-09-01,756,N,VIIRS,0.5,2.0NRT,298.29,D,VIIRS_SNPP_NRT,7.3,353.91,1,0,-1,0,1,0,588.3455526303571,322.53893855547875,479.8017697349981,759.4081783337583,593.5110350723077,321.88308620848494,999,0,0,0,0,0,0,0,-1,unclassified,unclassified,Per-point analysis,none
30.67169,73.90612,0.41,0.45,2026-09-01,756,N,VIIRS,0.5,2.0NRT,294.93,D,VIIRS_SNPP_NRT,3.03,334.61,1,0,-1,0,1,0,130.7967983622424,72.13775836135758,61.56684183888043,356.22158145641436,1007.125844713346,60.11272613384408,999,0,0,0,0,0,0,0,-1,unclassified,unclassified,Per-point analysis,none
32.2988,73.30443,0.41,0.45,2026-09-01,756,N,VIIRS,0.5,2.0NRT,294.81,D,VIIRS_SNPP_NRT,2.61,331.8,1,0,-1,0,1,0,307.6796416856836,197.77568139665914,196.56634433280942,539.4672401596808,1155.364683597663,197.2465130390433,999,0,0,0,0,0,0,0,-1,unclassified,unclassified,Per-point analysis,none
