{
  "type": "FeatureCollection",
  "features": [
    {
      "type": "Feature",
      "geometry": {
        "type": "Point",
        "coordinates": [
          94.2222,
          27.98973
        ]
      },
      "properties": {
        "classification": "unclassified",
        "rule_class": "unclassified",
        "ml_class": "unclassified",
        "confidence": 0.3,
        "frp": 18.02,
        "bright_ti4": 336.75,
        "acq_date": "2026-08-30",
        "daynight": "D",
        "instrument": "VIIRS",
        "cluster_id": -1,
        "nearest_site_type": "power_plant"
      }
    },
    {
      "type": "Feature",
      "geometry": {
        "type": "Point",
        "coordinates": [
          90.99751,
          29.55473
        ]
      },
      "properties": {
        "classification": "unclassified",
        "rule_class": "unclassified",
        "ml_class": "unclassified",
        "confidence": 0.3,
        "frp": 4.5,
        "bright_ti4": 325.18,
        "acq_date": "2026-08-30",
        "daynight": "D",
        "instrument": "VIIRS",
        "cluster_id": -1,
        "nearest_site_type": "power_plant"
      }
    },
    {
      "type": "Feature",
      "geometry": {
        "type": "Point",
        "coordinates": [
          90.99095,
          29.55749
        ]
      },
      "properties": {
        "classification": "unclassified",
        "rule_class": "unclassified",
        "ml_class": "unclassified",
        "confidence": 0.3,
        "frp": 5.61,
        "bright_ti4": 328.38,
        "acq_date": "2026-08-30",
        "daynight": "D",
        "instrument": "VIIRS",
        "cluster_id": -1,
        "nearest_site_type": "power_plant"
      }
    },
    {
      "type": "Feature",
      "geometry": {
        "type": "Point",
        "coordinates": [
          90.98225,
          29.65337
        ]
      },
      "properties": {
        "classification": "unclassified",
        "rule_class": "unclassified",
        "ml_class": "unclassified",
        "confidence": 0.3,
        "frp": 3.42,
        "bright_ti4": 327.32,
        "acq_date": "2026-08-30",
        "daynight": "D",
        "instrument": "VIIRS",
        "cluster_id": -1,
        "nearest_site_type": "power_plant"
      }
    },
    {
      "type": "Feature",
      "geometry": {
        "type": "Point",
        "coordinates": [
          80.86079,
          6.24721
        ]
      },
      "properties": {
        "classification": "unclassified",
        "rule_class": "unclassified",
        "ml_class": "unclassified",
        "confidence": 0.3,
        "frp": 2.37,
        "bright_ti4": 335.72,
        "acq_date": "2026-08-30",
        "daynight": "D",
        "instrument": "VIIRS",
        "cluster_id": -1,
        "nearest_site_type": "industrial_zone"
      }
    },
    {
      "type": "Feature",
      "geometry": {
        "type": "Point",
        "coordinates": [
          81.05721,
          6.26749
        ]
      },
      "properties": {
        "classification": "unclassified",
        "rule_class": "unclassified",
        "ml_class": "unclassified",
        "confidence": 0.3,
        "frp": 13.47,
        "bright_ti4": 334.91,
        "acq_date": "2026-08-30",
        "daynight": "D",
        "instrument": "VIIRS",
        "cluster_id": -1,
        "nearest_site_type": "industrial_zone"
      }
    },
    {
      "type": "Feature",
      "geometry": {
        "type": "Point",
        "coordinates": [
          81.09254,
          6.45618
        ]
      },
      "properties": {
        "classification": "unclassified",
        "rule_class": "unclassified",
        "ml_class": "unclassified",
        "confidence": 0.3,
        "frp": 7.3,
        "bright_ti4": 345.43,
        "acq_date": "2026-08-30",
        "daynight": "D",
        "instrument": "VIIRS",
        "cluster_id": 0,
        "nearest_site_type": "industrial_zone"
      }
    },
    {
      "type": "Feature",
      "geometry": {
        "type": "Point",
        "coordinates": [
          81.09754,
          6.45692
        ]
      },
      "properties": {
        "classification": "unclassified",
        "rule_class": "unclassified",
        "ml_class": "unclassified",
        "confidence": 0.3,
        "frp": 19.19,
        "bright_ti4": 349.51,
        "acq_date": "2026-08-30",
        "daynight": "D",
        "instrument": "VIIRS",
        "cluster_id": 0,
        "nearest_site_type": "industrial_zone"
      }
    },
    {
      "type": "Feature",
      "geometry": {
        "type": "Point",
        "coordinates": [
          81.09015,
          6.45926
        ]
      },
      "properties": {
        "classification": "unclassified",
        "rule_class": "unclassified",
        "ml_class": "unclassified",
        "confidence": 0.3,
        "frp": 8.32,
        "bright_ti4": 346.16,
        "acq_date": "2026-08-30",
        "daynight": "D",
        "instrument": "VIIRS",
        "cluster_id": 0,
        "nearest_site_type": "industrial_zone"
      }
    },
    {
      "type": "Feature",
      "geometry": {
        "type": "Point",
        "coordinates": [
          81.09512,
          6.45996
        ]
      },
      "properties": {
        "classification": "unclassified",
        "rule_class": "unclassified",
        "ml_class": "unclassified",
        "confidence": 0.3,
        "frp": 8.32,
        "bright_ti4": 348.18,
        "acq_date": "2026-08-30",
        "daynight": "D",
        "instrument": "VIIRS",
        "cluster_id": 0,
        "nearest_site_type": "industrial_zone"
      }
    },
    {
      "type": "Feature",
      "geometry": {
        "type": "Point",
        "coordinates": [
          81.09199,
          6.46012
        ]
      },
      "properties": {
        "classification": "unclassified",
        "rule_class": "unclassified",
        "ml_class": "unclassified",
        "confidence": 0.3,
        "frp": 7.3,
        "bright_ti4": 341.66,
        "acq_date": "2026-08-30",
        "daynight": "D",
        "instrument": "VIIRS",
        "cluster_id": 0,
        "nearest_site_type": "industrial_zone"
      }
    },
    {
      "type": "Feature",
      "geometry": {
        "type": "Point",
        "coordinates": [
          80.87236,
          6.55183
        ]
      },
      "properties": {
        "classification": "unclassified",
        "rule_class": "unclassified",
        "ml_class": "unclassified",
        "confidence": 0.3,
        "frp": 11.61,
        "bright_ti4": 346.14,
        "acq_date": "2026-08-30",
        "daynight": "D",
        "instrument": "VIIRS",
        "cluster_id": -1,
        "nearest_site_type": "industrial_zone"
      }
    },
    {
      "type": "Feature",
      "geometry": {
        "type": "Point",
        "coordinates": [
          80.87561,
          6.55189
        ]
      },
      "properties": {
        "classification": "unclassified",
        "rule_class": "unclassified",
        "ml_class": "unclassified",
        "confidence": 0.3,
        "frp": 8.33,
        "bright_ti4": 334.36,
        "acq_date": "2026-08-30",
        "daynight": "D",
        "instrument": "VIIRS",
        "cluster_id": -1,
        "nearest_site_type": "industrial_zone"
      }
    },
    {
      "type": "Feature",
      "geometry": {
        "type": "Point",
        "coordinates": [
          81.05585,
          6.56987
        ]
      },
      "properties": {
        "classification": "unclassified",
        "rule_class": "unclassified",
        "ml_class": "unclassified",
        "confidence": 0.3,
        "frp": 39.3,
        "bright_ti4": 349.19,
        "acq_date": "2026-08-30",
        "daynight": "D",
        "instrument": "VIIRS",
        "cluster_id": 1,
        "nearest_site_type": "industrial_zone"
      }
    },
    {
      "type": "Feature",
      "geometry": {
        "type": "Point",
        "coordinates": [
          81.05381,
          6.57044
        ]
      },
      "properties": {
        "classification": "unclassified",
        "rule_class": "unclassified",
        "ml_class": "unclassified",
        "confidence": 0.3,
        "frp": 18.25,
        "bright_ti4": 336.92,
        "acq_date": "2026-08-30",
        "daynight": "D",
        "instrument": "VIIRS",
        "cluster_id": 1,
        "nearest_site_type": "industrial_zone"
      }
    },
    {
      "type": "Feature",
      "geometry": {
        "type": "Point",
        "coordinates": [
          81.0588,
          6.57118
        ]
      },
      "properties": {
        "classification": "unclassified",
        "rule_class": "unclassified",
        "ml_class": "unclassified",
        "confidence": 0.3,
        "frp": 18.25,
        "bright_ti4": 337.67,
        "acq_date": "2026-08-30",
        "daynight": "D",
        "instrument": "VIIRS",
        "cluster_id": 1,
        "nearest_site_type": "industrial_zone"
      }
    },
    {
      "type": "Feature",
      "geometry": {
        "type": "Point",
        "coordinates": [
          81.53472,
          6.71188
        ]
      },
      "properties": {
        "classification": "unclassified",
        "rule_class": "unclassified",
        "ml_class": "unclassified",
        "confidence": 0.3,
        "frp": 3.03,
        "bright_ti4": 341.78,
        "acq_date": "2026-08-30",
        "daynight": "D",
        "instrument": "VIIRS",
        "cluster_id": 2,
        "nearest_site_type": "industrial_zone"
      }
    },
    {
      "type": "Feature",
      "geometry": {
        "type": "Point",
        "coordinates": [
          81.5371,
          6.72053
        ]
      },
      "properties": {
        "classification": "unclassified",
        "rule_class": "unclassified",
        "ml_class": "unclassified",
        "confidence": 0.3,
        "frp": 5.65,
        "bright_ti4": 342.87,
        "acq_date": "2026-08-30",
        "daynight": "D",
        "instrument": "VIIRS",
        "cluster_id": 2,
        "nearest_site_type": "industrial_zone"
      }
    },
    {
      "type": "Feature",
      "geometry": {
        "type": "Point",
        "coordinates": [
          81.5407,
          6.72105
        ]
      },
      "properties": {
        "classification": "unclassified",
        "rule_class": "unclassified",
        "ml_class": "unclassified",
        "confidence": 0.3,
        "frp": 5.65,
        "bright_ti4": 343.31,
        "acq_date": "2026-08-30",
        "daynight": "D",
        "instrument": "VIIRS",
        "cluster_id": 2,
        "nearest_site_type": "industrial_zone"
      }
    },
    {
      "type": "Feature",
      "geometry": {
        "type": "Point",
        "coordinates": [
          81.16361,
          6.72933
        ]
      },
      "properties": {
        "classification": "unclassified",
        "rule_class": "unclassified",
        "ml_class": "unclassified",
        "confidence": 0.3,
        "frp": 4.87,
        "bright_ti4": 339.18,
        "acq_date": "2026-08-30",
        "daynight": "D",
        "instrument": "VIIRS",
        "cluster_id": -1,
        "nearest_site_type": "industrial_zone"
      }
    },
    {
      "type": "Feature",
      "geometry": {
        "type": "Point",
        "coordinates": [
          81.16302,
          6.7333
        ]
      },
      "properties": {
        "classification": "unclassified",
        "rule_class": "unclassified",
        "ml_class": "unclassified",
        "confidence": 0.3,
        "frp": 19.5,
        "bright_ti4": 349.54,
        "acq_date": "2026-08-30",
        "daynight": "D",
        "instrument": "VIIRS",
        "cluster_id": -1,
        "nearest_site_type": "industrial_zone"
      }
    },
    {
      "type": "Feature",
      "geometry": {
        "type": "Point",
        "coordinates": [
          81.50845,
          6.7412
        ]
      },
      "properties": {
        "classification": "unclassified",
        "rule_class": "unclassified",
        "ml_class": "unclassified",
        "confidence": 0.3,
        "frp": 4.05,
        "bright_ti4": 342.02,
        "acq_date": "2026-08-30",
        "daynight": "D",
        "instrument": "VIIRS",
        "cluster_id": 3,
        "nearest_site_type": "industrial_zone"
      }
    },
    {
      "type": "Feature",
      "geometry": {
        "type": "Point",
        "coordinates": [
          81.50769,
          6.74123
        ]
      },
      "properties": {
        "classification": "unclassified",
        "rule_class": "unclassified",
        "ml_class": "unclassified",
        "confidence": 0.3,
        "frp": 3.86,
        "bright_ti4": 340.69,
        "acq_date": "2026-08-30",
        "daynight": "D",
        "instrument": "VIIRS",
        "cluster_id": 3,
        "nearest_site_type": "industrial_zone"
      }
    },
    {
      "type": "Feature",
      "geometry": {
        "type": "Point",
        "coordinates": [
          81.53226,
          6.74882
        ]
      },
      "properties": {
        "classification": "unclassified",
        "rule_class": "unclassified",
        "ml_class": "unclassified",
        "confidence": 0.3,
        "frp": 3.11,
        "bright_ti4": 335.77,
        "acq_date": "2026-08-30",
        "daynight": "D",
        "instrument": "VIIRS",
        "cluster_id": 3,
        "nearest_site_type": "industrial_zone"
      }
    },
    {
      "type": "Feature",
      "geometry": {
        "type": "Point",
        "coordinates": [
          81.53299,
          6.74896
        ]
      },
      "properties": {
        "classification": "unclassified",
        "rule_class": "unclassified",
        "ml_class": "unclassified",
        "confidence": 0.3,
        "frp": 3.24,
        "bright_ti4": 336.66,
        "acq_date": "2026-08-30",
        "daynight": "D",
        "instrument": "VIIRS",
        "cluster_id": 3,
        "nearest_site_type": "industrial_zone"
      }
    },
    {
      "type": "Feature",
      "geometry": {
        "type": "Point",
        "coordinates": [
          81.78619,
          6.77788
        ]
      },
      "properties": {
        "classification": "unclassified",
        "rule_class": "unclassified",
        "ml_class": "unclassified",
        "confidence": 0.3,
        "frp": 4.91,
        "bright_ti4": 338.04,
        "acq_date": "2026-08-30",
        "daynight": "D",
        "instrument": "VIIRS",
        "cluster_id": -1,
        "nearest_site_type": "industrial_zone"
      }
    },
    {
      "type": "Feature",
      "geometry": {
        "type": "Point",
        "coordinates": [
          81.55489,
          6.7977
        ]
      },
      "properties": {
        "classification": "unclassified",
        "rule_class": "unclassified",
        "ml_class": "unclassified",
        "confidence": 0.3,
        "frp": 6.68,
        "bright_ti4": 349.29,
        "acq_date": "2026-08-30",
        "daynight": "D",
        "instrument": "VIIRS",
        "cluster_id": -1,
        "nearest_site_type": "industrial_zone"
      }
    },
    {
      "type": "Feature",
      "geometry": {
        "type": "Point",
        "coordinates": [
          81.55614,
          6.81451
        ]
      },
      "properties": {
        "classification": "unclassified",
        "rule_class": "unclassified",
        "ml_class": "unclassified",
        "confidence": 0.3,
        "frp": 3.16,
        "bright_ti4": 340.43,
        "acq_date": "2026-08-30",
        "daynight": "D",
        "instrument": "VIIRS",
        "cluster_id": -1,
        "nearest_site_type": "industrial_zone"
      }
    },
    {
      "type": "Feature",
      "geometry": {
        "type": "Point",
        "coordinates": [
          81.5262,
          6.81849
        ]
      },
      "properties": {
        "classification": "unclassified",
        "rule_class": "unclassified",
        "ml_class": "unclassified",
        "confidence": 0.3,
        "frp": 2.63,
        "bright_ti4": 339.07,
        "acq_date": "2026-08-30",
        "daynight": "D",
        "instrument": "VIIRS",
        "cluster_id": 4,
        "nearest_site_type": "industrial_zone"
      }
    },
    {
      "type": "Feature",
      "geometry": {
        "type": "Point",
        "coordinates": [
          81.43449,
          6.863
        ]
      },
      "properties": {
        "classification": "unclassified",
        "rule_class": "unclassified",
        "ml_class": "unclassified",
        "confidence": 0.3,
        "frp": 3.02,
        "bright_ti4": 332.96,
        "acq_date": "2026-08-30",
        "daynight": "D",
        "instrument": "VIIRS",
        "cluster_id": -1,
        "nearest_site_type": "industrial_zone"
      }
    },
    {
      "type": "Feature",
      "geometry": {
        "type": "Point",
        "coordinates": [
          81.66621,
          6.89576
        ]
      },
      "properties": {
        "classification": "unclassified",
        "rule_class": "unclassified",
        "ml_class": "unclassified",
        "confidence": 0.3,
        "frp": 3.31,
        "bright_ti4": 331.54,
        "acq_date": "2026-08-30",
        "daynight": "D",
        "instrument": "VIIRS",
        "cluster_id": -1,
        "nearest_site_type": "industrial_zone"
      }
    },
    {
      "type": "Feature",
      "geometry": {
        "type": "Point",
        "coordinates": [
          81.61536,
          6.96385
        ]
      },
      "properties": {
        "classification": "unclassified",
        "rule_class": "unclassified",
        "ml_class": "unclassified",
        "confidence": 0.3,
        "frp": 6.91,
        "bright_ti4": 336.56,
        "acq_date": "2026-08-30",
        "daynight": "D",
        "instrument": "VIIRS",
        "cluster_id": -1,
        "nearest_site_type": "industrial_zone"
      }
    },
    {
      "type": "Feature",
      "geometry": {
        "type": "Point",
        "coordinates": [
          81.40194,
          7.01565
        ]
      },
      "properties": {
        "classification": "unclassified",
        "rule_class": "unclassified",
        "ml_class": "unclassified",
        "confidence": 0.3,
        "frp": 3.69,
        "bright_ti4": 344.36,
        "acq_date": "2026-08-30",
        "daynight": "D",
        "instrument": "VIIRS",
        "cluster_id": -1,
        "nearest_site_type": "industrial_zone"
      }
    },
    {
      "type": "Feature",
      "geometry": {
        "type": "Point",
        "coordinates": [
          81.60059,
          7.01929
        ]
      },
      "properties": {
        "classification": "unclassified",
        "rule_class": "unclassified",
        "ml_class": "unclassified",
        "confidence": 0.3,
        "frp": 2.25,
        "bright_ti4": 332.84,
        "acq_date": "2026-08-30",
        "daynight": "D",
        "instrument": "VIIRS",
        "cluster_id": 5,
        "nearest_site_type": "industrial_zone"
      }
    },
    {
      "type": "Feature",
      "geometry": {
        "type": "Point",
        "coordinates": [
          81.68468,
          7.10918
        ]
      },
      "properties": {
        "classification": "unclassified",
        "rule_class": "unclassified",
        "ml_class": "unclassified",
        "confidence": 0.3,
        "frp": 4.05,
        "bright_ti4": 335.1,
        "acq_date": "2026-08-30",
        "daynight": "D",
        "instrument": "VIIRS",
        "cluster_id": -1,
        "nearest_site_type": "industrial_zone"
      }
    },
    {
      "type": "Feature",
      "geometry": {
        "type": "Point",
        "coordinates": [
          81.41004,
          7.13256
        ]
      },
      "properties": {
        "classification": "unclassified",
        "rule_class": "unclassified",
        "ml_class": "unclassified",
        "confidence": 0.3,
        "frp": 2.12,
        "bright_ti4": 330.14,
        "acq_date": "2026-08-30",
        "daynight": "D",
        "instrument": "VIIRS",
        "cluster_id": -1,
        "nearest_site_type": "industrial_zone"
      }
    },
    {
      "type": "Feature",
      "geometry": {
        "type": "Point",
        "coordinates": [
          81.59032,
          7.21619
        ]
      },
      "properties": {
        "classification": "unclassified",
        "rule_class": "unclassified",
        "ml_class": "unclassified",
        "confidence": 0.3,
        "frp": 5.44,
        "bright_ti4": 337.99,
        "acq_date": "2026-08-30",
        "daynight": "D",
        "instrument": "VIIRS",
        "cluster_id": -1,
        "nearest_site_type": "industrial_zone"
      }
    },
    {
      "type": "Feature",
      "geometry": {
        "type": "Point",
        "coordinates": [
          81.1773,
          7.27317
        ]
      },
      "properties": {
        "classification": "unclassified",
        "rule_class": "unclassified",
        "ml_class": "unclassified",
        "confidence": 0.3,
        "frp": 2.91,
        "bright_ti4": 330.44,
        "acq_date": "2026-08-30",
        "daynight": "D",
        "instrument": "VIIRS",
        "cluster_id": 6,
        "nearest_site_type": "industrial_zone"
      }
    },
    {
      "type": "Feature",
      "geometry": {
        "type": "Point",
        "coordinates": [
          81.14547,
          7.27678
        ]
      },
      "properties": {
        "classification": "unclassified",
        "rule_class": "unclassified",
        "ml_class": "unclassified",
        "confidence": 0.3,
        "frp": 4.38,
        "bright_ti4": 337.26,
        "acq_date": "2026-08-30",
        "daynight": "D",
        "instrument": "VIIRS",
        "cluster_id": 6,
        "nearest_site_type": "industrial_zone"
      }
    },
    {
      "type": "Feature",
      "geometry": {
        "type": "Point",
        "coordinates": [
          81.15067,
          7.27753
        ]
      },
      "properties": {
        "classification": "unclassified",
        "rule_class": "unclassified",
        "ml_class": "unclassified",
        "confidence": 0.3,
        "frp": 4.38,
        "bright_ti4": 337.79,
        "acq_date": "2026-08-30",
        "daynight": "D",
        "instrument": "VIIRS",
        "cluster_id": 6,
        "nearest_site_type": "industrial_zone"
      }
    },
    {
      "type": "Feature",
      "geometry": {
        "type": "Point",
        "coordinates": [
          81.59621,
          7.27994
        ]
      },
      "properties": {
        "classification": "unclassified",
        "rule_class": "unclassified",
        "ml_class": "unclassified",
        "confidence": 0.3,
        "frp": 5.24,
        "bright_ti4": 340.82,
        "acq_date": "2026-08-30",
        "daynight": "D",
        "instrument": "VIIRS",
        "cluster_id": -1,
        "nearest_site_type": "industrial_zone"
      }
    },
    {
      "type": "Feature",
      "geometry": {
        "type": "Point",
        "coordinates": [
          81.80795,
          7.29368
        ]
      },
      "properties": {
        "classification": "unclassified",
        "rule_class": "unclassified",
        "ml_class": "unclassified",
        "confidence": 0.3,
        "frp": 2.34,
        "bright_ti4": 332.54,
        "acq_date": "2026-08-30",
        "daynight": "D",
        "instrument": "VIIRS",
        "cluster_id": -1,
        "nearest_site_type": "industrial_zone"
      }
    },
    {
      "type": "Feature",
      "geometry": {
        "type": "Point",
        "coordinates": [
          81.10326,
          7.31546
        ]
      },
      "properties": {
        "classification": "unclassified",
        "rule_class": "unclassified",
        "ml_class": "unclassified",
        "confidence": 0.3,
        "frp": 6.49,
        "bright_ti4": 334.42,
        "acq_date": "2026-08-30",
        "daynight": "D",
        "instrument": "VIIRS",
        "cluster_id": 7,
        "nearest_site_type": "industrial_zone"
      }
    },
    {
      "type": "Feature",
      "geometry": {
        "type": "Point",
        "coordinates": [
          81.10839,
          7.31621
        ]
      },
      "properties": {
        "classification": "unclassified",
        "rule_class": "unclassified",
        "ml_class": "unclassified",
        "confidence": 0.3,
        "frp": 9.05,
        "bright_ti4": 336.91,
        "acq_date": "2026-08-30",
        "daynight": "D",
        "instrument": "VIIRS",
        "cluster_id": 7,
        "nearest_site_type": "industrial_zone"
      }
    },
    {
      "type": "Feature",
      "geometry": {
        "type": "Point",
        "coordinates": [
          81.76224,
          7.31681
        ]
      },
      "properties": {
        "classification": "unclassified",
        "rule_class": "unclassified",
        "ml_class": "unclassified",
        "confidence": 0.3,
        "frp": 5.41,
        "bright_ti4": 344.78,
        "acq_date": "2026-08-30",
        "daynight": "D",
        "instrument": "VIIRS",
        "cluster_id": 8,
        "nearest_site_type": "industrial_zone"
      }
    },
    {
      "type": "Feature",
      "geometry": {
        "type": "Point",
        "coordinates": [
          81.10786,
          7.32021
        ]
      },
      "properties": {
        "classification": "unclassified",
        "rule_class": "unclassified",
        "ml_class": "unclassified",
        "confidence": 0.3,
        "frp": 2.2,
        "bright_ti4": 336.09,
        "acq_date": "2026-08-30",
        "daynight": "D",
        "instrument": "VIIRS",
        "cluster_id": 7,
        "nearest_site_type": "industrial_zone"
      }
    },
    {
      "type": "Feature",
      "geometry": {
        "type": "Point",
        "coordinates": [
          81.80387,
          7.32289
        ]
      },
      "properties": {
        "classification": "unclassified",
        "rule_class": "unclassified",
        "ml_class": "unclassified",
        "confidence": 0.3,
        "frp": 2.59,
        "bright_ti4": 340.57,
        "acq_date": "2026-08-30",
        "daynight": "D",
        "instrument": "VIIRS",
        "cluster_id": 9,
        "nearest_site_type": "industrial_zone"
      }
    },
    {
      "type": "Feature",
      "geometry": {
        "type": "Point",
        "coordinates": [
          81.80315,
          7.3236
        ]
      },
      "properties": {
        "classification": "unclassified",
        "rule_class": "unclassified",
        "ml_class": "unclassified",
        "confidence": 0.3,
        "frp": 2.14,
        "bright_ti4": 331.97,
        "acq_date": "2026-08-30",
        "daynight": "D",
        "instrument": "VIIRS",
        "cluster_id": 9,
        "nearest_site_type": "industrial_zone"
      }
    },
    {
      "type": "Feature",
      "geometry": {
        "type": "Point",
        "coordinates": [
          81.2229,
          7.32474
        ]
      },
      "properties": {
        "classification": "unclassified",
        "rule_class": "unclassified",
        "ml_class": "unclassified",
        "confidence": 0.3,
        "frp": 5.09,
        "bright_ti4": 344.58,
        "acq_date": "2026-08-30",
        "daynight": "D",
        "instrument": "VIIRS",
        "cluster_id": -1,
        "nearest_site_type": "factory"
      }
    },
    {
      "type": "Feature",
      "geometry": {
        "type": "Point",
        "coordinates": [
          81.20717,
          7.33473
        ]
      },
      "properties": {
        "classification": "unclassified",
        "rule_class": "unclassified",
        "ml_class": "unclassified",
        "confidence": 0.3,
        "frp": 10.19,
        "bright_ti4": 357.22,
        "acq_date": "2026-08-30",
        "daynight": "D",
        "instrument": "VIIRS",
        "cluster_id": 10,
        "nearest_site_type": "industrial_zone"
      }
    },
    {
      "type": "Feature",
      "geometry": {
        "type": "Point",
        "coordinates": [
          81.73465,
          7.34377
        ]
      },
      "properties": {
        "classification": "unclassified",
        "rule_class": "unclassified",
        "ml_class": "unclassified",
        "confidence": 0.3,
        "frp": 3.47,
        "bright_ti4": 336.86,
        "acq_date": "2026-08-30",
        "daynight": "D",
        "instrument": "VIIRS",
        "cluster_id": -1,
        "nearest_site_type": "industrial_zone"
      }
    },
    {
      "type": "Feature",
      "geometry": {
        "type": "Point",
        "coordinates": [
          81.19792,
          7.35118
        ]
      },
      "properties": {
        "classification": "unclassified",
        "rule_class": "unclassified",
        "ml_class": "unclassified",
        "confidence": 0.3,
        "frp": 3.8,
        "bright_ti4": 336.49,
        "acq_date": "2026-08-30",
        "daynight": "D",
        "instrument": "VIIRS",
        "cluster_id": 10,
        "nearest_site_type": "industrial_zone"
      }
    },
    {
      "type": "Feature",
      "geometry": {
        "type": "Point",
        "coordinates": [
          81.81868,
          7.35132
        ]
      },
      "properties": {
        "classification": "unclassified",
        "rule_class": "unclassified",
        "ml_class": "unclassified",
        "confidence": 0.3,
        "frp": 2.2,
        "bright_ti4": 335.23,
        "acq_date": "2026-08-30",
        "daynight": "D",
        "instrument": "VIIRS",
        "cluster_id": -1,
        "nearest_site_type": "factory"
      }
    },
    {
      "type": "Feature",
      "geometry": {
        "type": "Point",
        "coordinates": [
          81.2014,
          7.35166
        ]
      },
      "properties": {
        "classification": "unclassified",
        "rule_class": "unclassified",
        "ml_class": "unclassified",
        "confidence": 0.3,
        "frp": 3.8,
        "bright_ti4": 348.5,
        "acq_date": "2026-08-30",
        "daynight": "D",
        "instrument": "VIIRS",
        "cluster_id": 10,
        "nearest_site_type": "industrial_zone"
      }
    },
    {
      "type": "Feature",
      "geometry": {
        "type": "Point",
        "coordinates": [
          81.2049,
          7.35215
        ]
      },
      "properties": {
        "classification": "unclassified",
        "rule_class": "unclassified",
        "ml_class": "unclassified",
        "confidence": 0.3,
        "frp": 6.09,
        "bright_ti4": 344.63,
        "acq_date": "2026-08-30",
        "daynight": "D",
        "instrument": "VIIRS",
        "cluster_id": 10,
        "nearest_site_type": "industrial_zone"
      }
    },
    {
      "type": "Feature",
      "geometry": {
        "type": "Point",
        "coordinates": [
          81.2084,
          7.35264
        ]
      },
      "properties": {
        "classification": "unclassified",
        "rule_class": "unclassified",
        "ml_class": "unclassified",
        "confidence": 0.3,
        "frp": 6.09,
        "bright_ti4": 348.0,
        "acq_date": "2026-08-30",
        "daynight": "D",
        "instrument": "VIIRS",
        "cluster_id": 10,
        "nearest_site_type": "industrial_zone"
      }
    },
    {
      "type": "Feature",
      "geometry": {
        "type": "Point",
        "coordinates": [
          81.76369,
          7.35635
        ]
      },
      "properties": {
        "classification": "unclassified",
        "rule_class": "unclassified",
        "ml_class": "unclassified",
        "confidence": 0.3,
        "frp": 4.46,
        "bright_ti4": 340.63,
        "acq_date": "2026-08-30",
        "daynight": "D",
        "instrument": "VIIRS",
        "cluster_id": -1,
        "nearest_site_type": "factory"
      }
    },
    {
      "type": "Feature",
      "geometry": {
        "type": "Point",
        "coordinates": [
          81.55346,
          7.36431
        ]
      },
      "properties": {
        "classification": "unclassified",
        "rule_class": "unclassified",
        "ml_class": "unclassified",
        "confidence": 0.3,
        "frp": 4.19,
        "bright_ti4": 330.83,
        "acq_date": "2026-08-30",
        "daynight": "D",
        "instrument": "VIIRS",
        "cluster_id": 11,
        "nearest_site_type": "industrial_zone"
      }
    },
    {
      "type": "Feature",
      "geometry": {
        "type": "Point",
        "coordinates": [
          81.24904,
          7.36655
        ]
      },
      "properties": {
        "classification": "unclassified",
        "rule_class": "unclassified",
        "ml_class": "unclassified",
        "confidence": 0.3,
        "frp": 19.27,
        "bright_ti4": 343.12,
        "acq_date": "2026-08-30",
        "daynight": "D",
        "instrument": "VIIRS",
        "cluster_id": -1,
        "nearest_site_type": "industrial_zone"
      }
    },
    {
      "type": "Feature",
      "geometry": {
        "type": "Point",
        "coordinates": [
          81.77773,
          7.36683
        ]
      },
      "properties": {
        "classification": "unclassified",
        "rule_class": "unclassified",
        "ml_class": "unclassified",
        "confidence": 0.3,
        "frp": 5.08,
        "bright_ti4": 338.06,
        "acq_date": "2026-08-30",
        "daynight": "D",
        "instrument": "VIIRS",
        "cluster_id": -1,
        "nearest_site_type": "industrial_zone"
      }
    },
    {
      "type": "Feature",
      "geometry": {
        "type": "Point",
        "coordinates": [
          81.57545,
          7.36748
        ]
      },
      "properties": {
        "classification": "unclassified",
        "rule_class": "unclassified",
        "ml_class": "unclassified",
        "confidence": 0.3,
        "frp": 2.71,
        "bright_ti4": 332.45,
        "acq_date": "2026-08-30",
        "daynight": "D",
        "instrument": "VIIRS",
        "cluster_id": 11,
        "nearest_site_type": "industrial_zone"
      }
    },
    {
      "type": "Feature",
      "geometry": {
        "type": "Point",
        "coordinates": [
          81.56326,
          7.37411
        ]
      },
      "properties": {
        "classification": "unclassified",
        "rule_class": "unclassified",
        "ml_class": "unclassified",
        "confidence": 0.3,
        "frp": 5.71,
        "bright_ti4": 342.4,
        "acq_date": "2026-08-30",
        "daynight": "D",
        "instrument": "VIIRS",
        "cluster_id": 11,
        "nearest_site_type": "industrial_zone"
      }
    },
    {
      "type": "Feature",
      "geometry": {
        "type": "Point",
        "coordinates": [
          81.24046,
          7.37766
        ]
      },
      "properties": {
        "classification": "unclassified",
        "rule_class": "unclassified",
        "ml_class": "unclassified",
        "confidence": 0.3,
        "frp": 3.11,
        "bright_ti4": 336.16,
        "acq_date": "2026-08-30",
        "daynight": "D",
        "instrument": "VIIRS",
        "cluster_id": -1,
        "nearest_site_type": "industrial_zone"
      }
    },
    {
      "type": "Feature",
      "geometry": {
        "type": "Point",
        "coordinates": [
          81.55894,
          7.37768
        ]
      },
      "properties": {
        "classification": "unclassified",
        "rule_class": "unclassified",
        "ml_class": "unclassified",
        "confidence": 0.3,
        "frp": 3.86,
        "bright_ti4": 331.05,
        "acq_date": "2026-08-30",
        "daynight": "D",
        "instrument": "VIIRS",
        "cluster_id": 11,
        "nearest_site_type": "industrial_zone"
      }
    },
    {
      "type": "Feature",
      "geometry": {
        "type": "Point",
        "coordinates": [
          81.54617,
          7.3884
        ]
      },
      "properties": {
        "classification": "unclassified",
        "rule_class": "unclassified",
        "ml_class": "unclassified",
        "confidence": 0.3,
        "frp": 4.46,
        "bright_ti4": 340.43,
        "acq_date": "2026-08-30",
        "daynight": "D",
        "instrument": "VIIRS",
        "cluster_id": 11,
        "nearest_site_type": "industrial_zone"
      }
    },
    {
      "type": "Feature",
      "geometry": {
        "type": "Point",
        "coordinates": [
          81.54981,
          7.38893
        ]
      },
      "properties": {
        "classification": "unclassified",
        "rule_class": "unclassified",
        "ml_class": "unclassified",
        "confidence": 0.3,
        "frp": 4.08,
        "bright_ti4": 338.13,
        "acq_date": "2026-08-30",
        "daynight": "D",
        "instrument": "VIIRS",
        "cluster_id": 11,
        "nearest_site_type": "industrial_zone"
      }
    },
    {
      "type": "Feature",
      "geometry": {
        "type": "Point",
        "coordinates": [
          81.54616,
          7.39143
        ]
      },
      "properties": {
        "classification": "unclassified",
        "rule_class": "unclassified",
        "ml_class": "unclassified",
        "confidence": 0.3,
        "frp": 4.74,
        "bright_ti4": 342.88,
        "acq_date": "2026-08-30",
        "daynight": "D",
        "instrument": "VIIRS",
        "cluster_id": 11,
        "nearest_site_type": "industrial_zone"
      }
    },
    {
      "type": "Feature",
      "geometry": {
        "type": "Point",
        "coordinates": [
          81.54917,
          7.39302
        ]
      },
      "properties": {
        "classification": "unclassified",
        "rule_class": "unclassified",
        "ml_class": "unclassified",
        "confidence": 0.3,
        "frp": 5.04,
        "bright_ti4": 343.05,
        "acq_date": "2026-08-30",
        "daynight": "D",
        "instrument": "VIIRS",
        "cluster_id": 11,
        "nearest_site_type": "industrial_zone"
      }
    },
    {
      "type": "Feature",
      "geometry": {
        "type": "Point",
        "coordinates": [
          81.54919,
          7.39604
        ]
      },
      "properties": {
        "classification": "unclassified",
        "rule_class": "unclassified",
        "ml_class": "unclassified",
        "confidence": 0.3,
        "frp": 8.59,
        "bright_ti4": 349.53,
        "acq_date": "2026-08-30",
        "daynight": "D",
        "instrument": "VIIRS",
        "cluster_id": 11,
        "nearest_site_type": "industrial_zone"
      }
    },
    {
      "type": "Feature",
      "geometry": {
        "type": "Point",
        "coordinates": [
          81.54854,
          7.39712
        ]
      },
      "properties": {
        "classification": "unclassified",
        "rule_class": "unclassified",
        "ml_class": "unclassified",
        "confidence": 0.3,
        "frp": 5.04,
        "bright_ti4": 336.74,
        "acq_date": "2026-08-30",
        "daynight": "D",
        "instrument": "VIIRS",
        "cluster_id": 11,
        "nearest_site_type": "industrial_zone"
      }
    },
    {
      "type": "Feature",
      "geometry": {
        "type": "Point",
        "coordinates": [
          81.77624,
          7.4049
        ]
      },
      "properties": {
        "classification": "unclassified",
        "rule_class": "unclassified",
        "ml_class": "unclassified",
        "confidence": 0.3,
        "frp": 3.36,
        "bright_ti4": 342.42,
        "acq_date": "2026-08-30",
        "daynight": "D",
        "instrument": "VIIRS",
        "cluster_id": -1,
        "nearest_site_type": "power_plant"
      }
    },
    {
      "type": "Feature",
      "geometry": {
        "type": "Point",
        "coordinates": [
          81.56924,
          7.4156
        ]
      },
      "properties": {
        "classification": "unclassified",
        "rule_class": "unclassified",
        "ml_class": "unclassified",
        "confidence": 0.3,
        "frp": 2.32,
        "bright_ti4": 341.29,
        "acq_date": "2026-08-30",
        "daynight": "D",
        "instrument": "VIIRS",
        "cluster_id": -1,
        "nearest_site_type": "industrial_zone"
      }
    },
    {
      "type": "Feature",
      "geometry": {
        "type": "Point",
        "coordinates": [
          81.39532,
          7.43686
        ]
      },
      "properties": {
        "classification": "unclassified",
        "rule_class": "unclassified",
        "ml_class": "unclassified",
        "confidence": 0.3,
        "frp": 4.3,
        "bright_ti4": 337.73,
        "acq_date": "2026-08-30",
        "daynight": "D",
        "instrument": "VIIRS",
        "cluster_id": -1,
        "nearest_site_type": "industrial_zone"
      }
    },
    {
      "type": "Feature",
      "geometry": {
        "type": "Point",
        "coordinates": [
          81.32561,
          7.43925
        ]
      },
      "properties": {
        "classification": "unclassified",
        "rule_class": "unclassified",
        "ml_class": "unclassified",
        "confidence": 0.3,
        "frp": 4.43,
        "bright_ti4": 340.99,
        "acq_date": "2026-08-30",
        "daynight": "D",
        "instrument": "VIIRS",
        "cluster_id": 12,
        "nearest_site_type": "industrial_zone"
      }
    },
    {
      "type": "Feature",
      "geometry": {
        "type": "Point",
        "coordinates": [
          81.34198,
          7.45403
        ]
      },
      "properties": {
        "classification": "mining_activity",
        "rule_class": "mining_activity",
        "ml_class": "unclassified",
        "confidence": 0.998,
        "frp": 4.67,
        "bright_ti4": 340.72,
        "acq_date": "2026-08-30",
        "daynight": "D",
        "instrument": "VIIRS",
        "cluster_id": -1,
        "nearest_site_type": "industrial_zone"
      }
    },
    {
      "type": "Feature",
      "geometry": {
        "type": "Point",
        "coordinates": [
          81.05003,
          7.4743
        ]
      },
      "properties": {
        "classification": "unclassified",
        "rule_class": "unclassified",
        "ml_class": "unclassified",
        "confidence": 0.3,
        "frp": 3.44,
        "bright_ti4": 337.26,
        "acq_date": "2026-08-30",
        "daynight": "D",
        "instrument": "VIIRS",
        "cluster_id": -1,
        "nearest_site_type": "power_plant"
      }
    },
    {
      "type": "Feature",
      "geometry": {
        "type": "Point",
        "coordinates": [
          81.38728,
          7.48906
        ]
      },
      "properties": {
        "classification": "mining_activity",
        "rule_class": "mining_activity",
        "ml_class": "unclassified",
        "confidence": 0.692,
        "frp": 3.0,
        "bright_ti4": 338.59,
        "acq_date": "2026-08-30",
        "daynight": "D",
        "instrument": "VIIRS",
        "cluster_id": -1,
        "nearest_site_type": "factory"
      }
    },
    {
      "type": "Feature",
      "geometry": {
        "type": "Point",
        "coordinates": [
          81.30991,
          7.51956
        ]
      },
      "properties": {
        "classification": "mining_activity",
        "rule_class": "mining_activity",
        "ml_class": "unclassified",
        "confidence": 0.918,
        "frp": 2.27,
        "bright_ti4": 334.71,
        "acq_date": "2026-08-30",
        "daynight": "D",
        "instrument": "VIIRS",
        "cluster_id": -1,
        "nearest_site_type": "industrial_zone"
      }
    },
    {
      "type": "Feature",
      "geometry": {
        "type": "Point",
        "coordinates": [
          81.15485,
          7.61757
        ]
      },
      "properties": {
        "classification": "unclassified",
        "rule_class": "unclassified",
        "ml_class": "unclassified",
        "confidence": 0.3,
        "frp": 15.47,
        "bright_ti4": 356.38,
        "acq_date": "2026-08-30",
        "daynight": "D",
        "instrument": "VIIRS",
        "cluster_id": 13,
        "nearest_site_type": "industrial_zone"
      }
    },
    {
      "type": "Feature",
      "geometry": {
        "type": "Point",
        "coordinates": [
          81.15833,
          7.61807
        ]
      },
      "properties": {
        "classification": "unclassified",
        "rule_class": "unclassified",
        "ml_class": "unclassified",
        "confidence": 0.3,
        "frp": 34.65,
        "bright_ti4": 367.0,
        "acq_date": "2026-08-30",
        "daynight": "D",
        "instrument": "VIIRS",
        "cluster_id": 13,
        "nearest_site_type": "industrial_zone"
      }
    },
    {
      "type": "Feature",
      "geometry": {
        "type": "Point",
        "coordinates": [
          81.15429,
          7.62159
        ]
      },
      "properties": {
        "classification": "unclassified",
        "rule_class": "unclassified",
        "ml_class": "unclassified",
        "confidence": 0.3,
        "frp": 15.47,
        "bright_ti4": 335.61,
        "acq_date": "2026-08-30",
        "daynight": "D",
        "instrument": "VIIRS",
        "cluster_id": 13,
        "nearest_site_type": "industrial_zone"
      }
    },
    {
      "type": "Feature",
      "geometry": {
        "type": "Point",
        "coordinates": [
          81.44918,
          7.67645
        ]
      },
      "properties": {
        "classification": "unclassified",
        "rule_class": "unclassified",
        "ml_class": "unclassified",
        "confidence": 0.3,
        "frp": 6.52,
        "bright_ti4": 347.74,
        "acq_date": "2026-08-30",
        "daynight": "D",
        "instrument": "VIIRS",
        "cluster_id": -1,
        "nearest_site_type": "industrial_zone"
      }
    },
    {
      "type": "Feature",
      "geometry": {
        "type": "Point",
        "coordinates": [
          81.52925,
          7.69219
        ]
      },
      "properties": {
        "classification": "unclassified",
        "rule_class": "unclassified",
        "ml_class": "unclassified",
        "confidence": 0.3,
        "frp": 2.33,
        "bright_ti4": 336.39,
        "acq_date": "2026-08-30",
        "daynight": "D",
        "instrument": "VIIRS",
        "cluster_id": -1,
        "nearest_site_type": "industrial_zone"
      }
    },
    {
      "type": "Feature",
      "geometry": {
        "type": "Point",
        "coordinates": [
          81.21587,
          7.78376
        ]
      },
      "properties": {
        "classification": "unclassified",
        "rule_class": "unclassified",
        "ml_class": "unclassified",
        "confidence": 0.3,
        "frp": 9.22,
        "bright_ti4": 341.02,
        "acq_date": "2026-08-30",
        "daynight": "D",
        "instrument": "VIIRS",
        "cluster_id": -1,
        "nearest_site_type": "industrial_zone"
      }
    },
    {
      "type": "Feature",
      "geometry": {
        "type": "Point",
        "coordinates": [
          81.21941,
          7.78425
        ]
      },
      "properties": {
        "classification": "unclassified",
        "rule_class": "unclassified",
        "ml_class": "unclassified",
        "confidence": 0.3,
        "frp": 7.08,
        "bright_ti4": 334.77,
        "acq_date": "2026-08-30",
        "daynight": "D",
        "instrument": "VIIRS",
        "cluster_id": -1,
        "nearest_site_type": "industrial_zone"
      }
    },
    {
      "type": "Feature",
      "geometry": {
        "type": "Point",
        "coordinates": [
          81.45168,
          7.80813
        ]
      },
      "properties": {
        "classification": "unclassified",
        "rule_class": "unclassified",
        "ml_class": "unclassified",
        "confidence": 0.3,
        "frp": 4.97,
        "bright_ti4": 339.35,
        "acq_date": "2026-08-30",
        "daynight": "D",
        "instrument": "VIIRS",
        "cluster_id": -1,
        "nearest_site_type": "industrial_zone"
      }
    },
    {
      "type": "Feature",
      "geometry": {
        "type": "Point",
        "coordinates": [
          81.45202,
          7.80942
        ]
      },
      "properties": {
        "classification": "mining_activity",
        "rule_class": "mining_activity",
        "ml_class": "unclassified",
        "confidence": 0.991,
        "frp": 4.33,
        "bright_ti4": 342.3,
        "acq_date": "2026-08-30",
        "daynight": "D",
        "instrument": "VIIRS",
        "cluster_id": -1,
        "nearest_site_type": "industrial_zone"
      }
    },
    {
      "type": "Feature",
      "geometry": {
        "type": "Point",
        "coordinates": [
          81.36108,
          7.81643
        ]
      },
      "properties": {
        "classification": "unclassified",
        "rule_class": "unclassified",
        "ml_class": "unclassified",
        "confidence": 0.3,
        "frp": 7.87,
        "bright_ti4": 338.02,
        "acq_date": "2026-08-30",
        "daynight": "D",
        "instrument": "VIIRS",
        "cluster_id": -1,
        "nearest_site_type": "industrial_zone"
      }
    },
    {
      "type": "Feature",
      "geometry": {
        "type": "Point",
        "coordinates": [
          81.46512,
          7.87288
        ]
      },
      "properties": {
        "classification": "unclassified",
        "rule_class": "unclassified",
        "ml_class": "unclassified",
        "confidence": 0.3,
        "frp": 4.66,
        "bright_ti4": 336.09,
        "acq_date": "2026-08-30",
        "daynight": "D",
        "instrument": "VIIRS",
        "cluster_id": -1,
        "nearest_site_type": "industrial_zone"
      }
    },
    {
      "type": "Feature",
      "geometry": {
        "type": "Point",
        "coordinates": [
          81.41622,
          7.87428
        ]
      },
      "properties": {
        "classification": "unclassified",
        "rule_class": "unclassified",
        "ml_class": "unclassified",
        "confidence": 0.3,
        "frp": 9.46,
        "bright_ti4": 347.81,
        "acq_date": "2026-08-30",
        "daynight": "D",
        "instrument": "VIIRS",
        "cluster_id": -1,
        "nearest_site_type": "factory"
      }
    },
    {
      "type": "Feature",
      "geometry": {
        "type": "Point",
        "coordinates": [
          77.83811,
          8.60875
        ]
      },
      "properties": {
        "classification": "unclassified",
        "rule_class": "unclassified",
        "ml_class": "unclassified",
        "confidence": 0.3,
        "frp": 2.3,
        "bright_ti4": 330.12,
        "acq_date": "2026-08-30",
        "daynight": "D",
        "instrument": "VIIRS",
        "cluster_id": -1,
        "nearest_site_type": "factory"
      }
    },
    {
      "type": "Feature",
      "geometry": {
        "type": "Point",
        "coordinates": [
          78.01003,
          8.78732
        ]
      },
      "properties": {
        "classification": "unclassified",
        "rule_class": "unclassified",
        "ml_class": "unclassified",
        "confidence": 0.3,
        "frp": 4.32,
        "bright_ti4": 339.42,
        "acq_date": "2026-08-30",
        "daynight": "D",
        "instrument": "VIIRS",
        "cluster_id": -1,
        "nearest_site_type": "factory"
      }
    },
    {
      "type": "Feature",
      "geometry": {
        "type": "Point",
        "coordinates": [
          78.10815,
          8.80542
        ]
      },
      "properties": {
        "classification": "unclassified",
        "rule_class": "unclassified",
        "ml_class": "unclassified",
        "confidence": 0.3,
        "frp": 2.62,
        "bright_ti4": 335.36,
        "acq_date": "2026-08-30",
        "daynight": "D",
        "instrument": "VIIRS",
        "cluster_id": -1,
        "nearest_site_type": "factory"
      }
    },
    {
      "type": "Feature",
      "geometry": {
        "type": "Point",
        "coordinates": [
          77.78855,
          8.88687
        ]
      },
      "properties": {
        "classification": "unclassified",
        "rule_class": "unclassified",
        "ml_class": "unclassified",
        "confidence": 0.3,
        "frp": 3.0,
        "bright_ti4": 336.67,
        "acq_date": "2026-08-30",
        "daynight": "D",
        "instrument": "VIIRS",
        "cluster_id": -1,
        "nearest_site_type": "factory"
      }
    },
    {
      "type": "Feature",
      "geometry": {
        "type": "Point",
        "coordinates": [
          77.59529,
          8.91
        ]
      },
      "properties": {
        "classification": "unclassified",
        "rule_class": "unclassified",
        "ml_class": "unclassified",
        "confidence": 0.3,
        "frp": 1.37,
        "bright_ti4": 335.65,
        "acq_date": "2026-08-30",
        "daynight": "D",
        "instrument": "VIIRS",
        "cluster_id": -1,
        "nearest_site_type": "factory"
      }
    },
    {
      "type": "Feature",
      "geometry": {
        "type": "Point",
        "coordinates": [
          77.96133,
          8.93239
        ]
      },
      "properties": {
        "classification": "unclassified",
        "rule_class": "unclassified",
        "ml_class": "unclassified",
        "confidence": 0.3,
        "frp": 2.9,
        "bright_ti4": 333.2,
        "acq_date": "2026-08-30",
        "daynight": "D",
        "instrument": "VIIRS",
        "cluster_id": -1,
        "nearest_site_type": "factory"
      }
    },
    {
      "type": "Feature",
      "geometry": {
        "type": "Point",
        "coordinates": [
          77.9651,
          8.93294
        ]
      },
      "properties": {
        "classification": "unclassified",
        "rule_class": "unclassified",
        "ml_class": "unclassified",
        "confidence": 0.3,
        "frp": 2.9,
        "bright_ti4": 349.29,
        "acq_date": "2026-08-30",
        "daynight": "D",
        "instrument": "VIIRS",
        "cluster_id": -1,
        "nearest_site_type": "factory"
      }
    },
    {
      "type": "Feature",
      "geometry": {
        "type": "Point",
        "coordinates": [
          77.77237,
          9.11369
        ]
      },
      "properties": {
        "classification": "unclassified",
        "rule_class": "unclassified",
        "ml_class": "unclassified",
        "confidence": 0.3,
        "frp": 1.37,
        "bright_ti4": 334.29,
        "acq_date": "2026-08-30",
        "daynight": "D",
        "instrument": "VIIRS",
        "cluster_id": -1,
        "nearest_site_type": "factory"
      }
    },
    {
      "type": "Feature",
      "geometry": {
        "type": "Point",
        "coordinates": [
          78.32916,
          9.15121
        ]
      },
      "properties": {
        "classification": "unclassified",
        "rule_class": "unclassified",
        "ml_class": "unclassified",
        "confidence": 0.3,
        "frp": 1.56,
        "bright_ti4": 331.35,
        "acq_date": "2026-08-30",
        "daynight": "D",
        "instrument": "VIIRS",
        "cluster_id": -1,
        "nearest_site_type": "factory"
      }
    },
    {
      "type": "Feature",
      "geometry": {
        "type": "Point",
        "coordinates": [
          77.4914,
          9.32007
        ]
      },
      "properties": {
        "classification": "unclassified",
        "rule_class": "unclassified",
        "ml_class": "unclassified",
        "confidence": 0.3,
        "frp": 2.53,
        "bright_ti4": 333.17,
        "acq_date": "2026-08-30",
        "daynight": "D",
        "instrument": "VIIRS",
        "cluster_id": -1,
        "nearest_site_type": "factory"
      }
    },
    {
      "type": "Feature",
      "geometry": {
        "type": "Point",
        "coordinates": [
          80.43048,
          9.40266
        ]
      },
      "properties": {
        "classification": "unclassified",
        "rule_class": "unclassified",
        "ml_class": "unclassified",
        "confidence": 0.3,
        "frp": 4.05,
        "bright_ti4": 328.22,
        "acq_date": "2026-08-30",
        "daynight": "D",
        "instrument": "VIIRS",
        "cluster_id": 14,
        "nearest_site_type": "industrial_zone"
      }
    },
    {
      "type": "Feature",
      "geometry": {
        "type": "Point",
        "coordinates": [
          80.38101,
          9.42778
        ]
      },
      "properties": {
        "classification": "unclassified",
        "rule_class": "unclassified",
        "ml_class": "unclassified",
        "confidence": 0.3,
        "frp": 1.83,
        "bright_ti4": 331.15,
        "acq_date": "2026-08-30",
        "daynight": "D",
        "instrument": "VIIRS",
        "cluster_id": 15,
        "nearest_site_type": "industrial_zone"
      }
    },
    {
      "type": "Feature",
      "geometry": {
        "type": "Point",
        "coordinates": [
          77.66956,
          9.44417
        ]
      },
      "properties": {
        "classification": "unclassified",
        "rule_class": "unclassified",
        "ml_class": "unclassified",
        "confidence": 0.3,
        "frp": 5.42,
        "bright_ti4": 357.05,
        "acq_date": "2026-08-30",
        "daynight": "D",
        "instrument": "VIIRS",
        "cluster_id": -1,
        "nearest_site_type": "factory"
      }
    },
    {
      "type": "Feature",
      "geometry": {
        "type": "Point",
        "coordinates": [
          77.67329,
          9.44472
        ]
      },
      "properties": {
        "classification": "unclassified",
        "rule_class": "unclassified",
        "ml_class": "unclassified",
        "confidence": 0.3,
        "frp": 5.42,
        "bright_ti4": 339.12,
        "acq_date": "2026-08-30",
        "daynight": "D",
        "instrument": "VIIRS",
        "cluster_id": -1,
        "nearest_site_type": "factory"
      }
    },
    {
      "type": "Feature",
      "geometry": {
        "type": "Point",
        "coordinates": [
          77.66238,
          9.49209
        ]
      },
      "properties": {
        "classification": "unclassified",
        "rule_class": "unclassified",
        "ml_class": "unclassified",
        "confidence": 0.3,
        "frp": 7.59,
        "bright_ti4": 342.98,
        "acq_date": "2026-08-30",
        "daynight": "D",
        "instrument": "VIIRS",
        "cluster_id": -1,
        "nearest_site_type": "industrial_zone"
      }
    },
    {
      "type": "Feature",
      "geometry": {
        "type": "Point",
        "coordinates": [
          78.066,
          9.51278
        ]
      },
      "properties": {
        "classification": "unclassified",
        "rule_class": "unclassified",
        "ml_class": "unclassified",
        "confidence": 0.3,
        "frp": 10.29,
        "bright_ti4": 343.56,
        "acq_date": "2026-08-30",
        "daynight": "D",
        "instrument": "VIIRS",
        "cluster_id": -1,
        "nearest_site_type": "industrial_zone"
      }
    },
    {
      "type": "Feature",
      "geometry": {
        "type": "Point",
        "coordinates": [
          77.39869,
          9.82619
        ]
      },
      "properties": {
        "classification": "unclassified",
        "rule_class": "unclassified",
        "ml_class": "unclassified",
        "confidence": 0.3,
        "frp": 1.05,
        "bright_ti4": 331.44,
        "acq_date": "2026-08-30",
        "daynight": "D",
        "instrument": "VIIRS",
        "cluster_id": -1,
        "nearest_site_type": "industrial_zone"
      }
    },
    {
      "type": "Feature",
      "geometry": {
        "type": "Point",
        "coordinates": [
          78.18573,
          9.86126
        ]
      },
      "properties": {
        "classification": "unclassified",
        "rule_class": "unclassified",
        "ml_class": "unclassified",
        "confidence": 0.3,
        "frp": 4.18,
        "bright_ti4": 338.34,
        "acq_date": "2026-08-30",
        "daynight": "D",
        "instrument": "VIIRS",
        "cluster_id": -1,
        "nearest_site_type": "industrial_zone"
      }
    },
    {
      "type": "Feature",
      "geometry": {
        "type": "Point",
        "coordinates": [
          78.03197,
          9.87797
        ]
      },
      "properties": {
        "classification": "unclassified",
        "rule_class": "unclassified",
        "ml_class": "unclassified",
        "confidence": 0.3,
        "frp": 1.97,
        "bright_ti4": 336.6,
        "acq_date": "2026-08-30",
        "daynight": "D",
        "instrument": "VIIRS",
        "cluster_id": -1,
        "nearest_site_type": "industrial_zone"
      }
    },
    {
      "type": "Feature",
      "geometry": {
        "type": "Point",
        "coordinates": [
          76.4542,
          10.00316
        ]
      },
      "properties": {
        "classification": "unclassified",
        "rule_class": "unclassified",
        "ml_class": "unclassified",
        "confidence": 0.3,
        "frp": 0.94,
        "bright_ti4": 333.81,
        "acq_date": "2026-08-30",
        "daynight": "D",
        "instrument": "VIIRS",
        "cluster_id": -1,
        "nearest_site_type": "industrial_zone"
      }
    },
    {
      "type": "Feature",
      "geometry": {
        "type": "Point",
        "coordinates": [
          77.21425,
          11.80984
        ]
      },
      "properties": {
        "classification": "unclassified",
        "rule_class": "unclassified",
        "ml_class": "unclassified",
        "confidence": 0.3,
        "frp": 61.33,
        "bright_ti4": 335.6,
        "acq_date": "2026-08-30",
        "daynight": "D",
        "instrument": "VIIRS",
        "cluster_id": -1,
        "nearest_site_type": "factory"
      }
    },
    {
      "type": "Feature",
      "geometry": {
        "type": "Point",
        "coordinates": [
          76.99017,
          12.07999
        ]
      },
      "properties": {
        "classification": "unclassified",
        "rule_class": "unclassified",
        "ml_class": "unclassified",
        "confidence": 0.3,
        "frp": 3.7,
        "bright_ti4": 338.02,
        "acq_date": "2026-08-30",
        "daynight": "D",
        "instrument": "VIIRS",
        "cluster_id": -1,
        "nearest_site_type": "industrial_zone"
      }
    },
    {
      "type": "Feature",
      "geometry": {
        "type": "Point",
        "coordinates": [
          76.3177,
          12.48661
        ]
      },
      "properties": {
        "classification": "unclassified",
        "rule_class": "unclassified",
        "ml_class": "unclassified",
        "confidence": 0.3,
        "frp": 3.61,
        "bright_ti4": 336.89,
        "acq_date": "2026-08-30",
        "daynight": "D",
        "instrument": "VIIRS",
        "cluster_id": -1,
        "nearest_site_type": "industrial_zone"
      }
    },
    {
      "type": "Feature",
      "geometry": {
        "type": "Point",
        "coordinates": [
          78.60983,
          12.81456
        ]
      },
      "properties": {
        "classification": "unclassified",
        "rule_class": "unclassified",
        "ml_class": "unclassified",
        "confidence": 0.3,
        "frp": 2.64,
        "bright_ti4": 333.07,
        "acq_date": "2026-08-30",
        "daynight": "D",
        "instrument": "VIIRS",
        "cluster_id": -1,
        "nearest_site_type": "industrial_zone"
      }
    },
    {
      "type": "Feature",
      "geometry": {
        "type": "Point",
        "coordinates": [
          78.66064,
          13.9402
        ]
      },
      "properties": {
        "classification": "unclassified",
        "rule_class": "unclassified",
        "ml_class": "unclassified",
        "confidence": 0.3,
        "frp": 2.81,
        "bright_ti4": 331.18,
        "acq_date": "2026-08-30",
        "daynight": "D",
        "instrument": "VIIRS",
        "cluster_id": -1,
        "nearest_site_type": "factory"
      }
    },
    {
      "type": "Feature",
      "geometry": {
        "type": "Point",
        "coordinates": [
          79.86121,
          13.99587
        ]
      },
      "properties": {
        "classification": "unclassified",
        "rule_class": "unclassified",
        "ml_class": "unclassified",
        "confidence": 0.3,
        "frp": 3.16,
        "bright_ti4": 330.58,
        "acq_date": "2026-08-30",
        "daynight": "D",
        "instrument": "VIIRS",
        "cluster_id": -1,
        "nearest_site_type": "factory"
      }
    },
    {
      "type": "Feature",
      "geometry": {
        "type": "Point",
        "coordinates": [
          77.3446,
          14.18999
        ]
      },
      "properties": {
        "classification": "unclassified",
        "rule_class": "unclassified",
        "ml_class": "unclassified",
        "confidence": 0.3,
        "frp": 3.06,
        "bright_ti4": 342.86,
        "acq_date": "2026-08-30",
        "daynight": "D",
        "instrument": "VIIRS",
        "cluster_id": -1,
        "nearest_site_type": "factory"
      }
    },
    {
      "type": "Feature",
      "geometry": {
        "type": "Point",
        "coordinates": [
          77.98407,
          14.29174
        ]
      },
      "properties": {
        "classification": "unclassified",
        "rule_class": "unclassified",
        "ml_class": "unclassified",
        "confidence": 0.3,
        "frp": 3.76,
        "bright_ti4": 337.34,
        "acq_date": "2026-08-30",
        "daynight": "D",
        "instrument": "VIIRS",
        "cluster_id": -1,
        "nearest_site_type": "factory"
      }
    },
    {
      "type": "Feature",
      "geometry": {
        "type": "Point",
        "coordinates": [
          77.63499,
          14.3499
        ]
      },
      "properties": {
        "classification": "mining_activity",
        "rule_class": "mining_activity",
        "ml_class": "unclassified",
        "confidence": 1.0,
        "frp": 3.47,
        "bright_ti4": 335.71,
        "acq_date": "2026-08-30",
        "daynight": "D",
        "instrument": "VIIRS",
        "cluster_id": -1,
        "nearest_site_type": "industrial_zone"
      }
    },
    {
      "type": "Feature",
      "geometry": {
        "type": "Point",
        "coordinates": [
          79.69765,
          14.4991
        ]
      },
      "properties": {
        "classification": "unclassified",
        "rule_class": "unclassified",
        "ml_class": "unclassified",
        "confidence": 0.3,
        "frp": 1.87,
        "bright_ti4": 330.15,
        "acq_date": "2026-08-30",
        "daynight": "D",
        "instrument": "VIIRS",
        "cluster_id": -1,
        "nearest_site_type": "power_plant"
      }
    },
    {
      "type": "Feature",
      "geometry": {
        "type": "Point",
        "coordinates": [
          79.69711,
          14.50312
        ]
      },
      "properties": {
        "classification": "unclassified",
        "rule_class": "unclassified",
        "ml_class": "unclassified",
        "confidence": 0.3,
        "frp": 1.54,
        "bright_ti4": 336.85,
        "acq_date": "2026-08-30",
        "daynight": "D",
        "instrument": "VIIRS",
        "cluster_id": -1,
        "nearest_site_type": "power_plant"
      }
    },
    {
      "type": "Feature",
      "geometry": {
        "type": "Point",
        "coordinates": [
          76.89172,
          14.67836
        ]
      },
      "properties": {
        "classification": "unclassified",
        "rule_class": "unclassified",
        "ml_class": "unclassified",
        "confidence": 0.3,
        "frp": 2.11,
        "bright_ti4": 333.67,
        "acq_date": "2026-08-30",
        "daynight": "D",
        "instrument": "VIIRS",
        "cluster_id": -1,
        "nearest_site_type": "industrial_zone"
      }
    },
    {
      "type": "Feature",
      "geometry": {
        "type": "Point",
        "coordinates": [
          79.62556,
          14.69206
        ]
      },
      "properties": {
        "classification": "unclassified",
        "rule_class": "unclassified",
        "ml_class": "unclassified",
        "confidence": 0.3,
        "frp": 2.12,
        "bright_ti4": 331.61,
        "acq_date": "2026-08-30",
        "daynight": "D",
        "instrument": "VIIRS",
        "cluster_id": -1,
        "nearest_site_type": "industrial_zone"
      }
    },
    {
      "type": "Feature",
      "geometry": {
        "type": "Point",
        "coordinates": [
          79.98879,
          14.71446
        ]
      },
      "properties": {
        "classification": "mining_activity",
        "rule_class": "mining_activity",
        "ml_class": "unclassified",
        "confidence": 0.994,
        "frp": 7.26,
        "bright_ti4": 342.4,
        "acq_date": "2026-08-30",
        "daynight": "D",
        "instrument": "VIIRS",
        "cluster_id": -1,
        "nearest_site_type": "industrial_zone"
      }
    },
    {
      "type": "Feature",
      "geometry": {
        "type": "Point",
        "coordinates": [
          78.37249,
          14.84624
        ]
      },
      "properties": {
        "classification": "mining_activity",
        "rule_class": "mining_activity",
        "ml_class": "unclassified",
        "confidence": 0.994,
        "frp": 2.01,
        "bright_ti4": 332.45,
        "acq_date": "2026-08-30",
        "daynight": "D",
        "instrument": "VIIRS",
        "cluster_id": -1,
        "nearest_site_type": "industrial_zone"
      }
    },
    {
      "type": "Feature",
      "geometry": {
        "type": "Point",
        "coordinates": [
          77.664,
          15.43925
        ]
      },
      "properties": {
        "classification": "unclassified",
        "rule_class": "unclassified",
        "ml_class": "unclassified",
        "confidence": 0.3,
        "frp": 2.43,
        "bright_ti4": 333.31,
        "acq_date": "2026-08-30",
        "daynight": "D",
        "instrument": "VIIRS",
        "cluster_id": -1,
        "nearest_site_type": "industrial_zone"
      }
    },
    {
      "type": "Feature",
      "geometry": {
        "type": "Point",
        "coordinates": [
          79.5267,
          15.93384
        ]
      },
      "properties": {
        "classification": "unclassified",
        "rule_class": "unclassified",
        "ml_class": "unclassified",
        "confidence": 0.3,
        "frp": 4.06,
        "bright_ti4": 343.13,
        "acq_date": "2026-08-30",
        "daynight": "D",
        "instrument": "VIIRS",
        "cluster_id": -1,
        "nearest_site_type": "industrial_zone"
      }
    },
    {
      "type": "Feature",
      "geometry": {
        "type": "Point",
        "coordinates": [
          73.79005,
          19.7772
        ]
      },
      "properties": {
        "classification": "mining_activity",
        "rule_class": "mining_activity",
        "ml_class": "unclassified",
        "confidence": 0.999,
        "frp": 2.03,
        "bright_ti4": 333.97,
        "acq_date": "2026-08-30",
        "daynight": "D",
        "instrument": "VIIRS",
        "cluster_id": -1,
        "nearest_site_type": "power_plant"
      }
    },
    {
      "type": "Feature",
      "geometry": {
        "type": "Point",
        "coordinates": [
          74.58324,
          21.17639
        ]
      },
      "properties": {
        "classification": "mining_activity",
        "rule_class": "mining_activity",
        "ml_class": "unclassified",
        "confidence": 0.653,
        "frp": 1.91,
        "bright_ti4": 334.94,
        "acq_date": "2026-08-30",
        "daynight": "D",
        "instrument": "VIIRS",
        "cluster_id": -1,
        "nearest_site_type": "industrial_zone"
      }
    },
    {
      "type": "Feature",
      "geometry": {
        "type": "Point",
        "coordinates": [
          71.74337,
          30.02923
        ]
      },
      "properties": {
        "classification": "mining_activity",
        "rule_class": "mining_activity",
        "ml_class": "unclassified",
        "confidence": 0.655,
        "frp": 0.57,
        "bright_ti4": 332.13,
        "acq_date": "2026-08-30",
        "daynight": "D",
        "instrument": "VIIRS",
        "cluster_id": -1,
        "nearest_site_type": "industrial_zone"
      }
    },
    {
      "type": "Feature",
      "geometry": {
        "type": "Point",
        "coordinates": [
          71.7243,
          30.08648
        ]
      },
      "properties": {
        "classification": "unclassified",
        "rule_class": "unclassified",
        "ml_class": "unclassified",
        "confidence": 0.3,
        "frp": 1.66,
        "bright_ti4": 334.33,
        "acq_date": "2026-08-30",
        "daynight": "D",
        "instrument": "VIIRS",
        "cluster_id": -1,
        "nearest_site_type": "industrial_zone"
      }
    },
    {
      "type": "Feature",
      "geometry": {
        "type": "Point",
        "coordinates": [
          73.26059,
          30.11638
        ]
      },
      "properties": {
        "classification": "unclassified",
        "rule_class": "unclassified",
        "ml_class": "unclassified",
        "confidence": 0.3,
        "frp": 3.03,
        "bright_ti4": 335.4,
        "acq_date": "2026-08-30",
        "daynight": "D",
        "instrument": "VIIRS",
        "cluster_id": -1,
        "nearest_site_type": "power_plant"
      }
    },
    {
      "type": "Feature",
      "geometry": {
        "type": "Point",
        "coordinates": [
          73.26498,
          30.11697
        ]
      },
      "properties": {
        "classification": "mining_activity",
        "rule_class": "mining_activity",
        "ml_class": "unclassified",
        "confidence": 0.998,
        "frp": 5.74,
        "bright_ti4": 336.37,
        "acq_date": "2026-08-30",
        "daynight": "D",
        "instrument": "VIIRS",
        "cluster_id": -1,
        "nearest_site_type": "factory"
      }
    },
    {
      "type": "Feature",
      "geometry": {
        "type": "Point",
        "coordinates": [
          74.51582,
          30.16407
        ]
      },
      "properties": {
        "classification": "mining_activity",
        "rule_class": "mining_activity",
        "ml_class": "unclassified",
        "confidence": 1.0,
        "frp": 3.35,
        "bright_ti4": 331.57,
        "acq_date": "2026-08-30",
        "daynight": "D",
        "instrument": "VIIRS",
        "cluster_id": -1,
        "nearest_site_type": "industrial_zone"
      }
    },
    {
      "type": "Feature",
      "geometry": {
        "type": "Point",
        "coordinates": [
          73.65195,
          30.35123
        ]
      },
      "properties": {
        "classification": "mining_activity",
        "rule_class": "mining_activity",
        "ml_class": "unclassified",
        "confidence": 1.0,
        "frp": 1.82,
        "bright_ti4": 334.44,
        "acq_date": "2026-08-30",
        "daynight": "D",
        "instrument": "VIIRS",
        "cluster_id": -1,
        "nearest_site_type": "industrial_zone"
      }
    },
    {
      "type": "Feature",
      "geometry": {
        "type": "Point",
        "coordinates": [
          73.90864,
          30.51386
        ]
      },
      "properties": {
        "classification": "unclassified",
        "rule_class": "unclassified",
        "ml_class": "unclassified",
        "confidence": 0.3,
        "frp": 2.87,
        "bright_ti4": 335.57,
        "acq_date": "2026-08-30",
        "daynight": "D",
        "instrument": "VIIRS",
        "cluster_id": -1,
        "nearest_site_type": "industrial_zone"
      }
    },
    {
      "type": "Feature",
      "geometry": {
        "type": "Point",
        "coordinates": [
          74.49384,
          31.10913
        ]
      },
      "properties": {
        "classification": "unclassified",
        "rule_class": "unclassified",
        "ml_class": "unclassified",
        "confidence": 0.3,
        "frp": 9.69,
        "bright_ti4": 345.2,
        "acq_date": "2026-08-30",
        "daynight": "D",
        "instrument": "VIIRS",
        "cluster_id": -1,
        "nearest_site_type": "industrial_zone"
      }
    },
    {
      "type": "Feature",
      "geometry": {
        "type": "Point",
        "coordinates": [
          74.30208,
          31.12675
        ]
      },
      "properties": {
        "classification": "mining_activity",
        "rule_class": "mining_activity",
        "ml_class": "unclassified",
        "confidence": 0.981,
        "frp": 4.14,
        "bright_ti4": 342.96,
        "acq_date": "2026-08-30",
        "daynight": "D",
        "instrument": "VIIRS",
        "cluster_id": -1,
        "nearest_site_type": "industrial_zone"
      }
    },
    {
      "type": "Feature",
      "geometry": {
        "type": "Point",
        "coordinates": [
          73.91856,
          31.2082
        ]
      },
      "properties": {
        "classification": "mining_activity",
        "rule_class": "mining_activity",
        "ml_class": "unclassified",
        "confidence": 1.0,
        "frp": 3.87,
        "bright_ti4": 337.22,
        "acq_date": "2026-08-30",
        "daynight": "D",
        "instrument": "VIIRS",
        "cluster_id": -1,
        "nearest_site_type": "industrial_zone"
      }
    },
    {
      "type": "Feature",
      "geometry": {
        "type": "Point",
        "coordinates": [
          73.91795,
          31.2118
        ]
      },
      "properties": {
        "classification": "unclassified",
        "rule_class": "unclassified",
        "ml_class": "unclassified",
        "confidence": 0.3,
        "frp": 2.3,
        "bright_ti4": 331.16,
        "acq_date": "2026-08-30",
        "daynight": "D",
        "instrument": "VIIRS",
        "cluster_id": -1,
        "nearest_site_type": "industrial_zone"
      }
    },
    {
      "type": "Feature",
      "geometry": {
        "type": "Point",
        "coordinates": [
          72.12487,
          31.39489
        ]
      },
      "properties": {
        "classification": "unclassified",
        "rule_class": "unclassified",
        "ml_class": "unclassified",
        "confidence": 0.3,
        "frp": 1.87,
        "bright_ti4": 333.23,
        "acq_date": "2026-08-30",
        "daynight": "D",
        "instrument": "VIIRS",
        "cluster_id": -1,
        "nearest_site_type": "industrial_zone"
      }
    },
    {
      "type": "Feature",
      "geometry": {
        "type": "Point",
        "coordinates": [
          72.12935,
          31.4235
        ]
      },
      "properties": {
        "classification": "unclassified",
        "rule_class": "unclassified",
        "ml_class": "unclassified",
        "confidence": 0.3,
        "frp": 3.19,
        "bright_ti4": 331.22,
        "acq_date": "2026-08-30",
        "daynight": "D",
        "instrument": "VIIRS",
        "cluster_id": -1,
        "nearest_site_type": "industrial_zone"
      }
    },
    {
      "type": "Feature",
      "geometry": {
        "type": "Point",
        "coordinates": [
          72.1555,
          31.46879
        ]
      },
      "properties": {
        "classification": "unclassified",
        "rule_class": "unclassified",
        "ml_class": "unclassified",
        "confidence": 0.3,
        "frp": 3.6,
        "bright_ti4": 335.84,
        "acq_date": "2026-08-30",
        "daynight": "D",
        "instrument": "VIIRS",
        "cluster_id": -1,
        "nearest_site_type": "industrial_zone"
      }
    },
    {
      "type": "Feature",
      "geometry": {
        "type": "Point",
        "coordinates": [
          72.22474,
          31.56918
        ]
      },
      "properties": {
        "classification": "unclassified",
        "rule_class": "unclassified",
        "ml_class": "unclassified",
        "confidence": 0.3,
        "frp": 2.25,
        "bright_ti4": 334.87,
        "acq_date": "2026-08-30",
        "daynight": "D",
        "instrument": "VIIRS",
        "cluster_id": -1,
        "nearest_site_type": "industrial_zone"
      }
    },
    {
      "type": "Feature",
      "geometry": {
        "type": "Point",
        "coordinates": [
          72.27724,
          31.56943
        ]
      },
      "properties": {
        "classification": "unclassified",
        "rule_class": "unclassified",
        "ml_class": "unclassified",
        "confidence": 0.3,
        "frp": 1.98,
        "bright_ti4": 340.52,
        "acq_date": "2026-08-30",
        "daynight": "D",
        "instrument": "VIIRS",
        "cluster_id": -1,
        "nearest_site_type": "industrial_zone"
      }
    },
    {
      "type": "Feature",
      "geometry": {
        "type": "Point",
        "coordinates": [
          72.28816,
          31.58139
        ]
      },
      "properties": {
        "classification": "unclassified",
        "rule_class": "unclassified",
        "ml_class": "unclassified",
        "confidence": 0.3,
        "frp": 2.12,
        "bright_ti4": 337.8,
        "acq_date": "2026-08-30",
        "daynight": "D",
        "instrument": "VIIRS",
        "cluster_id": -1,
        "nearest_site_type": "industrial_zone"
      }
    },
    {
      "type": "Feature",
      "geometry": {
        "type": "Point",
        "coordinates": [
          73.38254,
          32.05318
        ]
      },
      "properties": {
        "classification": "unclassified",
        "rule_class": "unclassified",
        "ml_class": "unclassified",
        "confidence": 0.3,
        "frp": 3.08,
        "bright_ti4": 337.5,
        "acq_date": "2026-08-30",
        "daynight": "D",
        "instrument": "VIIRS",
        "cluster_id": -1,
        "nearest_site_type": "industrial_zone"
      }
    },
    {
      "type": "Feature",
      "geometry": {
        "type": "Point",
        "coordinates": [
          73.23719,
          32.09223
        ]
      },
      "properties": {
        "classification": "unclassified",
        "rule_class": "unclassified",
        "ml_class": "unclassified",
        "confidence": 0.3,
        "frp": 2.2,
        "bright_ti4": 330.89,
        "acq_date": "2026-08-30",
        "daynight": "D",
        "instrument": "VIIRS",
        "cluster_id": -1,
        "nearest_site_type": "industrial_zone"
      }
    },
    {
      "type": "Feature",
      "geometry": {
        "type": "Point",
        "coordinates": [
          73.28819,
          32.30693
        ]
      },
      "properties": {
        "classification": "unclassified",
        "rule_class": "unclassified",
        "ml_class": "unclassified",
        "confidence": 0.3,
        "frp": 3.64,
        "bright_ti4": 337.47,
        "acq_date": "2026-08-30",
        "daynight": "D",
        "instrument": "VIIRS",
        "cluster_id": -1,
        "nearest_site_type": "industrial_zone"
      }
    },
    {
      "type": "Feature",
      "geometry": {
        "type": "Point",
        "coordinates": [
          71.61584,
          32.8883
        ]
      },
      "properties": {
        "classification": "unclassified",
        "rule_class": "unclassified",
        "ml_class": "unclassified",
        "confidence": 0.3,
        "frp": 1.77,
        "bright_ti4": 331.99,
        "acq_date": "2026-08-30",
        "daynight": "D",
        "instrument": "VIIRS",
        "cluster_id": 16,
        "nearest_site_type": "factory"
      }
    },
    {
      "type": "Feature",
      "geometry": {
        "type": "Point",
        "coordinates": [
          69.2417,
          33.58202
        ]
      },
      "properties": {
        "classification": "unclassified",
        "rule_class": "unclassified",
        "ml_class": "unclassified",
        "confidence": 0.3,
        "frp": 3.52,
        "bright_ti4": 340.44,
        "acq_date": "2026-08-30",
        "daynight": "D",
        "instrument": "VIIRS",
        "cluster_id": -1,
        "nearest_site_type": "industrial_zone"
      }
    },
    {
      "type": "Feature",
      "geometry": {
        "type": "Point",
        "coordinates": [
          72.20547,
          33.84936
        ]
      },
      "properties": {
        "classification": "unclassified",
        "rule_class": "unclassified",
        "ml_class": "unclassified",
        "confidence": 0.3,
        "frp": 3.38,
        "bright_ti4": 340.8,
        "acq_date": "2026-08-30",
        "daynight": "D",
        "instrument": "VIIRS",
        "cluster_id": -1,
        "nearest_site_type": "industrial_zone"
      }
    },
    {
      "type": "Feature",
      "geometry": {
        "type": "Point",
        "coordinates": [
          81.13902,
          7.13631
        ]
      },
      "properties": {
        "classification": "unclassified",
        "rule_class": "unclassified",
        "ml_class": "unclassified",
        "confidence": 0.3,
        "frp": 1.72,
        "bright_ti4": 296.16,
        "acq_date": "2026-08-30",
        "daynight": "N",
        "instrument": "VIIRS",
        "cluster_id": -1,
        "nearest_site_type": "industrial_zone"
      }
    },
    {
      "type": "Feature",
      "geometry": {
        "type": "Point",
        "coordinates": [
          81.1341,
          7.14013
        ]
      },
      "properties": {
        "classification": "unclassified",
        "rule_class": "unclassified",
        "ml_class": "unclassified",
        "confidence": 0.3,
        "frp": 3.59,
        "bright_ti4": 297.7,
        "acq_date": "2026-08-30",
        "daynight": "N",
        "instrument": "VIIRS",
        "cluster_id": -1,
        "nearest_site_type": "industrial_zone"
      }
    },
    {
      "type": "Feature",
      "geometry": {
        "type": "Point",
        "coordinates": [
          81.16539,
          7.28379
        ]
      },
      "properties": {
        "classification": "unclassified",
        "rule_class": "unclassified",
        "ml_class": "unclassified",
        "confidence": 0.3,
        "frp": 1.34,
        "bright_ti4": 304.2,
        "acq_date": "2026-08-30",
        "daynight": "N",
        "instrument": "VIIRS",
        "cluster_id": 6,
        "nearest_site_type": "industrial_zone"
      }
    },
    {
      "type": "Feature",
      "geometry": {
        "type": "Point",
        "coordinates": [
          81.15397,
          7.6078
        ]
      },
      "properties": {
        "classification": "unclassified",
        "rule_class": "unclassified",
        "ml_class": "unclassified",
        "confidence": 0.3,
        "frp": 0.82,
        "bright_ti4": 303.16,
        "acq_date": "2026-08-30",
        "daynight": "N",
        "instrument": "VIIRS",
        "cluster_id": 13,
        "nearest_site_type": "industrial_zone"
      }
    },
    {
      "type": "Feature",
      "geometry": {
        "type": "Point",
        "coordinates": [
          81.02701,
          8.86712
        ]
      },
      "properties": {
        "classification": "unclassified",
        "rule_class": "unclassified",
        "ml_class": "unclassified",
        "confidence": 0.3,
        "frp": 1.75,
        "bright_ti4": 309.61,
        "acq_date": "2026-08-30",
        "daynight": "N",
        "instrument": "VIIRS",
        "cluster_id": -1,
        "nearest_site_type": "industrial_zone"
      }
    },
    {
      "type": "Feature",
      "geometry": {
        "type": "Point",
        "coordinates": [
          81.02491,
          8.86843
        ]
      },
      "properties": {
        "classification": "unclassified",
        "rule_class": "unclassified",
        "ml_class": "unclassified",
        "confidence": 0.3,
        "frp": 2.71,
        "bright_ti4": 316.5,
        "acq_date": "2026-08-30",
        "daynight": "N",
        "instrument": "VIIRS",
        "cluster_id": -1,
        "nearest_site_type": "industrial_zone"
      }
    },
    {
      "type": "Feature",
      "geometry": {
        "type": "Point",
        "coordinates": [
          74.37532,
          31.61482
        ]
      },
      "properties": {
        "classification": "unclassified",
        "rule_class": "unclassified",
        "ml_class": "unclassified",
        "confidence": 0.3,
        "frp": 0.61,
        "bright_ti4": 311.52,
        "acq_date": "2026-08-30",
        "daynight": "N",
        "instrument": "VIIRS",
        "cluster_id": -1,
        "nearest_site_type": "industrial_zone"
      }
    },
    {
      "type": "Feature",
      "geometry": {
        "type": "Point",
        "coordinates": [
          74.42704,
          31.64126
        ]
      },
      "properties": {
        "classification": "unclassified",
        "rule_class": "unclassified",
        "ml_class": "unclassified",
        "confidence": 0.3,
        "frp": 0.49,
        "bright_ti4": 308.12,
        "acq_date": "2026-08-30",
        "daynight": "N",
        "instrument": "VIIRS",
        "cluster_id": -1,
        "nearest_site_type": "industrial_zone"
      }
    },
    {
      "type": "Feature",
      "geometry": {
        "type": "Point",
        "coordinates": [
          70.10805,
          31.769
        ]
      },
      "properties": {
        "classification": "unclassified",
        "rule_class": "unclassified",
        "ml_class": "unclassified",
        "confidence": 0.3,
        "frp": 4.57,
        "bright_ti4": 312.33,
        "acq_date": "2026-08-30",
        "daynight": "N",
        "instrument": "VIIRS",
        "cluster_id": -1,
        "nearest_site_type": "industrial_zone"
      }
    },
    {
      "type": "Feature",
      "geometry": {
        "type": "Point",
        "coordinates": [
          74.16059,
          32.0868
        ]
      },
      "properties": {
        "classification": "unclassified",
        "rule_class": "unclassified",
        "ml_class": "unclassified",
        "confidence": 0.3,
        "frp": 2.11,
        "bright_ti4": 315.49,
        "acq_date": "2026-08-30",
        "daynight": "N",
        "instrument": "VIIRS",
        "cluster_id": -1,
        "nearest_site_type": "industrial_zone"
      }
    },
    {
      "type": "Feature",
      "geometry": {
        "type": "Point",
        "coordinates": [
          74.15643,
          32.08741
        ]
      },
      "properties": {
        "classification": "unclassified",
        "rule_class": "unclassified",
        "ml_class": "unclassified",
        "confidence": 0.3,
        "frp": 0.65,
        "bright_ti4": 308.49,
        "acq_date": "2026-08-30",
        "daynight": "N",
        "instrument": "VIIRS",
        "cluster_id": -1,
        "nearest_site_type": "industrial_zone"
      }
    },
    {
      "type": "Feature",
      "geometry": {
        "type": "Point",
        "coordinates": [
          74.17843,
          32.13232
        ]
      },
      "properties": {
        "classification": "unclassified",
        "rule_class": "unclassified",
        "ml_class": "unclassified",
        "confidence": 0.3,
        "frp": 0.79,
        "bright_ti4": 312.92,
        "acq_date": "2026-08-30",
        "daynight": "N",
        "instrument": "VIIRS",
        "cluster_id": -1,
        "nearest_site_type": "industrial_zone"
      }
    },
    {
      "type": "Feature",
      "geometry": {
        "type": "Point",
        "coordinates": [
          72.56357,
          32.57351
        ]
      },
      "properties": {
        "classification": "unclassified",
        "rule_class": "unclassified",
        "ml_class": "unclassified",
        "confidence": 0.3,
        "frp": 4.1,
        "bright_ti4": 309.26,
        "acq_date": "2026-08-30",
        "daynight": "N",
        "instrument": "VIIRS",
        "cluster_id": -1,
        "nearest_site_type": "industrial_zone"
      }
    },
    {
      "type": "Feature",
      "geometry": {
        "type": "Point",
        "coordinates": [
          72.9769,
          32.64409
        ]
      },
      "properties": {
        "classification": "unclassified",
        "rule_class": "unclassified",
        "ml_class": "unclassified",
        "confidence": 0.3,
        "frp": 1.59,
        "bright_ti4": 307.1,
        "acq_date": "2026-08-30",
        "daynight": "N",
        "instrument": "VIIRS",
        "cluster_id": -1,
        "nearest_site_type": "industrial_zone"
      }
    },
    {
      "type": "Feature",
      "geometry": {
        "type": "Point",
        "coordinates": [
          71.6175,
          32.88999
        ]
      },
      "properties": {
        "classification": "unclassified",
        "rule_class": "unclassified",
        "ml_class": "unclassified",
        "confidence": 0.3,
        "frp": 3.33,
        "bright_ti4": 308.91,
        "acq_date": "2026-08-30",
        "daynight": "N",
        "instrument": "VIIRS",
        "cluster_id": 16,
        "nearest_site_type": "factory"
      }
    },
    {
      "type": "Feature",
      "geometry": {
        "type": "Point",
        "coordinates": [
          71.18341,
          33.29611
        ]
      },
      "properties": {
        "classification": "unclassified",
        "rule_class": "unclassified",
        "ml_class": "unclassified",
        "confidence": 0.3,
        "frp": 0.8,
        "bright_ti4": 310.8,
        "acq_date": "2026-08-30",
        "daynight": "N",
        "instrument": "VIIRS",
        "cluster_id": -1,
        "nearest_site_type": "industrial_zone"
      }
    },
    {
      "type": "Feature",
      "geometry": {
        "type": "Point",
        "coordinates": [
          71.18803,
          33.29622
        ]
      },
      "properties": {
        "classification": "unclassified",
        "rule_class": "unclassified",
        "ml_class": "unclassified",
        "confidence": 0.3,
        "frp": 1.09,
        "bright_ti4": 306.97,
        "acq_date": "2026-08-30",
        "daynight": "N",
        "instrument": "VIIRS",
        "cluster_id": -1,
        "nearest_site_type": "industrial_zone"
      }
    },
    {
      "type": "Feature",
      "geometry": {
        "type": "Point",
        "coordinates": [
          73.00175,
          24.68952
        ]
      },
      "properties": {
        "classification": "unclassified",
        "rule_class": "unclassified",
        "ml_class": "unclassified",
        "confidence": 0.3,
        "frp": 1.08,
        "bright_ti4": 308.21,
        "acq_date": "2026-08-30",
        "daynight": "N",
        "instrument": "VIIRS",
        "cluster_id": -1,
        "nearest_site_type": "industrial_zone"
      }
    },
    {
      "type": "Feature",
      "geometry": {
        "type": "Point",
        "coordinates": [
          72.19072,
          25.9433
        ]
      },
      "properties": {
        "classification": "unclassified",
        "rule_class": "unclassified",
        "ml_class": "unclassified",
        "confidence": 0.3,
        "frp": 2.98,
        "bright_ti4": 329.62,
        "acq_date": "2026-08-30",
        "daynight": "N",
        "instrument": "VIIRS",
        "cluster_id": -1,
        "nearest_site_type": "industrial_zone"
      }
    },
    {
      "type": "Feature",
      "geometry": {
        "type": "Point",
        "coordinates": [
          72.19051,
          25.94431
        ]
      },
      "properties": {
        "classification": "unclassified",
        "rule_class": "unclassified",
        "ml_class": "unclassified",
        "confidence": 0.3,
        "frp": 2.14,
        "bright_ti4": 325.37,
        "acq_date": "2026-08-30",
        "daynight": "N",
        "instrument": "VIIRS",
        "cluster_id": -1,
        "nearest_site_type": "industrial_zone"
      }
    },
    {
      "type": "Feature",
      "geometry": {
        "type": "Point",
        "coordinates": [
          68.87773,
          26.09499
        ]
      },
      "properties": {
        "classification": "unclassified",
        "rule_class": "unclassified",
        "ml_class": "unclassified",
        "confidence": 0.3,
        "frp": 0.92,
        "bright_ti4": 305.36,
        "acq_date": "2026-08-30",
        "daynight": "N",
        "instrument": "VIIRS",
        "cluster_id": -1,
        "nearest_site_type": "industrial_zone"
      }
    },
    {
      "type": "Feature",
      "geometry": {
        "type": "Point",
        "coordinates": [
          73.68385,
          26.60605
        ]
      },
      "properties": {
        "classification": "unclassified",
        "rule_class": "unclassified",
        "ml_class": "unclassified",
        "confidence": 0.3,
        "frp": 0.71,
        "bright_ti4": 305.13,
        "acq_date": "2026-08-30",
        "daynight": "N",
        "instrument": "VIIRS",
        "cluster_id": -1,
        "nearest_site_type": "industrial_zone"
      }
    },
    {
      "type": "Feature",
      "geometry": {
        "type": "Point",
        "coordinates": [
          73.51597,
          26.87274
        ]
      },
      "properties": {
        "classification": "unclassified",
        "rule_class": "unclassified",
        "ml_class": "unclassified",
        "confidence": 0.3,
        "frp": 1.35,
        "bright_ti4": 306.77,
        "acq_date": "2026-08-30",
        "daynight": "N",
        "instrument": "VIIRS",
        "cluster_id": 17,
        "nearest_site_type": "industrial_zone"
      }
    },
    {
      "type": "Feature",
      "geometry": {
        "type": "Point",
        "coordinates": [
          73.51661,
          26.87605
        ]
      },
      "properties": {
        "classification": "unclassified",
        "rule_class": "unclassified",
        "ml_class": "unclassified",
        "confidence": 0.3,
        "frp": 1.26,
        "bright_ti4": 309.34,
        "acq_date": "2026-08-30",
        "daynight": "N",
        "instrument": "VIIRS",
        "cluster_id": 17,
        "nearest_site_type": "industrial_zone"
      }
    },
    {
      "type": "Feature",
      "geometry": {
        "type": "Point",
        "coordinates": [
          73.51275,
          26.87664
        ]
      },
      "properties": {
        "classification": "unclassified",
        "rule_class": "unclassified",
        "ml_class": "unclassified",
        "confidence": 0.3,
        "frp": 1.39,
        "bright_ti4": 304.99,
        "acq_date": "2026-08-30",
        "daynight": "N",
        "instrument": "VIIRS",
        "cluster_id": 17,
        "nearest_site_type": "industrial_zone"
      }
    },
    {
      "type": "Feature",
      "geometry": {
        "type": "Point",
        "coordinates": [
          76.13271,
          27.66868
        ]
      },
      "properties": {
        "classification": "unclassified",
        "rule_class": "unclassified",
        "ml_class": "unclassified",
        "confidence": 0.3,
        "frp": 0.32,
        "bright_ti4": 296.11,
        "acq_date": "2026-08-30",
        "daynight": "N",
        "instrument": "VIIRS",
        "cluster_id": -1,
        "nearest_site_type": "industrial_zone"
      }
    },
    {
      "type": "Feature",
      "geometry": {
        "type": "Point",
        "coordinates": [
          76.12862,
          27.66938
        ]
      },
      "properties": {
        "classification": "unclassified",
        "rule_class": "unclassified",
        "ml_class": "unclassified",
        "confidence": 0.3,
        "frp": 0.32,
        "bright_ti4": 299.11,
        "acq_date": "2026-08-30",
        "daynight": "N",
        "instrument": "VIIRS",
        "cluster_id": -1,
        "nearest_site_type": "industrial_zone"
      }
    },
    {
      "type": "Feature",
      "geometry": {
        "type": "Point",
        "coordinates": [
          70.13081,
          28.35198
        ]
      },
      "properties": {
        "classification": "unclassified",
        "rule_class": "unclassified",
        "ml_class": "unclassified",
        "confidence": 0.3,
        "frp": 0.75,
        "bright_ti4": 307.1,
        "acq_date": "2026-08-30",
        "daynight": "N",
        "instrument": "VIIRS",
        "cluster_id": -1,
        "nearest_site_type": "industrial_zone"
      }
    },
    {
      "type": "Feature",
      "geometry": {
        "type": "Point",
        "coordinates": [
          69.698,
          28.42588
        ]
      },
      "properties": {
        "classification": "unclassified",
        "rule_class": "unclassified",
        "ml_class": "unclassified",
        "confidence": 0.3,
        "frp": 1.83,
        "bright_ti4": 310.32,
        "acq_date": "2026-08-30",
        "daynight": "N",
        "instrument": "VIIRS",
        "cluster_id": -1,
        "nearest_site_type": "industrial_zone"
      }
    },
    {
      "type": "Feature",
      "geometry": {
        "type": "Point",
        "coordinates": [
          76.92912,
          28.74306
        ]
      },
      "properties": {
        "classification": "unclassified",
        "rule_class": "unclassified",
        "ml_class": "unclassified",
        "confidence": 0.3,
        "frp": 1.91,
        "bright_ti4": 316.04,
        "acq_date": "2026-08-30",
        "daynight": "N",
        "instrument": "VIIRS",
        "cluster_id": -1,
        "nearest_site_type": "industrial_zone"
      }
    },
    {
      "type": "Feature",
      "geometry": {
        "type": "Point",
        "coordinates": [
          76.89161,
          29.45914
        ]
      },
      "properties": {
        "classification": "unclassified",
        "rule_class": "unclassified",
        "ml_class": "unclassified",
        "confidence": 0.3,
        "frp": 3.18,
        "bright_ti4": 316.03,
        "acq_date": "2026-08-30",
        "daynight": "N",
        "instrument": "VIIRS",
        "cluster_id": -1,
        "nearest_site_type": "industrial_zone"
      }
    },
    {
      "type": "Feature",
      "geometry": {
        "type": "Point",
        "coordinates": [
          76.85623,
          29.4759
        ]
      },
      "properties": {
        "classification": "unclassified",
        "rule_class": "unclassified",
        "ml_class": "unclassified",
        "confidence": 0.3,
        "frp": 2.28,
        "bright_ti4": 311.77,
        "acq_date": "2026-08-30",
        "daynight": "N",
        "instrument": "VIIRS",
        "cluster_id": -1,
        "nearest_site_type": "industrial_zone"
      }
    },
    {
      "type": "Feature",
      "geometry": {
        "type": "Point",
        "coordinates": [
          74.25378,
          18.54634
        ]
      },
      "properties": {
        "classification": "unclassified",
        "rule_class": "unclassified",
        "ml_class": "unclassified",
        "confidence": 0.3,
        "frp": 1.13,
        "bright_ti4": 311.92,
        "acq_date": "2026-08-30",
        "daynight": "N",
        "instrument": "VIIRS",
        "cluster_id": -1,
        "nearest_site_type": "industrial_zone"
      }
    },
    {
      "type": "Feature",
      "geometry": {
        "type": "Point",
        "coordinates": [
          73.04101,
          18.68969
        ]
      },
      "properties": {
        "classification": "unclassified",
        "rule_class": "unclassified",
        "ml_class": "unclassified",
        "confidence": 0.3,
        "frp": 1.57,
        "bright_ti4": 304.97,
        "acq_date": "2026-08-30",
        "daynight": "N",
        "instrument": "VIIRS",
        "cluster_id": 18,
        "nearest_site_type": "industrial_zone"
      }
    },
    {
      "type": "Feature",
      "geometry": {
        "type": "Point",
        "coordinates": [
          73.0416,
          18.69302
        ]
      },
      "properties": {
        "classification": "unclassified",
        "rule_class": "unclassified",
        "ml_class": "unclassified",
        "confidence": 0.3,
        "frp": 3.62,
        "bright_ti4": 319.89,
        "acq_date": "2026-08-30",
        "daynight": "N",
        "instrument": "VIIRS",
        "cluster_id": 18,
        "nearest_site_type": "industrial_zone"
      }
    },
    {
      "type": "Feature",
      "geometry": {
        "type": "Point",
        "coordinates": [
          73.71136,
          19.93695
        ]
      },
      "properties": {
        "classification": "unclassified",
        "rule_class": "unclassified",
        "ml_class": "unclassified",
        "confidence": 0.3,
        "frp": 2.32,
        "bright_ti4": 323.05,
        "acq_date": "2026-08-30",
        "daynight": "N",
        "instrument": "VIIRS",
        "cluster_id": -1,
        "nearest_site_type": "industrial_zone"
      }
    },
    {
      "type": "Feature",
      "geometry": {
        "type": "Point",
        "coordinates": [
          72.94963,
          20.35619
        ]
      },
      "properties": {
        "classification": "unclassified",
        "rule_class": "unclassified",
        "ml_class": "unclassified",
        "confidence": 0.3,
        "frp": 1.84,
        "bright_ti4": 305.96,
        "acq_date": "2026-08-30",
        "daynight": "N",
        "instrument": "VIIRS",
        "cluster_id": -1,
        "nearest_site_type": "industrial_zone"
      }
    },
    {
      "type": "Feature",
      "geometry": {
        "type": "Point",
        "coordinates": [
          72.63954,
          21.10102
        ]
      },
      "properties": {
        "classification": "industrial_process_heat",
        "rule_class": "industrial_process_heat",
        "ml_class": "unclassified",
        "confidence": 0.85,
        "frp": 0.49,
        "bright_ti4": 295.93,
        "acq_date": "2026-08-30",
        "daynight": "N",
        "instrument": "VIIRS",
        "cluster_id": 19,
        "nearest_site_type": "factory"
      }
    },
    {
      "type": "Feature",
      "geometry": {
        "type": "Point",
        "coordinates": [
          72.63586,
          21.1016
        ]
      },
      "properties": {
        "classification": "industrial_process_heat",
        "rule_class": "industrial_process_heat",
        "ml_class": "unclassified",
        "confidence": 0.85,
        "frp": 1.65,
        "bright_ti4": 315.23,
        "acq_date": "2026-08-30",
        "daynight": "N",
        "instrument": "VIIRS",
        "cluster_id": 19,
        "nearest_site_type": "factory"
      }
    },
    {
      "type": "Feature",
      "geometry": {
        "type": "Point",
        "coordinates": [
          72.94081,
          21.26307
        ]
      },
      "properties": {
        "classification": "unclassified",
        "rule_class": "unclassified",
        "ml_class": "unclassified",
        "confidence": 0.3,
        "frp": 2.1,
        "bright_ti4": 312.03,
        "acq_date": "2026-08-30",
        "daynight": "N",
        "instrument": "VIIRS",
        "cluster_id": -1,
        "nearest_site_type": "industrial_zone"
      }
    },
    {
      "type": "Feature",
      "geometry": {
        "type": "Point",
        "coordinates": [
          72.08905,
          21.79665
        ]
      },
      "properties": {
        "classification": "unclassified",
        "rule_class": "unclassified",
        "ml_class": "unclassified",
        "confidence": 0.3,
        "frp": 1.45,
        "bright_ti4": 308.36,
        "acq_date": "2026-08-30",
        "daynight": "N",
        "instrument": "VIIRS",
        "cluster_id": -1,
        "nearest_site_type": "industrial_zone"
      }
    },
    {
      "type": "Feature",
      "geometry": {
        "type": "Point",
        "coordinates": [
          77.45597,
          9.67002
        ]
      },
      "properties": {
        "classification": "unclassified",
        "rule_class": "unclassified",
        "ml_class": "unclassified",
        "confidence": 0.3,
        "frp": 0.77,
        "bright_ti4": 297.92,
        "acq_date": "2026-08-30",
        "daynight": "N",
        "instrument": "VIIRS",
        "cluster_id": -1,
        "nearest_site_type": "industrial_zone"
      }
    },
    {
      "type": "Feature",
      "geometry": {
        "type": "Point",
        "coordinates": [
          79.08276,
          11.62482
        ]
      },
      "properties": {
        "classification": "unclassified",
        "rule_class": "unclassified",
        "ml_class": "unclassified",
        "confidence": 0.3,
        "frp": 0.94,
        "bright_ti4": 304.91,
        "acq_date": "2026-08-30",
        "daynight": "N",
        "instrument": "VIIRS",
        "cluster_id": -1,
        "nearest_site_type": "industrial_zone"
      }
    },
    {
      "type": "Feature",
      "geometry": {
        "type": "Point",
        "coordinates": [
          79.62021,
          13.71089
        ]
      },
      "properties": {
        "classification": "unclassified",
        "rule_class": "unclassified",
        "ml_class": "unclassified",
        "confidence": 0.3,
        "frp": 1.05,
        "bright_ti4": 304.97,
        "acq_date": "2026-08-30",
        "daynight": "N",
        "instrument": "VIIRS",
        "cluster_id": -1,
        "nearest_site_type": "industrial_zone"
      }
    },
    {
      "type": "Feature",
      "geometry": {
        "type": "Point",
        "coordinates": [
          79.33979,
          13.82755
        ]
      },
      "properties": {
        "classification": "unclassified",
        "rule_class": "unclassified",
        "ml_class": "unclassified",
        "confidence": 0.3,
        "frp": 0.49,
        "bright_ti4": 302.83,
        "acq_date": "2026-08-30",
        "daynight": "N",
        "instrument": "VIIRS",
        "cluster_id": 20,
        "nearest_site_type": "factory"
      }
    },
    {
      "type": "Feature",
      "geometry": {
        "type": "Point",
        "coordinates": [
          79.33691,
          13.82812
        ]
      },
      "properties": {
        "classification": "unclassified",
        "rule_class": "unclassified",
        "ml_class": "unclassified",
        "confidence": 0.3,
        "frp": 0.49,
        "bright_ti4": 305.97,
        "acq_date": "2026-08-30",
        "daynight": "N",
        "instrument": "VIIRS",
        "cluster_id": 20,
        "nearest_site_type": "factory"
      }
    },
    {
      "type": "Feature",
      "geometry": {
        "type": "Point",
        "coordinates": [
          79.33921,
          13.82816
        ]
      },
      "properties": {
        "classification": "unclassified",
        "rule_class": "unclassified",
        "ml_class": "unclassified",
        "confidence": 0.3,
        "frp": 0.64,
        "bright_ti4": 305.91,
        "acq_date": "2026-08-30",
        "daynight": "N",
        "instrument": "VIIRS",
        "cluster_id": 20,
        "nearest_site_type": "factory"
      }
    },
    {
      "type": "Feature",
      "geometry": {
        "type": "Point",
        "coordinates": [
          79.33408,
          13.82868
        ]
      },
      "properties": {
        "classification": "unclassified",
        "rule_class": "unclassified",
        "ml_class": "unclassified",
        "confidence": 0.3,
        "frp": 0.73,
        "bright_ti4": 302.13,
        "acq_date": "2026-08-30",
        "daynight": "N",
        "instrument": "VIIRS",
        "cluster_id": 20,
        "nearest_site_type": "factory"
      }
    },
    {
      "type": "Feature",
      "geometry": {
        "type": "Point",
        "coordinates": [
          79.33633,
          13.82871
        ]
      },
      "properties": {
        "classification": "unclassified",
        "rule_class": "unclassified",
        "ml_class": "unclassified",
        "confidence": 0.3,
        "frp": 0.64,
        "bright_ti4": 304.76,
        "acq_date": "2026-08-30",
        "daynight": "N",
        "instrument": "VIIRS",
        "cluster_id": 20,
        "nearest_site_type": "factory"
      }
    },
    {
      "type": "Feature",
      "geometry": {
        "type": "Point",
        "coordinates": [
          76.67051,
          15.16888
        ]
      },
      "properties": {
        "classification": "unclassified",
        "rule_class": "unclassified",
        "ml_class": "unclassified",
        "confidence": 0.3,
        "frp": 0.4,
        "bright_ti4": 297.02,
        "acq_date": "2026-08-30",
        "daynight": "N",
        "instrument": "VIIRS",
        "cluster_id": 21,
        "nearest_site_type": "industrial_zone"
      }
    },
    {
      "type": "Feature",
      "geometry": {
        "type": "Point",
        "coordinates": [
          76.78623,
          15.17345
        ]
      },
      "properties": {
        "classification": "unclassified",
        "rule_class": "unclassified",
        "ml_class": "unclassified",
        "confidence": 0.3,
        "frp": 0.79,
        "bright_ti4": 302.27,
        "acq_date": "2026-08-30",
        "daynight": "N",
        "instrument": "VIIRS",
        "cluster_id": -1,
        "nearest_site_type": "industrial_zone"
      }
    },
    {
      "type": "Feature",
      "geometry": {
        "type": "Point",
        "coordinates": [
          76.69113,
          15.17362
        ]
      },
      "properties": {
        "classification": "unclassified",
        "rule_class": "unclassified",
        "ml_class": "unclassified",
        "confidence": 0.3,
        "frp": 0.52,
        "bright_ti4": 301.13,
        "acq_date": "2026-08-30",
        "daynight": "N",
        "instrument": "VIIRS",
        "cluster_id": 21,
        "nearest_site_type": "industrial_zone"
      }
    },
    {
      "type": "Feature",
      "geometry": {
        "type": "Point",
        "coordinates": [
          76.65623,
          15.1757
        ]
      },
      "properties": {
        "classification": "unclassified",
        "rule_class": "unclassified",
        "ml_class": "unclassified",
        "confidence": 0.3,
        "frp": 3.12,
        "bright_ti4": 320.74,
        "acq_date": "2026-08-30",
        "daynight": "N",
        "instrument": "VIIRS",
        "cluster_id": 21,
        "nearest_site_type": "industrial_zone"
      }
    },
    {
      "type": "Feature",
      "geometry": {
        "type": "Point",
        "coordinates": [
          76.67603,
          15.17636
        ]
      },
      "properties": {
        "classification": "unclassified",
        "rule_class": "unclassified",
        "ml_class": "unclassified",
        "confidence": 0.3,
        "frp": 2.05,
        "bright_ti4": 312.47,
        "acq_date": "2026-08-30",
        "daynight": "N",
        "instrument": "VIIRS",
        "cluster_id": 21,
        "nearest_site_type": "industrial_zone"
      }
    },
    {
      "type": "Feature",
      "geometry": {
        "type": "Point",
        "coordinates": [
          76.66464,
          15.17842
        ]
      },
      "properties": {
        "classification": "unclassified",
        "rule_class": "unclassified",
        "ml_class": "unclassified",
        "confidence": 0.3,
        "frp": 1.47,
        "bright_ti4": 301.31,
        "acq_date": "2026-08-30",
        "daynight": "N",
        "instrument": "VIIRS",
        "cluster_id": 21,
        "nearest_site_type": "industrial_zone"
      }
    },
    {
      "type": "Feature",
      "geometry": {
        "type": "Point",
        "coordinates": [
          76.66927,
          15.18182
        ]
      },
      "properties": {
        "classification": "unclassified",
        "rule_class": "unclassified",
        "ml_class": "unclassified",
        "confidence": 0.3,
        "frp": 1.46,
        "bright_ti4": 302.97,
        "acq_date": "2026-08-30",
        "daynight": "N",
        "instrument": "VIIRS",
        "cluster_id": 21,
        "nearest_site_type": "industrial_zone"
      }
    },
    {
      "type": "Feature",
      "geometry": {
        "type": "Point",
        "coordinates": [
          76.66548,
          15.1825
        ]
      },
      "properties": {
        "classification": "unclassified",
        "rule_class": "unclassified",
        "ml_class": "unclassified",
        "confidence": 0.3,
        "frp": 1.46,
        "bright_ti4": 315.65,
        "acq_date": "2026-08-30",
        "daynight": "N",
        "instrument": "VIIRS",
        "cluster_id": 21,
        "nearest_site_type": "industrial_zone"
      }
    },
    {
      "type": "Feature",
      "geometry": {
        "type": "Point",
        "coordinates": [
          79.95699,
          6.95868
        ]
      },
      "properties": {
        "classification": "unclassified",
        "rule_class": "unclassified",
        "ml_class": "unclassified",
        "confidence": 0.3,
        "frp": 1.05,
        "bright_ti4": 300.79,
        "acq_date": "2026-08-30",
        "daynight": "N",
        "instrument": "VIIRS",
        "cluster_id": -1,
        "nearest_site_type": "industrial_zone"
      }
    },
    {
      "type": "Feature",
      "geometry": {
        "type": "Point",
        "coordinates": [
          81.75127,
          6.74823
        ]
      },
      "properties": {
        "classification": "unclassified",
        "rule_class": "unclassified",
        "ml_class": "unclassified",
        "confidence": 0.3,
        "frp": 2.28,
        "bright_ti4": 333.23,
        "acq_date": "2026-08-31",
        "daynight": "D",
        "instrument": "VIIRS",
        "cluster_id": -1,
        "nearest_site_type": "industrial_zone"
      }
    },
    {
      "type": "Feature",
      "geometry": {
        "type": "Point",
        "coordinates": [
          81.59812,
          6.99914
        ]
      },
      "properties": {
        "classification": "unclassified",
        "rule_class": "unclassified",
        "ml_class": "unclassified",
        "confidence": 0.3,
        "frp": 4.66,
        "bright_ti4": 345.91,
        "acq_date": "2026-08-31",
        "daynight": "D",
        "instrument": "VIIRS",
        "cluster_id": 5,
        "nearest_site_type": "industrial_zone"
      }
    },
    {
      "type": "Feature",
      "geometry": {
        "type": "Point",
        "coordinates": [
          81.60159,
          6.99967
        ]
      },
      "properties": {
        "classification": "unclassified",
        "rule_class": "unclassified",
        "ml_class": "unclassified",
        "confidence": 0.3,
        "frp": 5.33,
        "bright_ti4": 335.33,
        "acq_date": "2026-08-31",
        "daynight": "D",
        "instrument": "VIIRS",
        "cluster_id": 5,
        "nearest_site_type": "industrial_zone"
      }
    },
    {
      "type": "Feature",
      "geometry": {
        "type": "Point",
        "coordinates": [
          81.59413,
          7.00193
        ]
      },
      "properties": {
        "classification": "unclassified",
        "rule_class": "unclassified",
        "ml_class": "unclassified",
        "confidence": 0.3,
        "frp": 4.66,
        "bright_ti4": 340.51,
        "acq_date": "2026-08-31",
        "daynight": "D",
        "instrument": "VIIRS",
        "cluster_id": 5,
        "nearest_site_type": "industrial_zone"
      }
    },
    {
      "type": "Feature",
      "geometry": {
        "type": "Point",
        "coordinates": [
          81.59761,
          7.00246
        ]
      },
      "properties": {
        "classification": "unclassified",
        "rule_class": "unclassified",
        "ml_class": "unclassified",
        "confidence": 0.3,
        "frp": 4.66,
        "bright_ti4": 349.4,
        "acq_date": "2026-08-31",
        "daynight": "D",
        "instrument": "VIIRS",
        "cluster_id": 5,
        "nearest_site_type": "industrial_zone"
      }
    },
    {
      "type": "Feature",
      "geometry": {
        "type": "Point",
        "coordinates": [
          81.5966,
          7.00911
        ]
      },
      "properties": {
        "classification": "unclassified",
        "rule_class": "unclassified",
        "ml_class": "unclassified",
        "confidence": 0.3,
        "frp": 4.34,
        "bright_ti4": 334.53,
        "acq_date": "2026-08-31",
        "daynight": "D",
        "instrument": "VIIRS",
        "cluster_id": 5,
        "nearest_site_type": "industrial_zone"
      }
    },
    {
      "type": "Feature",
      "geometry": {
        "type": "Point",
        "coordinates": [
          81.82498,
          7.07676
        ]
      },
      "properties": {
        "classification": "unclassified",
        "rule_class": "unclassified",
        "ml_class": "unclassified",
        "confidence": 0.3,
        "frp": 3.59,
        "bright_ti4": 341.21,
        "acq_date": "2026-08-31",
        "daynight": "D",
        "instrument": "VIIRS",
        "cluster_id": -1,
        "nearest_site_type": "industrial_zone"
      }
    },
    {
      "type": "Feature",
      "geometry": {
        "type": "Point",
        "coordinates": [
          80.83875,
          7.09931
        ]
      },
      "properties": {
        "classification": "unclassified",
        "rule_class": "unclassified",
        "ml_class": "unclassified",
        "confidence": 0.3,
        "frp": 3.8,
        "bright_ti4": 330.54,
        "acq_date": "2026-08-31",
        "daynight": "D",
        "instrument": "VIIRS",
        "cluster_id": -1,
        "nearest_site_type": "industrial_zone"
      }
    },
    {
      "type": "Feature",
      "geometry": {
        "type": "Point",
        "coordinates": [
          81.64171,
          7.17094
        ]
      },
      "properties": {
        "classification": "unclassified",
        "rule_class": "unclassified",
        "ml_class": "unclassified",
        "confidence": 0.3,
        "frp": 8.79,
        "bright_ti4": 345.22,
        "acq_date": "2026-08-31",
        "daynight": "D",
        "instrument": "VIIRS",
        "cluster_id": -1,
        "nearest_site_type": "industrial_zone"
      }
    },
    {
      "type": "Feature",
      "geometry": {
        "type": "Point",
        "coordinates": [
          81.38634,
          7.1865
        ]
      },
      "properties": {
        "classification": "unclassified",
        "rule_class": "unclassified",
        "ml_class": "unclassified",
        "confidence": 0.3,
        "frp": 4.57,
        "bright_ti4": 339.42,
        "acq_date": "2026-08-31",
        "daynight": "D",
        "instrument": "VIIRS",
        "cluster_id": -1,
        "nearest_site_type": "industrial_zone"
      }
    },
    {
      "type": "Feature",
      "geometry": {
        "type": "Point",
        "coordinates": [
          81.76436,
          7.32466
        ]
      },
      "properties": {
        "classification": "unclassified",
        "rule_class": "unclassified",
        "ml_class": "unclassified",
        "confidence": 0.3,
        "frp": 4.49,
        "bright_ti4": 343.9,
        "acq_date": "2026-08-31",
        "daynight": "D",
        "instrument": "VIIRS",
        "cluster_id": 8,
        "nearest_site_type": "industrial_zone"
      }
    },
    {
      "type": "Feature",
      "geometry": {
        "type": "Point",
        "coordinates": [
          81.80244,
          7.33384
        ]
      },
      "properties": {
        "classification": "unclassified",
        "rule_class": "unclassified",
        "ml_class": "unclassified",
        "confidence": 0.3,
        "frp": 3.07,
        "bright_ti4": 340.74,
        "acq_date": "2026-08-31",
        "daynight": "D",
        "instrument": "VIIRS",
        "cluster_id": 9,
        "nearest_site_type": "industrial_zone"
      }
    },
    {
      "type": "Feature",
      "geometry": {
        "type": "Point",
        "coordinates": [
          81.31496,
          7.43173
        ]
      },
      "properties": {
        "classification": "unclassified",
        "rule_class": "unclassified",
        "ml_class": "unclassified",
        "confidence": 0.3,
        "frp": 2.02,
        "bright_ti4": 330.4,
        "acq_date": "2026-08-31",
        "daynight": "D",
        "instrument": "VIIRS",
        "cluster_id": 12,
        "nearest_site_type": "industrial_zone"
      }
    },
    {
      "type": "Feature",
      "geometry": {
        "type": "Point",
        "coordinates": [
          80.99762,
          7.4614
        ]
      },
      "properties": {
        "classification": "unclassified",
        "rule_class": "unclassified",
        "ml_class": "unclassified",
        "confidence": 0.3,
        "frp": 24.03,
        "bright_ti4": 354.52,
        "acq_date": "2026-08-31",
        "daynight": "D",
        "instrument": "VIIRS",
        "cluster_id": -1,
        "nearest_site_type": "industrial_zone"
      }
    },
    {
      "type": "Feature",
      "geometry": {
        "type": "Point",
        "coordinates": [
          81.65829,
          7.47357
        ]
      },
      "properties": {
        "classification": "unclassified",
        "rule_class": "unclassified",
        "ml_class": "unclassified",
        "confidence": 0.3,
        "frp": 9.86,
        "bright_ti4": 346.07,
        "acq_date": "2026-08-31",
        "daynight": "D",
        "instrument": "VIIRS",
        "cluster_id": -1,
        "nearest_site_type": "factory"
      }
    },
    {
      "type": "Feature",
      "geometry": {
        "type": "Point",
        "coordinates": [
          80.8979,
          7.52729
        ]
      },
      "properties": {
        "classification": "unclassified",
        "rule_class": "unclassified",
        "ml_class": "unclassified",
        "confidence": 0.3,
        "frp": 2.18,
        "bright_ti4": 334.5,
        "acq_date": "2026-08-31",
        "daynight": "D",
        "instrument": "VIIRS",
        "cluster_id": -1,
        "nearest_site_type": "industrial_zone"
      }
    },
    {
      "type": "Feature",
      "geometry": {
        "type": "Point",
        "coordinates": [
          81.15155,
          7.60614
        ]
      },
      "properties": {
        "classification": "unclassified",
        "rule_class": "unclassified",
        "ml_class": "unclassified",
        "confidence": 0.3,
        "frp": 8.72,
        "bright_ti4": 339.35,
        "acq_date": "2026-08-31",
        "daynight": "D",
        "instrument": "VIIRS",
        "cluster_id": 13,
        "nearest_site_type": "industrial_zone"
      }
    },
    {
      "type": "Feature",
      "geometry": {
        "type": "Point",
        "coordinates": [
          81.40054,
          7.65419
        ]
      },
      "properties": {
        "classification": "unclassified",
        "rule_class": "unclassified",
        "ml_class": "unclassified",
        "confidence": 0.3,
        "frp": 2.94,
        "bright_ti4": 335.93,
        "acq_date": "2026-08-31",
        "daynight": "D",
        "instrument": "VIIRS",
        "cluster_id": -1,
        "nearest_site_type": "industrial_zone"
      }
    },
    {
      "type": "Feature",
      "geometry": {
        "type": "Point",
        "coordinates": [
          81.42134,
          7.70496
        ]
      },
      "properties": {
        "classification": "unclassified",
        "rule_class": "unclassified",
        "ml_class": "unclassified",
        "confidence": 0.3,
        "frp": 6.93,
        "bright_ti4": 340.73,
        "acq_date": "2026-08-31",
        "daynight": "D",
        "instrument": "VIIRS",
        "cluster_id": -1,
        "nearest_site_type": "industrial_zone"
      }
    },
    {
      "type": "Feature",
      "geometry": {
        "type": "Point",
        "coordinates": [
          79.95287,
          7.73714
        ]
      },
      "properties": {
        "classification": "unclassified",
        "rule_class": "unclassified",
        "ml_class": "unclassified",
        "confidence": 0.3,
        "frp": 3.4,
        "bright_ti4": 335.15,
        "acq_date": "2026-08-31",
        "daynight": "D",
        "instrument": "VIIRS",
        "cluster_id": -1,
        "nearest_site_type": "industrial_zone"
      }
    },
    {
      "type": "Feature",
      "geometry": {
        "type": "Point",
        "coordinates": [
          79.95213,
          7.73915
        ]
      },
      "properties": {
        "classification": "unclassified",
        "rule_class": "unclassified",
        "ml_class": "unclassified",
        "confidence": 0.3,
        "frp": 5.01,
        "bright_ti4": 345.5,
        "acq_date": "2026-08-31",
        "daynight": "D",
        "instrument": "VIIRS",
        "cluster_id": -1,
        "nearest_site_type": "industrial_zone"
      }
    },
    {
      "type": "Feature",
      "geometry": {
        "type": "Point",
        "coordinates": [
          80.07893,
          7.8739
        ]
      },
      "properties": {
        "classification": "unclassified",
        "rule_class": "unclassified",
        "ml_class": "unclassified",
        "confidence": 0.3,
        "frp": 5.31,
        "bright_ti4": 348.7,
        "acq_date": "2026-08-31",
        "daynight": "D",
        "instrument": "VIIRS",
        "cluster_id": -1,
        "nearest_site_type": "industrial_zone"
      }
    },
    {
      "type": "Feature",
      "geometry": {
        "type": "Point",
        "coordinates": [
          80.62096,
          7.87699
        ]
      },
      "properties": {
        "classification": "unclassified",
        "rule_class": "unclassified",
        "ml_class": "unclassified",
        "confidence": 0.3,
        "frp": 2.86,
        "bright_ti4": 331.9,
        "acq_date": "2026-08-31",
        "daynight": "D",
        "instrument": "VIIRS",
        "cluster_id": -1,
        "nearest_site_type": "industrial_zone"
      }
    },
    {
      "type": "Feature",
      "geometry": {
        "type": "Point",
        "coordinates": [
          80.13833,
          7.88657
        ]
      },
      "properties": {
        "classification": "unclassified",
        "rule_class": "unclassified",
        "ml_class": "unclassified",
        "confidence": 0.3,
        "frp": 7.77,
        "bright_ti4": 345.81,
        "acq_date": "2026-08-31",
        "daynight": "D",
        "instrument": "VIIRS",
        "cluster_id": -1,
        "nearest_site_type": "industrial_zone"
      }
    },
    {
      "type": "Feature",
      "geometry": {
        "type": "Point",
        "coordinates": [
          80.61943,
          7.88696
        ]
      },
      "properties": {
        "classification": "unclassified",
        "rule_class": "unclassified",
        "ml_class": "unclassified",
        "confidence": 0.3,
        "frp": 3.88,
        "bright_ti4": 341.73,
        "acq_date": "2026-08-31",
        "daynight": "D",
        "instrument": "VIIRS",
        "cluster_id": -1,
        "nearest_site_type": "industrial_zone"
      }
    },
    {
      "type": "Feature",
      "geometry": {
        "type": "Point",
        "coordinates": [
          81.40872,
          7.92286
        ]
      },
      "properties": {
        "classification": "unclassified",
        "rule_class": "unclassified",
        "ml_class": "unclassified",
        "confidence": 0.3,
        "frp": 4.75,
        "bright_ti4": 341.88,
        "acq_date": "2026-08-31",
        "daynight": "D",
        "instrument": "VIIRS",
        "cluster_id": -1,
        "nearest_site_type": "industrial_zone"
      }
    },
    {
      "type": "Feature",
      "geometry": {
        "type": "Point",
        "coordinates": [
          81.30248,
          7.94071
        ]
      },
      "properties": {
        "classification": "unclassified",
        "rule_class": "unclassified",
        "ml_class": "unclassified",
        "confidence": 0.3,
        "frp": 20.34,
        "bright_ti4": 345.2,
        "acq_date": "2026-08-31",
        "daynight": "D",
        "instrument": "VIIRS",
        "cluster_id": 22,
        "nearest_site_type": "industrial_zone"
      }
    },
    {
      "type": "Feature",
      "geometry": {
        "type": "Point",
        "coordinates": [
          81.30596,
          7.94124
        ]
      },
      "properties": {
        "classification": "unclassified",
        "rule_class": "unclassified",
        "ml_class": "unclassified",
        "confidence": 0.3,
        "frp": 20.34,
        "bright_ti4": 352.39,
        "acq_date": "2026-08-31",
        "daynight": "D",
        "instrument": "VIIRS",
        "cluster_id": 22,
        "nearest_site_type": "industrial_zone"
      }
    },
    {
      "type": "Feature",
      "geometry": {
        "type": "Point",
        "coordinates": [
          81.295,
          7.94297
        ]
      },
      "properties": {
        "classification": "unclassified",
        "rule_class": "unclassified",
        "ml_class": "unclassified",
        "confidence": 0.3,
        "frp": 80.22,
        "bright_ti4": 350.67,
        "acq_date": "2026-08-31",
        "daynight": "D",
        "instrument": "VIIRS",
        "cluster_id": 22,
        "nearest_site_type": "industrial_zone"
      }
    },
    {
      "type": "Feature",
      "geometry": {
        "type": "Point",
        "coordinates": [
          81.30197,
          7.94403
        ]
      },
      "properties": {
        "classification": "unclassified",
        "rule_class": "unclassified",
        "ml_class": "unclassified",
        "confidence": 0.3,
        "frp": 20.34,
        "bright_ti4": 352.31,
        "acq_date": "2026-08-31",
        "daynight": "D",
        "instrument": "VIIRS",
        "cluster_id": 22,
        "nearest_site_type": "industrial_zone"
      }
    },
    {
      "type": "Feature",
      "geometry": {
        "type": "Point",
        "coordinates": [
          81.30545,
          7.94456
        ]
      },
      "properties": {
        "classification": "unclassified",
        "rule_class": "unclassified",
        "ml_class": "unclassified",
        "confidence": 0.3,
        "frp": 20.34,
        "bright_ti4": 367.0,
        "acq_date": "2026-08-31",
        "daynight": "D",
        "instrument": "VIIRS",
        "cluster_id": 22,
        "nearest_site_type": "industrial_zone"
      }
    },
    {
      "type": "Feature",
      "geometry": {
        "type": "Point",
        "coordinates": [
          80.09814,
          7.95897
        ]
      },
      "properties": {
        "classification": "unclassified",
        "rule_class": "unclassified",
        "ml_class": "unclassified",
        "confidence": 0.3,
        "frp": 3.06,
        "bright_ti4": 338.14,
        "acq_date": "2026-08-31",
        "daynight": "D",
        "instrument": "VIIRS",
        "cluster_id": -1,
        "nearest_site_type": "factory"
      }
    },
    {
      "type": "Feature",
      "geometry": {
        "type": "Point",
        "coordinates": [
          80.62367,
          7.96847
        ]
      },
      "properties": {
        "classification": "unclassified",
        "rule_class": "unclassified",
        "ml_class": "unclassified",
        "confidence": 0.3,
        "frp": 2.45,
        "bright_ti4": 334.81,
        "acq_date": "2026-08-31",
        "daynight": "D",
        "instrument": "VIIRS",
        "cluster_id": -1,
        "nearest_site_type": "industrial_zone"
      }
    },
    {
      "type": "Feature",
      "geometry": {
        "type": "Point",
        "coordinates": [
          80.37258,
          7.99786
        ]
      },
      "properties": {
        "classification": "mining_activity",
        "rule_class": "mining_activity",
        "ml_class": "unclassified",
        "confidence": 0.99,
        "frp": 6.58,
        "bright_ti4": 332.12,
        "acq_date": "2026-08-31",
        "daynight": "D",
        "instrument": "VIIRS",
        "cluster_id": -1,
        "nearest_site_type": "industrial_zone"
      }
    },
    {
      "type": "Feature",
      "geometry": {
        "type": "Point",
        "coordinates": [
          80.37608,
          7.9984
        ]
      },
      "properties": {
        "classification": "unclassified",
        "rule_class": "unclassified",
        "ml_class": "unclassified",
        "confidence": 0.3,
        "frp": 6.58,
        "bright_ti4": 349.28,
        "acq_date": "2026-08-31",
        "daynight": "D",
        "instrument": "VIIRS",
        "cluster_id": -1,
        "nearest_site_type": "industrial_zone"
      }
    },
    {
      "type": "Feature",
      "geometry": {
        "type": "Point",
        "coordinates": [
          81.41592,
          8.01197
        ]
      },
      "properties": {
        "classification": "mining_activity",
        "rule_class": "mining_activity",
        "ml_class": "unclassified",
        "confidence": 0.996,
        "frp": 4.35,
        "bright_ti4": 340.12,
        "acq_date": "2026-08-31",
        "daynight": "D",
        "instrument": "VIIRS",
        "cluster_id": -1,
        "nearest_site_type": "industrial_zone"
      }
    },
    {
      "type": "Feature",
      "geometry": {
        "type": "Point",
        "coordinates": [
          80.19405,
          8.03437
        ]
      },
      "properties": {
        "classification": "unclassified",
        "rule_class": "unclassified",
        "ml_class": "unclassified",
        "confidence": 0.3,
        "frp": 6.16,
        "bright_ti4": 338.36,
        "acq_date": "2026-08-31",
        "daynight": "D",
        "instrument": "VIIRS",
        "cluster_id": -1,
        "nearest_site_type": "industrial_zone"
      }
    },
    {
      "type": "Feature",
      "geometry": {
        "type": "Point",
        "coordinates": [
          80.19277,
          8.08878
        ]
      },
      "properties": {
        "classification": "unclassified",
        "rule_class": "unclassified",
        "ml_class": "unclassified",
        "confidence": 0.3,
        "frp": 5.01,
        "bright_ti4": 344.37,
        "acq_date": "2026-08-31",
        "daynight": "D",
        "instrument": "VIIRS",
        "cluster_id": -1,
        "nearest_site_type": "factory"
      }
    },
    {
      "type": "Feature",
      "geometry": {
        "type": "Point",
        "coordinates": [
          79.99303,
          8.14198
        ]
      },
      "properties": {
        "classification": "unclassified",
        "rule_class": "unclassified",
        "ml_class": "unclassified",
        "confidence": 0.3,
        "frp": 3.1,
        "bright_ti4": 337.81,
        "acq_date": "2026-08-31",
        "daynight": "D",
        "instrument": "VIIRS",
        "cluster_id": -1,
        "nearest_site_type": "industrial_zone"
      }
    },
    {
      "type": "Feature",
      "geometry": {
        "type": "Point",
        "coordinates": [
          80.51107,
          8.2525
        ]
      },
      "properties": {
        "classification": "mining_activity",
        "rule_class": "mining_activity",
        "ml_class": "unclassified",
        "confidence": 1.0,
        "frp": 2.72,
        "bright_ti4": 330.03,
        "acq_date": "2026-08-31",
        "daynight": "D",
        "instrument": "VIIRS",
        "cluster_id": -1,
        "nearest_site_type": "industrial_zone"
      }
    },
    {
      "type": "Feature",
      "geometry": {
        "type": "Point",
        "coordinates": [
          80.17477,
          8.26829
        ]
      },
      "properties": {
        "classification": "mining_activity",
        "rule_class": "mining_activity",
        "ml_class": "unclassified",
        "confidence": 1.0,
        "frp": 2.7,
        "bright_ti4": 333.76,
        "acq_date": "2026-08-31",
        "daynight": "D",
        "instrument": "VIIRS",
        "cluster_id": -1,
        "nearest_site_type": "industrial_zone"
      }
    },
    {
      "type": "Feature",
      "geometry": {
        "type": "Point",
        "coordinates": [
          80.16919,
          8.28108
        ]
      },
      "properties": {
        "classification": "mining_activity",
        "rule_class": "mining_activity",
        "ml_class": "unclassified",
        "confidence": 0.655,
        "frp": 3.83,
        "bright_ti4": 341.22,
        "acq_date": "2026-08-31",
        "daynight": "D",
        "instrument": "VIIRS",
        "cluster_id": -1,
        "nearest_site_type": "industrial_zone"
      }
    },
    {
      "type": "Feature",
      "geometry": {
        "type": "Point",
        "coordinates": [
          80.21081,
          8.29091
        ]
      },
      "properties": {
        "classification": "mining_activity",
        "rule_class": "mining_activity",
        "ml_class": "unclassified",
        "confidence": 0.623,
        "frp": 5.81,
        "bright_ti4": 346.43,
        "acq_date": "2026-08-31",
        "daynight": "D",
        "instrument": "VIIRS",
        "cluster_id": -1,
        "nearest_site_type": "industrial_zone"
      }
    },
    {
      "type": "Feature",
      "geometry": {
        "type": "Point",
        "coordinates": [
          80.16256,
          8.30053
        ]
      },
      "properties": {
        "classification": "unclassified",
        "rule_class": "unclassified",
        "ml_class": "unclassified",
        "confidence": 0.3,
        "frp": 3.66,
        "bright_ti4": 339.1,
        "acq_date": "2026-08-31",
        "daynight": "D",
        "instrument": "VIIRS",
        "cluster_id": 23,
        "nearest_site_type": "industrial_zone"
      }
    },
    {
      "type": "Feature",
      "geometry": {
        "type": "Point",
        "coordinates": [
          80.12835,
          8.30774
        ]
      },
      "properties": {
        "classification": "unclassified",
        "rule_class": "unclassified",
        "ml_class": "unclassified",
        "confidence": 0.3,
        "frp": 2.95,
        "bright_ti4": 332.31,
        "acq_date": "2026-08-31",
        "daynight": "D",
        "instrument": "VIIRS",
        "cluster_id": -1,
        "nearest_site_type": "factory"
      }
    },
    {
      "type": "Feature",
      "geometry": {
        "type": "Point",
        "coordinates": [
          80.29387,
          8.31053
        ]
      },
      "properties": {
        "classification": "unclassified",
        "rule_class": "unclassified",
        "ml_class": "unclassified",
        "confidence": 0.3,
        "frp": 1.4,
        "bright_ti4": 334.22,
        "acq_date": "2026-08-31",
        "daynight": "D",
        "instrument": "VIIRS",
        "cluster_id": 24,
        "nearest_site_type": "industrial_zone"
      }
    },
    {
      "type": "Feature",
      "geometry": {
        "type": "Point",
        "coordinates": [
          80.20496,
          8.34692
        ]
      },
      "properties": {
        "classification": "unclassified",
        "rule_class": "unclassified",
        "ml_class": "unclassified",
        "confidence": 0.3,
        "frp": 3.86,
        "bright_ti4": 336.99,
        "acq_date": "2026-08-31",
        "daynight": "D",
        "instrument": "VIIRS",
        "cluster_id": 25,
        "nearest_site_type": "industrial_zone"
      }
    },
    {
      "type": "Feature",
      "geometry": {
        "type": "Point",
        "coordinates": [
          80.20847,
          8.34746
        ]
      },
      "properties": {
        "classification": "unclassified",
        "rule_class": "unclassified",
        "ml_class": "unclassified",
        "confidence": 0.3,
        "frp": 3.85,
        "bright_ti4": 336.17,
        "acq_date": "2026-08-31",
        "daynight": "D",
        "instrument": "VIIRS",
        "cluster_id": 25,
        "nearest_site_type": "industrial_zone"
      }
    },
    {
      "type": "Feature",
      "geometry": {
        "type": "Point",
        "coordinates": [
          80.80066,
          8.35775
        ]
      },
      "properties": {
        "classification": "unclassified",
        "rule_class": "unclassified",
        "ml_class": "unclassified",
        "confidence": 0.3,
        "frp": 8.27,
        "bright_ti4": 337.97,
        "acq_date": "2026-08-31",
        "daynight": "D",
        "instrument": "VIIRS",
        "cluster_id": -1,
        "nearest_site_type": "industrial_zone"
      }
    },
    {
      "type": "Feature",
      "geometry": {
        "type": "Point",
        "coordinates": [
          81.05286,
          8.36229
        ]
      },
      "properties": {
        "classification": "unclassified",
        "rule_class": "unclassified",
        "ml_class": "unclassified",
        "confidence": 0.3,
        "frp": 6.7,
        "bright_ti4": 337.65,
        "acq_date": "2026-08-31",
        "daynight": "D",
        "instrument": "VIIRS",
        "cluster_id": 34,
        "nearest_site_type": "industrial_zone"
      }
    },
    {
      "type": "Feature",
      "geometry": {
        "type": "Point",
        "coordinates": [
          80.43393,
          8.3721
        ]
      },
      "properties": {
        "classification": "unclassified",
        "rule_class": "unclassified",
        "ml_class": "unclassified",
        "confidence": 0.3,
        "frp": 6.87,
        "bright_ti4": 336.87,
        "acq_date": "2026-08-31",
        "daynight": "D",
        "instrument": "VIIRS",
        "cluster_id": -1,
        "nearest_site_type": "industrial_zone"
      }
    },
    {
      "type": "Feature",
      "geometry": {
        "type": "Point",
        "coordinates": [
          81.1614,
          8.3754
        ]
      },
      "properties": {
        "classification": "unclassified",
        "rule_class": "unclassified",
        "ml_class": "unclassified",
        "confidence": 0.3,
        "frp": 3.98,
        "bright_ti4": 336.39,
        "acq_date": "2026-08-31",
        "daynight": "D",
        "instrument": "VIIRS",
        "cluster_id": -1,
        "nearest_site_type": "industrial_zone"
      }
    },
    {
      "type": "Feature",
      "geometry": {
        "type": "Point",
        "coordinates": [
          80.18925,
          8.37858
        ]
      },
      "properties": {
        "classification": "mining_activity",
        "rule_class": "mining_activity",
        "ml_class": "unclassified",
        "confidence": 0.961,
        "frp": 4.28,
        "bright_ti4": 336.53,
        "acq_date": "2026-08-31",
        "daynight": "D",
        "instrument": "VIIRS",
        "cluster_id": -1,
        "nearest_site_type": "industrial_zone"
      }
    },
    {
      "type": "Feature",
      "geometry": {
        "type": "Point",
        "coordinates": [
          80.15206,
          8.38648
        ]
      },
      "properties": {
        "classification": "mining_activity",
        "rule_class": "mining_activity",
        "ml_class": "unclassified",
        "confidence": 0.989,
        "frp": 4.9,
        "bright_ti4": 334.03,
        "acq_date": "2026-08-31",
        "daynight": "D",
        "instrument": "VIIRS",
        "cluster_id": -1,
        "nearest_site_type": "industrial_zone"
      }
    },
    {
      "type": "Feature",
      "geometry": {
        "type": "Point",
        "coordinates": [
          80.15557,
          8.38703
        ]
      },
      "properties": {
        "classification": "unclassified",
        "rule_class": "unclassified",
        "ml_class": "unclassified",
        "confidence": 0.3,
        "frp": 4.9,
        "bright_ti4": 346.01,
        "acq_date": "2026-08-31",
        "daynight": "D",
        "instrument": "VIIRS",
        "cluster_id": -1,
        "nearest_site_type": "power_plant"
      }
    },
    {
      "type": "Feature",
      "geometry": {
        "type": "Point",
        "coordinates": [
          81.09,
          8.4223
        ]
      },
      "properties": {
        "classification": "unclassified",
        "rule_class": "unclassified",
        "ml_class": "unclassified",
        "confidence": 0.3,
        "frp": 3.98,
        "bright_ti4": 340.12,
        "acq_date": "2026-08-31",
        "daynight": "D",
        "instrument": "VIIRS",
        "cluster_id": -1,
        "nearest_site_type": "industrial_zone"
      }
    },
    {
      "type": "Feature",
      "geometry": {
        "type": "Point",
        "coordinates": [
          80.62504,
          8.42869
        ]
      },
      "properties": {
        "classification": "unclassified",
        "rule_class": "unclassified",
        "ml_class": "unclassified",
        "confidence": 0.3,
        "frp": 5.61,
        "bright_ti4": 341.14,
        "acq_date": "2026-08-31",
        "daynight": "D",
        "instrument": "VIIRS",
        "cluster_id": 36,
        "nearest_site_type": "industrial_zone"
      }
    },
    {
      "type": "Feature",
      "geometry": {
        "type": "Point",
        "coordinates": [
          80.79919,
          8.4316
        ]
      },
      "properties": {
        "classification": "unclassified",
        "rule_class": "unclassified",
        "ml_class": "unclassified",
        "confidence": 0.3,
        "frp": 6.05,
        "bright_ti4": 341.2,
        "acq_date": "2026-08-31",
        "daynight": "D",
        "instrument": "VIIRS",
        "cluster_id": -1,
        "nearest_site_type": "power_plant"
      }
    },
    {
      "type": "Feature",
      "geometry": {
        "type": "Point",
        "coordinates": [
          80.5528,
          8.43458
        ]
      },
      "properties": {
        "classification": "unclassified",
        "rule_class": "unclassified",
        "ml_class": "unclassified",
        "confidence": 0.3,
        "frp": 2.47,
        "bright_ti4": 331.43,
        "acq_date": "2026-08-31",
        "daynight": "D",
        "instrument": "VIIRS",
        "cluster_id": -1,
        "nearest_site_type": "industrial_zone"
      }
    },
    {
      "type": "Feature",
      "geometry": {
        "type": "Point",
        "coordinates": [
          80.87873,
          8.44716
        ]
      },
      "properties": {
        "classification": "unclassified",
        "rule_class": "unclassified",
        "ml_class": "unclassified",
        "confidence": 0.3,
        "frp": 7.37,
        "bright_ti4": 338.83,
        "acq_date": "2026-08-31",
        "daynight": "D",
        "instrument": "VIIRS",
        "cluster_id": -1,
        "nearest_site_type": "industrial_zone"
      }
    },
    {
      "type": "Feature",
      "geometry": {
        "type": "Point",
        "coordinates": [
          80.75037,
          8.4479
        ]
      },
      "properties": {
        "classification": "unclassified",
        "rule_class": "unclassified",
        "ml_class": "unclassified",
        "confidence": 0.3,
        "frp": 3.6,
        "bright_ti4": 335.29,
        "acq_date": "2026-08-31",
        "daynight": "D",
        "instrument": "VIIRS",
        "cluster_id": -1,
        "nearest_site_type": "industrial_zone"
      }
    },
    {
      "type": "Feature",
      "geometry": {
        "type": "Point",
        "coordinates": [
          80.77913,
          8.46928
        ]
      },
      "properties": {
        "classification": "unclassified",
        "rule_class": "unclassified",
        "ml_class": "unclassified",
        "confidence": 0.3,
        "frp": 7.93,
        "bright_ti4": 346.94,
        "acq_date": "2026-08-31",
        "daynight": "D",
        "instrument": "VIIRS",
        "cluster_id": -1,
        "nearest_site_type": "industrial_zone"
      }
    },
    {
      "type": "Feature",
      "geometry": {
        "type": "Point",
        "coordinates": [
          80.16677,
          8.47334
        ]
      },
      "properties": {
        "classification": "unclassified",
        "rule_class": "unclassified",
        "ml_class": "unclassified",
        "confidence": 0.3,
        "frp": 7.33,
        "bright_ti4": 342.12,
        "acq_date": "2026-08-31",
        "daynight": "D",
        "instrument": "VIIRS",
        "cluster_id": -1,
        "nearest_site_type": "industrial_zone"
      }
    },
    {
      "type": "Feature",
      "geometry": {
        "type": "Point",
        "coordinates": [
          80.77115,
          8.47485
        ]
      },
      "properties": {
        "classification": "unclassified",
        "rule_class": "unclassified",
        "ml_class": "unclassified",
        "confidence": 0.3,
        "frp": 1.53,
        "bright_ti4": 331.63,
        "acq_date": "2026-08-31",
        "daynight": "D",
        "instrument": "VIIRS",
        "cluster_id": -1,
        "nearest_site_type": "industrial_zone"
      }
    },
    {
      "type": "Feature",
      "geometry": {
        "type": "Point",
        "coordinates": [
          80.82387,
          8.47952
        ]
      },
      "properties": {
        "classification": "unclassified",
        "rule_class": "unclassified",
        "ml_class": "unclassified",
        "confidence": 0.3,
        "frp": 4.13,
        "bright_ti4": 331.96,
        "acq_date": "2026-08-31",
        "daynight": "D",
        "instrument": "VIIRS",
        "cluster_id": 26,
        "nearest_site_type": "industrial_zone"
      }
    },
    {
      "type": "Feature",
      "geometry": {
        "type": "Point",
        "coordinates": [
          80.36195,
          8.48646
        ]
      },
      "properties": {
        "classification": "unclassified",
        "rule_class": "unclassified",
        "ml_class": "unclassified",
        "confidence": 0.3,
        "frp": 2.3,
        "bright_ti4": 333.66,
        "acq_date": "2026-08-31",
        "daynight": "D",
        "instrument": "VIIRS",
        "cluster_id": -1,
        "nearest_site_type": "industrial_zone"
      }
    },
    {
      "type": "Feature",
      "geometry": {
        "type": "Point",
        "coordinates": [
          80.81834,
          8.49225
        ]
      },
      "properties": {
        "classification": "unclassified",
        "rule_class": "unclassified",
        "ml_class": "unclassified",
        "confidence": 0.3,
        "frp": 11.16,
        "bright_ti4": 353.12,
        "acq_date": "2026-08-31",
        "daynight": "D",
        "instrument": "VIIRS",
        "cluster_id": 26,
        "nearest_site_type": "industrial_zone"
      }
    },
    {
      "type": "Feature",
      "geometry": {
        "type": "Point",
        "coordinates": [
          80.39584,
          8.49849
        ]
      },
      "properties": {
        "classification": "unclassified",
        "rule_class": "unclassified",
        "ml_class": "unclassified",
        "confidence": 0.3,
        "frp": 2.61,
        "bright_ti4": 331.59,
        "acq_date": "2026-08-31",
        "daynight": "D",
        "instrument": "VIIRS",
        "cluster_id": -1,
        "nearest_site_type": "industrial_zone"
      }
    },
    {
      "type": "Feature",
      "geometry": {
        "type": "Point",
        "coordinates": [
          80.81732,
          8.49889
        ]
      },
      "properties": {
        "classification": "unclassified",
        "rule_class": "unclassified",
        "ml_class": "unclassified",
        "confidence": 0.3,
        "frp": 4.41,
        "bright_ti4": 341.45,
        "acq_date": "2026-08-31",
        "daynight": "D",
        "instrument": "VIIRS",
        "cluster_id": 26,
        "nearest_site_type": "industrial_zone"
      }
    },
    {
      "type": "Feature",
      "geometry": {
        "type": "Point",
        "coordinates": [
          80.56882,
          8.51151
        ]
      },
      "properties": {
        "classification": "unclassified",
        "rule_class": "unclassified",
        "ml_class": "unclassified",
        "confidence": 0.3,
        "frp": 4.3,
        "bright_ti4": 332.96,
        "acq_date": "2026-08-31",
        "daynight": "D",
        "instrument": "VIIRS",
        "cluster_id": -1,
        "nearest_site_type": "industrial_zone"
      }
    },
    {
      "type": "Feature",
      "geometry": {
        "type": "Point",
        "coordinates": [
          80.74651,
          8.51499
        ]
      },
      "properties": {
        "classification": "unclassified",
        "rule_class": "unclassified",
        "ml_class": "unclassified",
        "confidence": 0.3,
        "frp": 9.52,
        "bright_ti4": 334.79,
        "acq_date": "2026-08-31",
        "daynight": "D",
        "instrument": "VIIRS",
        "cluster_id": -1,
        "nearest_site_type": "industrial_zone"
      }
    },
    {
      "type": "Feature",
      "geometry": {
        "type": "Point",
        "coordinates": [
          80.46411,
          8.5192
        ]
      },
      "properties": {
        "classification": "unclassified",
        "rule_class": "unclassified",
        "ml_class": "unclassified",
        "confidence": 0.3,
        "frp": 2.27,
        "bright_ti4": 331.95,
        "acq_date": "2026-08-31",
        "daynight": "D",
        "instrument": "VIIRS",
        "cluster_id": -1,
        "nearest_site_type": "industrial_zone"
      }
    },
    {
      "type": "Feature",
      "geometry": {
        "type": "Point",
        "coordinates": [
          80.62238,
          8.55709
        ]
      },
      "properties": {
        "classification": "unclassified",
        "rule_class": "unclassified",
        "ml_class": "unclassified",
        "confidence": 0.3,
        "frp": 5.71,
        "bright_ti4": 336.88,
        "acq_date": "2026-08-31",
        "daynight": "D",
        "instrument": "VIIRS",
        "cluster_id": -1,
        "nearest_site_type": "industrial_zone"
      }
    },
    {
      "type": "Feature",
      "geometry": {
        "type": "Point",
        "coordinates": [
          80.62587,
          8.55763
        ]
      },
      "properties": {
        "classification": "unclassified",
        "rule_class": "unclassified",
        "ml_class": "unclassified",
        "confidence": 0.3,
        "frp": 7.3,
        "bright_ti4": 339.42,
        "acq_date": "2026-08-31",
        "daynight": "D",
        "instrument": "VIIRS",
        "cluster_id": -1,
        "nearest_site_type": "industrial_zone"
      }
    },
    {
      "type": "Feature",
      "geometry": {
        "type": "Point",
        "coordinates": [
          80.85677,
          8.56241
        ]
      },
      "properties": {
        "classification": "unclassified",
        "rule_class": "unclassified",
        "ml_class": "unclassified",
        "confidence": 0.3,
        "frp": 6.27,
        "bright_ti4": 347.43,
        "acq_date": "2026-08-31",
        "daynight": "D",
        "instrument": "VIIRS",
        "cluster_id": -1,
        "nearest_site_type": "industrial_zone"
      }
    },
    {
      "type": "Feature",
      "geometry": {
        "type": "Point",
        "coordinates": [
          80.74078,
          8.57523
        ]
      },
      "properties": {
        "classification": "unclassified",
        "rule_class": "unclassified",
        "ml_class": "unclassified",
        "confidence": 0.3,
        "frp": 0.92,
        "bright_ti4": 334.55,
        "acq_date": "2026-08-31",
        "daynight": "D",
        "instrument": "VIIRS",
        "cluster_id": 27,
        "nearest_site_type": "industrial_zone"
      }
    },
    {
      "type": "Feature",
      "geometry": {
        "type": "Point",
        "coordinates": [
          80.41267,
          8.5921
        ]
      },
      "properties": {
        "classification": "unclassified",
        "rule_class": "unclassified",
        "ml_class": "unclassified",
        "confidence": 0.3,
        "frp": 9.48,
        "bright_ti4": 348.81,
        "acq_date": "2026-08-31",
        "daynight": "D",
        "instrument": "VIIRS",
        "cluster_id": -1,
        "nearest_site_type": "industrial_zone"
      }
    },
    {
      "type": "Feature",
      "geometry": {
        "type": "Point",
        "coordinates": [
          80.60977,
          8.59252
        ]
      },
      "properties": {
        "classification": "unclassified",
        "rule_class": "unclassified",
        "ml_class": "unclassified",
        "confidence": 0.3,
        "frp": 3.19,
        "bright_ti4": 336.11,
        "acq_date": "2026-08-31",
        "daynight": "D",
        "instrument": "VIIRS",
        "cluster_id": -1,
        "nearest_site_type": "industrial_zone"
      }
    },
    {
      "type": "Feature",
      "geometry": {
        "type": "Point",
        "coordinates": [
          80.82677,
          8.59517
        ]
      },
      "properties": {
        "classification": "unclassified",
        "rule_class": "unclassified",
        "ml_class": "unclassified",
        "confidence": 0.3,
        "frp": 24.38,
        "bright_ti4": 344.09,
        "acq_date": "2026-08-31",
        "daynight": "D",
        "instrument": "VIIRS",
        "cluster_id": -1,
        "nearest_site_type": "industrial_zone"
      }
    },
    {
      "type": "Feature",
      "geometry": {
        "type": "Point",
        "coordinates": [
          80.51681,
          8.61153
        ]
      },
      "properties": {
        "classification": "unclassified",
        "rule_class": "unclassified",
        "ml_class": "unclassified",
        "confidence": 0.3,
        "frp": 5.45,
        "bright_ti4": 338.01,
        "acq_date": "2026-08-31",
        "daynight": "D",
        "instrument": "VIIRS",
        "cluster_id": -1,
        "nearest_site_type": "industrial_zone"
      }
    },
    {
      "type": "Feature",
      "geometry": {
        "type": "Point",
        "coordinates": [
          80.70208,
          8.6128
        ]
      },
      "properties": {
        "classification": "unclassified",
        "rule_class": "unclassified",
        "ml_class": "unclassified",
        "confidence": 0.3,
        "frp": 4.65,
        "bright_ti4": 334.35,
        "acq_date": "2026-08-31",
        "daynight": "D",
        "instrument": "VIIRS",
        "cluster_id": -1,
        "nearest_site_type": "industrial_zone"
      }
    },
    {
      "type": "Feature",
      "geometry": {
        "type": "Point",
        "coordinates": [
          81.14049,
          8.61921
        ]
      },
      "properties": {
        "classification": "unclassified",
        "rule_class": "unclassified",
        "ml_class": "unclassified",
        "confidence": 0.3,
        "frp": 9.6,
        "bright_ti4": 350.21,
        "acq_date": "2026-08-31",
        "daynight": "D",
        "instrument": "VIIRS",
        "cluster_id": -1,
        "nearest_site_type": "industrial_zone"
      }
    },
    {
      "type": "Feature",
      "geometry": {
        "type": "Point",
        "coordinates": [
          80.7978,
          8.6213
        ]
      },
      "properties": {
        "classification": "unclassified",
        "rule_class": "unclassified",
        "ml_class": "unclassified",
        "confidence": 0.3,
        "frp": 6.63,
        "bright_ti4": 348.51,
        "acq_date": "2026-08-31",
        "daynight": "D",
        "instrument": "VIIRS",
        "cluster_id": -1,
        "nearest_site_type": "industrial_zone"
      }
    },
    {
      "type": "Feature",
      "geometry": {
        "type": "Point",
        "coordinates": [
          80.97601,
          8.62135
        ]
      },
      "properties": {
        "classification": "unclassified",
        "rule_class": "unclassified",
        "ml_class": "unclassified",
        "confidence": 0.3,
        "frp": 1.17,
        "bright_ti4": 335.68,
        "acq_date": "2026-08-31",
        "daynight": "D",
        "instrument": "VIIRS",
        "cluster_id": -1,
        "nearest_site_type": "industrial_zone"
      }
    },
    {
      "type": "Feature",
      "geometry": {
        "type": "Point",
        "coordinates": [
          80.56754,
          8.62952
        ]
      },
      "properties": {
        "classification": "unclassified",
        "rule_class": "unclassified",
        "ml_class": "unclassified",
        "confidence": 0.3,
        "frp": 3.18,
        "bright_ti4": 333.65,
        "acq_date": "2026-08-31",
        "daynight": "D",
        "instrument": "VIIRS",
        "cluster_id": -1,
        "nearest_site_type": "industrial_zone"
      }
    },
    {
      "type": "Feature",
      "geometry": {
        "type": "Point",
        "coordinates": [
          80.57103,
          8.63006
        ]
      },
      "properties": {
        "classification": "unclassified",
        "rule_class": "unclassified",
        "ml_class": "unclassified",
        "confidence": 0.3,
        "frp": 2.36,
        "bright_ti4": 332.78,
        "acq_date": "2026-08-31",
        "daynight": "D",
        "instrument": "VIIRS",
        "cluster_id": -1,
        "nearest_site_type": "industrial_zone"
      }
    },
    {
      "type": "Feature",
      "geometry": {
        "type": "Point",
        "coordinates": [
          80.70648,
          8.63045
        ]
      },
      "properties": {
        "classification": "unclassified",
        "rule_class": "unclassified",
        "ml_class": "unclassified",
        "confidence": 0.3,
        "frp": 4.17,
        "bright_ti4": 339.82,
        "acq_date": "2026-08-31",
        "daynight": "D",
        "instrument": "VIIRS",
        "cluster_id": -1,
        "nearest_site_type": "industrial_zone"
      }
    },
    {
      "type": "Feature",
      "geometry": {
        "type": "Point",
        "coordinates": [
          80.53464,
          8.63466
        ]
      },
      "properties": {
        "classification": "unclassified",
        "rule_class": "unclassified",
        "ml_class": "unclassified",
        "confidence": 0.3,
        "frp": 3.24,
        "bright_ti4": 338.93,
        "acq_date": "2026-08-31",
        "daynight": "D",
        "instrument": "VIIRS",
        "cluster_id": -1,
        "nearest_site_type": "industrial_zone"
      }
    },
    {
      "type": "Feature",
      "geometry": {
        "type": "Point",
        "coordinates": [
          80.65864,
          8.6401
        ]
      },
      "properties": {
        "classification": "unclassified",
        "rule_class": "unclassified",
        "ml_class": "unclassified",
        "confidence": 0.3,
        "frp": 15.49,
        "bright_ti4": 339.77,
        "acq_date": "2026-08-31",
        "daynight": "D",
        "instrument": "VIIRS",
        "cluster_id": -1,
        "nearest_site_type": "industrial_zone"
      }
    },
    {
      "type": "Feature",
      "geometry": {
        "type": "Point",
        "coordinates": [
          80.76608,
          8.65994
        ]
      },
      "properties": {
        "classification": "unclassified",
        "rule_class": "unclassified",
        "ml_class": "unclassified",
        "confidence": 0.3,
        "frp": 2.09,
        "bright_ti4": 334.64,
        "acq_date": "2026-08-31",
        "daynight": "D",
        "instrument": "VIIRS",
        "cluster_id": -1,
        "nearest_site_type": "industrial_zone"
      }
    },
    {
      "type": "Feature",
      "geometry": {
        "type": "Point",
        "coordinates": [
          80.36886,
          8.66698
        ]
      },
      "properties": {
        "classification": "unclassified",
        "rule_class": "unclassified",
        "ml_class": "unclassified",
        "confidence": 0.3,
        "frp": 3.35,
        "bright_ti4": 337.97,
        "acq_date": "2026-08-31",
        "daynight": "D",
        "instrument": "VIIRS",
        "cluster_id": -1,
        "nearest_site_type": "industrial_zone"
      }
    },
    {
      "type": "Feature",
      "geometry": {
        "type": "Point",
        "coordinates": [
          80.74609,
          8.67386
        ]
      },
      "properties": {
        "classification": "unclassified",
        "rule_class": "unclassified",
        "ml_class": "unclassified",
        "confidence": 0.3,
        "frp": 6.91,
        "bright_ti4": 338.19,
        "acq_date": "2026-08-31",
        "daynight": "D",
        "instrument": "VIIRS",
        "cluster_id": -1,
        "nearest_site_type": "industrial_zone"
      }
    },
    {
      "type": "Feature",
      "geometry": {
        "type": "Point",
        "coordinates": [
          81.15162,
          8.68129
        ]
      },
      "properties": {
        "classification": "unclassified",
        "rule_class": "unclassified",
        "ml_class": "unclassified",
        "confidence": 0.3,
        "frp": 6.41,
        "bright_ti4": 341.5,
        "acq_date": "2026-08-31",
        "daynight": "D",
        "instrument": "VIIRS",
        "cluster_id": -1,
        "nearest_site_type": "industrial_zone"
      }
    },
    {
      "type": "Feature",
      "geometry": {
        "type": "Point",
        "coordinates": [
          80.75552,
          8.6821
        ]
      },
      "properties": {
        "classification": "unclassified",
        "rule_class": "unclassified",
        "ml_class": "unclassified",
        "confidence": 0.3,
        "frp": 5.09,
        "bright_ti4": 349.96,
        "acq_date": "2026-08-31",
        "daynight": "D",
        "instrument": "VIIRS",
        "cluster_id": -1,
        "nearest_site_type": "industrial_zone"
      }
    },
    {
      "type": "Feature",
      "geometry": {
        "type": "Point",
        "coordinates": [
          80.32748,
          8.74873
        ]
      },
      "properties": {
        "classification": "unclassified",
        "rule_class": "unclassified",
        "ml_class": "unclassified",
        "confidence": 0.3,
        "frp": 3.57,
        "bright_ti4": 338.49,
        "acq_date": "2026-08-31",
        "daynight": "D",
        "instrument": "VIIRS",
        "cluster_id": -1,
        "nearest_site_type": "industrial_zone"
      }
    },
    {
      "type": "Feature",
      "geometry": {
        "type": "Point",
        "coordinates": [
          80.99559,
          8.78987
        ]
      },
      "properties": {
        "classification": "unclassified",
        "rule_class": "unclassified",
        "ml_class": "unclassified",
        "confidence": 0.3,
        "frp": 12.29,
        "bright_ti4": 343.59,
        "acq_date": "2026-08-31",
        "daynight": "D",
        "instrument": "VIIRS",
        "cluster_id": -1,
        "nearest_site_type": "industrial_zone"
      }
    },
    {
      "type": "Feature",
      "geometry": {
        "type": "Point",
        "coordinates": [
          80.39244,
          8.80894
        ]
      },
      "properties": {
        "classification": "unclassified",
        "rule_class": "unclassified",
        "ml_class": "unclassified",
        "confidence": 0.3,
        "frp": 3.36,
        "bright_ti4": 341.51,
        "acq_date": "2026-08-31",
        "daynight": "D",
        "instrument": "VIIRS",
        "cluster_id": -1,
        "nearest_site_type": "industrial_zone"
      }
    },
    {
      "type": "Feature",
      "geometry": {
        "type": "Point",
        "coordinates": [
          80.74155,
          8.85911
        ]
      },
      "properties": {
        "classification": "unclassified",
        "rule_class": "unclassified",
        "ml_class": "unclassified",
        "confidence": 0.3,
        "frp": 16.02,
        "bright_ti4": 349.7,
        "acq_date": "2026-08-31",
        "daynight": "D",
        "instrument": "VIIRS",
        "cluster_id": -1,
        "nearest_site_type": "industrial_zone"
      }
    },
    {
      "type": "Feature",
      "geometry": {
        "type": "Point",
        "coordinates": [
          80.40517,
          8.90582
        ]
      },
      "properties": {
        "classification": "unclassified",
        "rule_class": "unclassified",
        "ml_class": "unclassified",
        "confidence": 0.3,
        "frp": 4.3,
        "bright_ti4": 338.33,
        "acq_date": "2026-08-31",
        "daynight": "D",
        "instrument": "VIIRS",
        "cluster_id": 28,
        "nearest_site_type": "industrial_zone"
      }
    },
    {
      "type": "Feature",
      "geometry": {
        "type": "Point",
        "coordinates": [
          80.42508,
          8.91568
        ]
      },
      "properties": {
        "classification": "unclassified",
        "rule_class": "unclassified",
        "ml_class": "unclassified",
        "confidence": 0.3,
        "frp": 28.96,
        "bright_ti4": 341.63,
        "acq_date": "2026-08-31",
        "daynight": "D",
        "instrument": "VIIRS",
        "cluster_id": 28,
        "nearest_site_type": "industrial_zone"
      }
    },
    {
      "type": "Feature",
      "geometry": {
        "type": "Point",
        "coordinates": [
          80.69147,
          8.97013
        ]
      },
      "properties": {
        "classification": "unclassified",
        "rule_class": "unclassified",
        "ml_class": "unclassified",
        "confidence": 0.3,
        "frp": 6.62,
        "bright_ti4": 345.28,
        "acq_date": "2026-08-31",
        "daynight": "D",
        "instrument": "VIIRS",
        "cluster_id": -1,
        "nearest_site_type": "industrial_zone"
      }
    },
    {
      "type": "Feature",
      "geometry": {
        "type": "Point",
        "coordinates": [
          80.37984,
          8.9767
        ]
      },
      "properties": {
        "classification": "unclassified",
        "rule_class": "unclassified",
        "ml_class": "unclassified",
        "confidence": 0.3,
        "frp": 6.26,
        "bright_ti4": 336.51,
        "acq_date": "2026-08-31",
        "daynight": "D",
        "instrument": "VIIRS",
        "cluster_id": -1,
        "nearest_site_type": "industrial_zone"
      }
    },
    {
      "type": "Feature",
      "geometry": {
        "type": "Point",
        "coordinates": [
          80.38334,
          8.97723
        ]
      },
      "properties": {
        "classification": "unclassified",
        "rule_class": "unclassified",
        "ml_class": "unclassified",
        "confidence": 0.3,
        "frp": 6.26,
        "bright_ti4": 337.39,
        "acq_date": "2026-08-31",
        "daynight": "D",
        "instrument": "VIIRS",
        "cluster_id": -1,
        "nearest_site_type": "industrial_zone"
      }
    },
    {
      "type": "Feature",
      "geometry": {
        "type": "Point",
        "coordinates": [
          77.86799,
          9.02789
        ]
      },
      "properties": {
        "classification": "unclassified",
        "rule_class": "unclassified",
        "ml_class": "unclassified",
        "confidence": 0.3,
        "frp": 11.75,
        "bright_ti4": 345.65,
        "acq_date": "2026-08-31",
        "daynight": "D",
        "instrument": "VIIRS",
        "cluster_id": -1,
        "nearest_site_type": "industrial_zone"
      }
    },
    {
      "type": "Feature",
      "geometry": {
        "type": "Point",
        "coordinates": [
          80.45132,
          9.04133
        ]
      },
      "properties": {
        "classification": "unclassified",
        "rule_class": "unclassified",
        "ml_class": "unclassified",
        "confidence": 0.3,
        "frp": 19.68,
        "bright_ti4": 367.0,
        "acq_date": "2026-08-31",
        "daynight": "D",
        "instrument": "VIIRS",
        "cluster_id": -1,
        "nearest_site_type": "industrial_zone"
      }
    },
    {
      "type": "Feature",
      "geometry": {
        "type": "Point",
        "coordinates": [
          80.50833,
          9.11122
        ]
      },
      "properties": {
        "classification": "unclassified",
        "rule_class": "unclassified",
        "ml_class": "unclassified",
        "confidence": 0.3,
        "frp": 5.42,
        "bright_ti4": 339.2,
        "acq_date": "2026-08-31",
        "daynight": "D",
        "instrument": "VIIRS",
        "cluster_id": -1,
        "nearest_site_type": "industrial_zone"
      }
    },
    {
      "type": "Feature",
      "geometry": {
        "type": "Point",
        "coordinates": [
          80.12911,
          9.17411
        ]
      },
      "properties": {
        "classification": "unclassified",
        "rule_class": "unclassified",
        "ml_class": "unclassified",
        "confidence": 0.3,
        "frp": 2.97,
        "bright_ti4": 332.22,
        "acq_date": "2026-08-31",
        "daynight": "D",
        "instrument": "VIIRS",
        "cluster_id": -1,
        "nearest_site_type": "industrial_zone"
      }
    },
    {
      "type": "Feature",
      "geometry": {
        "type": "Point",
        "coordinates": [
          78.13036,
          9.17741
        ]
      },
      "properties": {
        "classification": "unclassified",
        "rule_class": "unclassified",
        "ml_class": "unclassified",
        "confidence": 0.3,
        "frp": 6.86,
        "bright_ti4": 346.2,
        "acq_date": "2026-08-31",
        "daynight": "D",
        "instrument": "VIIRS",
        "cluster_id": -1,
        "nearest_site_type": "industrial_zone"
      }
    },
    {
      "type": "Feature",
      "geometry": {
        "type": "Point",
        "coordinates": [
          80.30385,
          9.18498
        ]
      },
      "properties": {
        "classification": "unclassified",
        "rule_class": "unclassified",
        "ml_class": "unclassified",
        "confidence": 0.3,
        "frp": 6.16,
        "bright_ti4": 347.17,
        "acq_date": "2026-08-31",
        "daynight": "D",
        "instrument": "VIIRS",
        "cluster_id": -1,
        "nearest_site_type": "industrial_zone"
      }
    },
    {
      "type": "Feature",
      "geometry": {
        "type": "Point",
        "coordinates": [
          80.66298,
          9.19589
        ]
      },
      "properties": {
        "classification": "unclassified",
        "rule_class": "unclassified",
        "ml_class": "unclassified",
        "confidence": 0.3,
        "frp": 1.84,
        "bright_ti4": 337.37,
        "acq_date": "2026-08-31",
        "daynight": "D",
        "instrument": "VIIRS",
        "cluster_id": -1,
        "nearest_site_type": "industrial_zone"
      }
    },
    {
      "type": "Feature",
      "geometry": {
        "type": "Point",
        "coordinates": [
          77.66577,
          9.22821
        ]
      },
      "properties": {
        "classification": "unclassified",
        "rule_class": "unclassified",
        "ml_class": "unclassified",
        "confidence": 0.3,
        "frp": 16.19,
        "bright_ti4": 339.43,
        "acq_date": "2026-08-31",
        "daynight": "D",
        "instrument": "VIIRS",
        "cluster_id": -1,
        "nearest_site_type": "industrial_zone"
      }
    },
    {
      "type": "Feature",
      "geometry": {
        "type": "Point",
        "coordinates": [
          80.71529,
          9.26766
        ]
      },
      "properties": {
        "classification": "unclassified",
        "rule_class": "unclassified",
        "ml_class": "unclassified",
        "confidence": 0.3,
        "frp": 6.53,
        "bright_ti4": 340.77,
        "acq_date": "2026-08-31",
        "daynight": "D",
        "instrument": "VIIRS",
        "cluster_id": -1,
        "nearest_site_type": "industrial_zone"
      }
    },
    {
      "type": "Feature",
      "geometry": {
        "type": "Point",
        "coordinates": [
          80.72318,
          9.28584
        ]
      },
      "properties": {
        "classification": "unclassified",
        "rule_class": "unclassified",
        "ml_class": "unclassified",
        "confidence": 0.3,
        "frp": 3.86,
        "bright_ti4": 340.11,
        "acq_date": "2026-08-31",
        "daynight": "D",
        "instrument": "VIIRS",
        "cluster_id": -1,
        "nearest_site_type": "industrial_zone"
      }
    },
    {
      "type": "Feature",
      "geometry": {
        "type": "Point",
        "coordinates": [
          80.28052,
          9.39429
        ]
      },
      "properties": {
        "classification": "unclassified",
        "rule_class": "unclassified",
        "ml_class": "unclassified",
        "confidence": 0.3,
        "frp": 3.06,
        "bright_ti4": 338.13,
        "acq_date": "2026-08-31",
        "daynight": "D",
        "instrument": "VIIRS",
        "cluster_id": -1,
        "nearest_site_type": "industrial_zone"
      }
    },
    {
      "type": "Feature",
      "geometry": {
        "type": "Point",
        "coordinates": [
          80.4028,
          9.41306
        ]
      },
      "properties": {
        "classification": "unclassified",
        "rule_class": "unclassified",
        "ml_class": "unclassified",
        "confidence": 0.3,
        "frp": 5.73,
        "bright_ti4": 353.54,
        "acq_date": "2026-08-31",
        "daynight": "D",
        "instrument": "VIIRS",
        "cluster_id": 15,
        "nearest_site_type": "industrial_zone"
      }
    },
    {
      "type": "Feature",
      "geometry": {
        "type": "Point",
        "coordinates": [
          80.40578,
          9.41691
        ]
      },
      "properties": {
        "classification": "unclassified",
        "rule_class": "unclassified",
        "ml_class": "unclassified",
        "confidence": 0.3,
        "frp": 5.73,
        "bright_ti4": 332.41,
        "acq_date": "2026-08-31",
        "daynight": "D",
        "instrument": "VIIRS",
        "cluster_id": 15,
        "nearest_site_type": "industrial_zone"
      }
    },
    {
      "type": "Feature",
      "geometry": {
        "type": "Point",
        "coordinates": [
          78.63935,
          9.47052
        ]
      },
      "properties": {
        "classification": "unclassified",
        "rule_class": "unclassified",
        "ml_class": "unclassified",
        "confidence": 0.3,
        "frp": 5.55,
        "bright_ti4": 342.36,
        "acq_date": "2026-08-31",
        "daynight": "D",
        "instrument": "VIIRS",
        "cluster_id": -1,
        "nearest_site_type": "industrial_zone"
      }
    },
    {
      "type": "Feature",
      "geometry": {
        "type": "Point",
        "coordinates": [
          78.36581,
          9.77185
        ]
      },
      "properties": {
        "classification": "unclassified",
        "rule_class": "unclassified",
        "ml_class": "unclassified",
        "confidence": 0.3,
        "frp": 3.64,
        "bright_ti4": 340.43,
        "acq_date": "2026-08-31",
        "daynight": "D",
        "instrument": "VIIRS",
        "cluster_id": -1,
        "nearest_site_type": "industrial_zone"
      }
    },
    {
      "type": "Feature",
      "geometry": {
        "type": "Point",
        "coordinates": [
          77.88528,
          9.8061
        ]
      },
      "properties": {
        "classification": "unclassified",
        "rule_class": "unclassified",
        "ml_class": "unclassified",
        "confidence": 0.3,
        "frp": 7.57,
        "bright_ti4": 340.12,
        "acq_date": "2026-08-31",
        "daynight": "D",
        "instrument": "VIIRS",
        "cluster_id": -1,
        "nearest_site_type": "industrial_zone"
      }
    },
    {
      "type": "Feature",
      "geometry": {
        "type": "Point",
        "coordinates": [
          77.88925,
          9.80675
        ]
      },
      "properties": {
        "classification": "unclassified",
        "rule_class": "unclassified",
        "ml_class": "unclassified",
        "confidence": 0.3,
        "frp": 7.57,
        "bright_ti4": 344.35,
        "acq_date": "2026-08-31",
        "daynight": "D",
        "instrument": "VIIRS",
        "cluster_id": -1,
        "nearest_site_type": "industrial_zone"
      }
    },
    {
      "type": "Feature",
      "geometry": {
        "type": "Point",
        "coordinates": [
          78.52617,
          9.90981
        ]
      },
      "properties": {
        "classification": "unclassified",
        "rule_class": "unclassified",
        "ml_class": "unclassified",
        "confidence": 0.3,
        "frp": 4.17,
        "bright_ti4": 339.05,
        "acq_date": "2026-08-31",
        "daynight": "D",
        "instrument": "VIIRS",
        "cluster_id": -1,
        "nearest_site_type": "industrial_zone"
      }
    },
    {
      "type": "Feature",
      "geometry": {
        "type": "Point",
        "coordinates": [
          77.43252,
          9.98556
        ]
      },
      "properties": {
        "classification": "unclassified",
        "rule_class": "unclassified",
        "ml_class": "unclassified",
        "confidence": 0.3,
        "frp": 5.73,
        "bright_ti4": 336.54,
        "acq_date": "2026-08-31",
        "daynight": "D",
        "instrument": "VIIRS",
        "cluster_id": -1,
        "nearest_site_type": "industrial_zone"
      }
    },
    {
      "type": "Feature",
      "geometry": {
        "type": "Point",
        "coordinates": [
          78.61463,
          11.62862
        ]
      },
      "properties": {
        "classification": "unclassified",
        "rule_class": "unclassified",
        "ml_class": "unclassified",
        "confidence": 0.3,
        "frp": 4.3,
        "bright_ti4": 331.27,
        "acq_date": "2026-08-31",
        "daynight": "D",
        "instrument": "VIIRS",
        "cluster_id": -1,
        "nearest_site_type": "industrial_zone"
      }
    },
    {
      "type": "Feature",
      "geometry": {
        "type": "Point",
        "coordinates": [
          77.24921,
          11.52704
        ]
      },
      "properties": {
        "classification": "unclassified",
        "rule_class": "unclassified",
        "ml_class": "unclassified",
        "confidence": 0.3,
        "frp": 3.56,
        "bright_ti4": 330.49,
        "acq_date": "2026-08-31",
        "daynight": "D",
        "instrument": "VIIRS",
        "cluster_id": -1,
        "nearest_site_type": "industrial_zone"
      }
    },
    {
      "type": "Feature",
      "geometry": {
        "type": "Point",
        "coordinates": [
          77.24984,
          11.52934
        ]
      },
      "properties": {
        "classification": "unclassified",
        "rule_class": "unclassified",
        "ml_class": "unclassified",
        "confidence": 0.3,
        "frp": 4.63,
        "bright_ti4": 332.74,
        "acq_date": "2026-08-31",
        "daynight": "D",
        "instrument": "VIIRS",
        "cluster_id": -1,
        "nearest_site_type": "factory"
      }
    },
    {
      "type": "Feature",
      "geometry": {
        "type": "Point",
        "coordinates": [
          77.98431,
          11.73493
        ]
      },
      "properties": {
        "classification": "unclassified",
        "rule_class": "unclassified",
        "ml_class": "unclassified",
        "confidence": 0.3,
        "frp": 3.07,
        "bright_ti4": 331.16,
        "acq_date": "2026-08-31",
        "daynight": "D",
        "instrument": "VIIRS",
        "cluster_id": -1,
        "nearest_site_type": "industrial_zone"
      }
    },
    {
      "type": "Feature",
      "geometry": {
        "type": "Point",
        "coordinates": [
          77.92519,
          11.80935
        ]
      },
      "properties": {
        "classification": "unclassified",
        "rule_class": "unclassified",
        "ml_class": "unclassified",
        "confidence": 0.3,
        "frp": 2.83,
        "bright_ti4": 331.34,
        "acq_date": "2026-08-31",
        "daynight": "D",
        "instrument": "VIIRS",
        "cluster_id": 29,
        "nearest_site_type": "industrial_zone"
      }
    },
    {
      "type": "Feature",
      "geometry": {
        "type": "Point",
        "coordinates": [
          79.54753,
          11.99381
        ]
      },
      "properties": {
        "classification": "unclassified",
        "rule_class": "unclassified",
        "ml_class": "unclassified",
        "confidence": 0.3,
        "frp": 8.02,
        "bright_ti4": 350.08,
        "acq_date": "2026-08-31",
        "daynight": "D",
        "instrument": "VIIRS",
        "cluster_id": -1,
        "nearest_site_type": "industrial_zone"
      }
    },
    {
      "type": "Feature",
      "geometry": {
        "type": "Point",
        "coordinates": [
          79.547,
          11.99713
        ]
      },
      "properties": {
        "classification": "unclassified",
        "rule_class": "unclassified",
        "ml_class": "unclassified",
        "confidence": 0.3,
        "frp": 8.02,
        "bright_ti4": 346.13,
        "acq_date": "2026-08-31",
        "daynight": "D",
        "instrument": "VIIRS",
        "cluster_id": -1,
        "nearest_site_type": "industrial_zone"
      }
    },
    {
      "type": "Feature",
      "geometry": {
        "type": "Point",
        "coordinates": [
          79.07794,
          12.05555
        ]
      },
      "properties": {
        "classification": "unclassified",
        "rule_class": "unclassified",
        "ml_class": "unclassified",
        "confidence": 0.3,
        "frp": 2.96,
        "bright_ti4": 330.89,
        "acq_date": "2026-08-31",
        "daynight": "D",
        "instrument": "VIIRS",
        "cluster_id": -1,
        "nearest_site_type": "industrial_zone"
      }
    },
    {
      "type": "Feature",
      "geometry": {
        "type": "Point",
        "coordinates": [
          79.6415,
          12.58657
        ]
      },
      "properties": {
        "classification": "unclassified",
        "rule_class": "unclassified",
        "ml_class": "unclassified",
        "confidence": 0.3,
        "frp": 4.02,
        "bright_ti4": 349.15,
        "acq_date": "2026-08-31",
        "daynight": "D",
        "instrument": "VIIRS",
        "cluster_id": -1,
        "nearest_site_type": "industrial_zone"
      }
    },
    {
      "type": "Feature",
      "geometry": {
        "type": "Point",
        "coordinates": [
          80.26858,
          13.40939
        ]
      },
      "properties": {
        "classification": "unclassified",
        "rule_class": "unclassified",
        "ml_class": "unclassified",
        "confidence": 0.3,
        "frp": 2.09,
        "bright_ti4": 339.14,
        "acq_date": "2026-08-31",
        "daynight": "D",
        "instrument": "VIIRS",
        "cluster_id": -1,
        "nearest_site_type": "industrial_zone"
      }
    },
    {
      "type": "Feature",
      "geometry": {
        "type": "Point",
        "coordinates": [
          79.34404,
          13.81923
        ]
      },
      "properties": {
        "classification": "unclassified",
        "rule_class": "unclassified",
        "ml_class": "unclassified",
        "confidence": 0.3,
        "frp": 13.51,
        "bright_ti4": 351.56,
        "acq_date": "2026-08-31",
        "daynight": "D",
        "instrument": "VIIRS",
        "cluster_id": 20,
        "nearest_site_type": "factory"
      }
    },
    {
      "type": "Feature",
      "geometry": {
        "type": "Point",
        "coordinates": [
          78.25895,
          14.47656
        ]
      },
      "properties": {
        "classification": "unclassified",
        "rule_class": "unclassified",
        "ml_class": "unclassified",
        "confidence": 0.3,
        "frp": 5.87,
        "bright_ti4": 335.97,
        "acq_date": "2026-08-31",
        "daynight": "D",
        "instrument": "VIIRS",
        "cluster_id": -1,
        "nearest_site_type": "industrial_zone"
      }
    },
    {
      "type": "Feature",
      "geometry": {
        "type": "Point",
        "coordinates": [
          68.49007,
          27.71435
        ]
      },
      "properties": {
        "classification": "unclassified",
        "rule_class": "unclassified",
        "ml_class": "unclassified",
        "confidence": 0.3,
        "frp": 28.78,
        "bright_ti4": 350.78,
        "acq_date": "2026-08-31",
        "daynight": "D",
        "instrument": "VIIRS",
        "cluster_id": -1,
        "nearest_site_type": "industrial_zone"
      }
    },
    {
      "type": "Feature",
      "geometry": {
        "type": "Point",
        "coordinates": [
          76.78864,
          28.12977
        ]
      },
      "properties": {
        "classification": "unclassified",
        "rule_class": "unclassified",
        "ml_class": "unclassified",
        "confidence": 0.3,
        "frp": 2.37,
        "bright_ti4": 335.41,
        "acq_date": "2026-08-31",
        "daynight": "D",
        "instrument": "VIIRS",
        "cluster_id": -1,
        "nearest_site_type": "industrial_zone"
      }
    },
    {
      "type": "Feature",
      "geometry": {
        "type": "Point",
        "coordinates": [
          74.65489,
          31.1293
        ]
      },
      "properties": {
        "classification": "unclassified",
        "rule_class": "unclassified",
        "ml_class": "unclassified",
        "confidence": 0.3,
        "frp": 4.79,
        "bright_ti4": 341.05,
        "acq_date": "2026-08-31",
        "daynight": "D",
        "instrument": "VIIRS",
        "cluster_id": -1,
        "nearest_site_type": "industrial_zone"
      }
    },
    {
      "type": "Feature",
      "geometry": {
        "type": "Point",
        "coordinates": [
          72.33394,
          31.3222
        ]
      },
      "properties": {
        "classification": "unclassified",
        "rule_class": "unclassified",
        "ml_class": "unclassified",
        "confidence": 0.3,
        "frp": 8.52,
        "bright_ti4": 341.28,
        "acq_date": "2026-08-31",
        "daynight": "D",
        "instrument": "VIIRS",
        "cluster_id": -1,
        "nearest_site_type": "industrial_zone"
      }
    },
    {
      "type": "Feature",
      "geometry": {
        "type": "Point",
        "coordinates": [
          74.45004,
          31.37494
        ]
      },
      "properties": {
        "classification": "unclassified",
        "rule_class": "unclassified",
        "ml_class": "unclassified",
        "confidence": 0.3,
        "frp": 6.1,
        "bright_ti4": 346.78,
        "acq_date": "2026-08-31",
        "daynight": "D",
        "instrument": "VIIRS",
        "cluster_id": -1,
        "nearest_site_type": "industrial_zone"
      }
    },
    {
      "type": "Feature",
      "geometry": {
        "type": "Point",
        "coordinates": [
          77.2308,
          28.34651
        ]
      },
      "properties": {
        "classification": "unclassified",
        "rule_class": "unclassified",
        "ml_class": "unclassified",
        "confidence": 0.3,
        "frp": 1.97,
        "bright_ti4": 309.35,
        "acq_date": "2026-08-31",
        "daynight": "N",
        "instrument": "VIIRS",
        "cluster_id": -1,
        "nearest_site_type": "industrial_zone"
      }
    },
    {
      "type": "Feature",
      "geometry": {
        "type": "Point",
        "coordinates": [
          77.22688,
          28.37152
        ]
      },
      "properties": {
        "classification": "unclassified",
        "rule_class": "unclassified",
        "ml_class": "unclassified",
        "confidence": 0.3,
        "frp": 1.55,
        "bright_ti4": 323.5,
        "acq_date": "2026-08-31",
        "daynight": "N",
        "instrument": "VIIRS",
        "cluster_id": -1,
        "nearest_site_type": "industrial_zone"
      }
    },
    {
      "type": "Feature",
      "geometry": {
        "type": "Point",
        "coordinates": [
          76.88784,
          29.4606
        ]
      },
      "properties": {
        "classification": "unclassified",
        "rule_class": "unclassified",
        "ml_class": "unclassified",
        "confidence": 0.3,
        "frp": 2.34,
        "bright_ti4": 308.38,
        "acq_date": "2026-08-31",
        "daynight": "N",
        "instrument": "VIIRS",
        "cluster_id": -1,
        "nearest_site_type": "industrial_zone"
      }
    },
    {
      "type": "Feature",
      "geometry": {
        "type": "Point",
        "coordinates": [
          76.859,
          29.47525
        ]
      },
      "properties": {
        "classification": "unclassified",
        "rule_class": "unclassified",
        "ml_class": "unclassified",
        "confidence": 0.3,
        "frp": 2.78,
        "bright_ti4": 314.13,
        "acq_date": "2026-08-31",
        "daynight": "N",
        "instrument": "VIIRS",
        "cluster_id": -1,
        "nearest_site_type": "industrial_zone"
      }
    },
    {
      "type": "Feature",
      "geometry": {
        "type": "Point",
        "coordinates": [
          91.60432,
          29.78555
        ]
      },
      "properties": {
        "classification": "unclassified",
        "rule_class": "unclassified",
        "ml_class": "unclassified",
        "confidence": 0.3,
        "frp": 1.24,
        "bright_ti4": 301.18,
        "acq_date": "2026-08-31",
        "daynight": "N",
        "instrument": "VIIRS",
        "cluster_id": -1,
        "nearest_site_type": "industrial_zone"
      }
    },
    {
      "type": "Feature",
      "geometry": {
        "type": "Point",
        "coordinates": [
          72.56332,
          32.5747
        ]
      },
      "properties": {
        "classification": "unclassified",
        "rule_class": "unclassified",
        "ml_class": "unclassified",
        "confidence": 0.3,
        "frp": 3.15,
        "bright_ti4": 308.45,
        "acq_date": "2026-08-31",
        "daynight": "N",
        "instrument": "VIIRS",
        "cluster_id": -1,
        "nearest_site_type": "industrial_zone"
      }
    },
    {
      "type": "Feature",
      "geometry": {
        "type": "Point",
        "coordinates": [
          71.61481,
          32.8878
        ]
      },
      "properties": {
        "classification": "unclassified",
        "rule_class": "unclassified",
        "ml_class": "unclassified",
        "confidence": 0.3,
        "frp": 3.59,
        "bright_ti4": 307.36,
        "acq_date": "2026-08-31",
        "daynight": "N",
        "instrument": "VIIRS",
        "cluster_id": 16,
        "nearest_site_type": "factory"
      }
    },
    {
      "type": "Feature",
      "geometry": {
        "type": "Point",
        "coordinates": [
          71.61505,
          32.88905
        ]
      },
      "properties": {
        "classification": "unclassified",
        "rule_class": "unclassified",
        "ml_class": "unclassified",
        "confidence": 0.3,
        "frp": 3.29,
        "bright_ti4": 307.79,
        "acq_date": "2026-08-31",
        "daynight": "N",
        "instrument": "VIIRS",
        "cluster_id": 16,
        "nearest_site_type": "factory"
      }
    },
    {
      "type": "Feature",
      "geometry": {
        "type": "Point",
        "coordinates": [
          68.68645,
          35.96856
        ]
      },
      "properties": {
        "classification": "unclassified",
        "rule_class": "unclassified",
        "ml_class": "unclassified",
        "confidence": 0.3,
        "frp": 0.58,
        "bright_ti4": 302.12,
        "acq_date": "2026-08-31",
        "daynight": "N",
        "instrument": "VIIRS",
        "cluster_id": -1,
        "nearest_site_type": "industrial_zone"
      }
    },
    {
      "type": "Feature",
      "geometry": {
        "type": "Point",
        "coordinates": [
          72.64378,
          21.10513
        ]
      },
      "properties": {
        "classification": "industrial_process_heat",
        "rule_class": "industrial_process_heat",
        "ml_class": "unclassified",
        "confidence": 0.85,
        "frp": 5.89,
        "bright_ti4": 330.75,
        "acq_date": "2026-08-31",
        "daynight": "N",
        "instrument": "VIIRS",
        "cluster_id": 19,
        "nearest_site_type": "factory"
      }
    },
    {
      "type": "Feature",
      "geometry": {
        "type": "Point",
        "coordinates": [
          72.64436,
          21.10902
        ]
      },
      "properties": {
        "classification": "industrial_process_heat",
        "rule_class": "industrial_process_heat",
        "ml_class": "unclassified",
        "confidence": 0.85,
        "frp": 1.6,
        "bright_ti4": 299.5,
        "acq_date": "2026-08-31",
        "daynight": "N",
        "instrument": "VIIRS",
        "cluster_id": 19,
        "nearest_site_type": "factory"
      }
    },
    {
      "type": "Feature",
      "geometry": {
        "type": "Point",
        "coordinates": [
          73.11745,
          22.3858
        ]
      },
      "properties": {
        "classification": "mining_activity",
        "rule_class": "mining_activity",
        "ml_class": "unclassified",
        "confidence": 0.623,
        "frp": 1.11,
        "bright_ti4": 305.2,
        "acq_date": "2026-08-31",
        "daynight": "N",
        "instrument": "VIIRS",
        "cluster_id": 30,
        "nearest_site_type": "factory"
      }
    },
    {
      "type": "Feature",
      "geometry": {
        "type": "Point",
        "coordinates": [
          73.11613,
          22.3882
        ]
      },
      "properties": {
        "classification": "mining_activity",
        "rule_class": "mining_activity",
        "ml_class": "unclassified",
        "confidence": 0.623,
        "frp": 2.6,
        "bright_ti4": 321.54,
        "acq_date": "2026-08-31",
        "daynight": "N",
        "instrument": "VIIRS",
        "cluster_id": 30,
        "nearest_site_type": "factory"
      }
    },
    {
      "type": "Feature",
      "geometry": {
        "type": "Point",
        "coordinates": [
          73.11803,
          22.38964
        ]
      },
      "properties": {
        "classification": "mining_activity",
        "rule_class": "mining_activity",
        "ml_class": "unclassified",
        "confidence": 0.623,
        "frp": 1.41,
        "bright_ti4": 318.73,
        "acq_date": "2026-08-31",
        "daynight": "N",
        "instrument": "VIIRS",
        "cluster_id": 30,
        "nearest_site_type": "factory"
      }
    },
    {
      "type": "Feature",
      "geometry": {
        "type": "Point",
        "coordinates": [
          74.60774,
          24.76271
        ]
      },
      "properties": {
        "classification": "unclassified",
        "rule_class": "unclassified",
        "ml_class": "unclassified",
        "confidence": 0.3,
        "frp": 1.26,
        "bright_ti4": 306.91,
        "acq_date": "2026-08-31",
        "daynight": "N",
        "instrument": "VIIRS",
        "cluster_id": -1,
        "nearest_site_type": "industrial_zone"
      }
    },
    {
      "type": "Feature",
      "geometry": {
        "type": "Point",
        "coordinates": [
          74.60571,
          24.76335
        ]
      },
      "properties": {
        "classification": "unclassified",
        "rule_class": "unclassified",
        "ml_class": "unclassified",
        "confidence": 0.3,
        "frp": 0.71,
        "bright_ti4": 303.34,
        "acq_date": "2026-08-31",
        "daynight": "N",
        "instrument": "VIIRS",
        "cluster_id": -1,
        "nearest_site_type": "industrial_zone"
      }
    },
    {
      "type": "Feature",
      "geometry": {
        "type": "Point",
        "coordinates": [
          68.57961,
          25.3894
        ]
      },
      "properties": {
        "classification": "unclassified",
        "rule_class": "unclassified",
        "ml_class": "unclassified",
        "confidence": 0.3,
        "frp": 1.29,
        "bright_ti4": 315.17,
        "acq_date": "2026-08-31",
        "daynight": "N",
        "instrument": "VIIRS",
        "cluster_id": -1,
        "nearest_site_type": "industrial_zone"
      }
    },
    {
      "type": "Feature",
      "geometry": {
        "type": "Point",
        "coordinates": [
          68.49272,
          27.71806
        ]
      },
      "properties": {
        "classification": "unclassified",
        "rule_class": "unclassified",
        "ml_class": "unclassified",
        "confidence": 0.3,
        "frp": 0.44,
        "bright_ti4": 313.32,
        "acq_date": "2026-08-31",
        "daynight": "N",
        "instrument": "VIIRS",
        "cluster_id": -1,
        "nearest_site_type": "industrial_zone"
      }
    },
    {
      "type": "Feature",
      "geometry": {
        "type": "Point",
        "coordinates": [
          69.70075,
          28.42419
        ]
      },
      "properties": {
        "classification": "unclassified",
        "rule_class": "unclassified",
        "ml_class": "unclassified",
        "confidence": 0.3,
        "frp": 0.87,
        "bright_ti4": 308.69,
        "acq_date": "2026-08-31",
        "daynight": "N",
        "instrument": "VIIRS",
        "cluster_id": -1,
        "nearest_site_type": "industrial_zone"
      }
    },
    {
      "type": "Feature",
      "geometry": {
        "type": "Point",
        "coordinates": [
          76.37997,
          15.1696
        ]
      },
      "properties": {
        "classification": "unclassified",
        "rule_class": "unclassified",
        "ml_class": "unclassified",
        "confidence": 0.3,
        "frp": 0.65,
        "bright_ti4": 296.09,
        "acq_date": "2026-08-31",
        "daynight": "N",
        "instrument": "VIIRS",
        "cluster_id": -1,
        "nearest_site_type": "industrial_zone"
      }
    },
    {
      "type": "Feature",
      "geometry": {
        "type": "Point",
        "coordinates": [
          73.98986,
          15.65919
        ]
      },
      "properties": {
        "classification": "unclassified",
        "rule_class": "unclassified",
        "ml_class": "unclassified",
        "confidence": 0.3,
        "frp": 1.8,
        "bright_ti4": 315.41,
        "acq_date": "2026-08-31",
        "daynight": "N",
        "instrument": "VIIRS",
        "cluster_id": -1,
        "nearest_site_type": "industrial_zone"
      }
    },
    {
      "type": "Feature",
      "geometry": {
        "type": "Point",
        "coordinates": [
          76.97835,
          17.06269
        ]
      },
      "properties": {
        "classification": "unclassified",
        "rule_class": "unclassified",
        "ml_class": "unclassified",
        "confidence": 0.3,
        "frp": 0.84,
        "bright_ti4": 306.39,
        "acq_date": "2026-08-31",
        "daynight": "N",
        "instrument": "VIIRS",
        "cluster_id": -1,
        "nearest_site_type": "industrial_zone"
      }
    },
    {
      "type": "Feature",
      "geometry": {
        "type": "Point",
        "coordinates": [
          74.96613,
          17.43479
        ]
      },
      "properties": {
        "classification": "unclassified",
        "rule_class": "unclassified",
        "ml_class": "unclassified",
        "confidence": 0.3,
        "frp": 0.74,
        "bright_ti4": 307.73,
        "acq_date": "2026-08-31",
        "daynight": "N",
        "instrument": "VIIRS",
        "cluster_id": -1,
        "nearest_site_type": "industrial_zone"
      }
    },
    {
      "type": "Feature",
      "geometry": {
        "type": "Point",
        "coordinates": [
          74.38948,
          18.42431
        ]
      },
      "properties": {
        "classification": "unclassified",
        "rule_class": "unclassified",
        "ml_class": "unclassified",
        "confidence": 0.3,
        "frp": 0.44,
        "bright_ti4": 307.81,
        "acq_date": "2026-08-31",
        "daynight": "N",
        "instrument": "VIIRS",
        "cluster_id": -1,
        "nearest_site_type": "industrial_zone"
      }
    },
    {
      "type": "Feature",
      "geometry": {
        "type": "Point",
        "coordinates": [
          74.25494,
          18.59601
        ]
      },
      "properties": {
        "classification": "unclassified",
        "rule_class": "unclassified",
        "ml_class": "unclassified",
        "confidence": 0.3,
        "frp": 1.7,
        "bright_ti4": 317.81,
        "acq_date": "2026-08-31",
        "daynight": "N",
        "instrument": "VIIRS",
        "cluster_id": -1,
        "nearest_site_type": "industrial_zone"
      }
    },
    {
      "type": "Feature",
      "geometry": {
        "type": "Point",
        "coordinates": [
          73.03835,
          18.68149
        ]
      },
      "properties": {
        "classification": "unclassified",
        "rule_class": "unclassified",
        "ml_class": "unclassified",
        "confidence": 0.3,
        "frp": 3.11,
        "bright_ti4": 311.06,
        "acq_date": "2026-08-31",
        "daynight": "N",
        "instrument": "VIIRS",
        "cluster_id": 18,
        "nearest_site_type": "industrial_zone"
      }
    },
    {
      "type": "Feature",
      "geometry": {
        "type": "Point",
        "coordinates": [
          73.03376,
          18.68213
        ]
      },
      "properties": {
        "classification": "unclassified",
        "rule_class": "unclassified",
        "ml_class": "unclassified",
        "confidence": 0.3,
        "frp": 1.93,
        "bright_ti4": 305.47,
        "acq_date": "2026-08-31",
        "daynight": "N",
        "instrument": "VIIRS",
        "cluster_id": 18,
        "nearest_site_type": "industrial_zone"
      }
    },
    {
      "type": "Feature",
      "geometry": {
        "type": "Point",
        "coordinates": [
          73.02973,
          18.68646
        ]
      },
      "properties": {
        "classification": "unclassified",
        "rule_class": "unclassified",
        "ml_class": "unclassified",
        "confidence": 0.3,
        "frp": 1.93,
        "bright_ti4": 306.48,
        "acq_date": "2026-08-31",
        "daynight": "N",
        "instrument": "VIIRS",
        "cluster_id": 18,
        "nearest_site_type": "industrial_zone"
      }
    },
    {
      "type": "Feature",
      "geometry": {
        "type": "Point",
        "coordinates": [
          71.35361,
          19.36855
        ]
      },
      "properties": {
        "classification": "unclassified",
        "rule_class": "unclassified",
        "ml_class": "unclassified",
        "confidence": 0.3,
        "frp": 2.17,
        "bright_ti4": 312.3,
        "acq_date": "2026-08-31",
        "daynight": "N",
        "instrument": "VIIRS",
        "cluster_id": -1,
        "nearest_site_type": "industrial_zone"
      }
    },
    {
      "type": "Feature",
      "geometry": {
        "type": "Point",
        "coordinates": [
          80.88872,
          7.39012
        ]
      },
      "properties": {
        "classification": "unclassified",
        "rule_class": "unclassified",
        "ml_class": "unclassified",
        "confidence": 0.3,
        "frp": 2.8,
        "bright_ti4": 318.01,
        "acq_date": "2026-08-31",
        "daynight": "N",
        "instrument": "VIIRS",
        "cluster_id": 31,
        "nearest_site_type": "industrial_zone"
      }
    },
    {
      "type": "Feature",
      "geometry": {
        "type": "Point",
        "coordinates": [
          80.89077,
          7.39378
        ]
      },
      "properties": {
        "classification": "unclassified",
        "rule_class": "unclassified",
        "ml_class": "unclassified",
        "confidence": 0.3,
        "frp": 4.23,
        "bright_ti4": 334.68,
        "acq_date": "2026-08-31",
        "daynight": "N",
        "instrument": "VIIRS",
        "cluster_id": 31,
        "nearest_site_type": "industrial_zone"
      }
    },
    {
      "type": "Feature",
      "geometry": {
        "type": "Point",
        "coordinates": [
          80.88899,
          7.39473
        ]
      },
      "properties": {
        "classification": "unclassified",
        "rule_class": "unclassified",
        "ml_class": "unclassified",
        "confidence": 0.3,
        "frp": 2.86,
        "bright_ti4": 324.22,
        "acq_date": "2026-08-31",
        "daynight": "N",
        "instrument": "VIIRS",
        "cluster_id": 31,
        "nearest_site_type": "industrial_zone"
      }
    },
    {
      "type": "Feature",
      "geometry": {
        "type": "Point",
        "coordinates": [
          80.79333,
          8.09268
        ]
      },
      "properties": {
        "classification": "unclassified",
        "rule_class": "unclassified",
        "ml_class": "unclassified",
        "confidence": 0.3,
        "frp": 1.9,
        "bright_ti4": 316.15,
        "acq_date": "2026-08-31",
        "daynight": "N",
        "instrument": "VIIRS",
        "cluster_id": -1,
        "nearest_site_type": "industrial_zone"
      }
    },
    {
      "type": "Feature",
      "geometry": {
        "type": "Point",
        "coordinates": [
          79.87141,
          8.11074
        ]
      },
      "properties": {
        "classification": "unclassified",
        "rule_class": "unclassified",
        "ml_class": "unclassified",
        "confidence": 0.3,
        "frp": 2.02,
        "bright_ti4": 312.18,
        "acq_date": "2026-08-31",
        "daynight": "N",
        "instrument": "VIIRS",
        "cluster_id": 32,
        "nearest_site_type": "industrial_zone"
      }
    },
    {
      "type": "Feature",
      "geometry": {
        "type": "Point",
        "coordinates": [
          79.86758,
          8.11138
        ]
      },
      "properties": {
        "classification": "unclassified",
        "rule_class": "unclassified",
        "ml_class": "unclassified",
        "confidence": 0.3,
        "frp": 2.42,
        "bright_ti4": 306.74,
        "acq_date": "2026-08-31",
        "daynight": "N",
        "instrument": "VIIRS",
        "cluster_id": 32,
        "nearest_site_type": "industrial_zone"
      }
    },
    {
      "type": "Feature",
      "geometry": {
        "type": "Point",
        "coordinates": [
          79.87071,
          8.11194
        ]
      },
      "properties": {
        "classification": "unclassified",
        "rule_class": "unclassified",
        "ml_class": "unclassified",
        "confidence": 0.3,
        "frp": 2.58,
        "bright_ti4": 322.48,
        "acq_date": "2026-08-31",
        "daynight": "N",
        "instrument": "VIIRS",
        "cluster_id": 32,
        "nearest_site_type": "industrial_zone"
      }
    },
    {
      "type": "Feature",
      "geometry": {
        "type": "Point",
        "coordinates": [
          78.09332,
          8.74017
        ]
      },
      "properties": {
        "classification": "unclassified",
        "rule_class": "unclassified",
        "ml_class": "unclassified",
        "confidence": 0.3,
        "frp": 0.38,
        "bright_ti4": 306.91,
        "acq_date": "2026-08-31",
        "daynight": "N",
        "instrument": "VIIRS",
        "cluster_id": -1,
        "nearest_site_type": "industrial_zone"
      }
    },
    {
      "type": "Feature",
      "geometry": {
        "type": "Point",
        "coordinates": [
          77.11382,
          10.41461
        ]
      },
      "properties": {
        "classification": "unclassified",
        "rule_class": "unclassified",
        "ml_class": "unclassified",
        "confidence": 0.3,
        "frp": 0.43,
        "bright_ti4": 305.75,
        "acq_date": "2026-08-31",
        "daynight": "N",
        "instrument": "VIIRS",
        "cluster_id": -1,
        "nearest_site_type": "industrial_zone"
      }
    },
    {
      "type": "Feature",
      "geometry": {
        "type": "Point",
        "coordinates": [
          78.06322,
          10.94284
        ]
      },
      "properties": {
        "classification": "unclassified",
        "rule_class": "unclassified",
        "ml_class": "unclassified",
        "confidence": 0.3,
        "frp": 1.41,
        "bright_ti4": 316.81,
        "acq_date": "2026-08-31",
        "daynight": "N",
        "instrument": "VIIRS",
        "cluster_id": -1,
        "nearest_site_type": "industrial_zone"
      }
    },
    {
      "type": "Feature",
      "geometry": {
        "type": "Point",
        "coordinates": [
          78.75399,
          11.08366
        ]
      },
      "properties": {
        "classification": "unclassified",
        "rule_class": "unclassified",
        "ml_class": "unclassified",
        "confidence": 0.3,
        "frp": 2.89,
        "bright_ti4": 311.37,
        "acq_date": "2026-08-31",
        "daynight": "N",
        "instrument": "VIIRS",
        "cluster_id": -1,
        "nearest_site_type": "industrial_zone"
      }
    },
    {
      "type": "Feature",
      "geometry": {
        "type": "Point",
        "coordinates": [
          79.09899,
          11.18313
        ]
      },
      "properties": {
        "classification": "unclassified",
        "rule_class": "unclassified",
        "ml_class": "unclassified",
        "confidence": 0.3,
        "frp": 0.5,
        "bright_ti4": 304.24,
        "acq_date": "2026-08-31",
        "daynight": "N",
        "instrument": "VIIRS",
        "cluster_id": -1,
        "nearest_site_type": "industrial_zone"
      }
    },
    {
      "type": "Feature",
      "geometry": {
        "type": "Point",
        "coordinates": [
          77.92274,
          11.80957
        ]
      },
      "properties": {
        "classification": "unclassified",
        "rule_class": "unclassified",
        "ml_class": "unclassified",
        "confidence": 0.3,
        "frp": 1.65,
        "bright_ti4": 309.05,
        "acq_date": "2026-08-31",
        "daynight": "N",
        "instrument": "VIIRS",
        "cluster_id": 29,
        "nearest_site_type": "industrial_zone"
      }
    },
    {
      "type": "Feature",
      "geometry": {
        "type": "Point",
        "coordinates": [
          77.91869,
          11.81027
        ]
      },
      "properties": {
        "classification": "unclassified",
        "rule_class": "unclassified",
        "ml_class": "unclassified",
        "confidence": 0.3,
        "frp": 2.44,
        "bright_ti4": 306.89,
        "acq_date": "2026-08-31",
        "daynight": "N",
        "instrument": "VIIRS",
        "cluster_id": 29,
        "nearest_site_type": "industrial_zone"
      }
    },
    {
      "type": "Feature",
      "geometry": {
        "type": "Point",
        "coordinates": [
          77.91586,
          11.81802
        ]
      },
      "properties": {
        "classification": "unclassified",
        "rule_class": "unclassified",
        "ml_class": "unclassified",
        "confidence": 0.3,
        "frp": 1.71,
        "bright_ti4": 308.19,
        "acq_date": "2026-08-31",
        "daynight": "N",
        "instrument": "VIIRS",
        "cluster_id": 29,
        "nearest_site_type": "industrial_zone"
      }
    },
    {
      "type": "Feature",
      "geometry": {
        "type": "Point",
        "coordinates": [
          77.8851,
          12.59783
        ]
      },
      "properties": {
        "classification": "unclassified",
        "rule_class": "unclassified",
        "ml_class": "unclassified",
        "confidence": 0.3,
        "frp": 0.27,
        "bright_ti4": 299.48,
        "acq_date": "2026-08-31",
        "daynight": "N",
        "instrument": "VIIRS",
        "cluster_id": -1,
        "nearest_site_type": "industrial_zone"
      }
    },
    {
      "type": "Feature",
      "geometry": {
        "type": "Point",
        "coordinates": [
          77.88569,
          12.60132
        ]
      },
      "properties": {
        "classification": "unclassified",
        "rule_class": "unclassified",
        "ml_class": "unclassified",
        "confidence": 0.3,
        "frp": 0.27,
        "bright_ti4": 308.19,
        "acq_date": "2026-08-31",
        "daynight": "N",
        "instrument": "VIIRS",
        "cluster_id": -1,
        "nearest_site_type": "industrial_zone"
      }
    },
    {
      "type": "Feature",
      "geometry": {
        "type": "Point",
        "coordinates": [
          81.0187,
          6.19543
        ]
      },
      "properties": {
        "classification": "unclassified",
        "rule_class": "unclassified",
        "ml_class": "unclassified",
        "confidence": 0.3,
        "frp": 3.17,
        "bright_ti4": 334.15,
        "acq_date": "2026-09-01",
        "daynight": "D",
        "instrument": "VIIRS",
        "cluster_id": -1,
        "nearest_site_type": "industrial_zone"
      }
    },
    {
      "type": "Feature",
      "geometry": {
        "type": "Point",
        "coordinates": [
          81.20638,
          6.23883
        ]
      },
      "properties": {
        "classification": "unclassified",
        "rule_class": "unclassified",
        "ml_class": "unclassified",
        "confidence": 0.3,
        "frp": 1.23,
        "bright_ti4": 330.31,
        "acq_date": "2026-09-01",
        "daynight": "D",
        "instrument": "VIIRS",
        "cluster_id": -1,
        "nearest_site_type": "industrial_zone"
      }
    },
    {
      "type": "Feature",
      "geometry": {
        "type": "Point",
        "coordinates": [
          81.01263,
          6.32778
        ]
      },
      "properties": {
        "classification": "unclassified",
        "rule_class": "unclassified",
        "ml_class": "unclassified",
        "confidence": 0.3,
        "frp": 2.71,
        "bright_ti4": 342.68,
        "acq_date": "2026-09-01",
        "daynight": "D",
        "instrument": "VIIRS",
        "cluster_id": -1,
        "nearest_site_type": "industrial_zone"
      }
    },
    {
      "type": "Feature",
      "geometry": {
        "type": "Point",
        "coordinates": [
          81.34603,
          6.33772
        ]
      },
      "properties": {
        "classification": "unclassified",
        "rule_class": "unclassified",
        "ml_class": "unclassified",
        "confidence": 0.3,
        "frp": 7.75,
        "bright_ti4": 334.53,
        "acq_date": "2026-09-01",
        "daynight": "D",
        "instrument": "VIIRS",
        "cluster_id": -1,
        "nearest_site_type": "industrial_zone"
      }
    },
    {
      "type": "Feature",
      "geometry": {
        "type": "Point",
        "coordinates": [
          81.34753,
          6.33925
        ]
      },
      "properties": {
        "classification": "unclassified",
        "rule_class": "unclassified",
        "ml_class": "unclassified",
        "confidence": 0.3,
        "frp": 4.21,
        "bright_ti4": 335.71,
        "acq_date": "2026-09-01",
        "daynight": "D",
        "instrument": "VIIRS",
        "cluster_id": -1,
        "nearest_site_type": "industrial_zone"
      }
    },
    {
      "type": "Feature",
      "geometry": {
        "type": "Point",
        "coordinates": [
          81.13854,
          6.35255
        ]
      },
      "properties": {
        "classification": "unclassified",
        "rule_class": "unclassified",
        "ml_class": "unclassified",
        "confidence": 0.3,
        "frp": 3.16,
        "bright_ti4": 342.55,
        "acq_date": "2026-09-01",
        "daynight": "D",
        "instrument": "VIIRS",
        "cluster_id": -1,
        "nearest_site_type": "industrial_zone"
      }
    },
    {
      "type": "Feature",
      "geometry": {
        "type": "Point",
        "coordinates": [
          81.01627,
          6.39061
        ]
      },
      "properties": {
        "classification": "unclassified",
        "rule_class": "unclassified",
        "ml_class": "unclassified",
        "confidence": 0.3,
        "frp": 5.79,
        "bright_ti4": 348.9,
        "acq_date": "2026-09-01",
        "daynight": "D",
        "instrument": "VIIRS",
        "cluster_id": -1,
        "nearest_site_type": "industrial_zone"
      }
    },
    {
      "type": "Feature",
      "geometry": {
        "type": "Point",
        "coordinates": [
          81.08882,
          6.411
        ]
      },
      "properties": {
        "classification": "unclassified",
        "rule_class": "unclassified",
        "ml_class": "unclassified",
        "confidence": 0.3,
        "frp": 0.85,
        "bright_ti4": 331.91,
        "acq_date": "2026-09-01",
        "daynight": "D",
        "instrument": "VIIRS",
        "cluster_id": -1,
        "nearest_site_type": "industrial_zone"
      }
    },
    {
      "type": "Feature",
      "geometry": {
        "type": "Point",
        "coordinates": [
          81.00175,
          6.41308
        ]
      },
      "properties": {
        "classification": "unclassified",
        "rule_class": "unclassified",
        "ml_class": "unclassified",
        "confidence": 0.3,
        "frp": 2.93,
        "bright_ti4": 336.85,
        "acq_date": "2026-09-01",
        "daynight": "D",
        "instrument": "VIIRS",
        "cluster_id": -1,
        "nearest_site_type": "industrial_zone"
      }
    },
    {
      "type": "Feature",
      "geometry": {
        "type": "Point",
        "coordinates": [
          80.98006,
          6.56763
        ]
      },
      "properties": {
        "classification": "unclassified",
        "rule_class": "unclassified",
        "ml_class": "unclassified",
        "confidence": 0.3,
        "frp": 2.46,
        "bright_ti4": 331.95,
        "acq_date": "2026-09-01",
        "daynight": "D",
        "instrument": "VIIRS",
        "cluster_id": -1,
        "nearest_site_type": "industrial_zone"
      }
    },
    {
      "type": "Feature",
      "geometry": {
        "type": "Point",
        "coordinates": [
          81.54429,
          6.70304
        ]
      },
      "properties": {
        "classification": "unclassified",
        "rule_class": "unclassified",
        "ml_class": "unclassified",
        "confidence": 0.3,
        "frp": 5.44,
        "bright_ti4": 334.86,
        "acq_date": "2026-09-01",
        "daynight": "D",
        "instrument": "VIIRS",
        "cluster_id": 2,
        "nearest_site_type": "industrial_zone"
      }
    },
    {
      "type": "Feature",
      "geometry": {
        "type": "Point",
        "coordinates": [
          81.59296,
          6.7111
        ]
      },
      "properties": {
        "classification": "unclassified",
        "rule_class": "unclassified",
        "ml_class": "unclassified",
        "confidence": 0.3,
        "frp": 5.1,
        "bright_ti4": 332.59,
        "acq_date": "2026-09-01",
        "daynight": "D",
        "instrument": "VIIRS",
        "cluster_id": -1,
        "nearest_site_type": "industrial_zone"
      }
    },
    {
      "type": "Feature",
      "geometry": {
        "type": "Point",
        "coordinates": [
          81.59883,
          6.73593
        ]
      },
      "properties": {
        "classification": "unclassified",
        "rule_class": "unclassified",
        "ml_class": "unclassified",
        "confidence": 0.3,
        "frp": 8.39,
        "bright_ti4": 337.41,
        "acq_date": "2026-09-01",
        "daynight": "D",
        "instrument": "VIIRS",
        "cluster_id": -1,
        "nearest_site_type": "industrial_zone"
      }
    },
    {
      "type": "Feature",
      "geometry": {
        "type": "Point",
        "coordinates": [
          81.60365,
          6.73672
        ]
      },
      "properties": {
        "classification": "unclassified",
        "rule_class": "unclassified",
        "ml_class": "unclassified",
        "confidence": 0.3,
        "frp": 13.03,
        "bright_ti4": 335.05,
        "acq_date": "2026-09-01",
        "daynight": "D",
        "instrument": "VIIRS",
        "cluster_id": -1,
        "nearest_site_type": "industrial_zone"
      }
    },
    {
      "type": "Feature",
      "geometry": {
        "type": "Point",
        "coordinates": [
          81.51804,
          6.74266
        ]
      },
      "properties": {
        "classification": "unclassified",
        "rule_class": "unclassified",
        "ml_class": "unclassified",
        "confidence": 0.3,
        "frp": 2.55,
        "bright_ti4": 337.49,
        "acq_date": "2026-09-01",
        "daynight": "D",
        "instrument": "VIIRS",
        "cluster_id": 3,
        "nearest_site_type": "industrial_zone"
      }
    },
    {
      "type": "Feature",
      "geometry": {
        "type": "Point",
        "coordinates": [
          81.52106,
          6.80369
        ]
      },
      "properties": {
        "classification": "unclassified",
        "rule_class": "unclassified",
        "ml_class": "unclassified",
        "confidence": 0.3,
        "frp": 5.57,
        "bright_ti4": 336.16,
        "acq_date": "2026-09-01",
        "daynight": "D",
        "instrument": "VIIRS",
        "cluster_id": 4,
        "nearest_site_type": "industrial_zone"
      }
    },
    {
      "type": "Feature",
      "geometry": {
        "type": "Point",
        "coordinates": [
          81.51917,
          6.81535
        ]
      },
      "properties": {
        "classification": "unclassified",
        "rule_class": "unclassified",
        "ml_class": "unclassified",
        "confidence": 0.3,
        "frp": 3.0,
        "bright_ti4": 338.94,
        "acq_date": "2026-09-01",
        "daynight": "D",
        "instrument": "VIIRS",
        "cluster_id": 4,
        "nearest_site_type": "industrial_zone"
      }
    },
    {
      "type": "Feature",
      "geometry": {
        "type": "Point",
        "coordinates": [
          81.49601,
          6.8355
        ]
      },
      "properties": {
        "classification": "unclassified",
        "rule_class": "unclassified",
        "ml_class": "unclassified",
        "confidence": 0.3,
        "frp": 9.59,
        "bright_ti4": 333.16,
        "acq_date": "2026-09-01",
        "daynight": "D",
        "instrument": "VIIRS",
        "cluster_id": -1,
        "nearest_site_type": "industrial_zone"
      }
    },
    {
      "type": "Feature",
      "geometry": {
        "type": "Point",
        "coordinates": [
          81.49536,
          6.83939
        ]
      },
      "properties": {
        "classification": "unclassified",
        "rule_class": "unclassified",
        "ml_class": "unclassified",
        "confidence": 0.3,
        "frp": 9.59,
        "bright_ti4": 345.89,
        "acq_date": "2026-09-01",
        "daynight": "D",
        "instrument": "VIIRS",
        "cluster_id": -1,
        "nearest_site_type": "industrial_zone"
      }
    },
    {
      "type": "Feature",
      "geometry": {
        "type": "Point",
        "coordinates": [
          81.57497,
          6.84047
        ]
      },
      "properties": {
        "classification": "unclassified",
        "rule_class": "unclassified",
        "ml_class": "unclassified",
        "confidence": 0.3,
        "frp": 12.38,
        "bright_ti4": 346.36,
        "acq_date": "2026-09-01",
        "daynight": "D",
        "instrument": "VIIRS",
        "cluster_id": -1,
        "nearest_site_type": "industrial_zone"
      }
    },
    {
      "type": "Feature",
      "geometry": {
        "type": "Point",
        "coordinates": [
          81.54947,
          6.84425
        ]
      },
      "properties": {
        "classification": "unclassified",
        "rule_class": "unclassified",
        "ml_class": "unclassified",
        "confidence": 0.3,
        "frp": 10.33,
        "bright_ti4": 337.98,
        "acq_date": "2026-09-01",
        "daynight": "D",
        "instrument": "VIIRS",
        "cluster_id": -1,
        "nearest_site_type": "industrial_zone"
      }
    },
    {
      "type": "Feature",
      "geometry": {
        "type": "Point",
        "coordinates": [
          81.54882,
          6.84813
        ]
      },
      "properties": {
        "classification": "unclassified",
        "rule_class": "unclassified",
        "ml_class": "unclassified",
        "confidence": 0.3,
        "frp": 10.33,
        "bright_ti4": 337.81,
        "acq_date": "2026-09-01",
        "daynight": "D",
        "instrument": "VIIRS",
        "cluster_id": -1,
        "nearest_site_type": "industrial_zone"
      }
    },
    {
      "type": "Feature",
      "geometry": {
        "type": "Point",
        "coordinates": [
          81.40752,
          6.85314
        ]
      },
      "properties": {
        "classification": "unclassified",
        "rule_class": "unclassified",
        "ml_class": "unclassified",
        "confidence": 0.3,
        "frp": 6.24,
        "bright_ti4": 335.08,
        "acq_date": "2026-09-01",
        "daynight": "D",
        "instrument": "VIIRS",
        "cluster_id": -1,
        "nearest_site_type": "industrial_zone"
      }
    },
    {
      "type": "Feature",
      "geometry": {
        "type": "Point",
        "coordinates": [
          81.63994,
          6.93935
        ]
      },
      "properties": {
        "classification": "unclassified",
        "rule_class": "unclassified",
        "ml_class": "unclassified",
        "confidence": 0.3,
        "frp": 5.6,
        "bright_ti4": 336.24,
        "acq_date": "2026-09-01",
        "daynight": "D",
        "instrument": "VIIRS",
        "cluster_id": -1,
        "nearest_site_type": "industrial_zone"
      }
    },
    {
      "type": "Feature",
      "geometry": {
        "type": "Point",
        "coordinates": [
          81.20502,
          7.07303
        ]
      },
      "properties": {
        "classification": "unclassified",
        "rule_class": "unclassified",
        "ml_class": "unclassified",
        "confidence": 0.3,
        "frp": 8.49,
        "bright_ti4": 334.73,
        "acq_date": "2026-09-01",
        "daynight": "D",
        "instrument": "VIIRS",
        "cluster_id": -1,
        "nearest_site_type": "industrial_zone"
      }
    },
    {
      "type": "Feature",
      "geometry": {
        "type": "Point",
        "coordinates": [
          81.20669,
          7.07577
        ]
      },
      "properties": {
        "classification": "unclassified",
        "rule_class": "unclassified",
        "ml_class": "unclassified",
        "confidence": 0.3,
        "frp": 9.04,
        "bright_ti4": 341.39,
        "acq_date": "2026-09-01",
        "daynight": "D",
        "instrument": "VIIRS",
        "cluster_id": -1,
        "nearest_site_type": "industrial_zone"
      }
    },
    {
      "type": "Feature",
      "geometry": {
        "type": "Point",
        "coordinates": [
          81.5708,
          7.07607
        ]
      },
      "properties": {
        "classification": "unclassified",
        "rule_class": "unclassified",
        "ml_class": "unclassified",
        "confidence": 0.3,
        "frp": 6.13,
        "bright_ti4": 333.41,
        "acq_date": "2026-09-01",
        "daynight": "D",
        "instrument": "VIIRS",
        "cluster_id": -1,
        "nearest_site_type": "factory"
      }
    },
    {
      "type": "Feature",
      "geometry": {
        "type": "Point",
        "coordinates": [
          81.44301,
          7.09516
        ]
      },
      "properties": {
        "classification": "unclassified",
        "rule_class": "unclassified",
        "ml_class": "unclassified",
        "confidence": 0.3,
        "frp": 12.36,
        "bright_ti4": 345.55,
        "acq_date": "2026-09-01",
        "daynight": "D",
        "instrument": "VIIRS",
        "cluster_id": -1,
        "nearest_site_type": "industrial_zone"
      }
    },
    {
      "type": "Feature",
      "geometry": {
        "type": "Point",
        "coordinates": [
          81.44486,
          7.0955
        ]
      },
      "properties": {
        "classification": "unclassified",
        "rule_class": "unclassified",
        "ml_class": "unclassified",
        "confidence": 0.3,
        "frp": 9.23,
        "bright_ti4": 334.54,
        "acq_date": "2026-09-01",
        "daynight": "D",
        "instrument": "VIIRS",
        "cluster_id": -1,
        "nearest_site_type": "industrial_zone"
      }
    },
    {
      "type": "Feature",
      "geometry": {
        "type": "Point",
        "coordinates": [
          81.57197,
          7.16827
        ]
      },
      "properties": {
        "classification": "unclassified",
        "rule_class": "unclassified",
        "ml_class": "unclassified",
        "confidence": 0.3,
        "frp": 6.23,
        "bright_ti4": 331.95,
        "acq_date": "2026-09-01",
        "daynight": "D",
        "instrument": "VIIRS",
        "cluster_id": -1,
        "nearest_site_type": "industrial_zone"
      }
    },
    {
      "type": "Feature",
      "geometry": {
        "type": "Point",
        "coordinates": [
          81.76827,
          7.21606
        ]
      },
      "properties": {
        "classification": "unclassified",
        "rule_class": "unclassified",
        "ml_class": "unclassified",
        "confidence": 0.3,
        "frp": 19.17,
        "bright_ti4": 341.2,
        "acq_date": "2026-09-01",
        "daynight": "D",
        "instrument": "VIIRS",
        "cluster_id": -1,
        "nearest_site_type": "industrial_zone"
      }
    },
    {
      "type": "Feature",
      "geometry": {
        "type": "Point",
        "coordinates": [
          81.79167,
          7.28933
        ]
      },
      "properties": {
        "classification": "mining_activity",
        "rule_class": "mining_activity",
        "ml_class": "unclassified",
        "confidence": 0.988,
        "frp": 11.09,
        "bright_ti4": 340.16,
        "acq_date": "2026-09-01",
        "daynight": "D",
        "instrument": "VIIRS",
        "cluster_id": -1,
        "nearest_site_type": "factory"
      }
    },
    {
      "type": "Feature",
      "geometry": {
        "type": "Point",
        "coordinates": [
          81.76345,
          7.31592
        ]
      },
      "properties": {
        "classification": "unclassified",
        "rule_class": "unclassified",
        "ml_class": "unclassified",
        "confidence": 0.3,
        "frp": 12.39,
        "bright_ti4": 344.78,
        "acq_date": "2026-09-01",
        "daynight": "D",
        "instrument": "VIIRS",
        "cluster_id": 8,
        "nearest_site_type": "industrial_zone"
      }
    },
    {
      "type": "Feature",
      "geometry": {
        "type": "Point",
        "coordinates": [
          81.74758,
          7.32506
        ]
      },
      "properties": {
        "classification": "unclassified",
        "rule_class": "unclassified",
        "ml_class": "unclassified",
        "confidence": 0.3,
        "frp": 6.03,
        "bright_ti4": 333.99,
        "acq_date": "2026-09-01",
        "daynight": "D",
        "instrument": "VIIRS",
        "cluster_id": 8,
        "nearest_site_type": "industrial_zone"
      }
    },
    {
      "type": "Feature",
      "geometry": {
        "type": "Point",
        "coordinates": [
          81.72639,
          7.33726
        ]
      },
      "properties": {
        "classification": "unclassified",
        "rule_class": "unclassified",
        "ml_class": "unclassified",
        "confidence": 0.3,
        "frp": 5.18,
        "bright_ti4": 335.03,
        "acq_date": "2026-09-01",
        "daynight": "D",
        "instrument": "VIIRS",
        "cluster_id": -1,
        "nearest_site_type": "power_plant"
      }
    },
    {
      "type": "Feature",
      "geometry": {
        "type": "Point",
        "coordinates": [
          81.82351,
          7.35682
        ]
      },
      "properties": {
        "classification": "unclassified",
        "rule_class": "unclassified",
        "ml_class": "unclassified",
        "confidence": 0.3,
        "frp": 6.09,
        "bright_ti4": 333.2,
        "acq_date": "2026-09-01",
        "daynight": "D",
        "instrument": "VIIRS",
        "cluster_id": -1,
        "nearest_site_type": "industrial_zone"
      }
    },
    {
      "type": "Feature",
      "geometry": {
        "type": "Point",
        "coordinates": [
          81.14172,
          7.29757
        ]
      },
      "properties": {
        "classification": "mining_activity",
        "rule_class": "mining_activity",
        "ml_class": "unclassified",
        "confidence": 0.993,
        "frp": 6.16,
        "bright_ti4": 334.94,
        "acq_date": "2026-09-01",
        "daynight": "D",
        "instrument": "VIIRS",
        "cluster_id": -1,
        "nearest_site_type": "industrial_zone"
      }
    },
    {
      "type": "Feature",
      "geometry": {
        "type": "Point",
        "coordinates": [
          81.50616,
          7.36199
        ]
      },
      "properties": {
        "classification": "mining_activity",
        "rule_class": "mining_activity",
        "ml_class": "unclassified",
        "confidence": 0.915,
        "frp": 3.82,
        "bright_ti4": 333.35,
        "acq_date": "2026-09-01",
        "daynight": "D",
        "instrument": "VIIRS",
        "cluster_id": -1,
        "nearest_site_type": "industrial_zone"
      }
    },
    {
      "type": "Feature",
      "geometry": {
        "type": "Point",
        "coordinates": [
          81.77684,
          7.39489
        ]
      },
      "properties": {
        "classification": "unclassified",
        "rule_class": "unclassified",
        "ml_class": "unclassified",
        "confidence": 0.3,
        "frp": 7.48,
        "bright_ti4": 334.29,
        "acq_date": "2026-09-01",
        "daynight": "D",
        "instrument": "VIIRS",
        "cluster_id": -1,
        "nearest_site_type": "power_plant"
      }
    },
    {
      "type": "Feature",
      "geometry": {
        "type": "Point",
        "coordinates": [
          81.6543,
          7.40997
        ]
      },
      "properties": {
        "classification": "unclassified",
        "rule_class": "unclassified",
        "ml_class": "unclassified",
        "confidence": 0.3,
        "frp": 6.13,
        "bright_ti4": 333.78,
        "acq_date": "2026-09-01",
        "daynight": "D",
        "instrument": "VIIRS",
        "cluster_id": -1,
        "nearest_site_type": "power_plant"
      }
    },
    {
      "type": "Feature",
      "geometry": {
        "type": "Point",
        "coordinates": [
          81.31733,
          7.42719
        ]
      },
      "properties": {
        "classification": "unclassified",
        "rule_class": "unclassified",
        "ml_class": "unclassified",
        "confidence": 0.3,
        "frp": 5.35,
        "bright_ti4": 331.73,
        "acq_date": "2026-09-01",
        "daynight": "D",
        "instrument": "VIIRS",
        "cluster_id": 12,
        "nearest_site_type": "industrial_zone"
      }
    },
    {
      "type": "Feature",
      "geometry": {
        "type": "Point",
        "coordinates": [
          81.64682,
          7.45584
        ]
      },
      "properties": {
        "classification": "unclassified",
        "rule_class": "unclassified",
        "ml_class": "unclassified",
        "confidence": 0.3,
        "frp": 7.83,
        "bright_ti4": 333.5,
        "acq_date": "2026-09-01",
        "daynight": "D",
        "instrument": "VIIRS",
        "cluster_id": -1,
        "nearest_site_type": "power_plant"
      }
    },
    {
      "type": "Feature",
      "geometry": {
        "type": "Point",
        "coordinates": [
          81.64819,
          7.45856
        ]
      },
      "properties": {
        "classification": "unclassified",
        "rule_class": "unclassified",
        "ml_class": "unclassified",
        "confidence": 0.3,
        "frp": 6.24,
        "bright_ti4": 334.63,
        "acq_date": "2026-09-01",
        "daynight": "D",
        "instrument": "VIIRS",
        "cluster_id": -1,
        "nearest_site_type": "power_plant"
      }
    },
    {
      "type": "Feature",
      "geometry": {
        "type": "Point",
        "coordinates": [
          81.58308,
          7.63038
        ]
      },
      "properties": {
        "classification": "mining_activity",
        "rule_class": "mining_activity",
        "ml_class": "unclassified",
        "confidence": 0.995,
        "frp": 6.87,
        "bright_ti4": 335.51,
        "acq_date": "2026-09-01",
        "daynight": "D",
        "instrument": "VIIRS",
        "cluster_id": -1,
        "nearest_site_type": "industrial_zone"
      }
    },
    {
      "type": "Feature",
      "geometry": {
        "type": "Point",
        "coordinates": [
          81.58244,
          7.6342
        ]
      },
      "properties": {
        "classification": "unclassified",
        "rule_class": "unclassified",
        "ml_class": "unclassified",
        "confidence": 0.3,
        "frp": 6.87,
        "bright_ti4": 344.19,
        "acq_date": "2026-09-01",
        "daynight": "D",
        "instrument": "VIIRS",
        "cluster_id": -1,
        "nearest_site_type": "industrial_zone"
      }
    },
    {
      "type": "Feature",
      "geometry": {
        "type": "Point",
        "coordinates": [
          81.24961,
          7.7604
        ]
      },
      "properties": {
        "classification": "unclassified",
        "rule_class": "unclassified",
        "ml_class": "unclassified",
        "confidence": 0.3,
        "frp": 10.62,
        "bright_ti4": 340.95,
        "acq_date": "2026-09-01",
        "daynight": "D",
        "instrument": "VIIRS",
        "cluster_id": -1,
        "nearest_site_type": "industrial_zone"
      }
    },
    {
      "type": "Feature",
      "geometry": {
        "type": "Point",
        "coordinates": [
          80.22298,
          7.78377
        ]
      },
      "properties": {
        "classification": "mining_activity",
        "rule_class": "mining_activity",
        "ml_class": "unclassified",
        "confidence": 0.995,
        "frp": 2.66,
        "bright_ti4": 339.76,
        "acq_date": "2026-09-01",
        "daynight": "D",
        "instrument": "VIIRS",
        "cluster_id": -1,
        "nearest_site_type": "power_plant"
      }
    },
    {
      "type": "Feature",
      "geometry": {
        "type": "Point",
        "coordinates": [
          80.81643,
          7.78867
        ]
      },
      "properties": {
        "classification": "unclassified",
        "rule_class": "unclassified",
        "ml_class": "unclassified",
        "confidence": 0.3,
        "frp": 4.63,
        "bright_ti4": 342.48,
        "acq_date": "2026-09-01",
        "daynight": "D",
        "instrument": "VIIRS",
        "cluster_id": -1,
        "nearest_site_type": "industrial_zone"
      }
    },
    {
      "type": "Feature",
      "geometry": {
        "type": "Point",
        "coordinates": [
          81.55624,
          7.79142
        ]
      },
      "properties": {
        "classification": "unclassified",
        "rule_class": "unclassified",
        "ml_class": "unclassified",
        "confidence": 0.3,
        "frp": 6.01,
        "bright_ti4": 333.11,
        "acq_date": "2026-09-01",
        "daynight": "D",
        "instrument": "VIIRS",
        "cluster_id": -1,
        "nearest_site_type": "industrial_zone"
      }
    },
    {
      "type": "Feature",
      "geometry": {
        "type": "Point",
        "coordinates": [
          80.34256,
          7.85497
        ]
      },
      "properties": {
        "classification": "unclassified",
        "rule_class": "unclassified",
        "ml_class": "unclassified",
        "confidence": 0.3,
        "frp": 4.45,
        "bright_ti4": 338.68,
        "acq_date": "2026-09-01",
        "daynight": "D",
        "instrument": "VIIRS",
        "cluster_id": -1,
        "nearest_site_type": "factory"
      }
    },
    {
      "type": "Feature",
      "geometry": {
        "type": "Point",
        "coordinates": [
          81.44665,
          7.86408
        ]
      },
      "properties": {
        "classification": "unclassified",
        "rule_class": "unclassified",
        "ml_class": "unclassified",
        "confidence": 0.3,
        "frp": 9.12,
        "bright_ti4": 348.6,
        "acq_date": "2026-09-01",
        "daynight": "D",
        "instrument": "VIIRS",
        "cluster_id": 33,
        "nearest_site_type": "industrial_zone"
      }
    },
    {
      "type": "Feature",
      "geometry": {
        "type": "Point",
        "coordinates": [
          81.44823,
          7.86625
        ]
      },
      "properties": {
        "classification": "unclassified",
        "rule_class": "unclassified",
        "ml_class": "unclassified",
        "confidence": 0.3,
        "frp": 9.31,
        "bright_ti4": 343.45,
        "acq_date": "2026-09-01",
        "daynight": "D",
        "instrument": "VIIRS",
        "cluster_id": 33,
        "nearest_site_type": "industrial_zone"
      }
    },
    {
      "type": "Feature",
      "geometry": {
        "type": "Point",
        "coordinates": [
          81.43804,
          7.8685
        ]
      },
      "properties": {
        "classification": "unclassified",
        "rule_class": "unclassified",
        "ml_class": "unclassified",
        "confidence": 0.3,
        "frp": 4.72,
        "bright_ti4": 334.4,
        "acq_date": "2026-09-01",
        "daynight": "D",
        "instrument": "VIIRS",
        "cluster_id": 33,
        "nearest_site_type": "industrial_zone"
      }
    },
    {
      "type": "Feature",
      "geometry": {
        "type": "Point",
        "coordinates": [
          80.63752,
          7.90392
        ]
      },
      "properties": {
        "classification": "unclassified",
        "rule_class": "unclassified",
        "ml_class": "unclassified",
        "confidence": 0.5,
        "frp": 1.99,
        "bright_ti4": 333.93,
        "acq_date": "2026-09-01",
        "daynight": "D",
        "instrument": "VIIRS",
        "cluster_id": -1,
        "nearest_site_type": "none"
      }
    },
    {
      "type": "Feature",
      "geometry": {
        "type": "Point",
        "coordinates": [
          81.37131,
          7.94456
        ]
      },
      "properties": {
        "classification": "unclassified",
        "rule_class": "unclassified",
        "ml_class": "unclassified",
        "confidence": 0.5,
        "frp": 3.65,
        "bright_ti4": 332.56,
        "acq_date": "2026-09-01",
        "daynight": "D",
        "instrument": "VIIRS",
        "cluster_id": -1,
        "nearest_site_type": "none"
      }
    },
    {
      "type": "Feature",
      "geometry": {
        "type": "Point",
        "coordinates": [
          81.37614,
          7.94534
        ]
      },
      "properties": {
        "classification": "unclassified",
        "rule_class": "unclassified",
        "ml_class": "unclassified",
        "confidence": 0.5,
        "frp": 3.65,
        "bright_ti4": 337.02,
        "acq_date": "2026-09-01",
        "daynight": "D",
        "instrument": "VIIRS",
        "cluster_id": -1,
        "nearest_site_type": "none"
      }
    },
    {
      "type": "Feature",
      "geometry": {
        "type": "Point",
        "coordinates": [
          81.31615,
          7.94756
        ]
      },
      "properties": {
        "classification": "unclassified",
        "rule_class": "unclassified",
        "ml_class": "unclassified",
        "confidence": 0.3,
        "frp": 8.89,
        "bright_ti4": 343.2,
        "acq_date": "2026-09-01",
        "daynight": "D",
        "instrument": "VIIRS",
        "cluster_id": 22,
        "nearest_site_type": "industrial_zone"
      }
    },
    {
      "type": "Feature",
      "geometry": {
        "type": "Point",
        "coordinates": [
          81.31799,
          7.94843
        ]
      },
      "properties": {
        "classification": "unclassified",
        "rule_class": "unclassified",
        "ml_class": "unclassified",
        "confidence": 0.3,
        "frp": 9.05,
        "bright_ti4": 338.51,
        "acq_date": "2026-09-01",
        "daynight": "D",
        "instrument": "VIIRS",
        "cluster_id": 22,
        "nearest_site_type": "industrial_zone"
      }
    },
    {
      "type": "Feature",
      "geometry": {
        "type": "Point",
        "coordinates": [
          80.72301,
          7.95932
        ]
      },
      "properties": {
        "classification": "unclassified",
        "rule_class": "unclassified",
        "ml_class": "unclassified",
        "confidence": 0.5,
        "frp": 4.06,
        "bright_ti4": 331.21,
        "acq_date": "2026-09-01",
        "daynight": "D",
        "instrument": "VIIRS",
        "cluster_id": -1,
        "nearest_site_type": "none"
      }
    },
    {
      "type": "Feature",
      "geometry": {
        "type": "Point",
        "coordinates": [
          80.72224,
          7.96034
        ]
      },
      "properties": {
        "classification": "unclassified",
        "rule_class": "unclassified",
        "ml_class": "unclassified",
        "confidence": 0.5,
        "frp": 3.5,
        "bright_ti4": 330.53,
        "acq_date": "2026-09-01",
        "daynight": "D",
        "instrument": "VIIRS",
        "cluster_id": -1,
        "nearest_site_type": "none"
      }
    },
    {
      "type": "Feature",
      "geometry": {
        "type": "Point",
        "coordinates": [
          80.59685,
          7.96814
        ]
      },
      "properties": {
        "classification": "unclassified",
        "rule_class": "unclassified",
        "ml_class": "unclassified",
        "confidence": 0.5,
        "frp": 6.47,
        "bright_ti4": 347.3,
        "acq_date": "2026-09-01",
        "daynight": "D",
        "instrument": "VIIRS",
        "cluster_id": -1,
        "nearest_site_type": "none"
      }
    },
    {
      "type": "Feature",
      "geometry": {
        "type": "Point",
        "coordinates": [
          80.62343,
          7.98507
        ]
      },
      "properties": {
        "classification": "unclassified",
        "rule_class": "unclassified",
        "ml_class": "unclassified",
        "confidence": 0.5,
        "frp": 3.46,
        "bright_ti4": 330.99,
        "acq_date": "2026-09-01",
        "daynight": "D",
        "instrument": "VIIRS",
        "cluster_id": -1,
        "nearest_site_type": "none"
      }
    },
    {
      "type": "Feature",
      "geometry": {
        "type": "Point",
        "coordinates": [
          81.43661,
          8.00779
        ]
      },
      "properties": {
        "classification": "unclassified",
        "rule_class": "unclassified",
        "ml_class": "unclassified",
        "confidence": 0.5,
        "frp": 6.68,
        "bright_ti4": 330.8,
        "acq_date": "2026-09-01",
        "daynight": "D",
        "instrument": "VIIRS",
        "cluster_id": -1,
        "nearest_site_type": "none"
      }
    },
    {
      "type": "Feature",
      "geometry": {
        "type": "Point",
        "coordinates": [
          80.59743,
          8.03059
        ]
      },
      "properties": {
        "classification": "unclassified",
        "rule_class": "unclassified",
        "ml_class": "unclassified",
        "confidence": 0.5,
        "frp": 3.18,
        "bright_ti4": 339.51,
        "acq_date": "2026-09-01",
        "daynight": "D",
        "instrument": "VIIRS",
        "cluster_id": -1,
        "nearest_site_type": "none"
      }
    },
    {
      "type": "Feature",
      "geometry": {
        "type": "Point",
        "coordinates": [
          81.28948,
          8.03119
        ]
      },
      "properties": {
        "classification": "unclassified",
        "rule_class": "unclassified",
        "ml_class": "unclassified",
        "confidence": 0.5,
        "frp": 20.57,
        "bright_ti4": 349.71,
        "acq_date": "2026-09-01",
        "daynight": "D",
        "instrument": "VIIRS",
        "cluster_id": -1,
        "nearest_site_type": "none"
      }
    },
    {
      "type": "Feature",
      "geometry": {
        "type": "Point",
        "coordinates": [
          81.4119,
          8.13979
        ]
      },
      "properties": {
        "classification": "unclassified",
        "rule_class": "unclassified",
        "ml_class": "unclassified",
        "confidence": 0.5,
        "frp": 4.71,
        "bright_ti4": 332.42,
        "acq_date": "2026-09-01",
        "daynight": "D",
        "instrument": "VIIRS",
        "cluster_id": -1,
        "nearest_site_type": "none"
      }
    },
    {
      "type": "Feature",
      "geometry": {
        "type": "Point",
        "coordinates": [
          80.69052,
          8.18792
        ]
      },
      "properties": {
        "classification": "unclassified",
        "rule_class": "unclassified",
        "ml_class": "unclassified",
        "confidence": 0.5,
        "frp": 6.26,
        "bright_ti4": 340.57,
        "acq_date": "2026-09-01",
        "daynight": "D",
        "instrument": "VIIRS",
        "cluster_id": -1,
        "nearest_site_type": "none"
      }
    },
    {
      "type": "Feature",
      "geometry": {
        "type": "Point",
        "coordinates": [
          80.60502,
          8.24386
        ]
      },
      "properties": {
        "classification": "unclassified",
        "rule_class": "unclassified",
        "ml_class": "unclassified",
        "confidence": 0.5,
        "frp": 4.93,
        "bright_ti4": 340.11,
        "acq_date": "2026-09-01",
        "daynight": "D",
        "instrument": "VIIRS",
        "cluster_id": -1,
        "nearest_site_type": "none"
      }
    },
    {
      "type": "Feature",
      "geometry": {
        "type": "Point",
        "coordinates": [
          80.58041,
          8.26053
        ]
      },
      "properties": {
        "classification": "unclassified",
        "rule_class": "unclassified",
        "ml_class": "unclassified",
        "confidence": 0.5,
        "frp": 7.81,
        "bright_ti4": 342.01,
        "acq_date": "2026-09-01",
        "daynight": "D",
        "instrument": "VIIRS",
        "cluster_id": -1,
        "nearest_site_type": "none"
      }
    },
    {
      "type": "Feature",
      "geometry": {
        "type": "Point",
        "coordinates": [
          80.55347,
          8.26432
        ]
      },
      "properties": {
        "classification": "unclassified",
        "rule_class": "unclassified",
        "ml_class": "unclassified",
        "confidence": 0.5,
        "frp": 4.08,
        "bright_ti4": 334.0,
        "acq_date": "2026-09-01",
        "daynight": "D",
        "instrument": "VIIRS",
        "cluster_id": -1,
        "nearest_site_type": "none"
      }
    },
    {
      "type": "Feature",
      "geometry": {
        "type": "Point",
        "coordinates": [
          77.57172,
          8.29291
        ]
      },
      "properties": {
        "classification": "unclassified",
        "rule_class": "unclassified",
        "ml_class": "unclassified",
        "confidence": 0.5,
        "frp": 3.49,
        "bright_ti4": 340.35,
        "acq_date": "2026-09-01",
        "daynight": "D",
        "instrument": "VIIRS",
        "cluster_id": -1,
        "nearest_site_type": "none"
      }
    },
    {
      "type": "Feature",
      "geometry": {
        "type": "Point",
        "coordinates": [
          80.15601,
          8.29877
        ]
      },
      "properties": {
        "classification": "unclassified",
        "rule_class": "unclassified",
        "ml_class": "unclassified",
        "confidence": 0.3,
        "frp": 18.87,
        "bright_ti4": 343.71,
        "acq_date": "2026-09-01",
        "daynight": "D",
        "instrument": "VIIRS",
        "cluster_id": 23,
        "nearest_site_type": "industrial_zone"
      }
    },
    {
      "type": "Feature",
      "geometry": {
        "type": "Point",
        "coordinates": [
          80.15585,
          8.30062
        ]
      },
      "properties": {
        "classification": "unclassified",
        "rule_class": "unclassified",
        "ml_class": "unclassified",
        "confidence": 0.3,
        "frp": 19.56,
        "bright_ti4": 344.61,
        "acq_date": "2026-09-01",
        "daynight": "D",
        "instrument": "VIIRS",
        "cluster_id": 23,
        "nearest_site_type": "industrial_zone"
      }
    },
    {
      "type": "Feature",
      "geometry": {
        "type": "Point",
        "coordinates": [
          81.01878,
          8.30368
        ]
      },
      "properties": {
        "classification": "unclassified",
        "rule_class": "unclassified",
        "ml_class": "unclassified",
        "confidence": 0.5,
        "frp": 6.15,
        "bright_ti4": 337.15,
        "acq_date": "2026-09-01",
        "daynight": "D",
        "instrument": "VIIRS",
        "cluster_id": -1,
        "nearest_site_type": "none"
      }
    },
    {
      "type": "Feature",
      "geometry": {
        "type": "Point",
        "coordinates": [
          81.01814,
          8.3076
        ]
      },
      "properties": {
        "classification": "unclassified",
        "rule_class": "unclassified",
        "ml_class": "unclassified",
        "confidence": 0.5,
        "frp": 6.15,
        "bright_ti4": 336.04,
        "acq_date": "2026-09-01",
        "daynight": "D",
        "instrument": "VIIRS",
        "cluster_id": -1,
        "nearest_site_type": "none"
      }
    },
    {
      "type": "Feature",
      "geometry": {
        "type": "Point",
        "coordinates": [
          80.28439,
          8.3114
        ]
      },
      "properties": {
        "classification": "unclassified",
        "rule_class": "unclassified",
        "ml_class": "unclassified",
        "confidence": 0.3,
        "frp": 2.5,
        "bright_ti4": 343.65,
        "acq_date": "2026-09-01",
        "daynight": "D",
        "instrument": "VIIRS",
        "cluster_id": 24,
        "nearest_site_type": "industrial_zone"
      }
    },
    {
      "type": "Feature",
      "geometry": {
        "type": "Point",
        "coordinates": [
          80.28391,
          8.31414
        ]
      },
      "properties": {
        "classification": "unclassified",
        "rule_class": "unclassified",
        "ml_class": "unclassified",
        "confidence": 0.3,
        "frp": 3.4,
        "bright_ti4": 339.16,
        "acq_date": "2026-09-01",
        "daynight": "D",
        "instrument": "VIIRS",
        "cluster_id": 24,
        "nearest_site_type": "industrial_zone"
      }
    },
    {
      "type": "Feature",
      "geometry": {
        "type": "Point",
        "coordinates": [
          80.29664,
          8.32899
        ]
      },
      "properties": {
        "classification": "unclassified",
        "rule_class": "unclassified",
        "ml_class": "unclassified",
        "confidence": 0.5,
        "frp": 3.46,
        "bright_ti4": 333.49,
        "acq_date": "2026-09-01",
        "daynight": "D",
        "instrument": "VIIRS",
        "cluster_id": -1,
        "nearest_site_type": "none"
      }
    },
    {
      "type": "Feature",
      "geometry": {
        "type": "Point",
        "coordinates": [
          80.18712,
          8.34424
        ]
      },
      "properties": {
        "classification": "unclassified",
        "rule_class": "unclassified",
        "ml_class": "unclassified",
        "confidence": 0.3,
        "frp": 6.2,
        "bright_ti4": 332.68,
        "acq_date": "2026-09-01",
        "daynight": "D",
        "instrument": "VIIRS",
        "cluster_id": 25,
        "nearest_site_type": "industrial_zone"
      }
    },
    {
      "type": "Feature",
      "geometry": {
        "type": "Point",
        "coordinates": [
          80.19014,
          8.349
        ]
      },
      "properties": {
        "classification": "unclassified",
        "rule_class": "unclassified",
        "ml_class": "unclassified",
        "confidence": 0.3,
        "frp": 4.48,
        "bright_ti4": 331.08,
        "acq_date": "2026-09-01",
        "daynight": "D",
        "instrument": "VIIRS",
        "cluster_id": 25,
        "nearest_site_type": "industrial_zone"
      }
    },
    {
      "type": "Feature",
      "geometry": {
        "type": "Point",
        "coordinates": [
          80.28069,
          8.35582
        ]
      },
      "properties": {
        "classification": "unclassified",
        "rule_class": "unclassified",
        "ml_class": "unclassified",
        "confidence": 0.5,
        "frp": 3.73,
        "bright_ti4": 331.43,
        "acq_date": "2026-09-01",
        "daynight": "D",
        "instrument": "VIIRS",
        "cluster_id": -1,
        "nearest_site_type": "none"
      }
    },
    {
      "type": "Feature",
      "geometry": {
        "type": "Point",
        "coordinates": [
          80.27928,
          8.36403
        ]
      },
      "properties": {
        "classification": "unclassified",
        "rule_class": "unclassified",
        "ml_class": "unclassified",
        "confidence": 0.5,
        "frp": 6.03,
        "bright_ti4": 346.99,
        "acq_date": "2026-09-01",
        "daynight": "D",
        "instrument": "VIIRS",
        "cluster_id": -1,
        "nearest_site_type": "none"
      }
    },
    {
      "type": "Feature",
      "geometry": {
        "type": "Point",
        "coordinates": [
          81.04984,
          8.37648
        ]
      },
      "properties": {
        "classification": "unclassified",
        "rule_class": "unclassified",
        "ml_class": "unclassified",
        "confidence": 0.3,
        "frp": 12.25,
        "bright_ti4": 336.23,
        "acq_date": "2026-09-01",
        "daynight": "D",
        "instrument": "VIIRS",
        "cluster_id": 34,
        "nearest_site_type": "industrial_zone"
      }
    },
    {
      "type": "Feature",
      "geometry": {
        "type": "Point",
        "coordinates": [
          80.6104,
          8.37836
        ]
      },
      "properties": {
        "classification": "unclassified",
        "rule_class": "unclassified",
        "ml_class": "unclassified",
        "confidence": 0.5,
        "frp": 6.35,
        "bright_ti4": 344.11,
        "acq_date": "2026-09-01",
        "daynight": "D",
        "instrument": "VIIRS",
        "cluster_id": -1,
        "nearest_site_type": "none"
      }
    },
    {
      "type": "Feature",
      "geometry": {
        "type": "Point",
        "coordinates": [
          81.04854,
          8.38429
        ]
      },
      "properties": {
        "classification": "unclassified",
        "rule_class": "unclassified",
        "ml_class": "unclassified",
        "confidence": 0.3,
        "frp": 22.09,
        "bright_ti4": 349.85,
        "acq_date": "2026-09-01",
        "daynight": "D",
        "instrument": "VIIRS",
        "cluster_id": 34,
        "nearest_site_type": "industrial_zone"
      }
    },
    {
      "type": "Feature",
      "geometry": {
        "type": "Point",
        "coordinates": [
          80.25662,
          8.38557
        ]
      },
      "properties": {
        "classification": "unclassified",
        "rule_class": "unclassified",
        "ml_class": "unclassified",
        "confidence": 0.5,
        "frp": 10.02,
        "bright_ti4": 344.78,
        "acq_date": "2026-09-01",
        "daynight": "D",
        "instrument": "VIIRS",
        "cluster_id": -1,
        "nearest_site_type": "none"
      }
    },
    {
      "type": "Feature",
      "geometry": {
        "type": "Point",
        "coordinates": [
          81.16862,
          8.39226
        ]
      },
      "properties": {
        "classification": "unclassified",
        "rule_class": "unclassified",
        "ml_class": "unclassified",
        "confidence": 0.5,
        "frp": 5.92,
        "bright_ti4": 331.78,
        "acq_date": "2026-09-01",
        "daynight": "D",
        "instrument": "VIIRS",
        "cluster_id": -1,
        "nearest_site_type": "none"
      }
    },
    {
      "type": "Feature",
      "geometry": {
        "type": "Point",
        "coordinates": [
          80.63156,
          8.40258
        ]
      },
      "properties": {
        "classification": "unclassified",
        "rule_class": "unclassified",
        "ml_class": "unclassified",
        "confidence": 0.3,
        "frp": 8.98,
        "bright_ti4": 352.12,
        "acq_date": "2026-09-01",
        "daynight": "D",
        "instrument": "VIIRS",
        "cluster_id": 36,
        "nearest_site_type": "industrial_zone"
      }
    },
    {
      "type": "Feature",
      "geometry": {
        "type": "Point",
        "coordinates": [
          80.25681,
          8.40672
        ]
      },
      "properties": {
        "classification": "unclassified",
        "rule_class": "unclassified",
        "ml_class": "unclassified",
        "confidence": 0.3,
        "frp": 6.7,
        "bright_ti4": 337.52,
        "acq_date": "2026-09-01",
        "daynight": "D",
        "instrument": "VIIRS",
        "cluster_id": 35,
        "nearest_site_type": "industrial_zone"
      }
    },
    {
      "type": "Feature",
      "geometry": {
        "type": "Point",
        "coordinates": [
          80.26052,
          8.40733
        ]
      },
      "properties": {
        "classification": "unclassified",
        "rule_class": "unclassified",
        "ml_class": "unclassified",
        "confidence": 0.3,
        "frp": 3.39,
        "bright_ti4": 332.36,
        "acq_date": "2026-09-01",
        "daynight": "D",
        "instrument": "VIIRS",
        "cluster_id": 35,
        "nearest_site_type": "industrial_zone"
      }
    },
    {
      "type": "Feature",
      "geometry": {
        "type": "Point",
        "coordinates": [
          80.25612,
          8.41083
        ]
      },
      "properties": {
        "classification": "unclassified",
        "rule_class": "unclassified",
        "ml_class": "unclassified",
        "confidence": 0.3,
        "frp": 4.26,
        "bright_ti4": 338.4,
        "acq_date": "2026-09-01",
        "daynight": "D",
        "instrument": "VIIRS",
        "cluster_id": 35,
        "nearest_site_type": "industrial_zone"
      }
    },
    {
      "type": "Feature",
      "geometry": {
        "type": "Point",
        "coordinates": [
          80.62608,
          8.41403
        ]
      },
      "properties": {
        "classification": "unclassified",
        "rule_class": "unclassified",
        "ml_class": "unclassified",
        "confidence": 0.3,
        "frp": 6.92,
        "bright_ti4": 341.23,
        "acq_date": "2026-09-01",
        "daynight": "D",
        "instrument": "VIIRS",
        "cluster_id": 36,
        "nearest_site_type": "industrial_zone"
      }
    },
    {
      "type": "Feature",
      "geometry": {
        "type": "Point",
        "coordinates": [
          80.41689,
          8.41644
        ]
      },
      "properties": {
        "classification": "unclassified",
        "rule_class": "unclassified",
        "ml_class": "unclassified",
        "confidence": 0.5,
        "frp": 2.04,
        "bright_ti4": 331.79,
        "acq_date": "2026-09-01",
        "daynight": "D",
        "instrument": "VIIRS",
        "cluster_id": -1,
        "nearest_site_type": "none"
      }
    },
    {
      "type": "Feature",
      "geometry": {
        "type": "Point",
        "coordinates": [
          80.18941,
          8.41854
        ]
      },
      "properties": {
        "classification": "unclassified",
        "rule_class": "unclassified",
        "ml_class": "unclassified",
        "confidence": 0.5,
        "frp": 4.82,
        "bright_ti4": 334.78,
        "acq_date": "2026-09-01",
        "daynight": "D",
        "instrument": "VIIRS",
        "cluster_id": -1,
        "nearest_site_type": "none"
      }
    },
    {
      "type": "Feature",
      "geometry": {
        "type": "Point",
        "coordinates": [
          80.5847,
          8.42361
        ]
      },
      "properties": {
        "classification": "unclassified",
        "rule_class": "unclassified",
        "ml_class": "unclassified",
        "confidence": 0.5,
        "frp": 6.09,
        "bright_ti4": 331.75,
        "acq_date": "2026-09-01",
        "daynight": "D",
        "instrument": "VIIRS",
        "cluster_id": -1,
        "nearest_site_type": "none"
      }
    },
    {
      "type": "Feature",
      "geometry": {
        "type": "Point",
        "coordinates": [
          80.33877,
          8.43706
        ]
      },
      "properties": {
        "classification": "unclassified",
        "rule_class": "unclassified",
        "ml_class": "unclassified",
        "confidence": 0.5,
        "frp": 4.04,
        "bright_ti4": 330.46,
        "acq_date": "2026-09-01",
        "daynight": "D",
        "instrument": "VIIRS",
        "cluster_id": -1,
        "nearest_site_type": "none"
      }
    },
    {
      "type": "Feature",
      "geometry": {
        "type": "Point",
        "coordinates": [
          80.37093,
          8.44123
        ]
      },
      "properties": {
        "classification": "unclassified",
        "rule_class": "unclassified",
        "ml_class": "unclassified",
        "confidence": 0.5,
        "frp": 1.9,
        "bright_ti4": 334.63,
        "acq_date": "2026-09-01",
        "daynight": "D",
        "instrument": "VIIRS",
        "cluster_id": -1,
        "nearest_site_type": "none"
      }
    },
    {
      "type": "Feature",
      "geometry": {
        "type": "Point",
        "coordinates": [
          80.37146,
          8.44242
        ]
      },
      "properties": {
        "classification": "unclassified",
        "rule_class": "unclassified",
        "ml_class": "unclassified",
        "confidence": 0.5,
        "frp": 4.32,
        "bright_ti4": 337.13,
        "acq_date": "2026-09-01",
        "daynight": "D",
        "instrument": "VIIRS",
        "cluster_id": -1,
        "nearest_site_type": "none"
      }
    },
    {
      "type": "Feature",
      "geometry": {
        "type": "Point",
        "coordinates": [
          80.40157,
          8.45904
        ]
      },
      "properties": {
        "classification": "unclassified",
        "rule_class": "unclassified",
        "ml_class": "unclassified",
        "confidence": 0.3,
        "frp": 2.31,
        "bright_ti4": 331.54,
        "acq_date": "2026-09-01",
        "daynight": "D",
        "instrument": "VIIRS",
        "cluster_id": 37,
        "nearest_site_type": "industrial_zone"
      }
    },
    {
      "type": "Feature",
      "geometry": {
        "type": "Point",
        "coordinates": [
          80.4009,
          8.4631
        ]
      },
      "properties": {
        "classification": "unclassified",
        "rule_class": "unclassified",
        "ml_class": "unclassified",
        "confidence": 0.3,
        "frp": 2.31,
        "bright_ti4": 339.49,
        "acq_date": "2026-09-01",
        "daynight": "D",
        "instrument": "VIIRS",
        "cluster_id": 37,
        "nearest_site_type": "industrial_zone"
      }
    },
    {
      "type": "Feature",
      "geometry": {
        "type": "Point",
        "coordinates": [
          81.0887,
          8.46341
        ]
      },
      "properties": {
        "classification": "unclassified",
        "rule_class": "unclassified",
        "ml_class": "unclassified",
        "confidence": 0.5,
        "frp": 15.6,
        "bright_ti4": 337.52,
        "acq_date": "2026-09-01",
        "daynight": "D",
        "instrument": "VIIRS",
        "cluster_id": -1,
        "nearest_site_type": "none"
      }
    },
    {
      "type": "Feature",
      "geometry": {
        "type": "Point",
        "coordinates": [
          80.40453,
          8.46372
        ]
      },
      "properties": {
        "classification": "unclassified",
        "rule_class": "unclassified",
        "ml_class": "unclassified",
        "confidence": 0.3,
        "frp": 2.31,
        "bright_ti4": 338.04,
        "acq_date": "2026-09-01",
        "daynight": "D",
        "instrument": "VIIRS",
        "cluster_id": 37,
        "nearest_site_type": "industrial_zone"
      }
    },
    {
      "type": "Feature",
      "geometry": {
        "type": "Point",
        "coordinates": [
          80.40021,
          8.46717
        ]
      },
      "properties": {
        "classification": "unclassified",
        "rule_class": "unclassified",
        "ml_class": "unclassified",
        "confidence": 0.3,
        "frp": 2.9,
        "bright_ti4": 339.96,
        "acq_date": "2026-09-01",
        "daynight": "D",
        "instrument": "VIIRS",
        "cluster_id": 37,
        "nearest_site_type": "industrial_zone"
      }
    },
    {
      "type": "Feature",
      "geometry": {
        "type": "Point",
        "coordinates": [
          81.08805,
          8.4673
        ]
      },
      "properties": {
        "classification": "unclassified",
        "rule_class": "unclassified",
        "ml_class": "unclassified",
        "confidence": 0.5,
        "frp": 7.07,
        "bright_ti4": 337.73,
        "acq_date": "2026-09-01",
        "daynight": "D",
        "instrument": "VIIRS",
        "cluster_id": -1,
        "nearest_site_type": "none"
      }
    },
    {
      "type": "Feature",
      "geometry": {
        "type": "Point",
        "coordinates": [
          80.40383,
          8.46778
        ]
      },
      "properties": {
        "classification": "unclassified",
        "rule_class": "unclassified",
        "ml_class": "unclassified",
        "confidence": 0.3,
        "frp": 2.9,
        "bright_ti4": 341.57,
        "acq_date": "2026-09-01",
        "daynight": "D",
        "instrument": "VIIRS",
        "cluster_id": 37,
        "nearest_site_type": "industrial_zone"
      }
    },
    {
      "type": "Feature",
      "geometry": {
        "type": "Point",
        "coordinates": [
          80.72465,
          8.47152
        ]
      },
      "properties": {
        "classification": "unclassified",
        "rule_class": "unclassified",
        "ml_class": "unclassified",
        "confidence": 0.5,
        "frp": 11.25,
        "bright_ti4": 336.85,
        "acq_date": "2026-09-01",
        "daynight": "D",
        "instrument": "VIIRS",
        "cluster_id": -1,
        "nearest_site_type": "none"
      }
    },
    {
      "type": "Feature",
      "geometry": {
        "type": "Point",
        "coordinates": [
          80.82083,
          8.4955
        ]
      },
      "properties": {
        "classification": "unclassified",
        "rule_class": "unclassified",
        "ml_class": "unclassified",
        "confidence": 0.3,
        "frp": 16.97,
        "bright_ti4": 335.09,
        "acq_date": "2026-09-01",
        "daynight": "D",
        "instrument": "VIIRS",
        "cluster_id": 26,
        "nearest_site_type": "industrial_zone"
      }
    },
    {
      "type": "Feature",
      "geometry": {
        "type": "Point",
        "coordinates": [
          80.81506,
          8.49863
        ]
      },
      "properties": {
        "classification": "unclassified",
        "rule_class": "unclassified",
        "ml_class": "unclassified",
        "confidence": 0.3,
        "frp": 16.97,
        "bright_ti4": 333.72,
        "acq_date": "2026-09-01",
        "daynight": "D",
        "instrument": "VIIRS",
        "cluster_id": 26,
        "nearest_site_type": "industrial_zone"
      }
    },
    {
      "type": "Feature",
      "geometry": {
        "type": "Point",
        "coordinates": [
          80.82017,
          8.49946
        ]
      },
      "properties": {
        "classification": "unclassified",
        "rule_class": "unclassified",
        "ml_class": "unclassified",
        "confidence": 0.3,
        "frp": 16.97,
        "bright_ti4": 339.21,
        "acq_date": "2026-09-01",
        "daynight": "D",
        "instrument": "VIIRS",
        "cluster_id": 26,
        "nearest_site_type": "industrial_zone"
      }
    },
    {
      "type": "Feature",
      "geometry": {
        "type": "Point",
        "coordinates": [
          80.31347,
          8.51547
        ]
      },
      "properties": {
        "classification": "unclassified",
        "rule_class": "unclassified",
        "ml_class": "unclassified",
        "confidence": 0.5,
        "frp": 5.43,
        "bright_ti4": 343.83,
        "acq_date": "2026-09-01",
        "daynight": "D",
        "instrument": "VIIRS",
        "cluster_id": -1,
        "nearest_site_type": "none"
      }
    },
    {
      "type": "Feature",
      "geometry": {
        "type": "Point",
        "coordinates": [
          80.59698,
          8.51704
        ]
      },
      "properties": {
        "classification": "unclassified",
        "rule_class": "unclassified",
        "ml_class": "unclassified",
        "confidence": 0.5,
        "frp": 6.85,
        "bright_ti4": 352.54,
        "acq_date": "2026-09-01",
        "daynight": "D",
        "instrument": "VIIRS",
        "cluster_id": -1,
        "nearest_site_type": "none"
      }
    },
    {
      "type": "Feature",
      "geometry": {
        "type": "Point",
        "coordinates": [
          80.67673,
          8.51814
        ]
      },
      "properties": {
        "classification": "unclassified",
        "rule_class": "unclassified",
        "ml_class": "unclassified",
        "confidence": 0.5,
        "frp": 8.72,
        "bright_ti4": 338.07,
        "acq_date": "2026-09-01",
        "daynight": "D",
        "instrument": "VIIRS",
        "cluster_id": -1,
        "nearest_site_type": "none"
      }
    },
    {
      "type": "Feature",
      "geometry": {
        "type": "Point",
        "coordinates": [
          80.7773,
          8.51878
        ]
      },
      "properties": {
        "classification": "unclassified",
        "rule_class": "unclassified",
        "ml_class": "unclassified",
        "confidence": 0.5,
        "frp": 4.06,
        "bright_ti4": 342.57,
        "acq_date": "2026-09-01",
        "daynight": "D",
        "instrument": "VIIRS",
        "cluster_id": -1,
        "nearest_site_type": "none"
      }
    },
    {
      "type": "Feature",
      "geometry": {
        "type": "Point",
        "coordinates": [
          80.43941,
          8.51968
        ]
      },
      "properties": {
        "classification": "unclassified",
        "rule_class": "unclassified",
        "ml_class": "unclassified",
        "confidence": 0.5,
        "frp": 2.88,
        "bright_ti4": 331.47,
        "acq_date": "2026-09-01",
        "daynight": "D",
        "instrument": "VIIRS",
        "cluster_id": -1,
        "nearest_site_type": "none"
      }
    },
    {
      "type": "Feature",
      "geometry": {
        "type": "Point",
        "coordinates": [
          80.59629,
          8.52105
        ]
      },
      "properties": {
        "classification": "unclassified",
        "rule_class": "unclassified",
        "ml_class": "unclassified",
        "confidence": 0.5,
        "frp": 6.85,
        "bright_ti4": 352.43,
        "acq_date": "2026-09-01",
        "daynight": "D",
        "instrument": "VIIRS",
        "cluster_id": -1,
        "nearest_site_type": "none"
      }
    },
    {
      "type": "Feature",
      "geometry": {
        "type": "Point",
        "coordinates": [
          80.47535,
          8.52566
        ]
      },
      "properties": {
        "classification": "unclassified",
        "rule_class": "unclassified",
        "ml_class": "unclassified",
        "confidence": 0.5,
        "frp": 3.79,
        "bright_ti4": 347.97,
        "acq_date": "2026-09-01",
        "daynight": "D",
        "instrument": "VIIRS",
        "cluster_id": -1,
        "nearest_site_type": "none"
      }
    },
    {
      "type": "Feature",
      "geometry": {
        "type": "Point",
        "coordinates": [
          80.89381,
          8.52771
        ]
      },
      "properties": {
        "classification": "unclassified",
        "rule_class": "unclassified",
        "ml_class": "unclassified",
        "confidence": 0.5,
        "frp": 6.84,
        "bright_ti4": 335.66,
        "acq_date": "2026-09-01",
        "daynight": "D",
        "instrument": "VIIRS",
        "cluster_id": -1,
        "nearest_site_type": "none"
      }
    },
    {
      "type": "Feature",
      "geometry": {
        "type": "Point",
        "coordinates": [
          80.51318,
          8.54025
        ]
      },
      "properties": {
        "classification": "unclassified",
        "rule_class": "unclassified",
        "ml_class": "unclassified",
        "confidence": 0.5,
        "frp": 9.03,
        "bright_ti4": 345.63,
        "acq_date": "2026-09-01",
        "daynight": "D",
        "instrument": "VIIRS",
        "cluster_id": -1,
        "nearest_site_type": "none"
      }
    },
    {
      "type": "Feature",
      "geometry": {
        "type": "Point",
        "coordinates": [
          80.68247,
          8.54781
        ]
      },
      "properties": {
        "classification": "unclassified",
        "rule_class": "unclassified",
        "ml_class": "unclassified",
        "confidence": 0.5,
        "frp": 8.51,
        "bright_ti4": 340.66,
        "acq_date": "2026-09-01",
        "daynight": "D",
        "instrument": "VIIRS",
        "cluster_id": -1,
        "nearest_site_type": "none"
      }
    },
    {
      "type": "Feature",
      "geometry": {
        "type": "Point",
        "coordinates": [
          80.50555,
          8.56386
        ]
      },
      "properties": {
        "classification": "unclassified",
        "rule_class": "unclassified",
        "ml_class": "unclassified",
        "confidence": 0.5,
        "frp": 3.19,
        "bright_ti4": 335.67,
        "acq_date": "2026-09-01",
        "daynight": "D",
        "instrument": "VIIRS",
        "cluster_id": -1,
        "nearest_site_type": "none"
      }
    },
    {
      "type": "Feature",
      "geometry": {
        "type": "Point",
        "coordinates": [
          80.72697,
          8.56749
        ]
      },
      "properties": {
        "classification": "unclassified",
        "rule_class": "unclassified",
        "ml_class": "unclassified",
        "confidence": 0.3,
        "frp": 6.93,
        "bright_ti4": 337.61,
        "acq_date": "2026-09-01",
        "daynight": "D",
        "instrument": "VIIRS",
        "cluster_id": 27,
        "nearest_site_type": "industrial_zone"
      }
    },
    {
      "type": "Feature",
      "geometry": {
        "type": "Point",
        "coordinates": [
          80.50488,
          8.56789
        ]
      },
      "properties": {
        "classification": "unclassified",
        "rule_class": "unclassified",
        "ml_class": "unclassified",
        "confidence": 0.5,
        "frp": 2.13,
        "bright_ti4": 340.09,
        "acq_date": "2026-09-01",
        "daynight": "D",
        "instrument": "VIIRS",
        "cluster_id": -1,
        "nearest_site_type": "none"
      }
    },
    {
      "type": "Feature",
      "geometry": {
        "type": "Point",
        "coordinates": [
          80.48644,
          8.56902
        ]
      },
      "properties": {
        "classification": "unclassified",
        "rule_class": "unclassified",
        "ml_class": "unclassified",
        "confidence": 0.5,
        "frp": 4.42,
        "bright_ti4": 333.01,
        "acq_date": "2026-09-01",
        "daynight": "D",
        "instrument": "VIIRS",
        "cluster_id": -1,
        "nearest_site_type": "none"
      }
    },
    {
      "type": "Feature",
      "geometry": {
        "type": "Point",
        "coordinates": [
          80.76366,
          8.5695
        ]
      },
      "properties": {
        "classification": "unclassified",
        "rule_class": "unclassified",
        "ml_class": "unclassified",
        "confidence": 0.5,
        "frp": 9.39,
        "bright_ti4": 338.63,
        "acq_date": "2026-09-01",
        "daynight": "D",
        "instrument": "VIIRS",
        "cluster_id": -1,
        "nearest_site_type": "none"
      }
    },
    {
      "type": "Feature",
      "geometry": {
        "type": "Point",
        "coordinates": [
          80.7263,
          8.57147
        ]
      },
      "properties": {
        "classification": "unclassified",
        "rule_class": "unclassified",
        "ml_class": "unclassified",
        "confidence": 0.3,
        "frp": 4.61,
        "bright_ti4": 333.54,
        "acq_date": "2026-09-01",
        "daynight": "D",
        "instrument": "VIIRS",
        "cluster_id": 27,
        "nearest_site_type": "industrial_zone"
      }
    },
    {
      "type": "Feature",
      "geometry": {
        "type": "Point",
        "coordinates": [
          80.5876,
          8.57321
        ]
      },
      "properties": {
        "classification": "unclassified",
        "rule_class": "unclassified",
        "ml_class": "unclassified",
        "confidence": 0.3,
        "frp": 4.19,
        "bright_ti4": 332.23,
        "acq_date": "2026-09-01",
        "daynight": "D",
        "instrument": "VIIRS",
        "cluster_id": 38,
        "nearest_site_type": "industrial_zone"
      }
    },
    {
      "type": "Feature",
      "geometry": {
        "type": "Point",
        "coordinates": [
          80.66736,
          8.574
        ]
      },
      "properties": {
        "classification": "unclassified",
        "rule_class": "unclassified",
        "ml_class": "unclassified",
        "confidence": 0.5,
        "frp": 36.79,
        "bright_ti4": 342.42,
        "acq_date": "2026-09-01",
        "daynight": "D",
        "instrument": "VIIRS",
        "cluster_id": -1,
        "nearest_site_type": "none"
      }
    },
    {
      "type": "Feature",
      "geometry": {
        "type": "Point",
        "coordinates": [
          80.4455,
          8.57504
        ]
      },
      "properties": {
        "classification": "unclassified",
        "rule_class": "unclassified",
        "ml_class": "unclassified",
        "confidence": 0.5,
        "frp": 4.18,
        "bright_ti4": 345.29,
        "acq_date": "2026-09-01",
        "daynight": "D",
        "instrument": "VIIRS",
        "cluster_id": -1,
        "nearest_site_type": "none"
      }
    },
    {
      "type": "Feature",
      "geometry": {
        "type": "Point",
        "coordinates": [
          80.58342,
          8.57664
        ]
      },
      "properties": {
        "classification": "unclassified",
        "rule_class": "unclassified",
        "ml_class": "unclassified",
        "confidence": 0.3,
        "frp": 6.1,
        "bright_ti4": 331.51,
        "acq_date": "2026-09-01",
        "daynight": "D",
        "instrument": "VIIRS",
        "cluster_id": 38,
        "nearest_site_type": "industrial_zone"
      }
    },
    {
      "type": "Feature",
      "geometry": {
        "type": "Point",
        "coordinates": [
          80.58692,
          8.57722
        ]
      },
      "properties": {
        "classification": "unclassified",
        "rule_class": "unclassified",
        "ml_class": "unclassified",
        "confidence": 0.3,
        "frp": 4.19,
        "bright_ti4": 344.12,
        "acq_date": "2026-09-01",
        "daynight": "D",
        "instrument": "VIIRS",
        "cluster_id": 38,
        "nearest_site_type": "industrial_zone"
      }
    },
    {
      "type": "Feature",
      "geometry": {
        "type": "Point",
        "coordinates": [
          80.77507,
          8.59583
        ]
      },
      "properties": {
        "classification": "unclassified",
        "rule_class": "unclassified",
        "ml_class": "unclassified",
        "confidence": 0.5,
        "frp": 6.36,
        "bright_ti4": 336.18,
        "acq_date": "2026-09-01",
        "daynight": "D",
        "instrument": "VIIRS",
        "cluster_id": -1,
        "nearest_site_type": "none"
      }
    },
    {
      "type": "Feature",
      "geometry": {
        "type": "Point",
        "coordinates": [
          80.79054,
          8.59837
        ]
      },
      "properties": {
        "classification": "unclassified",
        "rule_class": "unclassified",
        "ml_class": "unclassified",
        "confidence": 0.5,
        "frp": 5.22,
        "bright_ti4": 334.4,
        "acq_date": "2026-09-01",
        "daynight": "D",
        "instrument": "VIIRS",
        "cluster_id": -1,
        "nearest_site_type": "none"
      }
    },
    {
      "type": "Feature",
      "geometry": {
        "type": "Point",
        "coordinates": [
          80.91888,
          8.60734
        ]
      },
      "properties": {
        "classification": "unclassified",
        "rule_class": "unclassified",
        "ml_class": "unclassified",
        "confidence": 0.5,
        "frp": 7.46,
        "bright_ti4": 339.09,
        "acq_date": "2026-09-01",
        "daynight": "D",
        "instrument": "VIIRS",
        "cluster_id": -1,
        "nearest_site_type": "none"
      }
    },
    {
      "type": "Feature",
      "geometry": {
        "type": "Point",
        "coordinates": [
          80.85137,
          8.60837
        ]
      },
      "properties": {
        "classification": "unclassified",
        "rule_class": "unclassified",
        "ml_class": "unclassified",
        "confidence": 0.5,
        "frp": 11.2,
        "bright_ti4": 338.67,
        "acq_date": "2026-09-01",
        "daynight": "D",
        "instrument": "VIIRS",
        "cluster_id": -1,
        "nearest_site_type": "none"
      }
    },
    {
      "type": "Feature",
      "geometry": {
        "type": "Point",
        "coordinates": [
          80.64729,
          8.62578
        ]
      },
      "properties": {
        "classification": "unclassified",
        "rule_class": "unclassified",
        "ml_class": "unclassified",
        "confidence": 0.5,
        "frp": 9.51,
        "bright_ti4": 337.07,
        "acq_date": "2026-09-01",
        "daynight": "D",
        "instrument": "VIIRS",
        "cluster_id": -1,
        "nearest_site_type": "none"
      }
    },
    {
      "type": "Feature",
      "geometry": {
        "type": "Point",
        "coordinates": [
          80.82672,
          8.65193
        ]
      },
      "properties": {
        "classification": "unclassified",
        "rule_class": "unclassified",
        "ml_class": "unclassified",
        "confidence": 0.5,
        "frp": 8.57,
        "bright_ti4": 341.22,
        "acq_date": "2026-09-01",
        "daynight": "D",
        "instrument": "VIIRS",
        "cluster_id": -1,
        "nearest_site_type": "none"
      }
    },
    {
      "type": "Feature",
      "geometry": {
        "type": "Point",
        "coordinates": [
          80.69933,
          8.65909
        ]
      },
      "properties": {
        "classification": "unclassified",
        "rule_class": "unclassified",
        "ml_class": "unclassified",
        "confidence": 0.5,
        "frp": 4.65,
        "bright_ti4": 332.35,
        "acq_date": "2026-09-01",
        "daynight": "D",
        "instrument": "VIIRS",
        "cluster_id": -1,
        "nearest_site_type": "none"
      }
    },
    {
      "type": "Feature",
      "geometry": {
        "type": "Point",
        "coordinates": [
          80.72438,
          8.66735
        ]
      },
      "properties": {
        "classification": "unclassified",
        "rule_class": "unclassified",
        "ml_class": "unclassified",
        "confidence": 0.5,
        "frp": 7.16,
        "bright_ti4": 336.5,
        "acq_date": "2026-09-01",
        "daynight": "D",
        "instrument": "VIIRS",
        "cluster_id": -1,
        "nearest_site_type": "none"
      }
    },
    {
      "type": "Feature",
      "geometry": {
        "type": "Point",
        "coordinates": [
          80.90026,
          8.67641
        ]
      },
      "properties": {
        "classification": "unclassified",
        "rule_class": "unclassified",
        "ml_class": "unclassified",
        "confidence": 0.5,
        "frp": 7.77,
        "bright_ti4": 335.43,
        "acq_date": "2026-09-01",
        "daynight": "D",
        "instrument": "VIIRS",
        "cluster_id": -1,
        "nearest_site_type": "none"
      }
    },
    {
      "type": "Feature",
      "geometry": {
        "type": "Point",
        "coordinates": [
          80.87888,
          8.68091
        ]
      },
      "properties": {
        "classification": "unclassified",
        "rule_class": "unclassified",
        "ml_class": "unclassified",
        "confidence": 0.3,
        "frp": 7.56,
        "bright_ti4": 334.14,
        "acq_date": "2026-09-01",
        "daynight": "D",
        "instrument": "VIIRS",
        "cluster_id": 39,
        "nearest_site_type": "industrial_zone"
      }
    },
    {
      "type": "Feature",
      "geometry": {
        "type": "Point",
        "coordinates": [
          81.02161,
          8.68468
        ]
      },
      "properties": {
        "classification": "unclassified",
        "rule_class": "unclassified",
        "ml_class": "unclassified",
        "confidence": 0.5,
        "frp": 22.07,
        "bright_ti4": 349.12,
        "acq_date": "2026-09-01",
        "daynight": "D",
        "instrument": "VIIRS",
        "cluster_id": -1,
        "nearest_site_type": "none"
      }
    },
    {
      "type": "Feature",
      "geometry": {
        "type": "Point",
        "coordinates": [
          80.88323,
          8.68568
        ]
      },
      "properties": {
        "classification": "unclassified",
        "rule_class": "unclassified",
        "ml_class": "unclassified",
        "confidence": 0.3,
        "frp": 9.97,
        "bright_ti4": 333.31,
        "acq_date": "2026-09-01",
        "daynight": "D",
        "instrument": "VIIRS",
        "cluster_id": 39,
        "nearest_site_type": "industrial_zone"
      }
    },
    {
      "type": "Feature",
      "geometry": {
        "type": "Point",
        "coordinates": [
          81.01603,
          8.68774
        ]
      },
      "properties": {
        "classification": "unclassified",
        "rule_class": "unclassified",
        "ml_class": "unclassified",
        "confidence": 0.5,
        "frp": 4.45,
        "bright_ti4": 332.11,
        "acq_date": "2026-09-01",
        "daynight": "D",
        "instrument": "VIIRS",
        "cluster_id": -1,
        "nearest_site_type": "none"
      }
    },
    {
      "type": "Feature",
      "geometry": {
        "type": "Point",
        "coordinates": [
          78.05309,
          8.69272
        ]
      },
      "properties": {
        "classification": "unclassified",
        "rule_class": "unclassified",
        "ml_class": "unclassified",
        "confidence": 0.3,
        "frp": 4.6,
        "bright_ti4": 339.6,
        "acq_date": "2026-09-01",
        "daynight": "D",
        "instrument": "VIIRS",
        "cluster_id": 40,
        "nearest_site_type": "industrial_zone"
      }
    },
    {
      "type": "Feature",
      "geometry": {
        "type": "Point",
        "coordinates": [
          78.05519,
          8.69322
        ]
      },
      "properties": {
        "classification": "unclassified",
        "rule_class": "unclassified",
        "ml_class": "unclassified",
        "confidence": 0.3,
        "frp": 6.31,
        "bright_ti4": 347.78,
        "acq_date": "2026-09-01",
        "daynight": "D",
        "instrument": "VIIRS",
        "cluster_id": 40,
        "nearest_site_type": "industrial_zone"
      }
    },
    {
      "type": "Feature",
      "geometry": {
        "type": "Point",
        "coordinates": [
          78.05819,
          8.69359
        ]
      },
      "properties": {
        "classification": "unclassified",
        "rule_class": "unclassified",
        "ml_class": "unclassified",
        "confidence": 0.3,
        "frp": 4.74,
        "bright_ti4": 331.91,
        "acq_date": "2026-09-01",
        "daynight": "D",
        "instrument": "VIIRS",
        "cluster_id": 40,
        "nearest_site_type": "industrial_zone"
      }
    },
    {
      "type": "Feature",
      "geometry": {
        "type": "Point",
        "coordinates": [
          80.87553,
          8.70056
        ]
      },
      "properties": {
        "classification": "unclassified",
        "rule_class": "unclassified",
        "ml_class": "unclassified",
        "confidence": 0.3,
        "frp": 13.58,
        "bright_ti4": 331.19,
        "acq_date": "2026-09-01",
        "daynight": "D",
        "instrument": "VIIRS",
        "cluster_id": 39,
        "nearest_site_type": "industrial_zone"
      }
    },
    {
      "type": "Feature",
      "geometry": {
        "type": "Point",
        "coordinates": [
          80.18766,
          8.74317
        ]
      },
      "properties": {
        "classification": "unclassified",
        "rule_class": "unclassified",
        "ml_class": "unclassified",
        "confidence": 0.5,
        "frp": 5.11,
        "bright_ti4": 343.55,
        "acq_date": "2026-09-01",
        "daynight": "D",
        "instrument": "VIIRS",
        "cluster_id": -1,
        "nearest_site_type": "none"
      }
    },
    {
      "type": "Feature",
      "geometry": {
        "type": "Point",
        "coordinates": [
          80.87281,
          8.86808
        ]
      },
      "properties": {
        "classification": "unclassified",
        "rule_class": "unclassified",
        "ml_class": "unclassified",
        "confidence": 0.5,
        "frp": 5.24,
        "bright_ti4": 330.89,
        "acq_date": "2026-09-01",
        "daynight": "D",
        "instrument": "VIIRS",
        "cluster_id": -1,
        "nearest_site_type": "none"
      }
    },
    {
      "type": "Feature",
      "geometry": {
        "type": "Point",
        "coordinates": [
          80.42211,
          8.89549
        ]
      },
      "properties": {
        "classification": "unclassified",
        "rule_class": "unclassified",
        "ml_class": "unclassified",
        "confidence": 0.3,
        "frp": 12.27,
        "bright_ti4": 338.63,
        "acq_date": "2026-09-01",
        "daynight": "D",
        "instrument": "VIIRS",
        "cluster_id": 28,
        "nearest_site_type": "industrial_zone"
      }
    },
    {
      "type": "Feature",
      "geometry": {
        "type": "Point",
        "coordinates": [
          80.42565,
          8.8961
        ]
      },
      "properties": {
        "classification": "unclassified",
        "rule_class": "unclassified",
        "ml_class": "unclassified",
        "confidence": 0.3,
        "frp": 12.27,
        "bright_ti4": 343.18,
        "acq_date": "2026-09-01",
        "daynight": "D",
        "instrument": "VIIRS",
        "cluster_id": 28,
        "nearest_site_type": "industrial_zone"
      }
    },
    {
      "type": "Feature",
      "geometry": {
        "type": "Point",
        "coordinates": [
          80.4194,
          8.91162
        ]
      },
      "properties": {
        "classification": "unclassified",
        "rule_class": "unclassified",
        "ml_class": "unclassified",
        "confidence": 0.3,
        "frp": 5.7,
        "bright_ti4": 340.85,
        "acq_date": "2026-09-01",
        "daynight": "D",
        "instrument": "VIIRS",
        "cluster_id": 28,
        "nearest_site_type": "industrial_zone"
      }
    },
    {
      "type": "Feature",
      "geometry": {
        "type": "Point",
        "coordinates": [
          80.3924,
          8.9195
        ]
      },
      "properties": {
        "classification": "unclassified",
        "rule_class": "unclassified",
        "ml_class": "unclassified",
        "confidence": 0.5,
        "frp": 5.41,
        "bright_ti4": 332.26,
        "acq_date": "2026-09-01",
        "daynight": "D",
        "instrument": "VIIRS",
        "cluster_id": -1,
        "nearest_site_type": "none"
      }
    },
    {
      "type": "Feature",
      "geometry": {
        "type": "Point",
        "coordinates": [
          80.4216,
          8.92028
        ]
      },
      "properties": {
        "classification": "unclassified",
        "rule_class": "unclassified",
        "ml_class": "unclassified",
        "confidence": 0.3,
        "frp": 8.63,
        "bright_ti4": 332.13,
        "acq_date": "2026-09-01",
        "daynight": "D",
        "instrument": "VIIRS",
        "cluster_id": 28,
        "nearest_site_type": "industrial_zone"
      }
    },
    {
      "type": "Feature",
      "geometry": {
        "type": "Point",
        "coordinates": [
          80.38815,
          8.92294
        ]
      },
      "properties": {
        "classification": "unclassified",
        "rule_class": "unclassified",
        "ml_class": "unclassified",
        "confidence": 0.5,
        "frp": 11.59,
        "bright_ti4": 344.04,
        "acq_date": "2026-09-01",
        "daynight": "D",
        "instrument": "VIIRS",
        "cluster_id": -1,
        "nearest_site_type": "none"
      }
    },
    {
      "type": "Feature",
      "geometry": {
        "type": "Point",
        "coordinates": [
          80.16605,
          9.02756
        ]
      },
      "properties": {
        "classification": "unclassified",
        "rule_class": "unclassified",
        "ml_class": "unclassified",
        "confidence": 0.5,
        "frp": 2.26,
        "bright_ti4": 334.03,
        "acq_date": "2026-09-01",
        "daynight": "D",
        "instrument": "VIIRS",
        "cluster_id": -1,
        "nearest_site_type": "none"
      }
    },
    {
      "type": "Feature",
      "geometry": {
        "type": "Point",
        "coordinates": [
          80.16972,
          9.02817
        ]
      },
      "properties": {
        "classification": "unclassified",
        "rule_class": "unclassified",
        "ml_class": "unclassified",
        "confidence": 0.5,
        "frp": 2.67,
        "bright_ti4": 332.18,
        "acq_date": "2026-09-01",
        "daynight": "D",
        "instrument": "VIIRS",
        "cluster_id": -1,
        "nearest_site_type": "none"
      }
    },
    {
      "type": "Feature",
      "geometry": {
        "type": "Point",
        "coordinates": [
          80.14268,
          9.05315
        ]
      },
      "properties": {
        "classification": "unclassified",
        "rule_class": "unclassified",
        "ml_class": "unclassified",
        "confidence": 0.5,
        "frp": 6.08,
        "bright_ti4": 340.69,
        "acq_date": "2026-09-01",
        "daynight": "D",
        "instrument": "VIIRS",
        "cluster_id": -1,
        "nearest_site_type": "none"
      }
    },
    {
      "type": "Feature",
      "geometry": {
        "type": "Point",
        "coordinates": [
          80.14168,
          9.05558
        ]
      },
      "properties": {
        "classification": "unclassified",
        "rule_class": "unclassified",
        "ml_class": "unclassified",
        "confidence": 0.5,
        "frp": 4.72,
        "bright_ti4": 337.68,
        "acq_date": "2026-09-01",
        "daynight": "D",
        "instrument": "VIIRS",
        "cluster_id": -1,
        "nearest_site_type": "none"
      }
    },
    {
      "type": "Feature",
      "geometry": {
        "type": "Point",
        "coordinates": [
          79.74698,
          9.08676
        ]
      },
      "properties": {
        "classification": "unclassified",
        "rule_class": "unclassified",
        "ml_class": "unclassified",
        "confidence": 0.3,
        "frp": 2.14,
        "bright_ti4": 335.52,
        "acq_date": "2026-09-01",
        "daynight": "D",
        "instrument": "VIIRS",
        "cluster_id": 41,
        "nearest_site_type": "industrial_zone"
      }
    },
    {
      "type": "Feature",
      "geometry": {
        "type": "Point",
        "coordinates": [
          79.74696,
          9.08716
        ]
      },
      "properties": {
        "classification": "unclassified",
        "rule_class": "unclassified",
        "ml_class": "unclassified",
        "confidence": 0.3,
        "frp": 6.52,
        "bright_ti4": 339.59,
        "acq_date": "2026-09-01",
        "daynight": "D",
        "instrument": "VIIRS",
        "cluster_id": 41,
        "nearest_site_type": "industrial_zone"
      }
    },
    {
      "type": "Feature",
      "geometry": {
        "type": "Point",
        "coordinates": [
          79.75088,
          9.08741
        ]
      },
      "properties": {
        "classification": "unclassified",
        "rule_class": "unclassified",
        "ml_class": "unclassified",
        "confidence": 0.3,
        "frp": 2.14,
        "bright_ti4": 330.38,
        "acq_date": "2026-09-01",
        "daynight": "D",
        "instrument": "VIIRS",
        "cluster_id": 41,
        "nearest_site_type": "industrial_zone"
      }
    },
    {
      "type": "Feature",
      "geometry": {
        "type": "Point",
        "coordinates": [
          80.28739,
          9.10153
        ]
      },
      "properties": {
        "classification": "unclassified",
        "rule_class": "unclassified",
        "ml_class": "unclassified",
        "confidence": 0.5,
        "frp": 3.67,
        "bright_ti4": 338.19,
        "acq_date": "2026-09-01",
        "daynight": "D",
        "instrument": "VIIRS",
        "cluster_id": -1,
        "nearest_site_type": "none"
      }
    },
    {
      "type": "Feature",
      "geometry": {
        "type": "Point",
        "coordinates": [
          80.31257,
          9.10582
        ]
      },
      "properties": {
        "classification": "unclassified",
        "rule_class": "unclassified",
        "ml_class": "unclassified",
        "confidence": 0.5,
        "frp": 2.27,
        "bright_ti4": 333.64,
        "acq_date": "2026-09-01",
        "daynight": "D",
        "instrument": "VIIRS",
        "cluster_id": -1,
        "nearest_site_type": "none"
      }
    },
    {
      "type": "Feature",
      "geometry": {
        "type": "Point",
        "coordinates": [
          80.27811,
          9.11247
        ]
      },
      "properties": {
        "classification": "unclassified",
        "rule_class": "unclassified",
        "ml_class": "unclassified",
        "confidence": 0.5,
        "frp": 6.48,
        "bright_ti4": 336.96,
        "acq_date": "2026-09-01",
        "daynight": "D",
        "instrument": "VIIRS",
        "cluster_id": -1,
        "nearest_site_type": "none"
      }
    },
    {
      "type": "Feature",
      "geometry": {
        "type": "Point",
        "coordinates": [
          80.27779,
          9.24176
        ]
      },
      "properties": {
        "classification": "unclassified",
        "rule_class": "unclassified",
        "ml_class": "unclassified",
        "confidence": 0.5,
        "frp": 7.03,
        "bright_ti4": 338.33,
        "acq_date": "2026-09-01",
        "daynight": "D",
        "instrument": "VIIRS",
        "cluster_id": -1,
        "nearest_site_type": "none"
      }
    },
    {
      "type": "Feature",
      "geometry": {
        "type": "Point",
        "coordinates": [
          80.27505,
          9.25795
        ]
      },
      "properties": {
        "classification": "unclassified",
        "rule_class": "unclassified",
        "ml_class": "unclassified",
        "confidence": 0.5,
        "frp": 6.81,
        "bright_ti4": 330.46,
        "acq_date": "2026-09-01",
        "daynight": "D",
        "instrument": "VIIRS",
        "cluster_id": -1,
        "nearest_site_type": "none"
      }
    },
    {
      "type": "Feature",
      "geometry": {
        "type": "Point",
        "coordinates": [
          80.43707,
          9.39288
        ]
      },
      "properties": {
        "classification": "unclassified",
        "rule_class": "unclassified",
        "ml_class": "unclassified",
        "confidence": 0.3,
        "frp": 11.04,
        "bright_ti4": 367.0,
        "acq_date": "2026-09-01",
        "daynight": "D",
        "instrument": "VIIRS",
        "cluster_id": 14,
        "nearest_site_type": "industrial_zone"
      }
    },
    {
      "type": "Feature",
      "geometry": {
        "type": "Point",
        "coordinates": [
          80.44057,
          9.39346
        ]
      },
      "properties": {
        "classification": "unclassified",
        "rule_class": "unclassified",
        "ml_class": "unclassified",
        "confidence": 0.3,
        "frp": 11.04,
        "bright_ti4": 343.24,
        "acq_date": "2026-09-01",
        "daynight": "D",
        "instrument": "VIIRS",
        "cluster_id": 14,
        "nearest_site_type": "industrial_zone"
      }
    },
    {
      "type": "Feature",
      "geometry": {
        "type": "Point",
        "coordinates": [
          80.43639,
          9.39688
        ]
      },
      "properties": {
        "classification": "unclassified",
        "rule_class": "unclassified",
        "ml_class": "unclassified",
        "confidence": 0.3,
        "frp": 6.2,
        "bright_ti4": 348.3,
        "acq_date": "2026-09-01",
        "daynight": "D",
        "instrument": "VIIRS",
        "cluster_id": 14,
        "nearest_site_type": "industrial_zone"
      }
    },
    {
      "type": "Feature",
      "geometry": {
        "type": "Point",
        "coordinates": [
          80.44202,
          9.40603
        ]
      },
      "properties": {
        "classification": "unclassified",
        "rule_class": "unclassified",
        "ml_class": "unclassified",
        "confidence": 0.3,
        "frp": 1.33,
        "bright_ti4": 334.62,
        "acq_date": "2026-09-01",
        "daynight": "D",
        "instrument": "VIIRS",
        "cluster_id": 14,
        "nearest_site_type": "industrial_zone"
      }
    },
    {
      "type": "Feature",
      "geometry": {
        "type": "Point",
        "coordinates": [
          80.36134,
          9.41327
        ]
      },
      "properties": {
        "classification": "unclassified",
        "rule_class": "unclassified",
        "ml_class": "unclassified",
        "confidence": 0.5,
        "frp": 3.55,
        "bright_ti4": 342.93,
        "acq_date": "2026-09-01",
        "daynight": "D",
        "instrument": "VIIRS",
        "cluster_id": -1,
        "nearest_site_type": "none"
      }
    },
    {
      "type": "Feature",
      "geometry": {
        "type": "Point",
        "coordinates": [
          80.36042,
          9.41424
        ]
      },
      "properties": {
        "classification": "unclassified",
        "rule_class": "unclassified",
        "ml_class": "unclassified",
        "confidence": 0.5,
        "frp": 3.02,
        "bright_ti4": 332.41,
        "acq_date": "2026-09-01",
        "daynight": "D",
        "instrument": "VIIRS",
        "cluster_id": -1,
        "nearest_site_type": "none"
      }
    },
    {
      "type": "Feature",
      "geometry": {
        "type": "Point",
        "coordinates": [
          80.40079,
          9.41566
        ]
      },
      "properties": {
        "classification": "unclassified",
        "rule_class": "unclassified",
        "ml_class": "unclassified",
        "confidence": 0.3,
        "frp": 4.54,
        "bright_ti4": 347.73,
        "acq_date": "2026-09-01",
        "daynight": "D",
        "instrument": "VIIRS",
        "cluster_id": 15,
        "nearest_site_type": "industrial_zone"
      }
    },
    {
      "type": "Feature",
      "geometry": {
        "type": "Point",
        "coordinates": [
          80.39275,
          9.41568
        ]
      },
      "properties": {
        "classification": "unclassified",
        "rule_class": "unclassified",
        "ml_class": "unclassified",
        "confidence": 0.3,
        "frp": 1.94,
        "bright_ti4": 330.74,
        "acq_date": "2026-09-01",
        "daynight": "D",
        "instrument": "VIIRS",
        "cluster_id": 15,
        "nearest_site_type": "industrial_zone"
      }
    },
    {
      "type": "Feature",
      "geometry": {
        "type": "Point",
        "coordinates": [
          80.39626,
          9.41628
        ]
      },
      "properties": {
        "classification": "unclassified",
        "rule_class": "unclassified",
        "ml_class": "unclassified",
        "confidence": 0.3,
        "frp": 3.96,
        "bright_ti4": 342.87,
        "acq_date": "2026-09-01",
        "daynight": "D",
        "instrument": "VIIRS",
        "cluster_id": 15,
        "nearest_site_type": "industrial_zone"
      }
    },
    {
      "type": "Feature",
      "geometry": {
        "type": "Point",
        "coordinates": [
          80.39977,
          9.41689
        ]
      },
      "properties": {
        "classification": "unclassified",
        "rule_class": "unclassified",
        "ml_class": "unclassified",
        "confidence": 0.3,
        "frp": 3.96,
        "bright_ti4": 342.6,
        "acq_date": "2026-09-01",
        "daynight": "D",
        "instrument": "VIIRS",
        "cluster_id": 15,
        "nearest_site_type": "industrial_zone"
      }
    },
    {
      "type": "Feature",
      "geometry": {
        "type": "Point",
        "coordinates": [
          80.40327,
          9.41749
        ]
      },
      "properties": {
        "classification": "unclassified",
        "rule_class": "unclassified",
        "ml_class": "unclassified",
        "confidence": 0.3,
        "frp": 4.57,
        "bright_ti4": 338.11,
        "acq_date": "2026-09-01",
        "daynight": "D",
        "instrument": "VIIRS",
        "cluster_id": 15,
        "nearest_site_type": "industrial_zone"
      }
    },
    {
      "type": "Feature",
      "geometry": {
        "type": "Point",
        "coordinates": [
          80.39658,
          9.41908
        ]
      },
      "properties": {
        "classification": "unclassified",
        "rule_class": "unclassified",
        "ml_class": "unclassified",
        "confidence": 0.3,
        "frp": 4.54,
        "bright_ti4": 330.1,
        "acq_date": "2026-09-01",
        "daynight": "D",
        "instrument": "VIIRS",
        "cluster_id": 15,
        "nearest_site_type": "industrial_zone"
      }
    },
    {
      "type": "Feature",
      "geometry": {
        "type": "Point",
        "coordinates": [
          80.41061,
          9.42139
        ]
      },
      "properties": {
        "classification": "unclassified",
        "rule_class": "unclassified",
        "ml_class": "unclassified",
        "confidence": 0.3,
        "frp": 2.16,
        "bright_ti4": 337.98,
        "acq_date": "2026-09-01",
        "daynight": "D",
        "instrument": "VIIRS",
        "cluster_id": 15,
        "nearest_site_type": "industrial_zone"
      }
    },
    {
      "type": "Feature",
      "geometry": {
        "type": "Point",
        "coordinates": [
          80.41412,
          9.42197
        ]
      },
      "properties": {
        "classification": "unclassified",
        "rule_class": "unclassified",
        "ml_class": "unclassified",
        "confidence": 0.3,
        "frp": 2.16,
        "bright_ti4": 333.99,
        "acq_date": "2026-09-01",
        "daynight": "D",
        "instrument": "VIIRS",
        "cluster_id": 15,
        "nearest_site_type": "industrial_zone"
      }
    },
    {
      "type": "Feature",
      "geometry": {
        "type": "Point",
        "coordinates": [
          80.40959,
          9.4227
        ]
      },
      "properties": {
        "classification": "unclassified",
        "rule_class": "unclassified",
        "ml_class": "unclassified",
        "confidence": 0.3,
        "frp": 4.15,
        "bright_ti4": 343.88,
        "acq_date": "2026-09-01",
        "daynight": "D",
        "instrument": "VIIRS",
        "cluster_id": 15,
        "nearest_site_type": "industrial_zone"
      }
    },
    {
      "type": "Feature",
      "geometry": {
        "type": "Point",
        "coordinates": [
          80.41309,
          9.4233
        ]
      },
      "properties": {
        "classification": "unclassified",
        "rule_class": "unclassified",
        "ml_class": "unclassified",
        "confidence": 0.3,
        "frp": 4.15,
        "bright_ti4": 349.88,
        "acq_date": "2026-09-01",
        "daynight": "D",
        "instrument": "VIIRS",
        "cluster_id": 15,
        "nearest_site_type": "industrial_zone"
      }
    },
    {
      "type": "Feature",
      "geometry": {
        "type": "Point",
        "coordinates": [
          80.41241,
          9.4273
        ]
      },
      "properties": {
        "classification": "unclassified",
        "rule_class": "unclassified",
        "ml_class": "unclassified",
        "confidence": 0.3,
        "frp": 10.51,
        "bright_ti4": 367.0,
        "acq_date": "2026-09-01",
        "daynight": "D",
        "instrument": "VIIRS",
        "cluster_id": 15,
        "nearest_site_type": "industrial_zone"
      }
    },
    {
      "type": "Feature",
      "geometry": {
        "type": "Point",
        "coordinates": [
          80.39423,
          9.4283
        ]
      },
      "properties": {
        "classification": "unclassified",
        "rule_class": "unclassified",
        "ml_class": "unclassified",
        "confidence": 0.3,
        "frp": 2.36,
        "bright_ti4": 333.51,
        "acq_date": "2026-09-01",
        "daynight": "D",
        "instrument": "VIIRS",
        "cluster_id": 15,
        "nearest_site_type": "industrial_zone"
      }
    },
    {
      "type": "Feature",
      "geometry": {
        "type": "Point",
        "coordinates": [
          80.39148,
          9.44431
        ]
      },
      "properties": {
        "classification": "unclassified",
        "rule_class": "unclassified",
        "ml_class": "unclassified",
        "confidence": 0.3,
        "frp": 3.35,
        "bright_ti4": 340.36,
        "acq_date": "2026-09-01",
        "daynight": "D",
        "instrument": "VIIRS",
        "cluster_id": 15,
        "nearest_site_type": "industrial_zone"
      }
    },
    {
      "type": "Feature",
      "geometry": {
        "type": "Point",
        "coordinates": [
          80.38695,
          9.53506
        ]
      },
      "properties": {
        "classification": "unclassified",
        "rule_class": "unclassified",
        "ml_class": "unclassified",
        "confidence": 0.5,
        "frp": 25.84,
        "bright_ti4": 342.55,
        "acq_date": "2026-09-01",
        "daynight": "D",
        "instrument": "VIIRS",
        "cluster_id": -1,
        "nearest_site_type": "none"
      }
    },
    {
      "type": "Feature",
      "geometry": {
        "type": "Point",
        "coordinates": [
          78.58523,
          9.57735
        ]
      },
      "properties": {
        "classification": "unclassified",
        "rule_class": "unclassified",
        "ml_class": "unclassified",
        "confidence": 0.5,
        "frp": 8.92,
        "bright_ti4": 342.46,
        "acq_date": "2026-09-01",
        "daynight": "D",
        "instrument": "VIIRS",
        "cluster_id": -1,
        "nearest_site_type": "none"
      }
    },
    {
      "type": "Feature",
      "geometry": {
        "type": "Point",
        "coordinates": [
          79.98938,
          9.60892
        ]
      },
      "properties": {
        "classification": "unclassified",
        "rule_class": "unclassified",
        "ml_class": "unclassified",
        "confidence": 0.5,
        "frp": 4.83,
        "bright_ti4": 345.28,
        "acq_date": "2026-09-01",
        "daynight": "D",
        "instrument": "VIIRS",
        "cluster_id": -1,
        "nearest_site_type": "none"
      }
    },
    {
      "type": "Feature",
      "geometry": {
        "type": "Point",
        "coordinates": [
          80.21948,
          9.63981
        ]
      },
      "properties": {
        "classification": "unclassified",
        "rule_class": "unclassified",
        "ml_class": "unclassified",
        "confidence": 0.5,
        "frp": 2.34,
        "bright_ti4": 335.9,
        "acq_date": "2026-09-01",
        "daynight": "D",
        "instrument": "VIIRS",
        "cluster_id": -1,
        "nearest_site_type": "none"
      }
    },
    {
      "type": "Feature",
      "geometry": {
        "type": "Point",
        "coordinates": [
          80.3102,
          9.64288
        ]
      },
      "properties": {
        "classification": "unclassified",
        "rule_class": "unclassified",
        "ml_class": "unclassified",
        "confidence": 0.5,
        "frp": 4.14,
        "bright_ti4": 333.48,
        "acq_date": "2026-09-01",
        "daynight": "D",
        "instrument": "VIIRS",
        "cluster_id": -1,
        "nearest_site_type": "none"
      }
    },
    {
      "type": "Feature",
      "geometry": {
        "type": "Point",
        "coordinates": [
          79.86526,
          9.6828
        ]
      },
      "properties": {
        "classification": "unclassified",
        "rule_class": "unclassified",
        "ml_class": "unclassified",
        "confidence": 0.5,
        "frp": 2.81,
        "bright_ti4": 331.06,
        "acq_date": "2026-09-01",
        "daynight": "D",
        "instrument": "VIIRS",
        "cluster_id": -1,
        "nearest_site_type": "none"
      }
    },
    {
      "type": "Feature",
      "geometry": {
        "type": "Point",
        "coordinates": [
          78.21916,
          9.77143
        ]
      },
      "properties": {
        "classification": "unclassified",
        "rule_class": "unclassified",
        "ml_class": "unclassified",
        "confidence": 0.5,
        "frp": 3.49,
        "bright_ti4": 333.13,
        "acq_date": "2026-09-01",
        "daynight": "D",
        "instrument": "VIIRS",
        "cluster_id": -1,
        "nearest_site_type": "none"
      }
    },
    {
      "type": "Feature",
      "geometry": {
        "type": "Point",
        "coordinates": [
          78.22701,
          9.8107
        ]
      },
      "properties": {
        "classification": "unclassified",
        "rule_class": "unclassified",
        "ml_class": "unclassified",
        "confidence": 0.5,
        "frp": 3.51,
        "bright_ti4": 330.36,
        "acq_date": "2026-09-01",
        "daynight": "D",
        "instrument": "VIIRS",
        "cluster_id": -1,
        "nearest_site_type": "none"
      }
    },
    {
      "type": "Feature",
      "geometry": {
        "type": "Point",
        "coordinates": [
          77.88288,
          9.95757
        ]
      },
      "properties": {
        "classification": "unclassified",
        "rule_class": "unclassified",
        "ml_class": "unclassified",
        "confidence": 0.3,
        "frp": 8.44,
        "bright_ti4": 336.99,
        "acq_date": "2026-09-01",
        "daynight": "D",
        "instrument": "VIIRS",
        "cluster_id": 42,
        "nearest_site_type": "industrial_zone"
      }
    },
    {
      "type": "Feature",
      "geometry": {
        "type": "Point",
        "coordinates": [
          77.88472,
          9.95914
        ]
      },
      "properties": {
        "classification": "unclassified",
        "rule_class": "unclassified",
        "ml_class": "unclassified",
        "confidence": 0.3,
        "frp": 11.36,
        "bright_ti4": 337.66,
        "acq_date": "2026-09-01",
        "daynight": "D",
        "instrument": "VIIRS",
        "cluster_id": 42,
        "nearest_site_type": "industrial_zone"
      }
    },
    {
      "type": "Feature",
      "geometry": {
        "type": "Point",
        "coordinates": [
          77.89884,
          9.96654
        ]
      },
      "properties": {
        "classification": "unclassified",
        "rule_class": "unclassified",
        "ml_class": "unclassified",
        "confidence": 0.3,
        "frp": 6.17,
        "bright_ti4": 339.99,
        "acq_date": "2026-09-01",
        "daynight": "D",
        "instrument": "VIIRS",
        "cluster_id": 42,
        "nearest_site_type": "industrial_zone"
      }
    },
    {
      "type": "Feature",
      "geometry": {
        "type": "Point",
        "coordinates": [
          77.89621,
          9.96955
        ]
      },
      "properties": {
        "classification": "unclassified",
        "rule_class": "unclassified",
        "ml_class": "unclassified",
        "confidence": 0.3,
        "frp": 13.59,
        "bright_ti4": 343.87,
        "acq_date": "2026-09-01",
        "daynight": "D",
        "instrument": "VIIRS",
        "cluster_id": 42,
        "nearest_site_type": "industrial_zone"
      }
    },
    {
      "type": "Feature",
      "geometry": {
        "type": "Point",
        "coordinates": [
          77.51824,
          9.99659
        ]
      },
      "properties": {
        "classification": "unclassified",
        "rule_class": "unclassified",
        "ml_class": "unclassified",
        "confidence": 0.5,
        "frp": 3.0,
        "bright_ti4": 343.88,
        "acq_date": "2026-09-01",
        "daynight": "D",
        "instrument": "VIIRS",
        "cluster_id": -1,
        "nearest_site_type": "none"
      }
    },
    {
      "type": "Feature",
      "geometry": {
        "type": "Point",
        "coordinates": [
          77.52258,
          9.99667
        ]
      },
      "properties": {
        "classification": "unclassified",
        "rule_class": "unclassified",
        "ml_class": "unclassified",
        "confidence": 0.5,
        "frp": 8.15,
        "bright_ti4": 334.74,
        "acq_date": "2026-09-01",
        "daynight": "D",
        "instrument": "VIIRS",
        "cluster_id": -1,
        "nearest_site_type": "none"
      }
    },
    {
      "type": "Feature",
      "geometry": {
        "type": "Point",
        "coordinates": [
          78.08784,
          10.015
        ]
      },
      "properties": {
        "classification": "unclassified",
        "rule_class": "unclassified",
        "ml_class": "unclassified",
        "confidence": 0.5,
        "frp": 8.15,
        "bright_ti4": 345.21,
        "acq_date": "2026-09-01",
        "daynight": "D",
        "instrument": "VIIRS",
        "cluster_id": -1,
        "nearest_site_type": "none"
      }
    },
    {
      "type": "Feature",
      "geometry": {
        "type": "Point",
        "coordinates": [
          79.27933,
          10.38719
        ]
      },
      "properties": {
        "classification": "unclassified",
        "rule_class": "unclassified",
        "ml_class": "unclassified",
        "confidence": 0.5,
        "frp": 11.34,
        "bright_ti4": 343.55,
        "acq_date": "2026-09-01",
        "daynight": "D",
        "instrument": "VIIRS",
        "cluster_id": -1,
        "nearest_site_type": "none"
      }
    },
    {
      "type": "Feature",
      "geometry": {
        "type": "Point",
        "coordinates": [
          78.80642,
          10.44507
        ]
      },
      "properties": {
        "classification": "unclassified",
        "rule_class": "unclassified",
        "ml_class": "unclassified",
        "confidence": 0.5,
        "frp": 3.98,
        "bright_ti4": 332.13,
        "acq_date": "2026-09-01",
        "daynight": "D",
        "instrument": "VIIRS",
        "cluster_id": -1,
        "nearest_site_type": "none"
      }
    },
    {
      "type": "Feature",
      "geometry": {
        "type": "Point",
        "coordinates": [
          78.8073,
          10.44559
        ]
      },
      "properties": {
        "classification": "unclassified",
        "rule_class": "unclassified",
        "ml_class": "unclassified",
        "confidence": 0.5,
        "frp": 5.72,
        "bright_ti4": 332.18,
        "acq_date": "2026-09-01",
        "daynight": "D",
        "instrument": "VIIRS",
        "cluster_id": -1,
        "nearest_site_type": "none"
      }
    },
    {
      "type": "Feature",
      "geometry": {
        "type": "Point",
        "coordinates": [
          78.80834,
          10.67588
        ]
      },
      "properties": {
        "classification": "unclassified",
        "rule_class": "unclassified",
        "ml_class": "unclassified",
        "confidence": 0.5,
        "frp": 4.1,
        "bright_ti4": 334.64,
        "acq_date": "2026-09-01",
        "daynight": "D",
        "instrument": "VIIRS",
        "cluster_id": -1,
        "nearest_site_type": "none"
      }
    },
    {
      "type": "Feature",
      "geometry": {
        "type": "Point",
        "coordinates": [
          78.83463,
          10.74769
        ]
      },
      "properties": {
        "classification": "unclassified",
        "rule_class": "unclassified",
        "ml_class": "unclassified",
        "confidence": 0.5,
        "frp": 6.13,
        "bright_ti4": 344.12,
        "acq_date": "2026-09-01",
        "daynight": "D",
        "instrument": "VIIRS",
        "cluster_id": -1,
        "nearest_site_type": "none"
      }
    },
    {
      "type": "Feature",
      "geometry": {
        "type": "Point",
        "coordinates": [
          78.65028,
          10.77378
        ]
      },
      "properties": {
        "classification": "unclassified",
        "rule_class": "unclassified",
        "ml_class": "unclassified",
        "confidence": 0.5,
        "frp": 5.62,
        "bright_ti4": 335.4,
        "acq_date": "2026-09-01",
        "daynight": "D",
        "instrument": "VIIRS",
        "cluster_id": -1,
        "nearest_site_type": "none"
      }
    },
    {
      "type": "Feature",
      "geometry": {
        "type": "Point",
        "coordinates": [
          79.81236,
          10.86091
        ]
      },
      "properties": {
        "classification": "unclassified",
        "rule_class": "unclassified",
        "ml_class": "unclassified",
        "confidence": 0.5,
        "frp": 0.93,
        "bright_ti4": 332.03,
        "acq_date": "2026-09-01",
        "daynight": "D",
        "instrument": "VIIRS",
        "cluster_id": -1,
        "nearest_site_type": "none"
      }
    },
    {
      "type": "Feature",
      "geometry": {
        "type": "Point",
        "coordinates": [
          77.43622,
          11.00781
        ]
      },
      "properties": {
        "classification": "unclassified",
        "rule_class": "unclassified",
        "ml_class": "unclassified",
        "confidence": 0.5,
        "frp": 7.15,
        "bright_ti4": 332.41,
        "acq_date": "2026-09-01",
        "daynight": "D",
        "instrument": "VIIRS",
        "cluster_id": -1,
        "nearest_site_type": "none"
      }
    },
    {
      "type": "Feature",
      "geometry": {
        "type": "Point",
        "coordinates": [
          79.41254,
          11.01218
        ]
      },
      "properties": {
        "classification": "unclassified",
        "rule_class": "unclassified",
        "ml_class": "unclassified",
        "confidence": 0.5,
        "frp": 1.56,
        "bright_ti4": 334.72,
        "acq_date": "2026-09-01",
        "daynight": "D",
        "instrument": "VIIRS",
        "cluster_id": -1,
        "nearest_site_type": "none"
      }
    },
    {
      "type": "Feature",
      "geometry": {
        "type": "Point",
        "coordinates": [
          79.83994,
          11.01958
        ]
      },
      "properties": {
        "classification": "unclassified",
        "rule_class": "unclassified",
        "ml_class": "unclassified",
        "confidence": 0.5,
        "frp": 2.22,
        "bright_ti4": 336.41,
        "acq_date": "2026-09-01",
        "daynight": "D",
        "instrument": "VIIRS",
        "cluster_id": -1,
        "nearest_site_type": "none"
      }
    },
    {
      "type": "Feature",
      "geometry": {
        "type": "Point",
        "coordinates": [
          78.03258,
          11.14795
        ]
      },
      "properties": {
        "classification": "unclassified",
        "rule_class": "unclassified",
        "ml_class": "unclassified",
        "confidence": 0.5,
        "frp": 4.53,
        "bright_ti4": 336.34,
        "acq_date": "2026-09-01",
        "daynight": "D",
        "instrument": "VIIRS",
        "cluster_id": -1,
        "nearest_site_type": "none"
      }
    },
    {
      "type": "Feature",
      "geometry": {
        "type": "Point",
        "coordinates": [
          79.12559,
          11.69378
        ]
      },
      "properties": {
        "classification": "unclassified",
        "rule_class": "unclassified",
        "ml_class": "unclassified",
        "confidence": 0.3,
        "frp": 3.94,
        "bright_ti4": 336.91,
        "acq_date": "2026-09-01",
        "daynight": "D",
        "instrument": "VIIRS",
        "cluster_id": 43,
        "nearest_site_type": "industrial_zone"
      }
    },
    {
      "type": "Feature",
      "geometry": {
        "type": "Point",
        "coordinates": [
          79.12669,
          11.69394
        ]
      },
      "properties": {
        "classification": "unclassified",
        "rule_class": "unclassified",
        "ml_class": "unclassified",
        "confidence": 0.3,
        "frp": 5.89,
        "bright_ti4": 334.62,
        "acq_date": "2026-09-01",
        "daynight": "D",
        "instrument": "VIIRS",
        "cluster_id": 43,
        "nearest_site_type": "industrial_zone"
      }
    },
    {
      "type": "Feature",
      "geometry": {
        "type": "Point",
        "coordinates": [
          79.12595,
          11.69813
        ]
      },
      "properties": {
        "classification": "unclassified",
        "rule_class": "unclassified",
        "ml_class": "unclassified",
        "confidence": 0.3,
        "frp": 5.89,
        "bright_ti4": 355.18,
        "acq_date": "2026-09-01",
        "daynight": "D",
        "instrument": "VIIRS",
        "cluster_id": 43,
        "nearest_site_type": "industrial_zone"
      }
    },
    {
      "type": "Feature",
      "geometry": {
        "type": "Point",
        "coordinates": [
          79.66526,
          11.83094
        ]
      },
      "properties": {
        "classification": "unclassified",
        "rule_class": "unclassified",
        "ml_class": "unclassified",
        "confidence": 0.5,
        "frp": 1.86,
        "bright_ti4": 331.46,
        "acq_date": "2026-09-01",
        "daynight": "D",
        "instrument": "VIIRS",
        "cluster_id": -1,
        "nearest_site_type": "none"
      }
    },
    {
      "type": "Feature",
      "geometry": {
        "type": "Point",
        "coordinates": [
          79.84698,
          12.05853
        ]
      },
      "properties": {
        "classification": "unclassified",
        "rule_class": "unclassified",
        "ml_class": "unclassified",
        "confidence": 0.5,
        "frp": 3.58,
        "bright_ti4": 331.63,
        "acq_date": "2026-09-01",
        "daynight": "D",
        "instrument": "VIIRS",
        "cluster_id": -1,
        "nearest_site_type": "none"
      }
    },
    {
      "type": "Feature",
      "geometry": {
        "type": "Point",
        "coordinates": [
          79.56569,
          12.09285
        ]
      },
      "properties": {
        "classification": "unclassified",
        "rule_class": "unclassified",
        "ml_class": "unclassified",
        "confidence": 0.5,
        "frp": 4.53,
        "bright_ti4": 341.02,
        "acq_date": "2026-09-01",
        "daynight": "D",
        "instrument": "VIIRS",
        "cluster_id": -1,
        "nearest_site_type": "none"
      }
    },
    {
      "type": "Feature",
      "geometry": {
        "type": "Point",
        "coordinates": [
          79.56533,
          12.09304
        ]
      },
      "properties": {
        "classification": "unclassified",
        "rule_class": "unclassified",
        "ml_class": "unclassified",
        "confidence": 0.5,
        "frp": 2.38,
        "bright_ti4": 342.44,
        "acq_date": "2026-09-01",
        "daynight": "D",
        "instrument": "VIIRS",
        "cluster_id": -1,
        "nearest_site_type": "none"
      }
    },
    {
      "type": "Feature",
      "geometry": {
        "type": "Point",
        "coordinates": [
          78.14007,
          12.13102
        ]
      },
      "properties": {
        "classification": "unclassified",
        "rule_class": "unclassified",
        "ml_class": "unclassified",
        "confidence": 0.5,
        "frp": 8.28,
        "bright_ti4": 332.63,
        "acq_date": "2026-09-01",
        "daynight": "D",
        "instrument": "VIIRS",
        "cluster_id": -1,
        "nearest_site_type": "none"
      }
    },
    {
      "type": "Feature",
      "geometry": {
        "type": "Point",
        "coordinates": [
          79.56133,
          12.38799
        ]
      },
      "properties": {
        "classification": "unclassified",
        "rule_class": "unclassified",
        "ml_class": "unclassified",
        "confidence": 0.5,
        "frp": 2.06,
        "bright_ti4": 332.27,
        "acq_date": "2026-09-01",
        "daynight": "D",
        "instrument": "VIIRS",
        "cluster_id": -1,
        "nearest_site_type": "none"
      }
    },
    {
      "type": "Feature",
      "geometry": {
        "type": "Point",
        "coordinates": [
          79.97733,
          12.55496
        ]
      },
      "properties": {
        "classification": "unclassified",
        "rule_class": "unclassified",
        "ml_class": "unclassified",
        "confidence": 0.5,
        "frp": 6.59,
        "bright_ti4": 343.27,
        "acq_date": "2026-09-01",
        "daynight": "D",
        "instrument": "VIIRS",
        "cluster_id": -1,
        "nearest_site_type": "none"
      }
    },
    {
      "type": "Feature",
      "geometry": {
        "type": "Point",
        "coordinates": [
          79.86098,
          12.63548
        ]
      },
      "properties": {
        "classification": "unclassified",
        "rule_class": "unclassified",
        "ml_class": "unclassified",
        "confidence": 0.5,
        "frp": 5.87,
        "bright_ti4": 334.7,
        "acq_date": "2026-09-01",
        "daynight": "D",
        "instrument": "VIIRS",
        "cluster_id": -1,
        "nearest_site_type": "none"
      }
    },
    {
      "type": "Feature",
      "geometry": {
        "type": "Point",
        "coordinates": [
          79.40098,
          12.6515
        ]
      },
      "properties": {
        "classification": "unclassified",
        "rule_class": "unclassified",
        "ml_class": "unclassified",
        "confidence": 0.5,
        "frp": 2.19,
        "bright_ti4": 337.49,
        "acq_date": "2026-09-01",
        "daynight": "D",
        "instrument": "VIIRS",
        "cluster_id": -1,
        "nearest_site_type": "none"
      }
    },
    {
      "type": "Feature",
      "geometry": {
        "type": "Point",
        "coordinates": [
          79.40025,
          12.65554
        ]
      },
      "properties": {
        "classification": "unclassified",
        "rule_class": "unclassified",
        "ml_class": "unclassified",
        "confidence": 0.5,
        "frp": 2.19,
        "bright_ti4": 336.68,
        "acq_date": "2026-09-01",
        "daynight": "D",
        "instrument": "VIIRS",
        "cluster_id": -1,
        "nearest_site_type": "none"
      }
    },
    {
      "type": "Feature",
      "geometry": {
        "type": "Point",
        "coordinates": [
          79.95654,
          12.8083
        ]
      },
      "properties": {
        "classification": "unclassified",
        "rule_class": "unclassified",
        "ml_class": "unclassified",
        "confidence": 0.5,
        "frp": 3.64,
        "bright_ti4": 331.11,
        "acq_date": "2026-09-01",
        "daynight": "D",
        "instrument": "VIIRS",
        "cluster_id": -1,
        "nearest_site_type": "none"
      }
    },
    {
      "type": "Feature",
      "geometry": {
        "type": "Point",
        "coordinates": [
          79.10441,
          12.82044
        ]
      },
      "properties": {
        "classification": "unclassified",
        "rule_class": "unclassified",
        "ml_class": "unclassified",
        "confidence": 0.5,
        "frp": 5.45,
        "bright_ti4": 338.59,
        "acq_date": "2026-09-01",
        "daynight": "D",
        "instrument": "VIIRS",
        "cluster_id": -1,
        "nearest_site_type": "none"
      }
    },
    {
      "type": "Feature",
      "geometry": {
        "type": "Point",
        "coordinates": [
          79.10368,
          12.82455
        ]
      },
      "properties": {
        "classification": "unclassified",
        "rule_class": "unclassified",
        "ml_class": "unclassified",
        "confidence": 0.5,
        "frp": 5.9,
        "bright_ti4": 332.39,
        "acq_date": "2026-09-01",
        "daynight": "D",
        "instrument": "VIIRS",
        "cluster_id": -1,
        "nearest_site_type": "none"
      }
    },
    {
      "type": "Feature",
      "geometry": {
        "type": "Point",
        "coordinates": [
          78.21547,
          12.88371
        ]
      },
      "properties": {
        "classification": "unclassified",
        "rule_class": "unclassified",
        "ml_class": "unclassified",
        "confidence": 0.5,
        "frp": 3.46,
        "bright_ti4": 333.65,
        "acq_date": "2026-09-01",
        "daynight": "D",
        "instrument": "VIIRS",
        "cluster_id": -1,
        "nearest_site_type": "none"
      }
    },
    {
      "type": "Feature",
      "geometry": {
        "type": "Point",
        "coordinates": [
          79.73056,
          13.20734
        ]
      },
      "properties": {
        "classification": "unclassified",
        "rule_class": "unclassified",
        "ml_class": "unclassified",
        "confidence": 0.5,
        "frp": 3.71,
        "bright_ti4": 330.12,
        "acq_date": "2026-09-01",
        "daynight": "D",
        "instrument": "VIIRS",
        "cluster_id": -1,
        "nearest_site_type": "none"
      }
    },
    {
      "type": "Feature",
      "geometry": {
        "type": "Point",
        "coordinates": [
          79.3286,
          13.85649
        ]
      },
      "properties": {
        "classification": "unclassified",
        "rule_class": "unclassified",
        "ml_class": "unclassified",
        "confidence": 0.3,
        "frp": 4.74,
        "bright_ti4": 340.87,
        "acq_date": "2026-09-01",
        "daynight": "D",
        "instrument": "VIIRS",
        "cluster_id": 44,
        "nearest_site_type": "factory"
      }
    },
    {
      "type": "Feature",
      "geometry": {
        "type": "Point",
        "coordinates": [
          79.33201,
          13.85709
        ]
      },
      "properties": {
        "classification": "unclassified",
        "rule_class": "unclassified",
        "ml_class": "unclassified",
        "confidence": 0.3,
        "frp": 4.74,
        "bright_ti4": 344.02,
        "acq_date": "2026-09-01",
        "daynight": "D",
        "instrument": "VIIRS",
        "cluster_id": 44,
        "nearest_site_type": "factory"
      }
    },
    {
      "type": "Feature",
      "geometry": {
        "type": "Point",
        "coordinates": [
          79.33105,
          13.86103
        ]
      },
      "properties": {
        "classification": "unclassified",
        "rule_class": "unclassified",
        "ml_class": "unclassified",
        "confidence": 0.3,
        "frp": 4.74,
        "bright_ti4": 334.63,
        "acq_date": "2026-09-01",
        "daynight": "D",
        "instrument": "VIIRS",
        "cluster_id": 44,
        "nearest_site_type": "factory"
      }
    },
    {
      "type": "Feature",
      "geometry": {
        "type": "Point",
        "coordinates": [
          77.70506,
          14.43501
        ]
      },
      "properties": {
        "classification": "unclassified",
        "rule_class": "unclassified",
        "ml_class": "unclassified",
        "confidence": 0.5,
        "frp": 5.22,
        "bright_ti4": 330.81,
        "acq_date": "2026-09-01",
        "daynight": "D",
        "instrument": "VIIRS",
        "cluster_id": -1,
        "nearest_site_type": "none"
      }
    },
    {
      "type": "Feature",
      "geometry": {
        "type": "Point",
        "coordinates": [
          77.70943,
          14.43581
        ]
      },
      "properties": {
        "classification": "unclassified",
        "rule_class": "unclassified",
        "ml_class": "unclassified",
        "confidence": 0.5,
        "frp": 11.47,
        "bright_ti4": 343.02,
        "acq_date": "2026-09-01",
        "daynight": "D",
        "instrument": "VIIRS",
        "cluster_id": -1,
        "nearest_site_type": "none"
      }
    },
    {
      "type": "Feature",
      "geometry": {
        "type": "Point",
        "coordinates": [
          77.77126,
          14.49206
        ]
      },
      "properties": {
        "classification": "unclassified",
        "rule_class": "unclassified",
        "ml_class": "unclassified",
        "confidence": 0.5,
        "frp": 8.52,
        "bright_ti4": 343.95,
        "acq_date": "2026-09-01",
        "daynight": "D",
        "instrument": "VIIRS",
        "cluster_id": -1,
        "nearest_site_type": "none"
      }
    },
    {
      "type": "Feature",
      "geometry": {
        "type": "Point",
        "coordinates": [
          79.68484,
          14.54064
        ]
      },
      "properties": {
        "classification": "unclassified",
        "rule_class": "unclassified",
        "ml_class": "unclassified",
        "confidence": 0.5,
        "frp": 9.29,
        "bright_ti4": 344.26,
        "acq_date": "2026-09-01",
        "daynight": "D",
        "instrument": "VIIRS",
        "cluster_id": -1,
        "nearest_site_type": "none"
      }
    },
    {
      "type": "Feature",
      "geometry": {
        "type": "Point",
        "coordinates": [
          77.31979,
          14.86462
        ]
      },
      "properties": {
        "classification": "unclassified",
        "rule_class": "unclassified",
        "ml_class": "unclassified",
        "confidence": 0.5,
        "frp": 2.62,
        "bright_ti4": 335.31,
        "acq_date": "2026-09-01",
        "daynight": "D",
        "instrument": "VIIRS",
        "cluster_id": -1,
        "nearest_site_type": "none"
      }
    },
    {
      "type": "Feature",
      "geometry": {
        "type": "Point",
        "coordinates": [
          79.62963,
          14.95313
        ]
      },
      "properties": {
        "classification": "unclassified",
        "rule_class": "unclassified",
        "ml_class": "unclassified",
        "confidence": 0.5,
        "frp": 5.79,
        "bright_ti4": 338.9,
        "acq_date": "2026-09-01",
        "daynight": "D",
        "instrument": "VIIRS",
        "cluster_id": -1,
        "nearest_site_type": "none"
      }
    },
    {
      "type": "Feature",
      "geometry": {
        "type": "Point",
        "coordinates": [
          79.63455,
          14.95399
        ]
      },
      "properties": {
        "classification": "unclassified",
        "rule_class": "unclassified",
        "ml_class": "unclassified",
        "confidence": 0.5,
        "frp": 5.79,
        "bright_ti4": 333.95,
        "acq_date": "2026-09-01",
        "daynight": "D",
        "instrument": "VIIRS",
        "cluster_id": -1,
        "nearest_site_type": "none"
      }
    },
    {
      "type": "Feature",
      "geometry": {
        "type": "Point",
        "coordinates": [
          76.75148,
          15.18663
        ]
      },
      "properties": {
        "classification": "unclassified",
        "rule_class": "unclassified",
        "ml_class": "unclassified",
        "confidence": 0.5,
        "frp": 3.78,
        "bright_ti4": 337.67,
        "acq_date": "2026-09-01",
        "daynight": "D",
        "instrument": "VIIRS",
        "cluster_id": -1,
        "nearest_site_type": "none"
      }
    },
    {
      "type": "Feature",
      "geometry": {
        "type": "Point",
        "coordinates": [
          79.82315,
          15.88618
        ]
      },
      "properties": {
        "classification": "unclassified",
        "rule_class": "unclassified",
        "ml_class": "unclassified",
        "confidence": 0.5,
        "frp": 7.0,
        "bright_ti4": 338.82,
        "acq_date": "2026-09-01",
        "daynight": "D",
        "instrument": "VIIRS",
        "cluster_id": -1,
        "nearest_site_type": "none"
      }
    },
    {
      "type": "Feature",
      "geometry": {
        "type": "Point",
        "coordinates": [
          79.82246,
          15.88993
        ]
      },
      "properties": {
        "classification": "unclassified",
        "rule_class": "unclassified",
        "ml_class": "unclassified",
        "confidence": 0.5,
        "frp": 7.0,
        "bright_ti4": 339.55,
        "acq_date": "2026-09-01",
        "daynight": "D",
        "instrument": "VIIRS",
        "cluster_id": -1,
        "nearest_site_type": "none"
      }
    },
    {
      "type": "Feature",
      "geometry": {
        "type": "Point",
        "coordinates": [
          80.79736,
          17.95781
        ]
      },
      "properties": {
        "classification": "unclassified",
        "rule_class": "unclassified",
        "ml_class": "unclassified",
        "confidence": 0.5,
        "frp": 5.73,
        "bright_ti4": 336.54,
        "acq_date": "2026-09-01",
        "daynight": "D",
        "instrument": "VIIRS",
        "cluster_id": -1,
        "nearest_site_type": "none"
      }
    },
    {
      "type": "Feature",
      "geometry": {
        "type": "Point",
        "coordinates": [
          68.33573,
          27.52273
        ]
      },
      "properties": {
        "classification": "unclassified",
        "rule_class": "unclassified",
        "ml_class": "unclassified",
        "confidence": 0.5,
        "frp": 7.3,
        "bright_ti4": 353.91,
        "acq_date": "2026-09-01",
        "daynight": "D",
        "instrument": "VIIRS",
        "cluster_id": -1,
        "nearest_site_type": "none"
      }
    },
    {
      "type": "Feature",
      "geometry": {
        "type": "Point",
        "coordinates": [
          73.90612,
          30.67169
        ]
      },
      "properties": {
        "classification": "unclassified",
        "rule_class": "unclassified",
        "ml_class": "unclassified",
        "confidence": 0.5,
        "frp": 3.03,
        "bright_ti4": 334.61,
        "acq_date": "2026-09-01",
        "daynight": "D",
        "instrument": "VIIRS",
        "cluster_id": -1,
        "nearest_site_type": "none"
      }
    },
    {
      "type": "Feature",
      "geometry": {
        "type": "Point",
        "coordinates": [
          73.30443,
          32.2988
        ]
      },
      "properties": {
        "classification": "unclassified",
        "rule_class": "unclassified",
        "ml_class": "unclassified",
        "confidence": 0.5,
        "frp": 2.61,
        "bright_ti4": 331.8,
        "acq_date": "2026-09-01",
        "daynight": "D",
        "instrument": "VIIRS",
        "cluster_id": -1,
        "nearest_site_type": "none"
      }
    }
  ]
}