latitude,longitude,frp,bright_ti4,bright_ti5,daynight,satellite,confidence,acq_date,acq_time,dist_refinery,dist_oil_gas,dist_mining,dist_industry,dist_power_plant,dist_forest,dist_agriculture,dist_refinery_m,dist_factory,dist_industrial_zone,dist_oil_gas_m,dist_mining_m,dist_forest_m,dist_agriculture_m,dist_powerplant,has_refinery_5km,has_powerplant_5km,has_factory_5km,has_forest_5km,has_agriculture_5km,has_industrial_2km,count_ind_5km,count_ref_5km,count_forest_5km,count_agriculture_5km
27.98973,94.2222,18.02,336.75,297.24,D,N,n,2026-08-30,652,152.868,103.912,138.896,61.752,49.288,114.974,608.541,152.868,61.752,61.752,103.912,138.896,114.974,608.541,49.288,0,0,0,0,0,0,0,0,0,0
29.55473,90.99751,4.5,325.18,296.37,D,N,l,2026-08-30,652,340.59,384.804,432.188,236.247,212.004,290.367,419.191,340.59,236.247,236.247,384.804,432.188,290.367,419.191,212.004,0,0,0,0,0,0,0,0,0,0
29.55749,90.99095,5.61,328.38,290.57,D,N,n,2026-08-30,652,340.809,385.231,432.852,236.411,212.573,290.756,419.009,340.809,236.411,236.411,385.231,432.852,290.756,419.009,212.573,0,0,0,0,0,0,0,0,0,0
29.65337,90.98225,3.42,327.32,292.56,D,N,n,2026-08-30,652,351.268,395.848,441.089,246.67,222.419,301.434,426.611,351.268,246.67,246.67,395.848,441.089,301.434,426.611,222.419,0,0,0,0,0,0,0,0,0,0
6.24721,80.86079,2.37,335.72,299.28,D,N,n,2026-08-30,826,772.413,999.0,999.0,716.194,740.42,480.272,746.992,772.413,716.194,716.194,999.0,999.0,480.272,746.992,740.42,0,0,0,0,0,0,0,0,0,0
6.26749,81.05721,13.47,334.91,295.72,D,N,n,2026-08-30,826,772.259,999.0,999.0,716.649,741.386,497.804,747.045,772.259,716.649,716.649,999.0,999.0,497.804,747.045,741.386,0,0,0,0,0,0,0,0,0,0
6.45618,81.09254,7.3,345.43,300.75,D,N,n,2026-08-30,826,751.86,999.0,999.0,696.445,721.346,491.146,726.712,751.86,696.445,696.445,999.0,999.0,491.146,726.712,721.346,0,0,0,0,0,0,0,0,0,0
6.45692,81.09754,19.19,349.51,301.59,D,N,n,2026-08-30,826,751.844,999.0,999.0,696.446,721.36,491.598,726.701,751.844,696.446,696.446,999.0,999.0,491.598,726.701,721.36,0,0,0,0,0,0,0,0,0,0
6.45926,81.09015,8.32,346.16,299.67,D,N,n,2026-08-30,826,751.489,999.0,999.0,696.067,720.963,490.753,726.338,751.489,696.067,696.067,999.0,999.0,490.753,726.338,720.963,0,0,0,0,0,0,0,0,0,0
6.45996,81.09512,8.32,348.18,299.92,D,N,n,2026-08-30,826,751.476,999.0,999.0,696.072,720.981,491.205,726.331,751.476,696.072,696.072,999.0,999.0,491.205,726.331,720.981,0,0,0,0,0,0,0,0,0,0
6.46012,81.09199,7.3,341.66,299.41,D,N,n,2026-08-30,826,751.418,999.0,999.0,696.003,720.904,490.89,726.269,751.418,696.003,696.003,999.0,999.0,490.89,726.269,720.904,0,0,0,0,0,0,0,0,0,0
6.55183,80.87236,11.61,346.14,291.28,D,N,n,2026-08-30,826,738.773,999.0,999.0,682.682,707.042,464.663,713.392,738.773,682.682,682.682,999.0,999.0,464.663,713.392,707.042,0,0,0,0,0,0,0,0,0,0
6.55189,80.87561,8.33,334.36,292.72,D,N,n,2026-08-30,826,738.798,999.0,999.0,682.717,707.086,464.977,713.42,738.798,682.717,682.717,999.0,999.0,464.977,713.42,707.086,0,0,0,0,0,0,0,0,0,0
6.56987,81.05585,39.3,349.19,292.28,D,N,n,2026-08-30,826,738.832,999.0,999.0,683.345,708.199,481.796,713.657,738.832,683.345,683.345,999.0,999.0,481.796,713.657,708.199,0,0,0,0,0,0,0,0,0,0
6.57044,81.05381,18.25,336.92,290.95,D,N,n,2026-08-30,826,738.743,999.0,999.0,683.25,708.099,481.566,713.566,738.743,683.25,683.25,999.0,999.0,481.566,713.566,708.099,0,0,0,0,0,0,0,0,0,0
6.57118,81.0588,18.25,337.67,289.64,D,N,n,2026-08-30,826,738.725,999.0,999.0,683.249,708.111,482.023,713.554,738.725,683.249,683.249,999.0,999.0,482.023,713.554,708.111,0,0,0,0,0,0,0,0,0,0
6.71188,81.53472,3.03,341.78,300.87,D,N,n,2026-08-30,826,731.207,999.0,999.0,677.581,703.665,523.467,706.688,731.207,677.581,677.581,999.0,999.0,523.467,706.688,703.665,0,0,0,0,0,0,0,0,0,0
6.72053,81.5371,5.65,342.87,299.79,D,N,n,2026-08-30,826,730.311,999.0,999.0,676.703,702.796,523.345,705.798,730.311,676.703,676.703,999.0,999.0,523.345,705.798,702.796,0,0,0,0,0,0,0,0,0,0
6.72105,81.5407,5.65,343.31,300.12,D,N,n,2026-08-30,826,730.329,999.0,999.0,676.736,702.837,523.691,705.822,730.329,676.736,676.736,999.0,999.0,523.691,705.822,702.837,0,0,0,0,0,0,0,0,0,0
6.72933,81.16361,4.87,339.18,291.13,D,N,n,2026-08-30,826,722.716,999.0,999.0,667.685,692.886,485.02,697.697,722.716,667.685,667.685,999.0,999.0,485.02,697.697,692.886,0,0,0,0,0,0,0,0,0,0
6.7333,81.16302,19.5,349.54,291.31,D,N,n,2026-08-30,826,722.27,999.0,999.0,667.239,692.44,484.781,697.251,722.27,667.239,667.239,999.0,999.0,484.781,697.251,692.44,0,0,0,0,0,0,0,0,0,0
6.7412,81.50845,4.05,342.02,306.51,D,N,n,2026-08-30,826,727.465,999.0,999.0,673.759,699.798,519.547,702.916,727.465,673.759,673.759,999.0,999.0,519.547,702.916,699.798,0,0,0,0,0,0,0,0,0,0
6.74123,81.50769,3.86,340.69,306.26,D,N,n,2026-08-30,826,727.446,999.0,999.0,673.737,699.775,519.468,702.897,727.446,673.737,673.737,999.0,999.0,519.468,702.897,699.775,0,0,0,0,0,0,0,0,0,0
6.74882,81.53226,3.11,335.77,306.41,D,N,l,2026-08-30,826,727.121,999.0,999.0,673.517,699.615,521.665,702.61,727.121,673.517,673.517,999.0,999.0,521.665,702.61,699.615,0,0,0,0,0,0,0,0,0,0
6.74896,81.53299,3.24,336.66,306.47,D,N,n,2026-08-30,826,727.121,999.0,999.0,673.52,699.62,521.734,702.61,727.121,673.52,673.52,999.0,999.0,521.734,702.61,699.62,0,0,0,0,0,0,0,0,0,0
6.77788,81.78619,4.91,338.04,302.1,D,N,n,2026-08-30,826,729.745,999.0,999.0,677.231,703.893,546.624,705.63,729.745,677.231,677.231,999.0,999.0,546.624,705.63,703.893,0,0,0,0,0,0,0,0,0,0
6.7977,81.55489,6.68,349.29,305.52,D,N,n,2026-08-30,826,722.26,999.0,999.0,668.791,694.967,521.984,697.796,722.26,668.791,668.791,999.0,999.0,521.984,697.796,694.967,0,0,0,0,0,0,0,0,0,0
6.81451,81.55614,3.16,340.43,305.15,D,N,n,2026-08-30,826,720.452,999.0,999.0,667.004,693.192,521.436,695.996,720.452,667.004,667.004,999.0,999.0,521.436,695.996,693.192,0,0,0,0,0,0,0,0,0,0
6.81849,81.5262,2.63,339.07,303.18,D,N,n,2026-08-30,826,719.387,999.0,999.0,665.819,691.941,518.194,694.887,719.387,665.819,665.819,999.0,999.0,518.194,694.887,691.941,0,0,0,0,0,0,0,0,0,0
6.863,81.43449,3.02,332.96,297.4,D,N,n,2026-08-30,826,712.67,999.0,999.0,658.766,684.701,506.965,688.049,712.67,658.766,658.766,999.0,999.0,506.965,688.049,684.701,0,0,0,0,0,0,0,0,0,0
6.89576,81.66621,3.31,331.54,301.71,D,N,l,2026-08-30,826,714.063,999.0,999.0,661.157,687.635,529.671,689.801,714.063,661.157,661.157,999.0,999.0,529.671,689.801,687.635,0,0,0,0,0,0,0,0,0,0
6.96385,81.61536,6.91,336.56,304.75,D,N,n,2026-08-30,826,705.486,999.0,999.0,652.43,678.837,521.825,681.169,705.486,652.43,652.43,999.0,999.0,521.825,681.169,678.837,0,0,0,0,0,0,0,0,0,0
7.01565,81.40194,3.69,344.36,303.03,D,N,n,2026-08-30,826,695.329,999.0,999.0,641.417,667.358,497.721,670.701,695.329,641.417,641.417,999.0,999.0,497.721,670.701,667.358,0,0,0,0,0,0,0,0,0,0
7.01929,81.60059,2.25,332.84,302.79,D,N,n,2026-08-30,826,699.118,999.0,999.0,646.054,672.461,518.195,674.796,699.118,646.054,646.054,999.0,999.0,518.195,674.796,672.461,0,0,0,0,0,0,0,0,0,0
7.10918,81.68468,4.05,335.1,305.92,D,N,l,2026-08-30,826,691.335,999.0,999.0,638.742,665.39,523.735,667.183,691.335,638.742,638.742,999.0,999.0,523.735,667.183,665.39,0,0,0,0,0,0,0,0,0,0
7.13256,81.41004,2.12,330.14,297.2,D,N,n,2026-08-30,826,682.696,999.0,999.0,628.918,654.946,494.187,658.115,682.696,628.918,628.918,999.0,999.0,494.187,658.115,654.946,0,0,0,0,0,0,0,0,0,0
7.21619,81.59032,5.44,337.99,306.07,D,N,n,2026-08-30,826,677.468,999.0,999.0,624.565,651.069,510.188,653.2,677.468,624.565,624.565,999.0,999.0,510.188,653.2,651.069,0,0,0,0,0,0,0,0,0,0
7.27317,81.1773,2.91,330.44,303.55,D,N,l,2026-08-30,826,663.056,999.0,999.0,608.415,633.926,464.865,638.165,663.056,608.415,608.415,999.0,999.0,464.865,638.165,633.926,0,0,0,0,0,0,0,0,0,0
7.27678,81.14547,4.38,337.26,305.53,D,N,n,2026-08-30,826,662.149,999.0,999.0,607.38,632.807,461.405,637.213,662.149,607.38,607.38,999.0,999.0,461.405,637.213,632.807,0,0,0,0,0,0,0,0,0,0
7.27753,81.15067,4.38,337.79,306.06,D,N,n,2026-08-30,826,662.148,999.0,999.0,607.402,632.843,461.924,637.221,662.148,607.402,607.402,999.0,999.0,461.924,637.221,632.843,0,0,0,0,0,0,0,0,0,0
7.27994,81.59621,5.24,340.82,306.6,D,N,n,2026-08-30,826,670.678,999.0,999.0,617.874,644.431,508.745,646.445,670.678,617.874,617.874,999.0,999.0,508.745,646.445,644.431,0,0,0,0,0,0,0,0,0,0
7.29368,81.80795,2.34,332.54,303.12,D,N,l,2026-08-30,826,674.57,999.0,999.0,622.786,649.816,530.759,650.711,674.57,622.786,622.786,999.0,999.0,530.759,650.711,649.816,0,0,0,0,0,0,0,0,0,0
7.31546,81.10326,6.49,334.42,304.81,D,N,l,2026-08-30,826,657.239,999.0,999.0,602.325,627.656,455.643,632.252,657.239,602.325,602.325,999.0,999.0,455.643,632.252,627.656,0,0,0,0,0,0,0,0,0,0
7.31621,81.10839,9.05,336.91,305.81,D,N,n,2026-08-30,826,657.234,999.0,999.0,602.342,627.687,456.156,632.255,657.234,602.342,602.342,999.0,999.0,456.156,632.255,627.687,0,0,0,0,0,0,0,0,0,0
7.31681,81.76224,5.41,344.78,299.4,D,N,n,2026-08-30,826,670.847,999.0,999.0,618.873,645.822,525.211,646.917,670.847,618.873,618.873,999.0,999.0,525.211,646.917,645.822,0,0,0,0,0,0,0,0,0,0
7.32021,81.10786,2.2,336.09,306.09,D,N,n,2026-08-30,826,656.785,999.0,999.0,601.893,627.24,455.964,631.806,656.785,601.893,601.893,999.0,999.0,455.964,631.806,627.24,0,0,0,0,0,0,0,0,0,0
7.32289,81.80387,2.59,340.57,303.84,D,N,n,2026-08-30,826,671.311,999.0,999.0,619.548,646.588,529.455,647.459,671.311,619.548,619.548,999.0,999.0,529.455,647.459,646.588,0,0,0,0,0,0,0,0,0,0
7.3236,81.80315,2.14,331.97,303.42,D,N,l,2026-08-30,826,671.215,999.0,999.0,619.449,646.489,529.358,647.362,671.215,619.449,619.449,999.0,999.0,529.358,647.362,646.489,0,0,0,0,0,0,0,0,0,0
7.32474,81.2229,5.09,344.58,307.22,D,N,n,2026-08-30,826,658.153,999.0,999.0,603.739,629.4,467.905,633.341,658.153,603.739,603.739,999.0,999.0,467.905,633.341,629.4,0,0,0,0,0,0,0,0,0,0
7.33473,81.20717,10.19,357.22,311.78,D,N,n,2026-08-30,826,656.786,999.0,999.0,602.314,627.939,465.919,631.954,656.786,602.314,602.314,999.0,999.0,465.919,631.954,627.939,0,0,0,0,0,0,0,0,0,0
7.34377,81.73465,3.47,336.86,300.35,D,N,n,2026-08-30,826,667.209,999.0,999.0,615.137,642.044,521.479,643.242,667.209,615.137,615.137,999.0,999.0,521.479,643.242,642.044,0,0,0,0,0,0,0,0,0,0
7.35118,81.19792,3.8,336.49,309.58,D,N,l,2026-08-30,826,654.822,999.0,999.0,600.323,625.932,464.404,629.98,654.822,600.323,600.323,999.0,999.0,464.404,629.98,625.932,0,0,0,0,0,0,0,0,0,0
7.35132,81.81868,2.2,335.23,303.61,D,N,n,2026-08-30,826,668.656,999.0,999.0,617.005,644.095,530.204,644.844,668.656,617.005,617.005,999.0,999.0,530.204,644.844,644.095,0,0,0,0,0,0,0,0,0,0
7.35166,81.2014,3.8,348.5,310.47,D,N,n,2026-08-30,826,654.828,999.0,999.0,600.344,625.963,464.755,629.991,654.828,600.344,600.344,999.0,999.0,464.755,629.991,625.963,0,0,0,0,0,0,0,0,0,0
7.35215,81.2049,6.09,344.63,310.14,D,N,n,2026-08-30,826,654.834,999.0,999.0,600.365,625.993,465.108,630.002,654.834,600.365,600.365,999.0,999.0,465.108,630.002,625.993,0,0,0,0,0,0,0,0,0,0
7.35264,81.2084,6.09,348.0,307.54,D,N,n,2026-08-30,826,654.84,999.0,999.0,600.385,626.024,465.461,630.013,654.84,600.385,600.385,999.0,999.0,465.461,630.013,626.024,0,0,0,0,0,0,0,0,0,0
7.35635,81.76369,4.46,340.63,304.1,D,N,n,2026-08-30,826,666.619,999.0,999.0,614.705,641.683,524.202,642.71,666.619,614.705,614.705,999.0,999.0,524.202,642.71,641.683,0,0,0,0,0,0,0,0,0,0
7.36431,81.55346,4.19,330.83,303.42,D,N,l,2026-08-30,826,660.511,999.0,999.0,607.602,634.115,501.614,636.238,660.511,607.602,607.602,999.0,999.0,501.614,636.238,634.115,0,0,0,0,0,0,0,0,0,0
7.36655,81.24904,19.27,343.12,306.31,D,N,n,2026-08-30,826,654.021,999.0,999.0,599.751,625.506,469.302,629.26,654.021,599.751,599.751,999.0,999.0,469.302,629.26,625.506,0,0,0,0,0,0,0,0,0,0
7.36683,81.77773,5.08,338.06,304.2,D,N,n,2026-08-30,826,665.866,999.0,999.0,614.035,641.05,525.396,641.988,665.866,614.035,614.035,999.0,999.0,525.396,641.988,641.05,0,0,0,0,0,0,0,0,0,0
7.36748,81.57545,2.71,332.45,303.73,D,N,l,2026-08-30,826,660.68,999.0,999.0,607.878,634.444,503.854,636.446,660.68,607.878,607.878,999.0,999.0,503.854,636.446,634.444,0,0,0,0,0,0,0,0,0,0
7.37411,81.56326,5.71,342.4,303.29,D,N,n,2026-08-30,826,659.673,999.0,999.0,606.822,633.364,502.362,635.421,659.673,606.822,606.822,999.0,999.0,502.362,635.421,633.364,0,0,0,0,0,0,0,0,0,0
7.37766,81.24046,3.11,336.16,306.84,D,N,l,2026-08-30,826,652.65,999.0,999.0,598.351,624.09,468.041,627.878,652.65,598.351,598.351,999.0,999.0,468.041,627.878,624.09,0,0,0,0,0,0,0,0,0,0
7.37768,81.55894,3.86,331.05,302.66,D,N,l,2026-08-30,826,659.185,999.0,999.0,606.317,632.851,501.797,634.926,659.185,606.317,606.317,999.0,999.0,501.797,634.926,632.851,0,0,0,0,0,0,0,0,0,0
7.3884,81.54617,4.46,340.43,299.81,D,N,n,2026-08-30,826,657.723,999.0,999.0,604.807,631.319,500.122,633.447,657.723,604.807,604.807,999.0,999.0,500.122,633.447,631.319,0,0,0,0,0,0,0,0,0,0
7.38893,81.54981,4.08,338.13,298.51,D,N,n,2026-08-30,826,657.75,999.0,999.0,604.852,631.372,500.493,633.48,657.75,604.852,604.852,999.0,999.0,500.493,633.48,631.372,0,0,0,0,0,0,0,0,0,0
7.39143,81.54616,4.74,342.88,300.33,D,N,n,2026-08-30,826,657.393,999.0,999.0,604.481,630.994,500.032,633.118,657.393,604.481,604.481,999.0,999.0,500.032,633.118,630.994,0,0,0,0,0,0,0,0,0,0
7.39302,81.54917,5.04,343.05,300.78,D,N,n,2026-08-30,826,657.29,999.0,999.0,604.394,630.915,500.305,633.021,657.29,604.394,604.394,999.0,999.0,500.305,633.021,630.915,0,0,0,0,0,0,0,0,0,0
7.39604,81.54919,8.59,349.53,303.82,D,N,n,2026-08-30,826,656.962,999.0,999.0,604.069,630.593,500.219,632.694,656.962,604.069,604.069,999.0,999.0,500.219,632.694,630.593,0,0,0,0,0,0,0,0,0,0
7.39712,81.54854,5.04,336.74,302.96,D,N,n,2026-08-30,826,656.83,999.0,999.0,603.935,630.458,500.118,632.561,656.83,603.935,603.935,999.0,999.0,500.118,632.561,630.458,0,0,0,0,0,0,0,0,0,0
7.4049,81.77624,3.36,342.42,303.84,D,N,n,2026-08-30,826,661.722,999.0,999.0,609.937,636.974,524.162,637.859,661.722,609.937,609.937,999.0,999.0,524.162,637.859,636.974,0,0,0,0,0,0,0,0,0,0
7.4156,81.56924,2.32,341.29,302.85,D,N,n,2026-08-30,826,655.307,999.0,999.0,602.531,629.114,501.785,631.081,655.307,602.531,602.531,999.0,999.0,501.785,631.081,629.114,0,0,0,0,0,0,0,0,0,0
7.43686,81.39532,4.3,337.73,307.01,D,N,n,2026-08-30,826,649.138,999.0,999.0,595.576,621.751,482.656,624.628,649.138,595.576,595.576,999.0,999.0,482.656,624.628,621.751,0,0,0,0,0,0,0,0,0,0
7.43925,81.32561,4.43,340.99,309.94,D,N,n,2026-08-30,826,647.48,999.0,999.0,593.606,619.605,475.174,622.858,647.48,593.606,593.606,999.0,999.0,475.174,622.858,619.605,0,0,0,0,0,0,0,0,0,0
7.45403,81.34198,4.67,340.72,308.95,D,N,n,2026-08-30,826,646.183,999.0,999.0,592.396,618.446,476.479,621.592,646.183,592.396,592.396,999.0,999.0,476.479,621.592,618.446,0,0,0,0,0,0,0,0,0,0
7.4743,81.05003,3.44,337.26,305.58,D,N,n,2026-08-30,826,638.948,999.0,991.787,583.919,609.184,444.872,613.919,638.948,583.919,583.919,999.0,991.787,444.872,613.919,609.184,0,0,0,0,0,0,0,0,0,0
7.48906,81.38728,3.0,338.59,306.08,D,N,n,2026-08-30,826,643.27,999.0,999.0,589.723,615.911,480.301,618.764,643.27,589.723,589.723,999.0,999.0,480.301,618.764,615.911,0,0,0,0,0,0,0,0,0,0
7.51956,81.30991,2.27,334.71,305.47,D,N,l,2026-08-30,826,638.385,999.0,999.0,584.513,610.52,471.193,613.761,638.385,584.513,584.513,999.0,999.0,471.193,613.761,610.52,0,0,0,0,0,0,0,0,0,0
7.61757,81.15485,15.47,356.38,313.13,D,N,n,2026-08-30,826,624.823,999.0,983.799,570.341,595.987,451.963,599.982,624.823,570.341,570.341,999.0,983.799,451.963,599.982,595.987,0,0,0,0,0,0,0,0,0,0
7.61807,81.15833,34.65,367.0,311.16,D,N,h,2026-08-30,826,624.827,999.0,983.946,570.361,596.016,452.322,599.991,624.827,570.361,570.361,999.0,983.946,452.322,599.991,596.016,0,0,0,0,0,0,0,0,0,0
7.62159,81.15429,15.47,335.61,306.78,D,N,n,2026-08-30,826,624.372,999.0,983.383,569.891,595.537,451.797,599.531,624.372,569.891,569.891,999.0,983.383,451.797,599.531,595.537,0,0,0,0,0,0,0,0,0,0
7.67645,81.44918,6.52,347.74,308.37,D,N,n,2026-08-30,826,624.174,999.0,981.678,571.121,597.587,481.518,599.84,624.174,571.121,571.121,999.0,981.678,481.518,599.84,597.587,0,0,0,0,0,0,0,0,0,0
7.69219,81.52925,2.33,336.39,305.85,D,N,n,2026-08-30,826,624.325,999.0,979.677,571.689,598.364,484.745,600.142,624.325,571.689,571.689,999.0,979.677,484.745,600.142,598.364,0,0,0,0,0,0,0,0,0,0
7.78376,81.21587,9.22,341.02,306.64,D,N,n,2026-08-30,826,607.662,999.0,970.936,553.598,579.519,454.545,582.964,607.662,553.598,553.598,999.0,970.936,454.545,582.964,579.519,0,0,0,0,0,0,0,0,0,0
7.78425,81.21941,7.08,334.77,303.53,D,N,n,2026-08-30,826,607.674,999.0,970.858,553.627,579.558,454.917,582.982,607.674,553.627,553.627,999.0,970.858,454.917,582.982,579.558,0,0,0,0,0,0,0,0,0,0
7.80813,81.45168,4.97,339.35,308.72,D,N,n,2026-08-30,826,609.905,999.0,967.035,557.02,583.585,469.279,585.628,609.905,557.02,557.02,999.0,967.035,469.279,585.628,583.585,0,0,0,0,0,0,0,0,0,0
7.80942,81.45202,4.33,342.3,308.39,D,N,n,2026-08-30,826,609.772,999.0,966.89,556.891,583.458,469.179,585.497,609.772,556.891,556.891,999.0,966.89,469.179,585.497,583.458,0,0,0,0,0,0,0,0,0,0
7.81643,81.36108,7.87,338.02,308.95,D,N,l,2026-08-30,826,606.987,999.0,966.492,553.658,579.994,463.174,582.55,606.987,553.658,553.658,999.0,966.492,463.174,582.55,579.994,0,0,0,0,0,0,0,0,0,0
7.87288,81.46512,4.66,336.09,308.48,D,N,l,2026-08-30,826,603.182,999.0,959.79,550.447,577.092,464.051,578.958,603.182,550.447,550.447,999.0,959.79,464.051,578.958,577.092,0,0,0,0,0,0,0,0,0,0
7.87428,81.41622,9.46,347.81,308.64,D,N,n,2026-08-30,826,601.899,999.0,959.821,548.914,575.435,460.98,577.584,601.899,548.914,548.914,999.0,959.821,460.98,577.584,575.435,0,0,0,0,0,0,0,0,0,0
8.60875,77.83811,2.3,330.12,284.72,D,N,n,2026-08-30,826,572.624,988.997,747.216,449.418,449.501,74.636,416.432,572.624,449.418,449.418,988.997,747.216,74.636,416.432,449.501,0,0,0,0,0,0,0,0,0,0
8.78732,78.01003,4.32,339.42,301.37,D,N,n,2026-08-30,828,546.343,967.591,731.707,429.617,430.483,96.691,407.087,546.343,429.617,429.617,967.591,731.707,96.691,407.087,430.483,0,0,0,0,0,0,0,0,0,0
8.80542,78.10815,2.62,335.36,296.09,D,N,n,2026-08-30,828,539.772,964.806,732.217,427.679,429.321,107.628,408.557,539.772,427.679,427.679,964.806,732.217,107.628,408.557,429.321,0,0,0,0,0,0,0,0,0,0
8.88687,77.78855,3.0,336.67,297.2,D,N,n,2026-08-30,828,548.023,958.759,715.821,418.476,418.493,77.976,387.147,548.023,418.476,418.476,958.759,715.821,77.976,387.147,418.493,0,0,0,0,0,0,0,0,0,0
8.91,77.59529,1.37,335.65,296.51,D,N,n,2026-08-30,828,556.563,958.613,709.473,416.221,416.24,61.608,374.089,556.563,416.221,416.221,958.613,709.473,61.608,374.089,416.24,0,0,0,0,0,0,0,0,0,0
8.93239,77.96133,2.9,333.2,296.5,D,N,n,2026-08-30,828,534.467,951.945,714.792,413.552,414.057,97.227,390.094,534.467,413.552,413.552,951.945,714.792,97.227,390.094,414.057,0,0,0,0,0,0,0,0,0,0
8.93294,77.9651,2.9,349.29,296.81,D,N,n,2026-08-30,828,534.219,951.849,714.824,413.483,414.019,97.628,390.16,534.219,413.483,413.483,951.849,714.824,97.628,390.16,414.019,0,0,0,0,0,0,0,0,0,0
9.11369,77.77237,1.37,334.29,298.66,D,N,n,2026-08-30,828,527.115,933.863,690.74,393.241,393.258,91.141,364.883,527.115,393.241,393.241,933.863,690.74,91.141,364.883,393.258,0,0,0,0,0,0,0,0,0,0
9.15121,78.32916,1.56,331.35,293.35,D,N,n,2026-08-30,828,494.617,925.064,701.335,390.497,394.193,143.56,381.763,494.617,390.497,390.497,925.064,701.335,143.56,381.763,394.193,0,0,0,0,0,0,0,0,0,0
9.32007,77.4914,2.53,333.17,290.35,D,N,n,2026-08-30,828,524.671,914.939,662.625,371.128,371.37,55.059,329.015,524.671,371.128,371.128,914.939,662.625,55.059,329.015,371.37,0,0,0,0,0,0,0,0,0,0
9.40266,80.43048,4.05,328.22,295.28,D,N,n,2026-08-30,828,419.212,876.166,773.12,362.346,386.364,259.432,393.533,419.212,362.346,362.346,876.166,773.12,259.432,393.533,386.364,0,0,0,0,0,0,0,0,0,0
9.42778,80.38101,1.83,331.15,292.84,D,N,n,2026-08-30,828,416.235,874.246,767.821,359.131,382.904,254.138,390.482,416.235,359.131,359.131,874.246,767.821,254.138,390.482,382.904,0,0,0,0,0,0,0,0,0,0
9.44417,77.66956,5.42,357.05,290.55,D,N,n,2026-08-30,828,502.209,898.663,652.496,356.591,356.609,65.337,326.461,502.209,356.591,356.591,898.663,652.496,65.337,326.461,356.609,0,0,0,0,0,0,0,0,0,0
9.44472,77.67329,5.42,339.12,287.31,D,N,n,2026-08-30,828,501.928,898.552,652.515,356.52,356.538,65.687,326.51,501.928,356.52,356.52,898.552,652.515,65.687,326.51,356.538,0,0,0,0,0,0,0,0,0,0
9.49209,77.66238,7.59,342.98,299.79,D,N,n,2026-08-30,828,498.257,893.474,647.116,351.284,351.302,61.541,321.113,498.257,351.284,351.284,893.474,647.116,61.541,321.113,351.302,0,0,0,0,0,0,0,0,0,0
9.51278,78.066,10.29,343.56,303.22,D,N,n,2026-08-30,828,472.509,886.69,654.846,348.963,350.58,100.029,333.373,472.509,348.963,348.963,886.69,654.846,100.029,333.373,350.58,0,0,0,0,0,0,0,0,0,0
9.82619,77.39869,1.05,331.44,303.27,D,N,l,2026-08-30,828,486.147,860.864,605.445,314.719,316.344,21.086,276.563,486.147,314.719,314.719,860.864,605.445,21.086,276.563,316.344,0,0,0,0,0,0,0,0,0,0
9.86126,78.18573,4.18,338.34,303.91,D,N,n,2026-08-30,828,432.53,847.095,621.179,310.646,313.753,107.4,303.887,432.53,310.646,310.646,847.095,621.179,107.4,303.887,313.753,0,0,0,0,0,0,0,0,0,0
9.87797,78.03197,1.97,336.6,294.37,D,N,n,2026-08-30,828,440.019,846.523,614.682,308.336,309.802,90.698,294.724,440.019,308.336,308.336,846.523,614.682,90.698,294.724,309.802,0,0,0,0,0,0,0,0,0,0
10.00316,76.4542,0.94,333.81,298.59,D,N,n,2026-08-30,828,545.018,864.507,577.884,305.234,307.663,12.56,212.334,545.018,305.234,305.234,864.507,577.884,12.56,212.334,307.663,0,0,0,0,0,0,0,0,0,0
11.80984,77.21425,61.33,335.6,301.41,D,N,n,2026-08-30,828,364.958,648.86,384.795,93.482,99.226,33.894,63.194,364.958,93.482,93.482,648.86,384.795,33.894,63.194,99.226,0,0,0,0,0,0,0,0,0,0
12.07999,76.99017,3.7,338.02,303.8,D,N,n,2026-08-30,828,376.343,626.478,350.948,67.193,69.571,24.013,24.786,376.343,67.193,67.193,626.478,350.948,24.013,24.786,69.571,0,0,0,0,0,0,0,0,0,0
12.48661,76.3177,3.61,336.89,298.79,D,N,n,2026-08-30,828,435.603,610.15,302.356,75.601,73.497,31.413,61.586,435.603,75.601,75.601,610.15,302.356,31.413,61.586,73.497,0,0,0,0,0,0,0,0,0,0
12.81456,78.60983,2.64,333.07,291.11,D,N,n,2026-08-30,828,184.579,516.903,349.516,11.519,25.159,26.173,94.353,184.579,11.519,11.519,516.903,349.516,26.173,94.353,25.159,0,0,0,0,0,0,0,0,0,0
13.9402,78.66064,2.81,331.18,299.53,D,N,n,2026-08-30,828,194.181,391.659,271.456,17.635,15.843,31.173,120.526,194.181,17.635,17.635,391.659,271.456,31.173,120.526,15.843,0,0,0,0,0,0,0,0,0,0
13.99587,79.86121,3.16,330.58,297.69,D,N,n,2026-08-30,828,101.694,404.511,344.359,1.751,33.85,35.642,94.198,101.694,1.751,1.751,404.511,344.359,35.642,94.198,33.85,0,0,1,0,0,1,4,0,0,0
14.18999,77.3446,3.06,342.86,298.23,D,N,n,2026-08-30,828,336.135,392.212,144.448,28.023,0.538,97.645,98.908,336.135,28.023,28.023,392.212,144.448,97.645,98.908,0.538,0,1,0,0,0,0,0,0,0,0
14.29174,77.98407,3.76,337.34,294.69,D,N,n,2026-08-30,828,276.9,361.062,188.856,24.178,12.294,95.495,121.513,276.9,24.178,24.178,361.062,188.856,95.495,121.513,12.294,0,0,0,0,0,0,0,0,0,0
14.3499,77.63499,3.47,335.71,300.01,D,N,n,2026-08-30,828,313.662,364.779,154.359,10.905,12.093,112.204,128.84,313.662,10.905,10.905,364.779,154.359,112.204,128.84,12.093,0,0,0,0,0,0,0,0,0,0
14.4991,79.69765,1.87,330.15,297.16,D,N,n,2026-08-30,828,159.881,345.844,312.82,7.867,11.321,47.323,152.865,159.881,7.867,7.867,345.844,312.82,47.323,152.865,11.321,0,0,0,0,0,0,0,0,0,0
14.50312,79.69711,1.54,336.85,296.91,D,N,n,2026-08-30,828,160.315,345.4,312.542,8.09,11.285,47.414,153.309,160.315,8.09,8.09,345.4,312.542,47.414,153.309,11.285,0,0,0,0,0,0,0,0,0,0
14.67836,76.89172,2.11,333.67,291.89,D,N,n,2026-08-30,828,401.613,365.663,71.663,3.996,11.271,48.589,68.187,401.613,3.996,3.996,365.663,71.663,48.589,68.187,11.271,0,0,1,0,0,0,1,0,0,0
14.69206,79.62556,2.12,331.61,295.71,D,N,n,2026-08-30,828,182.66,323.048,303.609,7.491,6.372,52.162,175.665,182.66,7.491,7.491,323.048,303.609,52.162,175.665,6.372,0,0,0,0,0,0,0,0,0,0
14.71446,79.98879,7.26,342.4,295.02,D,N,n,2026-08-30,828,173.738,328.998,273.846,2.034,43.447,85.623,170.357,173.738,2.034,2.034,328.998,273.846,85.623,170.357,43.447,0,0,1,0,0,0,1,0,0,0
14.84624,78.37249,2.01,332.45,299.84,D,N,n,2026-08-30,828,276.938,293.146,204.905,1.618,12.871,75.169,191.045,276.938,1.618,1.618,293.146,204.905,75.169,191.045,12.871,0,0,1,0,0,1,1,0,0,0
15.43925,77.664,2.43,333.31,291.37,D,N,n,2026-08-30,828,377.581,251.25,127.635,18.573,20.388,86.445,129.812,377.581,18.573,18.573,251.25,127.635,86.445,129.812,20.388,0,0,0,0,0,0,0,0,0,0
15.93384,79.5267,4.06,343.13,289.76,D,N,n,2026-08-30,828,260.692,190.715,245.587,26.568,37.805,1.834,132.03,260.692,26.568,26.568,190.715,245.587,1.834,132.03,37.805,0,0,0,1,0,0,0,0,1,0
19.7772,73.79005,2.03,333.97,293.26,D,N,n,2026-08-30,830,283.844,190.712,330.999,38.975,37.525,11.251,56.009,283.844,38.975,38.975,190.712,330.999,11.251,56.009,37.525,0,0,0,0,0,0,0,0,0,0
21.17639,74.58324,1.91,334.94,291.83,D,N,n,2026-08-30,830,176.411,203.651,260.562,79.04,102.994,11.597,40.83,176.411,79.04,79.04,203.651,260.562,11.597,40.83,102.994,0,0,0,0,0,0,0,0,0,0
30.02923,71.74337,0.57,332.13,304.36,D,N,l,2026-08-30,835,309.325,872.428,643.799,262.736,266.265,258.062,119.121,309.325,262.736,262.736,872.428,643.799,258.062,119.121,266.265,0,0,0,0,0,0,0,0,0,0
30.08648,71.7243,1.66,334.33,303.89,D,N,n,2026-08-30,835,311.388,878.231,650.414,264.165,268.286,261.314,122.617,311.388,264.165,264.165,878.231,650.414,261.314,122.617,268.286,0,0,0,0,0,0,0,0,0,0
30.11638,73.26059,3.03,335.4,305.78,D,N,l,2026-08-30,835,164.356,925.872,621.682,116.42,121.27,125.429,186.101,164.356,116.42,116.42,925.872,621.682,125.429,186.101,121.27,0,0,0,0,0,0,0,0,0,0
30.11697,73.26498,5.74,336.37,305.23,D,N,n,2026-08-30,835,163.946,926.092,621.707,115.994,120.861,125.112,185.832,163.946,115.994,115.994,926.092,621.707,125.112,185.832,120.861,0,0,0,0,0,0,0,0,0,0
30.16407,74.51582,3.35,331.57,302.09,D,N,l,2026-08-30,835,50.123,983.168,606.962,4.793,16.184,48.268,101.95,50.123,4.793,4.793,983.168,606.962,48.268,101.95,16.184,0,0,1,0,0,0,1,0,0,0
30.35123,73.65195,1.82,334.44,300.2,D,N,n,2026-08-30,835,133.995,964.642,643.642,79.97,93.114,105.135,143.987,133.995,79.97,79.97,964.642,643.642,105.135,143.987,93.114,0,0,0,0,0,0,0,0,0,0
30.51386,73.90864,2.87,335.57,299.41,D,N,n,2026-08-30,835,120.177,991.283,655.383,55.17,68.305,75.091,116.616,120.177,55.17,55.17,991.283,655.383,75.091,116.616,68.305,0,0,0,0,0,0,0,0,0,0
31.10913,74.49384,9.69,345.2,299.84,D,N,n,2026-08-30,835,139.036,999.0,711.516,23.279,24.245,38.067,40.715,139.036,23.279,23.279,999.0,711.516,38.067,40.715,24.245,0,0,0,0,0,0,0,0,0,0
31.12675,74.30208,4.14,342.96,300.91,D,N,n,2026-08-30,835,147.888,999.0,715.794,37.047,38.667,32.951,39.508,147.888,37.047,37.047,999.0,715.794,32.951,39.508,38.667,0,0,0,0,0,0,0,0,0,0
31.2082,73.91856,3.87,337.22,300.68,D,N,n,2026-08-30,835,174.272,999.0,730.795,73.158,75.009,40.155,50.043,174.272,73.158,73.158,999.0,730.795,40.155,50.043,75.009,0,0,0,0,0,0,0,0,0,0
31.2118,73.91795,2.3,331.16,299.86,D,N,n,2026-08-30,835,174.634,999.0,731.199,73.382,75.228,39.967,49.768,174.634,73.382,73.382,999.0,731.199,39.967,49.768,75.228,0,0,0,0,0,0,0,0,0,0
31.39489,72.12487,1.87,333.23,300.88,D,N,n,2026-08-30,835,316.376,999.0,779.703,240.416,244.396,177.654,202.231,316.376,240.416,240.416,999.0,779.703,177.654,202.231,244.396,0,0,0,0,0,0,0,0,0,0
31.4235,72.12935,3.19,331.22,300.79,D,N,n,2026-08-30,835,317.64,999.0,782.709,240.92,244.642,176.547,201.514,317.64,240.92,240.92,999.0,782.709,176.547,201.514,244.642,0,0,0,0,0,0,0,0,0,0
31.46879,72.1555,3.6,335.84,301.51,D,N,n,2026-08-30,835,318.164,999.0,787.074,240.086,243.36,173.124,198.676,318.164,240.086,240.086,999.0,787.074,173.124,198.676,243.36,0,0,0,0,0,0,0,0,0,0
31.56918,72.22474,2.25,334.87,302.29,D,N,n,2026-08-30,835,318.801,999.0,796.586,237.713,239.945,164.911,191.759,318.801,237.713,237.713,999.0,796.586,164.911,191.759,239.945,0,0,0,0,0,0,0,0,0,0
31.56943,72.27724,1.98,340.52,301.32,D,N,n,2026-08-30,835,314.729,999.0,795.601,233.101,235.193,159.974,186.785,314.729,233.101,233.101,999.0,795.601,159.974,186.785,235.193,0,0,0,0,0,0,0,0,0,0
31.58139,72.28816,2.12,337.8,299.58,D,N,n,2026-08-30,835,314.649,999.0,796.697,232.644,234.6,158.782,185.752,314.649,232.644,232.644,999.0,796.697,158.782,185.752,234.6,0,0,0,0,0,0,0,0,0,0
32.05318,73.38254,3.08,337.5,301.33,D,N,n,2026-08-30,835,280.615,999.0,833.398,171.189,172.515,64.133,78.041,280.615,171.189,171.189,999.0,833.398,64.133,78.041,172.515,0,0,0,0,0,0,0,0,0,0
32.09223,73.23719,2.2,330.89,299.99,D,N,n,2026-08-30,835,291.807,999.0,840.794,183.875,185.262,73.152,91.349,291.807,183.875,183.875,999.0,840.794,73.152,91.349,185.262,0,0,0,0,0,0,0,0,0,0
32.30693,73.28819,3.64,337.47,297.34,D,N,n,2026-08-30,835,309.249,999.0,862.91,198.235,199.449,55.448,88.592,309.249,198.235,198.235,999.0,862.91,55.448,88.592,199.449,0,0,0,0,0,0,0,0,0,0
32.8883,71.61584,1.77,331.99,303.18,D,N,l,2026-08-30,835,457.477,999.0,952.345,357.204,358.769,209.428,257.143,457.477,357.204,357.204,999.0,952.345,209.428,257.143,358.769,0,0,0,0,0,0,0,0,0,0
33.58202,69.2417,3.52,340.44,315.16,D,N,l,2026-08-30,835,676.203,999.0,999.0,584.925,586.645,441.643,490.994,676.203,584.925,584.925,999.0,999.0,441.643,490.994,586.645,0,0,0,0,0,0,0,0,0,0
33.84936,72.20547,3.38,340.8,297.4,D,N,n,2026-08-30,835,508.183,999.0,999.0,395.869,396.932,166.94,241.661,508.183,395.869,395.869,999.0,999.0,166.94,241.661,396.932,0,0,0,0,0,0,0,0,0,0
7.13631,81.13902,1.72,296.16,280.67,N,N,n,2026-08-30,1921,677.513,999.0,999.0,622.628,647.964,465.87,652.539,677.513,622.628,622.628,999.0,999.0,465.87,652.539,647.964,0,0,0,0,0,0,0,0,0,0
7.14013,81.1341,3.59,297.7,283.35,N,N,n,2026-08-30,1921,677.017,999.0,999.0,622.116,647.44,465.214,652.038,677.017,622.116,622.116,999.0,999.0,465.214,652.038,647.44,0,0,0,0,0,0,0,0,0,0
7.28379,81.16539,1.34,304.2,288.27,N,N,n,2026-08-30,1921,661.695,999.0,999.0,607.012,632.497,463.249,636.789,661.695,607.012,607.012,999.0,999.0,463.249,636.789,632.497,0,0,0,0,0,0,0,0,0,0
7.6078,81.15397,0.82,303.16,288.01,N,N,n,2026-08-30,1921,625.882,999.0,984.684,571.388,597.026,452.126,601.037,625.882,571.388,571.388,999.0,984.684,452.126,601.037,597.026,0,0,0,0,0,0,0,0,0,0
8.86712,81.02701,1.75,309.61,287.51,N,N,n,2026-08-30,1921,485.419,927.96,852.348,431.492,457.631,345.831,460.735,485.419,431.492,431.492,927.96,852.348,345.831,460.735,457.631,0,0,0,0,0,0,0,0,0,0
8.86843,81.02491,2.71,316.5,287.9,N,N,n,2026-08-30,1921,485.237,927.832,852.223,431.298,457.432,345.576,460.549,485.237,431.298,431.298,927.832,852.223,345.576,460.549,457.432,0,0,0,0,0,0,0,0,0,0
31.61482,74.37532,0.61,311.52,295.45,N,N,n,2026-08-30,2055,195.976,999.0,768.683,79.445,80.298,12.358,10.184,195.976,79.445,79.445,999.0,768.683,12.358,10.184,80.298,0,0,0,0,0,0,0,0,0,0
31.64126,74.42704,0.49,308.12,295.23,N,N,n,2026-08-30,2055,197.427,999.0,771.023,80.876,81.777,12.811,15.807,197.427,80.876,80.876,999.0,771.023,12.811,15.807,81.777,0,0,0,0,0,0,0,0,0,0
31.769,70.10805,4.57,312.33,295.54,N,N,n,2026-08-30,2055,506.122,999.0,882.372,435.739,439.891,359.105,290.352,506.122,435.739,435.739,999.0,882.372,359.105,290.352,439.891,0,0,0,0,0,0,0,0,0,0
32.0868,74.16059,2.11,315.49,294.79,N,N,n,2026-08-30,2055,252.134,999.0,823.37,135.676,136.513,42.892,6.352,252.134,135.676,135.676,999.0,823.37,42.892,6.352,136.513,0,0,0,0,0,0,0,0,0,0
32.08741,74.15643,0.65,308.49,294.49,N,N,n,2026-08-30,2055,252.321,999.0,823.492,135.872,136.707,42.777,6.575,252.321,135.872,135.872,999.0,823.492,42.777,6.575,136.707,0,0,0,0,0,0,0,0,0,0
32.13232,74.17843,0.79,312.92,295.18,N,N,n,2026-08-30,2055,256.444,999.0,828.15,139.915,140.77,40.864,2.634,256.444,139.915,139.915,999.0,828.15,40.864,2.634,140.77,0,0,0,0,1,0,0,0,0,2
32.57351,72.56357,4.1,309.26,294.88,N,N,n,2026-08-30,2055,372.456,999.0,900.949,266.612,268.032,117.307,162.017,372.456,266.612,266.612,999.0,900.949,117.307,162.017,268.032,0,0,0,0,0,0,0,0,0,0
32.64409,72.9769,1.59,307.1,293.7,N,N,n,2026-08-30,2055,356.508,999.0,904.037,245.738,246.94,79.407,128.853,356.508,245.738,245.738,999.0,904.037,79.407,128.853,246.94,0,0,0,0,0,0,0,0,0,0
32.88999,71.6175,3.33,308.91,293.74,N,N,n,2026-08-30,2055,457.501,999.0,952.491,357.193,358.756,209.309,257.056,457.501,357.193,357.193,999.0,952.491,209.309,257.056,358.756,0,0,0,0,0,0,0,0,0,0
33.29611,71.18341,0.8,310.8,293.05,N,N,n,2026-08-30,2055,518.05,999.0,999.0,416.789,418.31,259.792,311.14,518.05,416.789,416.789,999.0,999.0,259.792,311.14,418.31,0,0,0,0,0,0,0,0,0,0
33.29622,71.18803,1.09,306.97,293.04,N,N,n,2026-08-30,2055,517.758,999.0,999.0,416.46,417.98,259.388,310.752,517.758,416.46,416.46,999.0,999.0,259.388,310.752,417.98,0,0,0,0,0,0,0,0,0,0
24.68952,73.00175,1.08,308.21,292.27,N,N,n,2026-08-30,2057,257.16,401.333,87.139,0.301,1.493,22.157,67.007,257.16,0.301,0.301,401.333,87.139,22.157,67.007,1.493,0,1,1,0,0,1,1,0,0,0
25.9433,72.19072,2.98,329.62,294.95,N,N,n,2026-08-30,2057,407.322,462.636,227.703,161.303,144.9,82.96,138.77,407.322,161.303,161.303,462.636,227.703,82.96,138.77,144.9,0,0,0,0,0,0,0,0,0,0
25.94431,72.19051,2.14,325.37,295.03,N,N,n,2026-08-30,2057,407.436,462.721,227.795,161.411,145.014,82.968,138.867,407.436,161.411,161.411,462.721,227.795,82.968,138.867,145.014,0,0,0,0,0,0,0,0,0,0
26.09499,68.87773,0.92,305.36,295.07,N,N,n,2026-08-30,2057,421.556,426.326,528.418,159.234,160.71,164.383,317.24,421.556,159.234,159.234,426.326,528.418,164.383,317.24,160.71,0,0,0,0,0,0,0,0,0,0
26.60605,73.68385,0.71,305.13,292.92,N,N,n,2026-08-30,2057,388.667,609.752,229.229,145.732,218.628,66.934,209.368,388.667,145.732,145.732,609.752,229.229,66.934,209.368,218.628,0,0,0,0,0,0,0,0,0,0
26.87274,73.51597,1.35,306.77,293.13,N,N,n,2026-08-30,2057,366.611,622.48,260.435,132.981,235.192,67.513,223.612,366.611,132.981,132.981,622.48,260.435,67.513,223.612,235.192,0,0,0,0,0,0,0,0,0,0
26.87605,73.51661,1.26,309.34,293.23,N,N,n,2026-08-30,2057,366.246,622.811,260.792,132.677,234.908,67.365,223.544,366.246,132.677,132.677,622.811,260.792,67.365,223.544,234.908,0,0,0,0,0,0,0,0,0,0
26.87664,73.51275,1.39,304.99,292.77,N,N,n,2026-08-30,2057,366.33,622.632,260.907,132.903,235.161,67.722,223.927,366.33,132.903,132.903,622.632,260.907,67.722,223.927,235.161,0,0,0,0,0,0,0,0,0,0
27.66868,76.13271,0.32,296.11,276.77,N,N,n,2026-08-30,2057,210.977,812.501,335.002,0.367,0.897,15.21,93.035,210.977,0.367,0.367,812.501,335.002,15.21,93.035,0.897,0,1,1,0,0,1,2,0,0,0
27.66938,76.12862,0.32,299.11,279.78,N,N,n,2026-08-30,2057,211.04,812.389,334.976,0.316,1.252,15.026,92.96,211.04,0.316,0.316,812.389,334.976,15.026,92.96,1.252,0,1,1,0,0,1,2,0,0,0
28.35198,70.13081,0.75,307.1,296.83,N,N,n,2026-08-30,2057,499.563,666.058,561.893,406.316,406.758,313.385,124.681,499.563,406.316,406.316,666.058,561.893,313.385,124.681,406.758,0,0,0,0,0,0,0,0,0,0
28.42588,69.698,1.83,310.32,297.18,N,N,n,2026-08-30,2057,536.381,673.916,596.961,418.524,418.81,327.946,148.53,536.381,418.524,418.524,673.916,596.961,327.946,148.53,418.81,0,0,0,0,0,0,0,0,0,0
28.74306,76.92912,1.91,316.04,291.02,N,N,n,2026-08-30,2057,79.101,954.469,472.539,3.936,3.437,14.288,15.478,79.101,3.936,3.936,954.469,472.539,14.288,15.478,3.437,0,1,1,0,0,0,5,0,0,0
29.45914,76.89161,3.18,316.03,292.1,N,N,n,2026-08-30,2057,1.756,999.0,546.796,0.627,1.811,50.213,79.134,1.756,0.627,0.627,999.0,546.796,50.213,79.134,1.811,1,1,1,0,0,1,8,3,0,0
29.4759,76.85623,2.28,311.77,289.97,N,N,n,2026-08-30,2057,2.202,999.0,547.583,1.13,2.092,53.181,82.179,2.202,1.13,1.13,999.0,547.583,53.181,82.179,2.092,1,1,1,0,0,1,8,3,0,0
18.54634,74.25378,1.13,311.92,289.64,N,N,n,2026-08-30,2059,427.322,331.07,424.28,177.09,177.345,34.168,39.162,427.322,177.09,177.09,331.07,424.28,34.168,39.162,177.345,0,0,0,0,0,0,0,0,0,0
18.68969,73.04101,1.57,304.97,291.93,N,N,n,2026-08-30,2059,403.067,271.281,427.411,157.115,160.733,21.906,24.382,403.067,157.115,157.115,271.281,427.411,21.906,24.382,160.733,0,0,0,0,0,0,0,0,0,0
18.69302,73.0416,3.62,319.89,293.8,N,N,n,2026-08-30,2059,402.693,270.926,427.052,156.746,160.365,21.62,24.1,402.693,156.746,156.746,270.926,427.052,21.62,24.1,160.365,0,0,0,0,0,0,0,0,0,0
19.93695,73.71136,2.32,323.05,287.35,N,N,n,2026-08-30,2059,265.106,171.84,311.427,23.55,21.071,8.427,36.656,265.106,23.55,23.55,171.84,311.427,8.427,36.656,21.071,0,0,0,0,0,0,0,0,0,0
20.35619,72.94963,1.84,305.96,291.96,N,N,n,2026-08-30,2059,220.738,89.193,242.881,1.079,10.291,23.724,17.231,220.738,1.079,1.079,89.193,242.881,23.724,17.231,10.291,0,0,1,0,0,1,26,0,0,0
21.10102,72.63954,0.49,295.93,281.97,N,N,n,2026-08-30,2059,150.509,1.92,156.225,1.075,1.97,65.916,3.976,150.509,1.075,1.075,1.92,156.225,65.916,3.976,1.97,0,1,1,0,1,1,3,0,0,1
21.1016,72.63586,1.65,315.23,282.26,N,N,n,2026-08-30,2059,150.573,1.568,156.126,1.229,2.04,66.229,3.88,150.573,1.229,1.229,1.568,156.126,66.229,3.88,2.04,0,1,1,0,1,1,3,0,0,1
21.26307,72.94081,2.1,312.03,293.36,N,N,n,2026-08-30,2059,123.913,37.896,144.866,1.018,5.419,29.99,7.624,123.913,1.018,1.018,37.896,144.866,29.99,7.624,5.419,0,0,1,0,0,1,9,0,0,0
21.79665,72.08905,1.45,308.36,292.6,N,N,n,2026-08-30,2059,124.309,95.309,88.926,2.602,12.33,69.605,92.601,124.309,2.602,2.602,95.309,88.926,69.605,92.601,12.33,0,0,1,0,0,0,4,0,0,0
9.67002,77.45597,0.77,297.92,278.12,N,N,n,2026-08-30,2101,495.713,877.024,623.598,332.17,332.931,31.742,294.348,495.713,332.17,332.17,877.024,623.598,31.742,294.348,332.931,0,0,0,0,0,0,0,0,0,0
11.62482,79.08276,0.94,304.91,283.7,N,N,n,2026-08-30,2101,215.037,650.288,485.849,118.215,133.672,30.767,191.987,215.037,118.215,118.215,650.288,485.849,30.767,191.987,133.672,0,0,0,0,0,0,0,0,0,0
13.71089,79.62021,1.05,304.97,281.19,N,N,n,2026-08-30,2101,92.609,428.258,374.543,1.301,10.996,9.798,79.641,92.609,1.301,1.301,428.258,374.543,9.798,79.641,10.996,0,0,1,0,0,1,1,0,0,0
13.82755,79.33979,0.49,302.83,278.47,N,N,n,2026-08-30,2101,124.509,409.661,341.66,6.599,28.59,29.36,110.619,124.509,6.599,6.599,409.661,341.66,29.36,110.619,28.59,0,0,0,0,0,0,0,0,0,0
13.82812,79.33691,0.49,305.97,279.11,N,N,n,2026-08-30,2101,124.799,409.548,341.354,6.908,28.83,29.433,110.898,124.799,6.908,6.908,409.548,341.354,29.433,110.898,28.83,0,0,0,0,0,0,0,0,0,0
13.82816,79.33921,0.64,305.91,278.87,N,N,n,2026-08-30,2101,124.6,409.584,341.573,6.66,28.682,29.324,110.71,124.6,6.66,6.66,409.584,341.573,29.324,110.71,28.682,0,0,0,0,0,0,0,0,0,0
13.82868,79.33408,0.73,302.13,278.63,N,N,n,2026-08-30,2101,125.084,409.438,341.053,7.205,29.067,29.508,111.173,125.084,7.205,7.205,409.438,341.053,29.508,111.173,29.067,0,0,0,0,0,0,0,0,0,0
13.82871,79.33633,0.64,304.76,278.4,N,N,n,2026-08-30,2101,124.888,409.473,341.268,6.963,28.92,29.4,110.988,124.888,6.963,6.963,409.473,341.268,29.4,110.988,28.92,0,0,0,0,0,0,0,0,0,0
15.16888,76.67051,0.4,297.02,279.46,N,N,n,2026-08-30,2101,447.421,335.504,18.622,11.9,21.295,26.87,29.815,447.421,11.9,11.9,335.504,18.622,26.87,29.815,21.295,0,0,0,0,0,0,0,0,0,0
15.17345,76.78623,0.79,302.27,284.14,N,N,n,2026-08-30,2101,436.886,327.217,30.857,0.191,10.451,17.026,39.891,436.886,0.191,0.191,327.217,30.857,17.026,39.891,10.451,0,0,1,0,0,1,6,0,0,0
15.17362,76.69113,0.52,301.13,281.35,N,N,n,2026-08-30,2101,445.751,333.675,20.719,9.767,19.048,26.726,31.225,445.751,9.767,9.767,333.675,20.719,26.726,31.225,19.048,0,0,0,0,0,0,0,0,0,0
15.1757,76.65623,3.12,320.74,283.06,N,N,n,2026-08-30,2101,449.129,335.92,16.982,12.887,22.469,25.246,28.156,449.129,12.887,12.887,335.92,16.982,25.246,28.156,22.469,0,0,0,0,0,0,0,0,0,0
15.17636,76.67603,2.05,312.47,284.26,N,N,n,2026-08-30,2101,447.312,334.486,19.072,10.966,20.442,26.739,29.752,447.312,10.966,10.966,334.486,19.072,26.739,29.752,20.442,0,0,0,0,0,0,0,0,0,0
15.17842,76.66464,1.47,301.31,282.67,N,N,n,2026-08-30,2101,448.49,335.104,17.83,11.943,21.517,25.683,28.653,448.49,11.943,11.943,335.104,17.83,25.683,28.653,21.517,0,0,0,0,0,0,0,0,0,0
15.18182,76.66927,1.46,302.97,282.18,N,N,n,2026-08-30,2101,448.242,334.493,18.276,11.331,20.926,25.794,28.806,448.242,11.331,11.331,334.493,18.276,25.794,28.806,20.926,0,0,0,0,0,0,0,0,0,0
15.1825,76.66548,1.46,315.65,280.75,N,N,n,2026-08-30,2101,448.634,334.7,17.864,11.67,21.29,25.441,28.44,448.634,11.67,11.67,334.7,17.864,25.441,28.44,21.29,0,0,0,0,0,0,0,0,0,0
6.95868,79.95699,1.05,300.79,282.46,N,N,n,2026-08-30,2104,691.493,999.0,990.862,633.058,649.825,354.206,665.376,691.493,633.058,633.058,999.0,990.862,354.206,665.376,649.825,0,0,0,0,0,0,0,0,0,0
6.74823,81.75127,2.28,333.23,303.36,D,N,l,2026-08-31,807,732.104,999.0,999.0,679.409,705.982,544.191,707.923,732.104,679.409,679.409,999.0,999.0,544.191,707.923,705.982,0,0,0,0,0,0,0,0,0,0
6.99914,81.59812,4.66,345.91,307.0,D,N,n,2026-08-31,807,701.255,999.0,999.0,648.159,674.549,518.694,676.922,701.255,648.159,648.159,999.0,999.0,518.694,676.922,674.549,0,0,0,0,0,0,0,0,0,0
6.99967,81.60159,5.33,335.33,306.99,D,N,l,2026-08-31,807,701.275,999.0,999.0,648.196,674.593,519.035,676.949,701.275,648.196,648.196,999.0,999.0,519.035,676.949,674.593,0,0,0,0,0,0,0,0,0,0
7.00193,81.59413,4.66,340.51,306.28,D,N,n,2026-08-31,807,700.861,999.0,999.0,647.751,674.133,518.175,676.523,700.861,647.751,647.751,999.0,999.0,518.175,676.523,674.133,0,0,0,0,0,0,0,0,0,0
7.00246,81.59761,4.66,349.4,309.62,D,N,n,2026-08-31,807,700.882,999.0,999.0,647.788,674.178,518.516,676.55,700.882,647.788,647.788,999.0,999.0,518.516,676.55,674.178,0,0,0,0,0,0,0,0,0,0
7.00911,81.5966,4.34,334.53,307.12,D,N,l,2026-08-31,807,700.135,999.0,999.0,647.043,673.435,518.161,675.804,700.135,647.043,647.043,999.0,999.0,518.161,675.804,673.435,0,0,0,0,0,0,0,0,0,0
7.07676,81.82498,3.59,341.21,304.24,D,N,n,2026-08-31,807,698.421,999.0,999.0,646.432,673.357,539.568,674.492,698.421,646.432,646.432,999.0,999.0,539.568,674.492,673.357,0,0,0,0,0,0,0,0,0,0
7.09931,80.83875,3.8,330.54,300.51,D,N,n,2026-08-31,807,677.808,999.0,999.0,621.795,646.268,436.164,652.447,677.808,621.795,621.795,999.0,999.0,436.164,652.447,646.268,0,0,0,0,0,0,0,0,0,0
7.17094,81.64171,8.79,345.22,300.2,D,N,n,2026-08-31,807,683.595,999.0,999.0,630.877,657.469,517.108,659.396,683.595,630.877,630.877,999.0,999.0,517.108,659.396,657.469,0,0,0,0,0,0,0,0,0,0
7.1865,81.38634,4.57,339.42,300.35,D,N,n,2026-08-31,807,676.327,999.0,999.0,622.494,648.495,489.785,651.724,676.327,622.494,622.494,999.0,999.0,489.785,651.724,648.495,0,0,0,0,0,0,0,0,0,0
7.32466,81.76436,4.49,343.9,297.2,D,N,n,2026-08-31,807,670.056,999.0,999.0,618.103,645.061,525.202,646.134,670.056,618.103,618.103,999.0,999.0,525.202,646.134,645.061,0,0,0,0,0,0,0,0,0,0
7.33384,81.80244,3.07,340.74,300.22,D,N,n,2026-08-31,807,670.092,999.0,999.0,618.337,645.382,528.982,646.243,670.092,618.337,618.337,999.0,999.0,528.982,646.243,645.382,0,0,0,0,0,0,0,0,0,0
7.43173,81.31496,2.02,330.4,294.08,D,N,n,2026-08-31,807,648.097,999.0,999.0,594.169,620.136,474.267,623.456,648.097,594.169,594.169,999.0,999.0,474.267,623.456,620.136,0,0,0,0,0,0,0,0,0,0
7.4614,80.99762,24.03,354.52,299.46,D,N,n,2026-08-31,807,639.636,999.0,990.198,584.386,609.492,439.723,614.53,639.636,584.386,584.386,999.0,990.198,439.723,614.53,609.492,0,0,0,0,0,0,0,0,0,0
7.47357,81.65829,9.86,346.07,297.84,D,N,n,2026-08-31,807,651.206,999.0,999.0,598.931,625.757,509.677,627.161,651.206,598.931,598.931,999.0,999.0,509.677,627.161,625.757,0,0,0,0,0,0,0,0,0,0
7.52729,80.8979,2.18,334.5,306.55,D,N,l,2026-08-31,807,631.094,999.0,978.45,575.484,600.325,427.128,605.864,631.094,575.484,575.484,999.0,978.45,427.128,605.864,600.325,0,0,0,0,0,0,0,0,0,0
7.60614,81.15155,8.72,339.35,301.8,D,N,n,2026-08-31,807,626.024,999.0,984.708,571.518,597.148,451.912,601.174,626.024,571.518,571.518,999.0,984.708,451.912,601.174,597.148,0,0,0,0,0,0,0,0,0,0
7.65419,81.40054,2.94,335.93,305.53,D,N,n,2026-08-31,807,625.528,999.0,984.341,572.214,598.543,477.419,601.101,625.528,572.214,572.214,999.0,984.341,477.419,601.101,598.543,0,0,0,0,0,0,0,0,0,0
7.70496,81.42134,6.93,340.73,303.38,D,N,n,2026-08-31,807,620.448,999.0,978.615,567.291,593.707,477.208,596.076,620.448,567.291,567.291,999.0,978.615,477.208,596.076,593.707,0,0,0,0,0,0,0,0,0,0
7.73714,79.95287,3.4,335.15,299.09,D,N,n,2026-08-31,807,605.081,999.0,911.031,546.564,563.585,320.61,578.939,605.081,546.564,546.564,999.0,911.031,320.61,578.939,563.585,0,0,0,0,0,0,0,0,0,0
7.73915,79.95213,5.01,345.5,299.7,D,N,n,2026-08-31,807,604.863,999.0,910.794,546.344,563.355,320.467,578.72,604.863,546.344,546.344,999.0,910.794,320.467,578.72,563.355,0,0,0,0,0,0,0,0,0,0
7.8739,80.07893,5.31,348.7,305.08,D,N,n,2026-08-31,807,589.241,999.0,903.004,531.011,550.019,330.039,563.176,589.241,531.011,531.011,999.0,903.004,330.039,563.176,550.019,0,0,0,0,0,0,0,0,0,0
7.87699,80.62096,2.86,331.9,302.63,D,N,n,2026-08-31,807,589.732,999.0,929.686,533.203,557.291,388.253,564.189,589.732,533.203,533.203,999.0,929.686,388.253,564.189,557.291,0,0,0,0,0,0,0,0,0,0
7.88657,80.13833,7.77,345.81,305.14,D,N,n,2026-08-31,807,587.633,999.0,904.542,529.557,549.479,336.081,561.612,587.633,529.557,529.557,999.0,904.542,336.081,561.612,549.479,0,0,0,0,0,0,0,0,0,0
7.88696,80.61943,3.88,341.73,302.18,D,N,n,2026-08-31,807,588.615,999.0,928.631,532.083,556.17,387.868,563.071,588.615,532.083,532.083,999.0,928.631,387.868,563.071,556.17,0,0,0,0,0,0,0,0,0,0
7.92286,81.40872,4.75,341.88,308.16,D,N,n,2026-08-31,807,596.443,999.0,954.454,543.479,570.015,455.998,572.134,596.443,543.479,543.479,999.0,954.454,455.998,572.134,570.015,0,0,0,0,0,0,0,0,0,0
7.94071,81.30248,20.34,345.2,308.84,D,N,n,2026-08-31,807,592.188,999.0,952.989,538.704,564.969,448.03,567.692,592.188,538.704,538.704,999.0,952.989,448.03,567.692,564.969,0,0,0,0,0,0,0,0,0,0
7.94124,81.30596,20.34,352.39,313.67,D,N,n,2026-08-31,807,592.203,999.0,952.911,538.736,565.012,448.183,567.713,592.203,538.736,538.736,999.0,952.911,448.183,567.713,565.012,0,0,0,0,0,0,0,0,0,0
7.94297,81.295,80.22,350.67,310.0,D,N,n,2026-08-31,807,591.787,999.0,952.78,538.267,564.514,447.381,567.278,591.787,538.267,538.267,999.0,952.78,447.381,567.278,564.514,0,0,0,0,0,0,0,0,0,0
7.94403,81.30197,20.34,352.31,313.41,D,N,n,2026-08-31,807,591.815,999.0,952.623,538.332,564.598,447.687,567.319,591.815,538.332,538.332,999.0,952.623,447.687,567.319,564.598,0,0,0,0,0,0,0,0,0,0
7.94456,81.30545,20.34,367.0,311.43,D,N,h,2026-08-31,807,591.829,999.0,952.545,538.364,564.641,447.841,567.34,591.829,538.364,538.364,999.0,952.545,447.841,567.34,564.641,0,0,0,0,0,0,0,0,0,0
7.95897,80.09814,3.06,338.14,304.5,D,N,l,2026-08-31,807,579.714,999.0,895.369,521.529,540.908,330.02,553.661,579.714,521.529,521.529,999.0,895.369,330.02,553.661,540.908,0,0,0,0,0,0,0,0,0,0
7.96847,80.62367,2.45,334.81,303.21,D,N,n,2026-08-31,807,579.6,999.0,920.901,523.11,547.246,386.644,554.069,579.6,523.11,523.11,999.0,920.901,386.644,554.069,547.246,0,0,0,0,0,0,0,0,0,0
7.99786,80.37258,6.58,332.12,305.98,D,N,l,2026-08-31,807,575.172,999.0,904.992,517.797,541.004,358.852,549.359,575.172,517.797,517.797,999.0,904.992,358.852,549.359,541.004,0,0,0,0,0,0,0,0,0,0
7.9984,80.37608,6.58,349.28,308.42,D,N,n,2026-08-31,807,575.12,999.0,905.116,517.756,540.977,359.22,549.31,575.12,517.756,517.756,999.0,905.116,359.22,549.31,540.977,0,0,0,0,0,0,0,0,0,0
8.01197,81.41592,4.35,340.12,310.95,D,N,l,2026-08-31,807,586.917,999.0,944.522,534.104,560.724,448.171,562.66,586.917,534.104,534.104,999.0,944.522,448.171,562.66,560.724,0,0,0,0,0,0,0,0,0,0
8.03437,80.19405,6.16,338.36,306.27,D,N,n,2026-08-31,807,571.078,999.0,892.47,513.154,534.103,338.786,545.1,571.078,513.154,513.154,999.0,892.47,338.786,545.1,534.103,0,0,0,0,0,0,0,0,0,0
8.08878,80.19277,5.01,344.37,305.52,D,N,n,2026-08-31,807,565.031,999.0,886.994,507.103,528.102,337.634,539.051,565.031,507.103,507.103,999.0,886.994,337.634,539.051,528.102,0,0,0,0,0,0,0,0,0,0
8.14198,79.99303,3.1,337.81,303.02,D,N,n,2026-08-31,807,559.888,999.0,872.018,501.421,519.291,314.995,533.757,559.888,501.421,501.421,999.0,872.018,314.995,533.757,519.291,0,0,0,0,0,0,0,0,0,0
8.2525,80.51107,2.72,330.03,304.77,D,N,l,2026-08-31,807,547.37,999.0,887.265,490.53,514.361,370.073,521.721,547.37,490.53,490.53,999.0,887.265,370.073,521.721,514.361,0,0,0,0,0,0,0,0,0,0
8.26829,80.17477,2.7,333.76,308.72,D,N,l,2026-08-31,807,545.109,999.0,868.289,487.125,508.076,333.073,519.111,545.109,487.125,487.125,999.0,868.289,333.073,519.111,508.076,0,0,0,0,0,0,0,0,0,0
8.28108,80.16919,3.83,341.22,309.37,D,N,n,2026-08-31,807,543.699,999.0,866.743,485.699,506.575,332.321,517.696,543.699,485.699,485.699,999.0,866.743,332.321,517.696,506.575,0,0,0,0,0,0,0,0,0,0
8.29091,80.21081,5.81,346.43,308.56,D,N,n,2026-08-31,807,542.53,999.0,867.867,484.655,506.227,336.777,516.563,542.53,484.655,484.655,999.0,867.867,336.777,516.563,506.227,0,0,0,0,0,0,0,0,0,0
8.30053,80.16256,3.66,339.1,308.91,D,N,n,2026-08-31,807,541.553,999.0,864.486,483.532,504.326,331.392,515.544,541.553,483.532,483.532,999.0,864.486,331.392,515.544,504.326,0,0,0,0,0,0,0,0,0,0
8.30774,80.12835,2.95,332.31,306.22,D,N,l,2026-08-31,807,540.848,999.0,862.062,482.727,502.965,327.571,514.811,540.848,482.727,482.727,999.0,862.062,327.571,514.811,502.965,0,0,0,0,0,0,0,0,0,0
8.31053,80.29387,1.4,334.22,305.49,D,N,l,2026-08-31,807,540.308,998.484,870.18,482.701,505.661,345.688,514.421,540.308,482.701,482.701,998.484,870.18,345.688,514.421,505.661,0,0,0,0,0,0,0,0,0,0
8.34692,80.20496,3.86,336.99,309.9,D,N,l,2026-08-31,807,536.311,995.978,862.044,478.418,499.978,335.616,510.338,536.311,478.418,478.418,995.978,862.044,335.616,510.338,499.978,0,0,0,0,0,0,0,0,0,0
8.34746,80.20847,3.85,336.17,309.73,D,N,l,2026-08-31,807,536.245,995.858,862.169,478.364,499.983,335.996,510.276,536.245,478.364,478.364,995.858,862.169,335.996,510.276,499.983,0,0,0,0,0,0,0,0,0,0
8.35775,80.80066,8.27,337.97,310.22,D,N,l,2026-08-31,807,538.136,986.507,893.146,482.566,507.535,380.07,512.903,538.136,482.566,482.566,986.507,893.146,380.07,512.903,507.535,0,0,0,0,0,0,0,0,0,0
8.36229,81.05286,6.7,337.65,310.94,D,N,l,2026-08-31,807,541.273,983.751,907.391,486.947,512.775,393.719,516.467,541.273,486.947,486.947,983.751,907.391,393.719,516.467,512.775,0,0,0,0,0,0,0,0,0,0
8.3721,80.43393,6.87,336.87,304.21,D,N,n,2026-08-31,807,533.744,989.535,871.518,476.638,500.205,360.556,508.01,533.744,476.638,476.638,989.535,871.518,360.556,508.01,500.205,0,0,0,0,0,0,0,0,0,0
8.3754,81.1614,3.98,336.39,307.17,D,N,l,2026-08-31,807,541.827,981.558,905.668,488.09,514.268,399.006,517.228,541.827,488.09,488.09,981.558,905.668,399.006,517.228,514.268,0,0,0,0,0,0,0,0,0,0
8.37858,80.18925,4.28,336.53,308.88,D,N,l,2026-08-31,807,532.818,992.777,858.123,474.876,496.222,333.648,506.831,532.818,474.876,474.876,992.777,858.123,333.648,506.831,496.222,0,0,0,0,0,0,0,0,0,0
8.38648,80.15206,4.9,334.03,304.84,D,N,l,2026-08-31,807,532.025,992.572,855.459,473.971,494.705,329.509,506.006,532.025,473.971,473.971,992.572,855.459,329.509,506.006,494.705,0,0,0,0,0,0,0,0,0,0
8.38703,80.15557,4.9,346.01,310.23,D,N,n,2026-08-31,807,531.955,992.448,855.582,473.911,494.704,329.891,505.939,531.955,473.911,473.911,992.448,855.582,329.891,505.939,494.704,0,0,0,0,0,0,0,0,0,0
8.4223,81.09,3.98,340.12,310.14,D,N,l,2026-08-31,807,535.343,976.823,901.048,481.273,507.263,390.32,510.625,535.343,481.273,481.273,976.823,901.048,390.32,510.625,507.263,0,0,0,0,0,0,0,0,0,0
8.42869,80.62504,5.61,341.14,308.86,D,N,n,2026-08-31,807,528.557,980.681,876.478,472.237,496.592,364.104,503.074,528.557,472.237,472.237,980.681,876.478,364.104,503.074,496.592,0,0,0,0,0,0,0,0,0,0
8.4316,80.79919,6.05,341.2,309.0,D,N,n,2026-08-31,807,529.954,978.347,886.047,474.422,499.431,372.811,504.732,529.954,474.422,474.422,978.347,886.047,372.811,504.732,499.431,0,0,0,0,0,0,0,0,0,0
8.43458,80.5528,2.47,331.43,304.61,D,N,l,2026-08-31,807,527.39,980.97,871.915,470.767,494.841,360.015,501.808,527.39,470.767,470.767,980.97,871.915,360.015,501.808,494.841,0,0,0,0,0,0,0,0,0,0
8.44716,80.87873,7.37,338.83,306.9,D,N,n,2026-08-31,807,529.247,975.825,889.175,474.11,499.413,375.678,504.159,529.247,474.11,474.11,975.825,889.175,375.678,504.159,499.413,0,0,0,0,0,0,0,0,0,0
8.4479,80.75037,3.6,335.29,308.52,D,N,l,2026-08-31,807,527.6,977.072,881.706,471.849,496.689,368.621,502.304,527.6,471.849,471.849,977.072,881.706,368.621,502.304,496.689,0,0,0,0,0,0,0,0,0,0
8.46928,80.77913,7.93,346.94,307.83,D,N,n,2026-08-31,807,525.554,974.391,881.322,469.95,494.91,368.077,500.307,525.554,469.95,469.95,974.391,881.322,368.077,500.307,494.91,0,0,0,0,0,0,0,0,0,0
8.47334,80.16677,7.33,342.12,309.88,D,N,n,2026-08-31,807,522.332,982.779,847.642,464.319,485.424,330.666,496.324,522.332,464.319,464.319,982.779,847.642,330.666,496.324,485.424,0,0,0,0,0,0,0,0,0,0
8.47485,80.77115,1.53,331.63,303.02,D,N,l,2026-08-31,807,524.847,973.862,880.336,469.209,494.143,367.107,499.589,524.847,469.209,469.209,973.862,880.336,367.107,499.589,494.143,0,0,0,0,0,0,0,0,0,0
8.47952,80.82387,4.13,331.96,303.15,D,N,l,2026-08-31,807,524.958,972.786,882.933,469.575,494.704,369.526,499.786,524.958,469.575,469.575,972.786,882.933,369.526,499.786,494.704,0,0,0,0,0,0,0,0,0,0
8.48646,80.36195,2.3,333.66,306.36,D,N,l,2026-08-31,807,520.83,978.04,856.557,463.476,486.779,346.126,495.018,520.83,463.476,463.476,978.04,856.557,346.126,495.018,486.779,0,0,0,0,0,0,0,0,0,0
8.49225,80.81834,11.16,353.12,310.05,D,N,n,2026-08-31,807,523.482,971.434,881.409,468.082,493.199,367.996,498.304,523.482,468.082,468.082,971.434,881.409,367.996,498.304,493.199,0,0,0,0,0,0,0,0,0,0
8.49849,80.39584,2.61,331.59,303.07,D,N,l,2026-08-31,807,519.574,976.188,857.203,462.348,485.8,346.368,493.801,519.574,462.348,462.348,976.188,857.203,346.368,493.801,485.8,0,0,0,0,0,0,0,0,0,0
8.49889,80.81732,4.41,341.45,307.32,D,N,n,2026-08-31,807,522.736,970.71,880.723,467.335,492.453,367.301,497.557,522.736,467.335,467.335,970.71,880.723,367.301,497.557,492.453,0,0,0,0,0,0,0,0,0,0
8.51151,80.56882,4.3,332.96,300.44,D,N,n,2026-08-31,807,518.955,972.265,865.406,462.426,486.6,353.101,493.402,518.955,462.426,462.426,972.265,865.406,353.101,493.402,486.6,0,0,0,0,0,0,0,0,0,0
8.51499,80.74651,9.52,334.79,309.49,D,N,l,2026-08-31,807,520.134,969.694,875.114,464.403,489.27,361.889,494.844,520.134,464.403,464.403,969.694,875.114,361.889,494.844,489.27,0,0,0,0,0,0,0,0,0,0
8.5192,80.46411,2.27,331.95,300.33,D,N,n,2026-08-31,807,517.517,972.882,858.897,460.559,484.307,347.345,491.828,517.517,460.559,460.559,972.882,858.897,347.345,491.828,484.307,0,0,0,0,0,0,0,0,0,0
8.55709,80.62238,5.71,336.88,306.97,D,N,l,2026-08-31,807,514.296,966.533,864.045,458.017,482.428,351.269,488.824,514.296,458.017,458.017,966.533,864.045,351.269,488.824,482.428,0,0,0,0,0,0,0,0,0,0
8.55763,80.62587,7.3,339.42,308.82,D,N,n,2026-08-31,807,514.265,966.428,864.19,458.001,482.427,351.394,488.797,514.265,458.001,458.001,966.428,864.19,351.394,488.797,482.427,0,0,0,0,0,0,0,0,0,0
8.56241,80.85677,6.27,347.43,309.81,D,N,n,2026-08-31,807,516.232,963.275,877.039,461.071,486.374,363.444,491.133,516.232,461.071,461.071,963.275,877.039,363.444,491.133,486.374,0,0,0,0,0,0,0,0,0,0
8.57523,80.74078,0.92,334.55,302.39,D,N,n,2026-08-31,807,513.406,963.096,869.076,457.683,482.565,355.746,488.117,513.406,457.683,457.683,963.096,869.076,355.746,488.117,482.565,0,0,0,0,0,0,0,0,0,0
8.5921,80.41267,9.48,348.81,308.67,D,N,n,2026-08-31,807,509.22,965.622,849.053,452.074,475.632,337.617,483.47,509.22,452.074,452.074,965.622,849.053,337.617,483.47,475.632,0,0,0,0,0,0,0,0,0,0
8.59252,80.60977,3.19,336.11,302.77,D,N,n,2026-08-31,807,510.266,962.783,859.952,453.946,478.326,347.136,484.78,510.266,453.946,453.946,962.783,859.952,347.136,484.78,478.326,0,0,0,0,0,0,0,0,0,0
8.59517,80.82677,24.38,344.09,307.19,D,N,n,2026-08-31,807,512.22,959.953,872.198,456.933,482.149,358.62,487.077,512.22,456.933,456.933,959.953,872.198,358.62,487.077,482.149,0,0,0,0,0,0,0,0,0,0
8.61153,80.51681,5.45,338.01,310.3,D,N,l,2026-08-31,807,507.527,961.946,852.92,450.81,474.818,340.597,481.912,507.527,450.81,450.81,961.946,852.92,340.597,481.912,474.818,0,0,0,0,0,0,0,0,0,0
8.6128,80.70208,4.65,334.35,307.32,D,N,l,2026-08-31,807,508.844,959.393,863.288,452.957,477.714,350.014,483.499,508.844,452.957,452.957,959.393,863.288,350.014,483.499,477.714,0,0,0,0,0,0,0,0,0,0
8.61921,81.14049,9.6,350.21,312.03,D,N,n,2026-08-31,807,514.745,954.626,878.793,461.182,487.487,375.43,490.199,514.745,461.182,461.182,954.626,878.793,375.43,490.199,487.487,0,0,0,0,0,0,0,0,0,0
8.6213,80.7978,6.63,348.51,306.04,D,N,n,2026-08-31,807,508.97,957.368,868.042,453.555,478.682,354.488,483.783,508.97,453.555,453.555,957.368,868.042,354.488,483.783,478.682,0,0,0,0,0,0,0,0,0,0
8.62135,80.97601,1.17,335.68,304.01,D,N,n,2026-08-31,807,511.515,955.637,878.62,457.031,482.796,364.942,486.647,511.515,457.031,457.031,955.637,878.62,364.942,486.647,482.796,0,0,0,0,0,0,0,0,0,0
8.62952,80.56754,3.18,333.65,303.3,D,N,n,2026-08-31,807,505.85,959.259,854.039,449.357,473.585,341.339,480.307,505.85,449.357,449.357,959.259,854.039,341.339,480.307,473.585,0,0,0,0,0,0,0,0,0,0
8.63006,80.57103,2.36,332.78,301.35,D,N,n,2026-08-31,807,505.814,959.152,854.184,449.337,473.579,341.463,480.276,505.814,449.337,449.337,959.152,854.184,341.463,480.276,473.579,0,0,0,0,0,0,0,0,0,0
8.63045,80.70648,4.17,339.82,310.42,D,N,l,2026-08-31,807,506.934,957.389,861.871,451.078,475.862,348.545,481.599,506.934,451.078,451.078,957.389,861.871,348.545,481.599,475.862,0,0,0,0,0,0,0,0,0,0
8.63466,80.53464,3.24,338.93,306.44,D,N,n,2026-08-31,807,505.064,959.145,851.7,448.43,472.524,339.179,479.476,505.064,448.43,448.43,959.145,851.7,339.179,479.476,472.524,0,0,0,0,0,0,0,0,0,0
8.6401,80.65864,15.49,339.77,303.83,D,N,n,2026-08-31,807,505.405,956.905,858.206,449.329,473.93,345.035,479.997,505.405,449.329,449.329,956.905,858.206,345.035,479.997,473.93,0,0,0,0,0,0,0,0,0,0
8.65994,80.76608,2.09,334.64,305.82,D,N,l,2026-08-31,807,504.32,953.441,862.548,448.773,473.805,349.01,479.088,504.32,448.773,448.773,953.441,862.548,349.01,479.088,473.805,0,0,0,0,0,0,0,0,0,0
8.66698,80.36886,3.35,337.97,307.33,D,N,n,2026-08-31,807,500.776,958.068,839.434,443.473,466.865,328.044,474.976,500.776,443.473,443.473,958.068,839.434,328.044,474.976,466.865,0,0,0,0,0,0,0,0,0,0
8.67386,80.74609,6.91,338.19,307.61,D,N,n,2026-08-31,807,502.552,952.128,860.069,446.915,471.88,346.557,477.29,502.552,446.915,446.915,952.128,860.069,346.557,477.29,471.88,0,0,0,0,0,0,0,0,0,0
8.68129,81.15162,6.41,341.5,311.49,D,N,n,2026-08-31,807,508.187,947.662,871.818,454.769,481.161,370.582,483.69,508.187,454.769,454.769,947.662,871.818,370.582,483.69,481.161,0,0,0,0,0,0,0,0,0,0
8.6821,80.75552,5.09,349.96,308.89,D,N,n,2026-08-31,807,501.748,951.109,859.844,446.162,471.169,346.3,476.502,501.748,446.162,446.162,951.109,859.844,346.3,476.502,471.169,0,0,0,0,0,0,0,0,0,0
8.74873,80.32748,3.57,338.49,305.13,D,N,n,2026-08-31,807,491.613,949.754,829.285,434.162,457.394,317.887,465.768,491.613,434.162,434.162,949.754,829.285,317.887,465.768,457.394,0,0,0,0,0,0,0,0,0,0
8.78987,80.99559,12.29,343.59,307.86,D,N,n,2026-08-31,807,493.33,936.788,861.219,439.128,465.094,350.726,468.554,493.33,439.128,439.128,936.788,861.219,350.726,468.554,465.094,0,0,0,0,0,0,0,0,0,0
8.80894,80.39244,3.36,341.51,306.81,D,N,n,2026-08-31,807,485.056,942.073,827.069,427.87,451.42,314.864,459.29,485.056,427.87,427.87,942.073,827.069,314.864,459.29,451.42,0,0,0,0,0,0,0,0,0,0
8.85911,80.74155,16.02,349.7,311.49,D,N,n,2026-08-31,807,482.012,931.697,842.413,426.474,451.545,328.735,456.778,482.012,426.474,426.474,931.697,842.413,328.735,456.778,451.545,0,0,0,0,0,0,0,0,0,0
8.90582,80.40517,4.3,338.33,305.91,D,N,n,2026-08-31,807,474.327,931.212,818.512,417.213,440.861,305.855,448.582,474.327,417.213,417.213,931.212,818.512,305.855,448.582,440.861,0,0,0,0,0,0,0,0,0,0
8.91568,80.42508,28.96,341.63,314.07,D,N,l,2026-08-31,807,473.302,929.811,818.697,416.275,440.02,305.886,447.584,473.302,416.275,416.275,929.811,818.697,305.886,447.584,440.02,0,0,0,0,0,0,0,0,0,0
8.97013,80.69147,6.62,345.28,311.26,D,N,n,2026-08-31,807,469.176,920.036,829.058,413.449,438.394,315.371,443.875,469.176,413.449,413.449,920.036,829.058,315.371,443.875,438.394,0,0,0,0,0,0,0,0,0,0
8.9767,80.37984,6.26,336.51,308.02,D,N,l,2026-08-31,807,466.372,923.827,810.321,409.166,432.724,297.574,440.597,466.372,409.166,409.166,923.827,810.321,297.574,440.597,432.724,0,0,0,0,0,0,0,0,0,0
8.97723,80.38334,6.26,337.39,307.43,D,N,l,2026-08-31,807,466.323,923.712,810.469,409.131,432.707,297.698,440.553,466.323,409.131,409.131,923.712,810.469,297.698,440.553,432.707,0,0,0,0,0,0,0,0,0,0
9.02789,77.86799,11.75,345.65,311.04,D,N,n,2026-08-31,807,530.078,942.29,702.22,402.813,402.999,93.518,376.941,530.078,402.813,402.813,942.29,702.22,93.518,376.941,402.999,0,0,0,0,0,0,0,0,0,0
9.04133,80.45132,19.68,367.0,312.33,D,N,h,2026-08-31,807,459.45,915.571,808.267,402.573,426.499,294.975,433.776,459.45,402.573,402.573,915.571,808.267,294.975,433.776,426.499,0,0,0,0,0,0,0,0,0,0
9.11122,80.50833,5.42,339.2,310.26,D,N,l,2026-08-31,807,451.995,906.999,804.999,395.411,419.641,291.413,426.412,451.995,395.411,395.411,906.999,804.999,291.413,426.412,419.641,0,0,0,0,0,0,0,0,0,0
9.17411,80.12911,2.97,332.22,306.33,D,N,l,2026-08-31,807,444.559,906.742,777.422,386.392,407.943,265.811,418.501,444.559,386.392,386.392,906.742,777.422,265.811,418.501,407.943,0,0,0,0,0,0,0,0,0,0
9.17741,78.13036,6.86,346.2,304.75,D,N,n,2026-08-31,807,501.712,923.372,692.705,386.384,388.398,123.396,370.586,501.712,386.384,386.384,923.372,692.705,123.396,370.586,388.398,0,0,0,0,0,0,0,0,0,0
9.18498,80.30385,6.16,347.17,313.38,D,N,n,2026-08-31,807,443.082,902.251,786.185,385.586,408.849,273.189,417.216,443.082,385.586,385.586,902.251,786.185,273.189,417.216,408.849,0,0,0,0,0,0,0,0,0,0
9.19589,80.66298,1.84,337.37,309.9,D,N,l,2026-08-31,807,443.888,895.473,806.362,388.157,413.144,292.775,418.579,443.888,388.157,388.157,895.473,806.362,292.775,418.579,413.144,0,0,0,0,0,0,0,0,0,0
9.22821,77.66577,16.19,339.43,303.45,D,N,l,2026-08-31,807,522.472,922.548,675.999,380.607,380.625,76.406,347.92,522.472,380.607,380.607,922.548,675.999,76.406,347.92,380.625,0,0,0,0,0,0,0,0,0,0
9.26766,80.71529,6.53,340.77,307.73,D,N,n,2026-08-31,807,436.537,886.87,802.962,381.159,406.431,289.665,411.342,436.537,381.159,381.159,886.87,802.962,289.665,411.342,406.431,0,0,0,0,0,0,0,0,0,0
9.28584,80.72318,3.86,340.11,306.2,D,N,n,2026-08-31,807,434.623,884.763,801.783,379.308,404.629,288.569,409.449,434.623,379.308,379.308,884.763,801.783,288.569,409.449,404.629,0,0,0,0,0,0,0,0,0,0
9.39429,80.28052,3.06,338.13,306.48,D,N,n,2026-08-31,807,419.796,879.722,765.04,362.222,385.438,251.593,393.903,419.796,362.222,362.222,879.722,765.04,251.593,393.903,385.438,0,0,0,0,0,0,0,0,0,0
9.41306,80.4028,5.73,353.54,307.32,D,N,n,2026-08-31,807,417.944,875.488,770.495,360.943,384.823,256.807,392.224,417.944,360.943,360.943,875.488,770.495,256.807,392.224,384.823,0,0,0,0,0,0,0,0,0,0
9.41691,80.40578,5.73,332.41,303.93,D,N,l,2026-08-31,807,417.528,875.015,770.314,360.542,384.44,256.625,391.812,417.528,360.542,360.542,875.015,770.314,256.625,391.812,384.44,0,0,0,0,0,0,0,0,0,0
9.47052,78.63935,5.55,342.36,300.43,D,N,l,2026-08-31,807,448.259,888.659,678.113,357.685,366.666,161.675,366.258,448.259,357.685,357.685,888.659,678.113,161.675,366.258,366.666,0,0,0,0,0,0,0,0,0,0
9.77185,78.36581,3.64,340.43,303.44,D,N,n,2026-08-31,807,431.24,855.942,636.638,322.198,327.051,127.115,322.13,431.24,322.198,322.198,855.942,636.638,127.115,322.13,327.051,0,0,0,0,0,0,0,0,0,0
9.8061,77.88528,7.57,340.12,312.07,D,N,l,2026-08-31,807,455.641,855.995,618.324,316.297,316.605,74.373,295.693,455.641,316.297,316.297,855.995,618.324,74.373,295.693,316.605,0,0,0,0,0,0,0,0,0,0
9.80675,77.88925,7.57,344.35,314.76,D,N,l,2026-08-31,807,455.334,855.879,618.359,316.231,316.553,74.807,295.786,455.334,316.231,316.231,855.879,618.359,74.807,295.786,316.553,0,0,0,0,0,0,0,0,0,0
9.90981,78.52617,4.17,339.05,304.96,D,N,l,2026-08-31,807,409.432,840.02,627.974,309.019,316.278,135.661,318.457,409.432,309.019,309.019,840.02,627.974,135.661,318.457,316.278,0,0,0,0,0,0,0,0,0,0
9.98556,77.43252,5.73,336.54,304.75,D,N,l,2026-08-31,807,470.245,842.777,588.577,297.073,298.309,31.171,261.719,470.245,297.073,297.073,842.777,588.577,31.171,261.719,298.309,0,0,0,0,0,0,0,0,0,0
11.62862,78.61463,4.3,331.27,298.12,D,N,l,2026-08-31,807,248.663,648.741,458.254,117.716,138.485,13.227,177.536,248.663,117.716,117.716,648.741,458.254,13.227,177.536,138.485,0,0,0,0,0,0,0,0,0,0
11.52704,77.24921,3.56,330.49,299.28,D,N,l,2026-08-31,809,375.899,678.503,416.376,124.996,130.902,53.71,92.395,375.899,124.996,124.996,678.503,416.376,53.71,92.395,130.902,0,0,0,0,0,0,0,0,0,0
11.52934,77.24984,4.63,332.74,298.98,D,N,n,2026-08-31,809,375.714,678.239,416.139,124.743,130.656,53.572,92.194,375.714,124.743,124.743,678.239,416.139,53.572,92.194,130.656,0,0,0,0,0,0,0,0,0,0
11.73493,77.98431,3.07,331.16,299.52,D,N,n,2026-08-31,809,295.386,641.647,417.383,101.984,104.936,16.34,134.097,295.386,101.984,101.984,641.647,417.383,16.34,134.097,104.936,0,0,0,0,0,0,0,0,0,0
11.80935,77.92519,2.83,331.34,292.97,D,N,l,2026-08-31,809,296.471,634.252,407.287,93.867,95.439,25.577,124.702,296.471,93.867,93.867,634.252,407.287,25.577,124.702,95.439,0,0,0,0,0,0,0,0,0,0
11.99381,79.54753,8.02,350.08,310.35,D,N,n,2026-08-31,809,152.672,614.614,485.337,79.672,88.225,84.897,128.481,152.672,79.672,79.672,614.614,485.337,84.897,128.481,88.225,0,0,0,0,0,0,0,0,0,0
11.99713,79.547,8.02,346.13,308.36,D,N,n,2026-08-31,809,152.385,614.241,485.026,79.305,87.851,85.176,128.213,152.385,79.305,79.305,614.241,485.026,85.176,128.213,87.851,0,0,0,0,0,0,0,0,0,0
12.05555,79.07794,2.96,330.89,302.51,D,N,l,2026-08-31,809,179.413,602.453,447.033,72.043,87.295,52.216,159.022,179.413,72.043,72.043,602.453,447.033,52.216,159.022,87.295,0,0,0,0,0,0,0,0,0,0
12.58657,79.6415,4.02,349.15,307.62,D,N,n,2026-08-31,809,94.358,551.205,446.555,15.248,30.319,42.805,74.921,94.358,15.248,15.248,551.205,446.555,42.805,74.921,30.319,0,0,0,0,0,0,0,0,0,0
13.40939,80.26858,2.09,339.14,301.29,D,N,n,2026-08-31,809,25.744,446.521,378.712,11.634,14.825,23.981,29.201,25.744,11.634,11.634,446.521,378.712,23.981,29.201,14.825,0,0,0,0,0,0,0,0,0,0
13.81923,79.34404,13.51,351.56,293.93,D,N,n,2026-08-31,809,123.599,410.648,342.488,6.25,27.577,30.022,109.674,123.599,6.25,6.25,410.648,342.488,30.022,109.674,27.577,0,0,0,0,0,0,0,0,0,0
14.47656,78.25895,5.87,335.97,296.94,D,N,n,2026-08-31,809,261.445,335.519,205.464,1.453,2.659,74.538,148.171,261.445,1.453,1.453,335.519,205.464,74.538,148.171,2.659,0,1,1,0,0,1,2,0,0,0
27.71435,68.49007,28.78,350.78,304.87,D,N,n,2026-08-31,813,605.677,610.388,640.269,341.027,341.923,307.146,290.767,605.677,341.027,341.027,610.388,640.269,307.146,290.767,341.923,0,0,0,0,0,0,0,0,0,0
28.12977,76.78864,2.37,335.41,296.53,D,N,n,2026-08-31,813,147.287,888.018,403.97,0.376,19.954,26.103,42.037,147.287,0.376,0.376,888.018,403.97,26.103,42.037,19.954,0,0,1,0,0,1,136,0,0,0
31.1293,74.65489,4.79,341.05,298.33,D,N,n,2026-08-31,813,136.921,999.0,712.166,21.324,22.515,38.227,44.118,136.921,21.324,21.324,999.0,712.166,38.227,44.118,22.515,0,0,0,0,0,0,0,0,0,0
31.3222,72.33394,8.52,341.28,301.15,D,N,n,2026-08-31,813,295.191,999.0,767.59,219.104,223.353,160.432,183.549,295.191,219.104,219.104,999.0,767.59,160.432,183.549,223.353,0,0,0,0,0,0,0,0,0,0
31.37494,74.45004,6.1,346.78,300.46,D,N,n,2026-08-31,813,168.401,999.0,741.356,51.929,52.759,17.346,10.978,168.401,51.929,51.929,999.0,741.356,17.346,10.978,52.759,0,0,0,0,0,0,0,0,0,0
28.34651,77.2308,1.97,309.35,291.76,N,N,n,2026-08-31,2038,127.925,930.598,443.616,2.885,11.047,0.203,8.521,127.925,2.885,2.885,930.598,443.616,0.203,8.521,11.047,0,0,1,1,0,0,5,0,2,0
28.37152,77.22688,1.55,323.5,289.42,N,N,n,2026-08-31,2038,125.146,932.786,445.948,0.672,9.003,3.005,5.936,125.146,0.672,0.672,932.786,445.948,3.005,5.936,9.003,0,0,1,1,0,1,8,0,3,0
29.4606,76.88784,2.34,308.38,292.7,N,N,n,2026-08-31,2038,1.456,999.0,546.843,0.822,1.415,50.489,79.421,1.456,0.822,0.822,999.0,546.843,50.489,79.421,1.415,1,1,1,0,0,1,8,3,0,0
29.47525,76.859,2.78,314.13,292.51,N,N,n,2026-08-31,2038,1.925,999.0,547.591,0.97,1.82,53.013,82.005,1.925,0.97,0.97,999.0,547.591,53.013,82.005,1.82,1,1,1,0,0,1,8,3,0,0
29.78555,91.60432,1.24,301.18,279.53,N,N,n,2026-08-31,2038,378.09,403.35,413.851,276.942,216.994,314.176,477.787,378.09,276.942,276.942,403.35,413.851,314.176,477.787,216.994,0,0,0,0,0,0,0,0,0,0
32.5747,72.56332,3.15,308.45,292.32,N,N,n,2026-08-31,2038,372.574,999.0,901.083,266.719,268.139,117.334,162.079,372.574,266.719,266.719,999.0,901.083,117.334,162.079,268.139,0,0,0,0,0,0,0,0,0,0
32.8878,71.61481,3.59,307.36,292.4,N,N,n,2026-08-31,2038,457.505,999.0,952.314,357.248,358.813,209.513,257.217,457.505,357.248,357.248,999.0,952.314,209.513,257.217,358.813,0,0,0,0,0,0,0,0,0,0
32.88905,71.61505,3.29,307.79,292.31,N,N,n,2026-08-31,2038,457.588,999.0,952.444,357.313,358.878,209.515,257.24,457.588,357.313,357.313,999.0,952.444,209.515,257.24,358.878,0,0,0,0,0,0,0,0,0,0
35.96856,68.68645,0.58,302.12,291.06,N,N,n,2026-08-31,2038,890.884,999.0,999.0,784.949,786.275,513.327,594.404,890.884,784.949,784.949,999.0,999.0,513.327,594.404,786.275,0,0,0,0,0,0,0,0,0,0
21.10513,72.64378,5.89,330.75,287.66,N,N,n,2026-08-31,2040,149.933,2.473,155.811,0.526,1.369,65.318,3.615,149.933,0.526,0.526,2.473,155.811,65.318,3.615,1.369,0,1,1,0,1,1,4,0,0,1
21.10902,72.64436,1.6,299.5,284.52,N,N,n,2026-08-31,2040,149.505,2.71,155.386,0.114,1.2,65.072,3.218,149.505,0.114,0.114,2.71,155.386,65.072,3.218,1.2,0,1,1,0,1,1,5,0,0,1
22.3858,73.11745,1.11,305.2,282.63,N,N,n,2026-08-31,2040,0.734,152.159,64.715,0.99,2.042,42.136,58.331,0.734,0.99,0.99,152.159,64.715,42.136,58.331,2.042,1,1,1,0,0,1,34,1,0,0
22.3882,73.11613,2.6,321.54,282.49,N,N,n,2026-08-31,2040,1.024,152.364,64.53,0.691,2.092,42.215,58.624,1.024,0.691,0.691,152.364,64.53,42.215,58.624,2.092,1,1,1,0,0,1,34,1,0,0
22.38964,73.11803,1.41,318.73,282.32,N,N,n,2026-08-31,2040,1.151,152.581,64.69,0.67,2.345,41.992,58.728,1.151,0.67,0.67,152.581,64.69,41.992,58.728,2.345,1,1,1,0,0,1,35,1,0,0
24.76271,74.60774,1.26,306.91,281.39,N,N,n,2026-08-31,2040,301.079,455.492,57.698,71.186,74.837,52.91,91.01,301.079,71.186,71.186,455.492,57.698,52.91,91.01,74.837,0,0,0,0,0,0,0,0,0,0
24.76335,74.60571,0.71,303.34,280.61,N,N,n,2026-08-31,2040,301.058,455.462,57.91,71.002,74.647,53.022,90.828,301.058,71.002,71.002,455.462,57.91,53.022,90.828,74.647,0,0,0,0,0,0,0,0,0,0
25.3894,68.57961,1.29,315.17,293.42,N,N,n,2026-08-31,2040,353.873,360.241,511.754,84.84,84.874,183.725,265.364,353.873,84.84,84.84,360.241,511.754,183.725,265.364,84.874,0,0,0,0,0,0,0,0,0,0
27.71806,68.49272,0.44,313.32,294.94,N,N,n,2026-08-31,2040,606.026,610.729,640.267,341.411,342.31,307.306,290.312,606.026,341.411,341.411,610.729,640.267,307.306,290.312,342.31,0,0,0,0,0,0,0,0,0,0
28.42419,69.70075,0.87,308.69,296.56,N,N,n,2026-08-31,2040,536.189,673.721,596.638,418.299,418.585,327.704,148.436,536.189,418.299,418.299,673.721,596.638,327.704,148.436,418.585,0,0,0,0,0,0,0,0,0,0
15.1696,76.37997,0.65,296.09,271.6,N,N,n,2026-08-31,2042,474.913,356.374,13.317,41.761,51.536,21.989,20.796,474.913,41.761,41.761,356.374,13.317,21.989,20.796,51.536,0,0,0,0,0,0,0,0,0,0
15.65919,73.98986,1.8,315.41,289.55,N,N,n,2026-08-31,2042,731.017,541.901,256.048,0.061,12.863,21.56,58.756,731.017,0.061,0.061,541.901,256.048,21.56,58.756,12.863,0,0,1,0,0,1,5,0,0,0
17.06269,76.97835,0.84,306.39,286.56,N,N,n,2026-08-31,2042,527.185,189.56,207.169,0.304,0.836,39.105,110.275,527.185,0.304,0.304,189.56,207.169,39.105,110.275,0.836,0,1,1,0,0,1,1,0,0,0
17.43479,74.96613,0.74,307.73,289.13,N,N,n,2026-08-31,2042,565.96,397.557,279.542,194.482,188.849,70.625,165.497,565.96,194.482,194.482,397.557,279.542,70.625,165.497,188.849,0,0,0,0,0,0,0,0,0,0
18.42431,74.38948,0.44,307.81,290.41,N,N,n,2026-08-31,2042,443.74,350.089,405.22,193.433,193.8,46.65,54.128,443.74,193.433,193.433,350.089,405.22,46.65,54.128,193.8,0,0,0,0,0,0,0,0,0,0
18.59601,74.25494,1.7,317.81,290.26,N,N,n,2026-08-31,2042,421.951,326.4,428.909,171.691,171.959,35.282,40.222,421.951,171.691,171.691,326.4,428.909,35.282,40.222,171.959,0,0,0,0,0,0,0,0,0,0
18.68149,73.03835,3.11,311.06,292.45,N,N,n,2026-08-31,2042,404.0,272.137,428.279,158.024,161.634,21.824,25.021,404.0,158.024,158.024,272.137,428.279,21.824,25.021,161.634,0,0,0,0,0,0,0,0,0,0
18.68213,73.03376,1.93,305.47,292.44,N,N,n,2026-08-31,2042,403.971,271.99,428.146,157.948,161.547,21.928,24.72,403.971,157.948,157.948,271.99,428.146,21.928,24.72,161.547,0,0,0,0,0,0,0,0,0,0
18.68646,73.02973,1.93,306.48,288.82,N,N,n,2026-08-31,2042,403.529,271.448,427.614,157.464,161.053,21.644,24.094,403.529,157.464,157.464,271.448,427.614,21.644,24.094,161.053,0,0,0,0,0,0,0,0,0,0
19.36855,71.35361,2.17,312.3,291.62,N,N,n,2026-08-31,2042,364.422,233.339,367.986,157.528,154.602,151.139,151.641,364.422,157.528,157.528,233.339,367.986,151.139,151.641,154.602,0,0,0,0,0,0,0,0,0,0
7.39012,80.88872,2.8,318.01,289.62,N,N,n,2026-08-31,2044,646.156,999.0,991.343,590.445,615.192,430.578,620.893,646.156,590.445,590.445,999.0,991.343,430.578,620.893,615.192,0,0,0,0,0,0,0,0,0,0
7.39378,80.89077,4.23,334.68,290.36,N,N,n,2026-08-31,2044,645.774,999.0,991.093,590.073,614.828,430.668,620.515,645.774,590.073,590.073,999.0,991.093,430.668,620.515,614.828,0,0,0,0,0,0,0,0,0,0
7.39473,80.88899,2.86,324.22,289.75,N,N,n,2026-08-31,2044,645.649,999.0,990.907,589.941,614.692,430.449,620.387,645.649,589.941,589.941,999.0,990.907,430.449,620.387,614.692,0,0,0,0,0,0,0,0,0,0
8.09268,80.79333,1.9,316.15,292.86,N,N,n,2026-08-31,2044,567.372,999.0,918.08,511.621,536.413,402.982,542.084,567.372,511.621,511.621,999.0,918.08,402.982,542.084,536.413,0,0,0,0,0,0,0,0,0,0
8.11074,79.87141,2.02,312.18,291.17,N,N,n,2026-08-31,2044,564.236,999.0,869.487,505.497,521.387,302.333,538.036,564.236,505.497,505.497,999.0,869.487,302.333,538.036,521.387,0,0,0,0,0,0,0,0,0,0
8.11138,79.86758,2.42,306.74,291.83,N,N,n,2026-08-31,2044,564.198,999.0,869.246,505.45,521.279,301.906,537.996,564.198,505.45,505.45,999.0,869.246,301.906,537.996,521.279,0,0,0,0,0,0,0,0,0,0
8.11194,79.87071,2.58,322.48,291.95,N,N,n,2026-08-31,2044,564.109,999.0,869.333,505.368,521.247,302.235,537.909,564.109,505.368,505.368,999.0,869.333,302.235,537.909,521.247,0,0,0,0,0,0,0,0,0,0
8.74017,78.09332,0.38,306.91,294.39,N,N,n,2026-08-31,2044,547.017,972.155,738.89,434.905,436.404,104.427,414.903,547.017,434.905,434.905,972.155,738.89,104.427,414.903,436.404,0,0,0,0,0,0,0,0,0,0
10.41461,77.11382,0.43,305.75,289.06,N,N,n,2026-08-31,2044,460.585,802.416,536.254,248.825,253.646,11.667,205.73,460.585,248.825,248.825,802.416,536.254,11.667,205.73,253.646,0,0,0,0,0,0,0,0,0,0
10.94284,78.06322,1.41,316.81,294.36,N,N,n,2026-08-31,2044,345.099,728.289,502.729,189.958,192.907,66.624,196.282,345.099,189.958,189.958,728.289,502.729,66.624,196.282,192.907,0,0,0,0,0,0,0,0,0,0
11.08366,78.75399,2.89,311.37,294.08,N,N,n,2026-08-31,2044,284.783,709.263,518.694,178.822,200.874,12.717,236.84,284.783,178.822,178.822,709.263,518.694,12.717,236.84,200.874,0,0,0,0,0,0,0,0,0,0
11.18313,79.09899,0.5,304.24,283.87,N,N,n,2026-08-31,2044,255.146,699.42,527.855,166.414,181.623,18.947,230.617,255.146,166.414,166.414,699.42,527.855,18.947,230.617,181.623,0,0,0,0,0,0,0,0,0,0
11.80957,77.92274,1.65,309.05,293.67,N,N,n,2026-08-31,2044,296.688,634.263,407.164,93.82,95.362,25.82,124.45,296.688,93.82,93.82,634.263,407.164,25.82,124.45,95.362,0,0,0,0,0,0,0,0,0,0
11.81027,77.91869,2.44,306.89,292.03,N,N,n,2026-08-31,2044,297.026,634.245,406.927,93.707,95.199,26.242,124.017,297.026,93.707,93.707,634.245,406.927,26.242,124.017,95.199,0,0,0,0,0,0,0,0,0,0
11.81802,77.91586,1.71,308.19,291.36,N,N,n,2026-08-31,2044,296.85,633.432,406.012,92.824,94.294,26.941,123.377,296.85,92.824,92.824,633.432,406.012,26.941,123.377,94.294,0,0,0,0,0,0,0,0,0,0
12.59783,77.8851,0.27,299.48,281.77,N,N,n,2026-08-31,2044,266.633,548.15,325.684,6.891,15.23,23.859,43.796,266.633,6.891,6.891,548.15,325.684,23.859,43.796,15.23,0,0,0,0,0,0,0,0,0,0
12.60132,77.88569,0.27,308.19,283.62,N,N,n,2026-08-31,2044,266.477,547.757,325.368,6.601,15.078,23.927,43.505,266.477,6.601,6.601,547.757,325.368,23.927,43.505,15.078,0,0,0,0,0,0,0,0,0,0
6.19543,81.0187,3.17,334.15,296.73,D,N,n,2026-09-01,748,779.771,999.0,999.0,724.012,748.626,498.188,754.507,779.771,724.012,724.012,999.0,999.0,498.188,754.507,748.626,0,0,0,0,0,0,0,0,0,0
6.23883,81.20638,1.23,330.31,298.18,D,N,n,2026-09-01,748,777.404,999.0,999.0,722.266,747.356,513.716,752.354,777.404,722.266,722.266,999.0,999.0,513.716,752.354,747.356,0,0,0,0,0,0,0,0,0,0
6.32778,81.01263,2.71,342.68,298.03,D,N,n,2026-09-01,748,765.065,999.0,999.0,709.336,733.984,490.203,739.809,765.065,709.336,709.336,999.0,999.0,490.203,739.809,733.984,0,0,0,0,0,0,0,0,0,0
6.33772,81.34603,7.75,334.53,296.73,D,N,n,2026-09-01,748,768.69,999.0,999.0,714.084,739.547,522.075,743.826,768.69,714.084,714.084,999.0,999.0,522.075,743.826,739.547,0,0,0,0,0,0,0,0,0,0
6.33925,81.34753,4.21,335.71,296.64,D,N,n,2026-09-01,748,768.547,999.0,999.0,713.947,739.415,522.144,743.685,768.547,713.947,713.947,999.0,999.0,522.144,743.685,739.415,0,0,0,0,0,0,0,0,0,0
6.35255,81.13854,3.16,342.55,298.76,D,N,n,2026-09-01,748,763.912,999.0,999.0,708.603,733.576,501.044,738.801,763.912,708.603,708.603,999.0,999.0,501.044,738.801,733.576,0,0,0,0,0,0,0,0,0,0
6.39061,81.01627,5.79,348.9,298.11,D,N,n,2026-09-01,748,758.16,999.0,999.0,702.467,727.148,487.155,732.916,758.16,702.467,702.467,999.0,999.0,487.155,732.916,727.148,0,0,0,0,0,0,0,0,0,0
6.411,81.08882,0.85,331.91,296.1,D,N,n,2026-09-01,748,756.801,999.0,999.0,701.353,726.226,493.127,731.642,756.801,701.353,701.353,999.0,999.0,493.127,731.642,726.226,0,0,0,0,0,0,0,0,0,0
6.41308,81.00175,2.93,336.85,296.79,D,N,n,2026-09-01,748,755.506,999.0,999.0,699.776,724.427,484.548,730.249,755.506,699.776,699.776,999.0,999.0,484.548,730.249,724.427,0,0,0,0,0,0,0,0,0,0
6.56763,80.98006,2.46,331.95,298.34,D,N,n,2026-09-01,748,738.165,999.0,999.0,682.424,707.079,474.427,712.903,738.165,682.424,682.424,999.0,999.0,474.427,712.903,707.079,0,0,0,0,0,0,0,0,0,0
6.70304,81.54429,5.44,334.86,300.62,D,N,n,2026-09-01,748,732.371,999.0,999.0,678.776,704.876,524.818,707.863,732.371,678.776,678.776,999.0,999.0,524.818,707.863,704.876,0,0,0,0,0,0,0,0,0,0
6.7111,81.59296,5.1,332.59,299.56,D,N,n,2026-09-01,748,732.522,999.0,999.0,679.131,705.344,529.452,708.088,732.522,679.131,679.131,999.0,999.0,529.452,708.088,705.344,0,0,0,0,0,0,0,0,0,0
6.73593,81.59883,8.39,337.41,299.81,D,N,n,2026-09-01,748,729.942,999.0,999.0,676.597,702.837,529.021,705.524,729.942,676.597,676.597,999.0,999.0,529.021,705.524,702.837,0,0,0,0,0,0,0,0,0,0
6.73672,81.60365,13.03,335.05,299.25,D,N,n,2026-09-01,748,729.96,999.0,999.0,676.637,702.887,529.482,705.55,729.96,676.637,676.637,999.0,999.0,529.482,705.55,702.887,0,0,0,0,0,0,0,0,0,0
6.74266,81.51804,2.55,337.49,300.14,D,N,n,2026-09-01,748,727.501,999.0,999.0,673.835,699.897,520.467,702.967,727.501,673.835,673.835,999.0,999.0,520.467,702.967,699.897,0,0,0,0,0,0,0,0,0,0
6.80369,81.52106,5.57,336.16,302.28,D,N,n,2026-09-01,748,720.896,999.0,999.0,667.294,693.397,518.263,696.384,720.896,667.294,667.294,999.0,999.0,518.263,696.384,693.397,0,0,0,0,0,0,0,0,0,0
6.81535,81.51917,3.0,338.94,300.72,D,N,n,2026-09-01,748,719.583,999.0,999.0,665.984,692.089,517.597,695.072,719.583,665.984,665.984,999.0,999.0,517.597,695.072,692.089,0,0,0,0,0,0,0,0,0,0
6.8355,81.49601,9.59,333.16,299.88,D,N,n,2026-09-01,748,716.906,999.0,999.0,663.229,689.292,514.403,692.366,716.906,663.229,663.229,999.0,999.0,514.403,692.366,689.292,0,0,0,0,0,0,0,0,0,0
6.83939,81.49536,9.59,345.89,300.37,D,N,n,2026-09-01,748,716.467,999.0,999.0,662.791,688.855,514.18,691.928,716.467,662.791,662.791,999.0,999.0,514.18,691.928,688.855,0,0,0,0,0,0,0,0,0,0
6.84047,81.57497,12.38,346.36,305.15,D,N,n,2026-09-01,748,718.026,999.0,999.0,664.679,690.924,522.347,693.606,718.026,664.679,664.679,999.0,999.0,522.347,693.606,690.924,0,0,0,0,0,0,0,0,0,0
6.84425,81.54947,10.33,337.98,299.8,D,N,n,2026-09-01,748,717.065,999.0,999.0,663.616,689.806,519.566,692.608,717.065,663.616,663.616,999.0,999.0,519.566,692.608,689.806,0,0,0,0,0,0,0,0,0,0
6.84813,81.54882,10.33,337.81,299.9,D,N,n,2026-09-01,748,716.628,999.0,999.0,663.18,689.37,519.346,692.171,716.628,663.18,663.18,999.0,999.0,519.346,692.171,689.37,0,0,0,0,0,0,0,0,0,0
6.85314,81.40752,6.24,335.08,298.04,D,N,n,2026-09-01,748,713.23,999.0,999.0,659.21,685.075,504.586,688.567,713.23,659.21,659.21,999.0,999.0,504.586,688.567,685.075,0,0,0,0,0,0,0,0,0,0
6.93935,81.63994,5.6,336.24,302.51,D,N,n,2026-09-01,748,708.714,999.0,999.0,655.74,682.186,525.313,684.427,708.714,655.74,655.74,999.0,999.0,525.313,684.427,682.186,0,0,0,0,0,0,0,0,0,0
7.07303,81.20502,8.49,334.73,295.76,D,N,n,2026-09-01,748,685.518,999.0,999.0,630.852,656.329,475.106,660.622,685.518,630.852,630.852,999.0,999.0,475.106,660.622,656.329,0,0,0,0,0,0,0,0,0,0
7.07577,81.20669,9.04,341.39,296.1,D,N,n,2026-09-01,748,685.244,999.0,999.0,630.586,656.07,475.178,660.351,685.244,630.586,630.586,999.0,999.0,475.178,660.351,656.07,0,0,0,0,0,0,0,0,0,0
7.07607,81.5708,6.13,333.41,298.72,D,N,n,2026-09-01,748,692.265,999.0,999.0,639.128,665.502,513.004,667.916,692.265,639.128,639.128,999.0,999.0,513.004,667.916,665.502,0,0,0,0,0,0,0,0,0,0
7.09516,81.44301,12.36,345.55,296.11,D,N,n,2026-09-01,748,687.449,999.0,999.0,633.778,659.864,498.989,662.907,687.449,633.778,633.778,999.0,999.0,498.989,662.907,659.864,0,0,0,0,0,0,0,0,0,0
7.0955,81.44486,9.23,334.54,294.82,D,N,n,2026-09-01,748,687.45,999.0,999.0,633.787,659.877,499.169,662.91,687.45,633.787,633.787,999.0,999.0,499.169,662.91,659.877,0,0,0,0,0,0,0,0,0,0
7.16827,81.57197,6.23,331.95,300.12,D,N,n,2026-09-01,748,682.257,999.0,999.0,629.22,655.653,509.873,657.942,682.257,629.22,629.22,999.0,999.0,509.873,657.942,655.653,0,0,0,0,0,0,0,0,0,0
7.21606,81.76827,19.17,341.2,305.45,D,N,l,2026-09-01,748,681.884,999.0,999.0,629.808,656.703,528.964,657.919,681.884,629.808,629.808,999.0,999.0,528.964,657.919,656.703,0,0,0,0,0,0,0,0,0,0
7.28933,81.79167,11.09,340.16,305.52,D,N,n,2026-09-01,748,674.598,999.0,999.0,622.73,649.723,529.161,650.708,674.598,622.73,622.73,999.0,999.0,529.161,650.708,649.723,0,0,0,0,0,0,0,0,0,0
7.31592,81.76345,12.39,344.78,306.04,D,N,n,2026-09-01,748,670.975,999.0,999.0,619.006,645.957,525.366,647.047,670.975,619.006,619.006,999.0,999.0,525.366,647.047,645.957,0,0,0,0,0,0,0,0,0,0
7.32506,81.74758,6.03,333.99,305.24,D,N,l,2026-09-01,748,669.569,999.0,999.0,617.535,644.458,523.407,645.617,669.569,617.535,617.535,999.0,999.0,523.407,645.617,644.458,0,0,0,0,0,0,0,0,0,0
7.33726,81.72639,5.18,335.03,305.25,D,N,l,2026-09-01,748,667.697,999.0,999.0,615.576,642.461,520.793,643.712,667.697,615.576,615.576,999.0,999.0,520.793,643.712,642.461,0,0,0,0,0,0,0,0,0,0
7.35682,81.82351,6.09,333.2,304.05,D,N,l,2026-09-01,748,668.198,999.0,999.0,616.578,643.682,530.561,644.398,668.198,616.578,616.578,999.0,999.0,530.561,644.398,643.682,0,0,0,0,0,0,0,0,0,0
7.29757,81.14172,6.16,334.94,303.89,D,N,n,2026-09-01,750,659.802,999.0,999.0,605.032,630.459,460.292,634.866,659.802,605.032,605.032,999.0,999.0,460.292,634.866,630.459,0,0,0,0,0,0,0,0,0,0
7.36199,81.50616,3.82,333.35,299.67,D,N,n,2026-09-01,750,659.687,999.0,999.0,606.556,632.956,496.663,635.333,659.687,606.556,606.556,999.0,999.0,496.663,635.333,632.956,0,0,0,0,0,0,0,0,0,0
7.39489,81.77684,7.48,334.29,304.8,D,N,l,2026-09-01,750,662.817,999.0,999.0,611.021,638.053,524.506,638.951,662.817,611.021,611.021,999.0,999.0,524.506,638.951,638.053,0,0,0,0,0,0,0,0,0,0
7.40997,81.6543,6.13,333.78,300.98,D,N,l,2026-09-01,750,657.989,999.0,999.0,605.614,632.388,511.01,633.91,657.989,605.614,605.614,999.0,999.0,511.01,633.91,632.388,0,0,0,0,0,0,0,0,0,0
7.42719,81.31733,5.35,331.73,301.93,D,N,l,2026-09-01,750,648.64,999.0,999.0,594.718,620.688,474.655,624.001,648.64,594.718,594.718,999.0,999.0,474.655,624.001,620.688,0,0,0,0,0,0,0,0,0,0
7.45584,81.64682,7.83,333.5,302.99,D,N,l,2026-09-01,750,652.835,999.0,999.0,600.481,627.269,508.932,628.762,652.835,600.481,600.481,999.0,999.0,508.932,628.762,627.269,0,0,0,0,0,0,0,0,0,0
7.45856,81.64819,6.24,334.63,303.56,D,N,l,2026-09-01,750,652.575,999.0,999.0,600.231,627.024,509.004,628.506,652.575,600.231,600.231,999.0,999.0,509.004,628.506,627.024,0,0,0,0,0,0,0,0,0,0
7.63038,81.58308,6.87,335.51,305.32,D,N,l,2026-09-01,750,632.341,999.0,986.423,579.895,606.655,493.736,608.229,632.341,579.895,579.895,999.0,986.423,493.736,608.229,606.655,0,0,0,0,0,0,0,0,0,0
7.6342,81.58244,6.87,344.19,304.4,D,N,n,2026-09-01,750,631.911,999.0,986.0,579.467,606.229,493.341,607.8,631.911,579.467,579.467,999.0,986.0,493.341,607.8,606.229,0,0,0,0,0,0,0,0,0,0
7.7604,81.24961,10.62,340.95,309.62,D,N,n,2026-09-01,750,610.855,999.0,973.317,556.929,582.928,458.701,586.207,610.855,556.929,556.929,999.0,973.317,458.701,586.207,582.928,0,0,0,0,0,0,0,0,0,0
7.78377,80.22298,2.66,339.76,293.66,D,N,n,2026-09-01,750,598.903,999.0,918.889,541.06,562.13,347.868,572.95,598.903,541.06,541.06,999.0,918.889,347.868,572.95,562.13,0,0,0,0,0,0,0,0,0,0
7.78867,80.81643,4.63,342.48,302.57,D,N,n,2026-09-01,750,601.262,999.0,948.69,545.456,570.169,411.348,575.961,601.262,545.456,545.456,999.0,948.69,411.348,575.961,570.169,0,0,0,0,0,0,0,0,0,0
7.79142,81.55624,6.01,333.11,304.23,D,N,l,2026-09-01,750,614.228,999.0,968.578,561.859,588.669,477.147,590.139,614.228,561.859,561.859,999.0,968.578,477.147,590.139,588.669,0,0,0,0,0,0,0,0,0,0
7.85497,80.34256,4.45,338.68,296.96,D,N,n,2026-09-01,750,591.008,999.0,917.631,533.522,556.46,358.792,565.162,591.008,533.522,533.522,999.0,917.631,358.792,565.162,556.46,0,0,0,0,0,0,0,0,0,0
7.86408,81.44665,9.12,348.6,303.81,D,N,n,2026-09-01,750,603.706,999.0,960.835,550.865,577.456,463.755,579.444,603.706,550.865,550.865,999.0,960.835,463.755,579.444,577.456,0,0,0,0,0,0,0,0,0,0
7.86625,81.44823,9.31,343.45,304.19,D,N,n,2026-09-01,750,603.507,999.0,960.588,550.677,577.274,463.648,579.248,603.507,550.677,550.677,999.0,960.588,463.648,579.248,577.274,0,0,0,0,0,0,0,0,0,0
7.8685,81.43804,4.72,334.4,303.13,D,N,n,2026-09-01,750,603.026,999.0,960.376,550.147,576.719,462.826,578.75,603.026,550.147,550.147,999.0,960.376,462.826,578.75,576.719,0,0,0,0,0,0,0,0,0,0
7.90392,80.63752,1.99,333.93,299.19,D,N,n,2026-09-01,750,586.863,999.0,927.928,530.405,554.563,389.456,561.343,586.863,530.405,530.405,999.0,927.928,389.456,561.343,554.563,0,0,0,0,0,0,0,0,0,0
7.94456,81.37131,3.65,332.56,304.36,D,N,l,2026-09-01,750,593.242,999.0,952.209,540.112,566.566,451.732,568.873,593.242,540.112,540.112,999.0,952.209,451.732,568.873,566.566,0,0,0,0,0,0,0,0,0,0
7.94534,81.37614,3.65,337.02,303.27,D,N,n,2026-09-01,750,593.264,999.0,952.1,540.16,566.627,451.948,568.904,593.264,540.16,540.16,999.0,952.1,451.948,568.904,566.627,0,0,0,0,0,0,0,0,0,0
7.94756,81.31615,8.89,343.2,304.45,D,N,n,2026-09-01,750,591.726,999.0,952.154,538.318,564.626,448.185,567.257,591.726,538.318,538.318,999.0,952.154,448.185,567.257,564.626,0,0,0,0,0,0,0,0,0,0
7.94843,81.31799,9.05,338.51,303.64,D,N,n,2026-09-01,750,591.67,999.0,952.047,538.272,564.585,448.211,567.204,591.67,538.272,538.272,999.0,952.047,448.211,567.204,564.585,0,0,0,0,0,0,0,0,0,0
7.95932,80.72301,4.06,331.21,300.94,D,N,n,2026-09-01,750,581.431,999.0,927.106,525.326,549.807,397.595,556.027,581.431,525.326,525.326,999.0,927.106,397.595,556.027,549.807,0,0,0,0,0,0,0,0,0,0
7.96034,80.72224,3.5,330.53,300.93,D,N,l,2026-09-01,750,581.311,999.0,926.966,525.203,549.682,397.492,555.906,581.311,525.203,525.203,999.0,926.966,397.492,555.906,549.682,0,0,0,0,0,0,0,0,0,0
7.96814,80.59685,6.47,347.3,298.24,D,N,n,2026-09-01,750,579.451,999.0,919.514,522.859,546.898,383.743,553.887,579.451,522.859,522.859,999.0,919.514,383.743,553.887,546.898,0,0,0,0,0,0,0,0,0,0
7.98507,80.62343,3.46,330.99,299.01,D,N,n,2026-09-01,750,577.757,999.0,919.272,521.271,545.413,386.301,552.227,577.757,521.271,521.271,999.0,919.272,386.301,552.227,545.413,0,0,0,0,0,0,0,0,0,0
8.00779,81.43661,6.68,330.8,304.26,D,N,l,2026-09-01,750,587.856,999.0,944.903,535.147,561.818,449.83,563.637,587.856,535.147,535.147,999.0,944.903,449.83,563.637,561.818,0,0,0,0,0,0,0,0,0,0
8.03059,80.59743,3.18,339.51,300.21,D,N,n,2026-09-01,750,572.524,999.0,913.457,515.953,540.02,382.648,546.965,572.524,515.953,515.953,999.0,913.457,382.648,546.965,540.02,0,0,0,0,0,0,0,0,0,0
8.03119,81.28948,20.57,349.71,307.0,D,N,n,2026-09-01,750,582.038,999.0,943.014,528.588,554.882,438.759,557.552,582.038,528.588,528.588,999.0,943.014,438.759,557.552,554.882,0,0,0,0,0,0,0,0,0,0
8.13979,81.4119,4.71,332.42,300.93,D,N,l,2026-09-01,750,572.937,999.0,930.337,520.272,546.978,436.189,548.729,572.937,520.272,520.272,999.0,930.337,436.189,548.729,546.978,0,0,0,0,0,0,0,0,0,0
8.18792,80.69052,6.26,340.57,301.84,D,N,n,2026-09-01,750,555.803,999.0,903.244,499.661,524.14,390.459,530.383,555.803,499.661,499.661,999.0,903.244,390.459,530.383,524.14,0,0,0,0,0,0,0,0,0,0
8.24386,80.60502,4.93,340.11,301.48,D,N,n,2026-09-01,750,548.909,999.0,893.172,492.437,516.626,380.456,523.38,548.909,492.437,492.437,999.0,893.172,380.456,523.38,516.626,0,0,0,0,0,0,0,0,0,0
8.26053,80.58041,7.81,342.01,300.71,D,N,n,2026-09-01,750,546.889,999.0,890.223,490.323,514.426,377.585,521.328,546.889,490.323,490.323,999.0,890.223,377.585,521.328,514.426,0,0,0,0,0,0,0,0,0,0
8.26432,80.55347,4.08,334.0,298.06,D,N,n,2026-09-01,750,546.296,999.0,888.398,489.624,513.625,374.594,520.701,546.296,489.624,489.624,999.0,888.398,374.594,520.701,513.625,0,0,0,0,0,0,0,0,0,0
8.29291,77.57172,3.49,340.35,300.05,D,N,n,2026-09-01,750,617.371,999.0,776.833,484.887,484.906,52.572,434.056,617.371,484.887,484.887,999.0,776.833,52.572,434.056,484.906,0,0,0,0,0,0,0,0,0,0
8.29877,80.15601,18.87,343.71,301.32,D,N,n,2026-09-01,750,541.765,999.0,864.332,483.725,504.408,330.692,515.751,541.765,483.725,483.725,999.0,864.332,330.692,515.751,504.408,0,0,0,0,0,0,0,0,0,0
8.30062,80.15585,19.56,344.61,303.18,D,N,n,2026-09-01,750,541.56,999.0,864.141,483.519,504.202,330.656,515.545,541.56,483.519,483.519,999.0,864.141,330.656,515.545,504.202,0,0,0,0,0,0,0,0,0,0
8.30368,81.01878,6.15,337.15,299.13,D,N,n,2026-09-01,750,547.146,990.512,910.879,492.591,518.268,397.285,522.262,547.146,492.591,492.591,990.512,910.879,397.285,522.262,518.268,0,0,0,0,0,0,0,0,0,0
8.3076,81.01814,6.15,336.04,298.71,D,N,n,2026-09-01,750,546.704,990.082,910.472,492.15,517.828,396.876,521.821,546.704,492.15,492.15,990.082,910.472,396.876,521.821,517.828,0,0,0,0,0,0,0,0,0,0
8.3114,80.28439,2.5,343.65,300.84,D,N,n,2026-09-01,750,540.209,998.543,869.606,482.569,505.376,344.64,514.312,540.209,482.569,482.569,998.543,869.606,344.64,514.312,505.376,0,0,0,0,0,0,0,0,0,0
8.31414,80.28391,3.4,339.16,301.37,D,N,n,2026-09-01,750,539.904,998.249,869.312,482.263,505.067,344.562,514.006,539.904,482.263,482.263,998.249,869.312,344.562,514.006,505.067,0,0,0,0,0,0,0,0,0,0
8.32899,80.29664,3.46,333.49,300.35,D,N,n,2026-09-01,750,538.257,996.409,868.511,480.66,503.641,345.825,512.372,538.257,480.66,480.66,996.409,868.511,345.825,512.372,503.641,0,0,0,0,0,0,0,0,0,0
8.34424,80.18712,6.2,332.68,301.94,D,N,n,2026-09-01,750,536.64,996.584,861.403,478.692,499.952,333.681,510.651,536.64,478.692,478.692,996.584,861.403,333.681,510.651,499.952,0,0,0,0,0,0,0,0,0,0
8.349,80.19014,4.48,331.08,301.86,D,N,l,2026-09-01,750,536.105,996.008,861.086,478.166,499.484,333.972,510.119,536.105,478.166,478.166,996.008,861.086,333.972,510.119,499.484,0,0,0,0,0,0,0,0,0,0
8.35582,80.28069,3.73,331.43,301.46,D,N,l,2026-09-01,750,535.269,993.72,865.053,477.62,500.445,343.854,509.368,535.269,477.62,477.62,993.72,865.053,343.854,509.368,500.445,0,0,0,0,0,0,0,0,0,0
8.36403,80.27928,6.03,346.99,302.44,D,N,n,2026-09-01,750,534.355,992.84,864.174,476.702,499.519,343.637,508.454,534.355,476.702,476.702,992.84,864.174,343.637,508.454,499.519,0,0,0,0,0,0,0,0,0,0
8.37648,81.04984,12.25,336.23,302.95,D,N,n,2026-09-01,750,539.663,982.199,905.884,485.334,511.163,392.208,514.856,539.663,485.334,485.334,982.199,905.884,392.208,514.856,511.163,0,0,0,0,0,0,0,0,0,0
8.37836,80.6104,6.35,344.11,305.36,D,N,n,2026-09-01,750,534.027,986.425,880.499,477.625,501.898,368.402,508.518,534.027,477.625,477.625,986.425,880.499,368.402,508.518,501.898,0,0,0,0,0,0,0,0,0,0
8.38429,81.04854,22.09,349.85,306.78,D,N,n,2026-09-01,750,538.783,981.342,905.076,484.455,510.285,391.398,513.976,538.783,484.455,484.455,981.342,905.076,391.398,513.976,510.285,0,0,0,0,0,0,0,0,0,0
8.38557,80.25662,10.02,344.78,299.85,D,N,n,2026-09-01,750,531.963,990.85,860.888,474.236,496.716,340.996,506.039,531.963,474.236,474.236,990.85,860.888,340.996,506.039,496.716,0,0,0,0,0,0,0,0,0,0
8.39226,81.16862,5.92,331.78,295.94,D,N,n,2026-09-01,750,540.124,979.642,903.743,486.446,512.658,397.894,515.546,540.124,486.446,486.446,979.642,903.743,397.894,515.546,512.658,0,0,0,0,0,0,0,0,0,0
8.40258,80.63156,8.98,352.12,303.59,D,N,n,2026-09-01,750,531.505,983.484,879.345,475.202,499.569,367.021,506.028,531.505,475.202,475.202,983.484,879.345,367.021,506.028,499.569,0,0,0,0,0,0,0,0,0,0
8.40672,80.25681,6.7,337.52,301.7,D,N,n,2026-09-01,750,529.612,988.523,858.822,471.886,494.405,340.882,503.688,529.612,471.886,471.886,988.523,858.822,340.882,503.688,494.405,0,0,0,0,0,0,0,0,0,0
8.40733,80.26052,3.39,332.36,299.62,D,N,n,2026-09-01,750,529.542,988.394,858.955,471.829,494.411,341.286,503.622,529.542,471.829,471.829,988.394,858.955,341.286,503.622,494.411,0,0,0,0,0,0,0,0,0,0
8.41083,80.25612,4.26,338.4,297.36,D,N,n,2026-09-01,750,529.155,988.083,858.383,471.427,493.942,340.782,503.23,529.155,471.427,471.427,988.083,858.383,340.782,503.23,493.942,0,0,0,0,0,0,0,0,0,0
8.41403,80.62608,6.92,341.23,300.18,D,N,n,2026-09-01,750,530.191,982.287,877.942,473.869,498.221,365.612,504.708,530.191,473.869,473.869,982.287,877.942,365.612,504.708,498.221,0,0,0,0,0,0,0,0,0,0
8.41644,80.41689,2.04,331.79,302.89,D,N,l,2026-09-01,750,528.758,984.904,866.298,471.596,495.109,355.659,503.006,528.758,471.596,471.596,984.904,866.298,355.659,503.006,495.109,0,0,0,0,0,0,0,0,0,0
8.41854,80.18941,4.82,334.78,299.92,D,N,n,2026-09-01,750,528.375,988.388,854.194,470.433,491.841,333.409,502.388,528.375,470.433,470.433,988.388,854.194,333.409,502.388,491.841,0,0,0,0,0,0,0,0,0,0
8.42361,80.5847,6.09,331.75,303.93,D,N,l,2026-09-01,750,528.82,981.759,874.729,472.326,496.521,362.641,503.28,528.82,472.326,472.326,981.759,874.729,362.641,503.28,496.521,0,0,0,0,0,0,0,0,0,0
8.43706,80.33877,4.04,330.46,301.29,D,N,l,2026-09-01,750,526.282,983.843,860.138,468.839,492.028,349.723,500.443,526.282,468.839,468.839,983.843,860.138,349.723,500.443,492.028,0,0,0,0,0,0,0,0,0,0
8.44123,80.37093,1.9,334.63,299.81,D,N,n,2026-09-01,750,525.877,982.877,861.436,468.55,491.877,351.145,500.074,525.877,468.55,468.55,982.877,861.436,351.145,500.074,491.877,0,0,0,0,0,0,0,0,0,0
8.44242,80.37146,4.32,337.13,299.87,D,N,n,2026-09-01,750,525.746,982.738,861.348,468.421,491.751,351.045,499.943,525.746,468.421,468.421,982.738,861.348,351.045,499.943,491.751,0,0,0,0,0,0,0,0,0,0
8.45904,80.40157,2.31,331.54,301.2,D,N,n,2026-09-01,750,523.976,980.444,861.339,466.764,490.227,350.643,498.207,523.976,466.764,466.764,980.444,861.339,350.643,498.207,490.227,0,0,0,0,0,0,0,0,0,0
8.4631,80.4009,2.31,339.49,303.21,D,N,n,2026-09-01,750,523.522,980.007,860.909,466.309,489.77,350.199,497.754,523.522,466.309,466.309,980.007,860.909,350.199,497.754,489.77,0,0,0,0,0,0,0,0,0,0
8.46341,81.0887,15.6,337.52,299.74,D,N,n,2026-09-01,750,530.811,972.271,896.502,476.777,502.795,386.427,506.105,530.811,476.777,476.777,972.271,896.502,386.427,506.105,502.795,0,0,0,0,0,0,0,0,0,0
8.46372,80.40453,2.31,338.04,301.63,D,N,n,2026-09-01,750,523.464,979.883,861.044,466.265,489.741,350.294,497.7,523.464,466.265,466.265,979.883,861.044,350.294,497.7,489.741,0,0,0,0,0,0,0,0,0,0
8.46717,80.40021,2.9,339.96,301.11,D,N,n,2026-09-01,750,523.068,979.569,860.477,465.853,489.313,349.754,497.299,523.068,465.853,465.853,979.569,860.477,349.754,497.299,489.313,0,0,0,0,0,0,0,0,0,0
8.4673,81.08805,7.07,337.73,298.79,D,N,n,2026-09-01,750,530.373,971.844,896.076,476.34,502.358,386.027,505.667,530.373,476.34,476.34,971.844,896.076,386.027,505.667,502.358,0,0,0,0,0,0,0,0,0,0
8.46778,80.40383,2.9,341.57,301.31,D,N,n,2026-09-01,750,523.011,979.447,860.612,465.809,489.285,349.85,497.246,523.011,465.809,465.809,979.447,860.612,349.85,497.246,489.285,0,0,0,0,0,0,0,0,0,0
8.47152,80.72465,11.25,336.85,303.91,D,N,n,2026-09-01,750,524.715,974.75,877.994,468.858,493.617,364.96,499.384,524.715,468.858,468.858,974.75,877.994,364.96,499.384,493.617,0,0,0,0,0,0,0,0,0,0
8.4955,80.82083,16.97,335.09,301.08,D,N,n,2026-09-01,750,523.154,971.048,881.247,467.768,492.896,367.821,497.98,523.154,467.768,467.768,971.048,881.247,367.821,497.98,492.896,0,0,0,0,0,0,0,0,0,0
8.49863,80.81506,16.97,333.72,302.59,D,N,n,2026-09-01,750,522.737,970.762,880.616,467.324,492.434,367.201,497.554,522.737,467.324,467.324,970.762,880.616,367.201,497.554,492.434,0,0,0,0,0,0,0,0,0,0
8.49946,80.82017,16.97,339.21,303.5,D,N,n,2026-09-01,750,522.709,970.617,880.834,467.321,492.45,367.404,497.534,522.709,467.321,467.321,970.617,880.834,367.404,497.534,492.45,0,0,0,0,0,0,0,0,0,0
8.51547,80.31347,5.43,343.83,295.89,D,N,n,2026-09-01,750,517.534,975.628,851.156,460.009,483.109,341.098,491.669,517.534,460.009,460.009,975.628,851.156,341.098,491.669,483.109,0,0,0,0,0,0,0,0,0,0
8.51704,80.59698,6.85,352.54,301.92,D,N,n,2026-09-01,750,518.542,971.283,866.446,462.135,486.424,353.944,493.028,518.542,462.135,462.135,971.283,866.446,353.944,493.028,486.424,0,0,0,0,0,0,0,0,0,0
8.51814,80.67673,8.72,338.07,301.34,D,N,n,2026-09-01,750,519.085,970.16,870.833,463.032,487.635,357.895,493.687,519.085,463.032,463.032,970.16,870.833,357.895,493.687,487.635,0,0,0,0,0,0,0,0,0,0
8.51878,80.7773,4.06,342.57,303.99,D,N,n,2026-09-01,750,520.059,968.934,876.527,464.477,489.461,363.188,494.818,520.059,464.477,464.477,968.934,876.527,363.188,494.818,489.461,0,0,0,0,0,0,0,0,0,0
8.51968,80.43941,2.88,331.47,302.34,D,N,l,2026-09-01,750,517.363,973.194,857.506,460.308,483.952,346.164,491.642,517.363,460.308,460.308,973.194,857.506,346.164,491.642,483.952,0,0,0,0,0,0,0,0,0,0
8.52105,80.59629,6.85,352.43,300.61,D,N,n,2026-09-01,750,518.092,970.849,866.024,461.683,485.972,353.512,492.578,518.092,461.683,461.683,970.849,866.024,353.512,492.578,485.972,0,0,0,0,0,0,0,0,0,0
8.52566,80.47535,3.79,347.97,298.71,D,N,n,2026-09-01,750,516.85,972.006,858.888,459.939,483.736,347.216,491.175,516.85,459.939,459.939,972.006,858.888,347.216,491.175,483.736,0,0,0,0,0,0,0,0,0,0
8.52771,80.89381,6.84,335.66,299.91,D,N,n,2026-09-01,750,520.572,966.758,882.477,465.572,490.983,368.86,495.529,520.572,465.572,465.572,966.758,882.477,368.86,495.529,490.983,0,0,0,0,0,0,0,0,0,0
8.54025,80.51318,9.03,345.63,303.93,D,N,n,2026-09-01,750,515.422,969.858,859.563,458.668,482.629,347.538,489.797,515.422,458.668,458.668,969.858,859.563,347.538,489.797,482.629,0,0,0,0,0,0,0,0,0,0
8.54781,80.68247,8.51,340.66,302.43,D,N,n,2026-09-01,750,515.851,966.811,868.335,459.839,484.481,355.292,490.467,515.851,459.839,459.839,966.811,868.335,355.292,490.467,484.481,0,0,0,0,0,0,0,0,0,0
8.56386,80.50555,3.19,335.67,301.18,D,N,n,2026-09-01,750,512.759,967.362,856.871,455.98,479.92,344.809,487.125,512.759,455.98,455.98,967.362,856.871,344.809,487.125,479.92,0,0,0,0,0,0,0,0,0,0
8.56749,80.72697,6.93,337.61,299.82,D,N,n,2026-09-01,750,514.115,964.11,869.014,458.322,483.147,355.747,488.803,514.115,458.322,458.322,964.11,869.014,355.747,488.803,483.147,0,0,0,0,0,0,0,0,0,0
8.56789,80.50488,2.13,340.09,299.06,D,N,n,2026-09-01,750,512.307,966.927,856.447,455.527,479.466,344.374,486.673,512.307,455.527,455.527,966.927,856.447,344.374,486.673,479.466,0,0,0,0,0,0,0,0,0,0
8.56902,80.48644,4.42,333.01,301.82,D,N,n,2026-09-01,750,512.087,967.067,855.32,455.231,479.093,343.38,486.428,512.087,455.231,455.231,967.067,855.32,343.38,486.428,479.093,0,0,0,0,0,0,0,0,0,0
8.5695,80.76366,9.39,338.63,304.65,D,N,n,2026-09-01,750,514.294,963.472,870.941,458.677,483.642,357.55,489.04,514.294,458.677,458.677,963.472,870.941,357.55,489.04,483.642,0,0,0,0,0,0,0,0,0,0
8.57147,80.7263,4.61,333.54,298.68,D,N,n,2026-09-01,750,513.668,963.678,868.598,457.873,482.698,355.325,488.355,513.668,457.873,457.873,963.678,868.598,355.325,488.355,482.698,0,0,0,0,0,0,0,0,0,0
8.57321,80.5876,4.19,332.23,301.85,D,N,n,2026-09-01,750,512.241,965.205,860.547,455.815,480.095,347.914,486.72,512.241,455.815,455.815,965.205,860.547,347.914,486.72,480.095,0,0,0,0,0,0,0,0,0,0
8.574,80.66736,36.79,342.42,301.94,D,N,n,2026-09-01,750,512.809,964.101,864.984,456.741,481.339,351.94,487.405,512.809,456.741,456.741,964.101,864.984,351.94,487.405,481.339,0,0,0,0,0,0,0,0,0,0
8.57504,80.4455,4.18,345.29,302.14,D,N,n,2026-09-01,750,511.235,967.004,852.492,454.215,477.907,340.852,485.525,511.235,454.215,454.215,967.004,852.492,340.852,485.525,477.907,0,0,0,0,0,0,0,0,0,0
8.57664,80.58342,6.1,331.51,303.41,D,N,l,2026-09-01,750,511.83,964.882,859.984,455.387,479.652,347.365,486.304,511.83,455.387,455.387,964.882,859.984,347.365,486.304,479.652,0,0,0,0,0,0,0,0,0,0
8.57722,80.58692,4.19,344.12,303.41,D,N,n,2026-09-01,750,511.791,964.772,860.126,455.363,479.643,347.484,486.27,511.791,455.363,455.363,964.772,860.126,347.484,486.27,479.643,0,0,0,0,0,0,0,0,0,0
8.59583,80.77507,6.36,336.18,297.34,D,N,n,2026-09-01,750,511.513,960.433,869.116,455.969,480.994,355.649,486.284,511.513,455.969,455.969,960.433,869.116,355.649,486.284,480.994,0,0,0,0,0,0,0,0,0,0
8.59837,80.79054,5.22,334.4,300.96,D,N,n,2026-09-01,750,511.416,959.983,869.777,455.949,481.034,356.269,486.212,511.416,455.949,455.949,959.983,869.777,356.269,486.212,481.034,0,0,0,0,0,0,0,0,0,0
8.60734,80.91888,7.46,339.09,304.42,D,N,n,2026-09-01,750,512.161,957.7,876.503,457.358,482.914,362.818,487.183,512.161,457.358,457.358,957.7,876.503,362.818,487.183,482.914,0,0,0,0,0,0,0,0,0,0
8.60837,80.85137,11.2,338.67,305.61,D,N,n,2026-09-01,750,511.087,958.24,872.404,455.934,481.249,358.775,485.989,511.087,455.934,455.934,958.24,872.404,358.775,485.989,481.249,0,0,0,0,0,0,0,0,0,0
8.62578,80.64729,9.51,337.07,301.26,D,N,n,2026-09-01,750,506.89,958.63,858.916,450.755,475.303,345.828,481.464,506.89,450.755,450.755,958.63,858.916,345.828,481.464,475.303,0,0,0,0,0,0,0,0,0,0
8.65193,80.82672,8.57,341.22,303.08,D,N,n,2026-09-01,750,505.952,953.671,866.863,450.706,475.96,353.23,480.822,505.952,450.706,450.706,953.671,866.863,353.23,480.822,475.96,0,0,0,0,0,0,0,0,0,0
8.65909,80.69933,4.65,332.35,301.39,D,N,n,2026-09-01,750,503.69,954.309,858.748,447.816,472.59,345.389,478.349,503.69,447.816,447.816,954.309,858.748,345.389,478.349,472.59,0,0,0,0,0,0,0,0,0,0
8.66735,80.72438,7.16,336.5,302.11,D,N,n,2026-09-01,750,503.035,953.099,859.419,447.287,472.164,345.971,477.736,503.035,447.287,447.287,953.099,859.419,345.971,477.736,472.164,0,0,0,0,0,0,0,0,0,0
8.67641,80.90026,7.77,335.43,301.67,D,N,n,2026-09-01,750,504.275,950.224,868.943,449.432,474.973,355.254,479.281,504.275,449.432,449.432,950.224,868.943,355.254,479.281,474.973,0,0,0,0,0,0,0,0,0,0
8.68091,80.87888,7.56,334.14,301.98,D,N,n,2026-09-01,750,503.467,949.933,867.246,448.515,473.982,353.558,478.436,503.467,448.515,448.515,949.933,867.246,353.558,478.436,473.982,0,0,0,0,0,0,0,0,0,0
8.68468,81.02161,22.07,349.12,303.14,D,N,n,2026-09-01,750,505.333,948.235,872.605,451.165,477.135,361.934,480.572,505.333,451.165,451.165,948.235,872.605,361.934,480.572,477.135,0,0,0,0,0,0,0,0,0,0
8.68568,80.88323,9.97,333.31,299.08,D,N,n,2026-09-01,750,503.004,949.362,867.06,448.079,473.565,353.371,477.982,503.004,448.079,448.079,949.362,867.06,353.371,477.982,473.565,0,0,0,0,0,0,0,0,0,0
8.68774,81.01603,4.45,332.11,299.8,D,N,n,2026-09-01,750,504.899,947.941,872.321,450.703,476.657,361.305,480.128,504.899,450.703,450.703,947.941,872.321,361.305,480.128,476.657,0,0,0,0,0,0,0,0,0,0
8.69272,78.05309,4.6,339.6,301.29,D,N,n,2026-09-01,750,553.688,977.727,743.017,440.136,441.309,99.172,418.545,553.688,440.136,440.136,977.727,743.017,99.172,418.545,441.309,0,0,0,0,0,0,0,0,0,0
8.69322,78.05519,6.31,347.78,301.94,D,N,n,2026-09-01,750,553.537,977.655,743.015,440.081,441.271,99.409,418.562,553.537,440.081,440.081,977.655,743.015,99.409,418.562,441.271,0,0,0,0,0,0,0,0,0,0
8.69359,78.05819,4.74,331.91,300.81,D,N,n,2026-09-01,750,553.357,977.59,743.049,440.042,441.255,99.741,418.624,553.357,440.042,440.042,977.59,743.049,99.741,418.624,441.255,0,0,0,0,0,0,0,0,0,0
8.70056,80.87553,13.58,331.19,300.82,D,N,n,2026-09-01,750,501.253,947.79,865.211,446.3,471.769,351.522,476.221,501.253,446.3,446.3,947.79,865.211,351.522,476.221,471.769,0,0,0,0,0,0,0,0,0,0
8.74317,80.18766,5.11,343.55,298.99,D,N,n,2026-09-01,750,492.287,952.808,822.306,434.336,456.238,312.44,466.294,492.287,434.336,434.336,952.808,822.306,312.44,466.294,456.238,0,0,0,0,0,0,0,0,0,0
8.86808,80.87281,5.24,330.89,301.1,D,N,l,2026-09-01,750,482.75,929.267,849.473,427.929,453.515,335.859,457.757,482.75,427.929,427.929,929.267,849.473,335.859,457.757,453.515,0,0,0,0,0,0,0,0,0,0
8.89549,80.42211,12.27,338.63,301.45,D,N,n,2026-09-01,750,475.534,932.079,820.453,418.49,442.212,307.728,449.811,475.534,418.49,418.49,932.079,820.453,307.728,449.811,442.212,0,0,0,0,0,0,0,0,0,0
8.8961,80.42565,12.27,343.18,303.43,D,N,n,2026-09-01,750,475.48,931.957,820.595,418.451,442.189,307.846,449.761,475.48,418.451,418.451,931.957,820.595,307.846,449.761,442.189,0,0,0,0,0,0,0,0,0,0
8.91162,80.4194,5.7,340.85,301.46,D,N,n,2026-09-01,750,473.732,930.347,818.762,416.68,440.396,305.998,448.006,473.732,416.68,416.68,930.347,818.762,305.998,448.006,440.396,0,0,0,0,0,0,0,0,0,0
8.9195,80.3924,5.41,332.26,304.48,D,N,l,2026-09-01,750,472.766,929.912,816.487,415.601,439.196,303.862,447.005,472.766,415.601,415.601,929.912,816.487,303.862,447.005,439.196,0,0,0,0,0,0,0,0,0,0
8.92028,80.4216,8.63,332.13,303.85,D,N,l,2026-09-01,750,472.777,929.36,818.061,415.737,439.467,305.256,447.055,472.777,415.737,415.737,929.36,818.061,305.256,447.055,439.467,0,0,0,0,0,0,0,0,0,0
8.92294,80.38815,11.59,344.04,301.73,D,N,n,2026-09-01,750,472.371,929.603,815.919,415.189,438.765,303.309,446.605,472.371,415.189,415.189,929.603,815.919,303.309,446.605,438.765,0,0,0,0,0,0,0,0,0,0
9.02756,80.16605,2.26,334.03,300.17,D,N,n,2026-09-01,750,460.724,922.054,793.567,402.693,424.706,282.348,434.706,460.724,402.693,402.693,922.054,793.567,282.348,434.706,424.706,0,0,0,0,0,0,0,0,0,0
9.02817,80.16972,2.67,332.18,300.5,D,N,n,2026-09-01,750,460.647,921.917,793.708,402.628,424.713,282.448,434.631,460.647,402.628,402.628,921.917,793.708,282.448,434.631,424.713,0,0,0,0,0,0,0,0,0,0
9.05315,80.14268,6.08,340.69,302.74,D,N,n,2026-09-01,750,457.953,919.705,789.823,399.839,421.441,278.714,431.911,457.953,399.839,399.839,919.705,789.823,278.714,431.911,421.441,0,0,0,0,0,0,0,0,0,0
9.05558,80.14168,4.72,337.68,302.26,D,N,n,2026-09-01,750,457.686,919.459,789.534,399.569,421.156,278.423,431.643,457.686,399.569,399.569,919.459,789.534,278.423,431.643,421.156,0,0,0,0,0,0,0,0,0,0
9.08676,79.74698,2.14,335.52,302.37,D,N,n,2026-09-01,750,457.616,924.741,765.85,398.255,412.091,256.668,431.322,457.616,398.255,398.255,924.741,765.85,256.668,431.322,412.091,0,0,0,0,0,0,0,0,0,0
9.08716,79.74696,6.52,339.59,302.9,D,N,n,2026-09-01,750,457.572,924.698,765.81,398.211,412.047,256.627,431.278,457.572,398.211,398.211,924.698,765.81,256.627,431.278,412.047,0,0,0,0,0,0,0,0,0,0
9.08741,79.75088,2.14,330.38,301.39,D,N,l,2026-09-01,750,457.491,924.576,765.981,398.153,412.054,256.805,431.198,457.491,398.153,398.153,924.576,765.981,256.805,431.198,412.054,0,0,0,0,0,0,0,0,0,0
9.10153,80.28739,3.67,338.19,304.88,D,N,n,2026-09-01,750,452.351,911.701,793.196,394.779,417.93,280.593,426.464,452.351,394.779,394.779,911.701,793.196,280.593,426.464,417.93,0,0,0,0,0,0,0,0,0,0
9.10582,80.31257,2.27,333.64,304.01,D,N,l,2026-09-01,750,451.891,910.785,794.21,394.423,417.702,281.427,426.035,451.891,394.423,394.423,910.785,794.21,281.427,426.035,417.702,0,0,0,0,0,0,0,0,0,0
9.11247,80.27811,6.48,336.96,306.35,D,N,n,2026-09-01,750,451.133,910.667,791.629,393.524,416.631,279.048,425.235,451.133,393.524,393.524,910.667,791.629,279.048,425.235,416.631,0,0,0,0,0,0,0,0,0,0
9.24176,80.27779,7.03,338.33,305.64,D,N,n,2026-09-01,750,436.756,896.493,779.306,379.157,402.304,266.272,410.859,436.756,379.157,379.157,896.493,779.306,266.272,410.859,402.304,0,0,0,0,0,0,0,0,0,0
9.25795,80.27505,6.81,330.46,304.59,D,N,l,2026-09-01,750,434.956,894.768,777.613,377.346,400.484,264.544,409.055,434.956,377.346,377.346,894.768,777.613,264.544,409.055,400.484,0,0,0,0,0,0,0,0,0,0
9.39288,80.43707,11.04,367.0,305.78,D,N,h,2026-09-01,750,420.328,877.131,774.426,363.492,387.538,260.737,394.659,420.328,363.492,363.492,877.131,774.426,260.737,394.659,387.538,0,0,0,0,0,0,0,0,0,0
9.39346,80.44057,11.04,343.24,304.09,D,N,n,2026-09-01,750,420.28,877.01,774.582,363.462,387.526,260.894,394.617,420.28,363.462,363.462,877.01,774.582,260.894,394.617,387.526,0,0,0,0,0,0,0,0,0,0
9.39688,80.43639,6.2,348.3,303.23,D,N,n,2026-09-01,750,419.881,876.703,774.013,363.043,387.088,260.325,394.211,419.881,363.043,363.043,876.703,774.013,260.325,394.211,387.088,0,0,0,0,0,0,0,0,0,0
9.40603,80.44202,1.33,334.62,302.84,D,N,n,2026-09-01,750,418.891,875.604,773.499,362.084,386.163,259.815,393.231,418.891,362.084,362.084,875.604,773.499,259.815,393.231,386.163,0,0,0,0,0,0,0,0,0,0
9.41327,80.36134,3.55,342.93,302.94,D,N,n,2026-09-01,750,417.794,876.182,768.008,360.591,384.252,254.35,392.011,417.794,360.591,360.591,876.182,768.008,254.35,392.011,384.252,0,0,0,0,0,0,0,0,0,0
9.41424,80.36042,3.02,332.41,302.67,D,N,l,2026-09-01,750,417.683,876.091,767.863,360.477,384.134,254.205,391.9,417.683,360.477,360.477,876.091,767.863,254.205,391.9,384.134,0,0,0,0,0,0,0,0,0,0
9.41566,80.40079,4.54,347.73,305.36,D,N,n,2026-09-01,750,417.648,875.237,770.132,360.638,384.508,256.444,391.924,417.648,360.638,360.638,875.237,770.132,256.444,391.924,384.508,0,0,0,0,0,0,0,0,0,0
9.41568,80.39275,1.94,330.74,302.54,D,N,l,2026-09-01,750,417.618,875.372,769.65,360.568,384.396,255.966,391.882,417.618,360.568,360.568,875.372,769.65,255.966,391.882,384.396,0,0,0,0,0,0,0,0,0,0
9.41628,80.39626,3.96,342.87,303.93,D,N,n,2026-09-01,750,417.563,875.246,769.804,360.531,384.378,256.117,391.833,417.563,360.531,360.531,875.246,769.804,256.117,391.833,384.378,0,0,0,0,0,0,0,0,0,0
9.41689,80.39977,3.96,342.6,305.49,D,N,n,2026-09-01,750,417.508,875.119,769.957,360.493,384.359,256.269,391.783,417.508,360.493,360.493,875.119,769.957,256.269,391.783,384.359,0,0,0,0,0,0,0,0,0,0
9.41749,80.40327,4.57,338.11,305.15,D,N,n,2026-09-01,750,417.454,874.994,770.11,360.456,384.341,256.421,391.734,417.454,360.456,360.456,874.994,770.11,256.421,391.734,384.341,0,0,0,0,0,0,0,0,0,0
9.41908,80.39658,4.54,330.1,303.87,D,N,l,2026-09-01,750,417.253,874.933,769.562,360.223,384.073,255.875,391.523,417.253,360.223,360.223,874.933,769.562,255.875,391.523,384.073,0,0,0,0,0,0,0,0,0,0
9.42139,80.41061,2.16,337.98,303.28,D,N,n,2026-09-01,750,417.048,874.441,770.185,360.088,384.013,256.496,391.34,417.048,360.088,360.088,874.441,770.185,256.496,391.34,384.013,0,0,0,0,0,0,0,0,0,0
9.42197,80.41412,2.16,333.99,303.32,D,N,n,2026-09-01,750,416.998,874.318,770.341,360.055,383.999,256.652,391.295,416.998,360.055,360.055,874.318,770.341,256.652,391.295,383.999,0,0,0,0,0,0,0,0,0,0
9.4227,80.40959,4.15,343.88,303.37,D,N,n,2026-09-01,750,416.899,874.314,770.002,359.934,383.855,256.313,391.189,416.899,359.934,359.934,874.314,770.002,256.313,391.189,383.855,0,0,0,0,0,0,0,0,0,0
9.4233,80.41309,4.15,349.88,304.67,D,N,n,2026-09-01,750,416.846,874.189,770.156,359.899,383.838,256.467,391.141,416.846,359.899,359.899,874.189,770.156,256.467,391.141,383.838,0,0,0,0,0,0,0,0,0,0
9.4273,80.41241,10.51,367.0,305.8,D,N,h,2026-09-01,750,416.398,873.761,769.742,359.449,383.387,256.054,390.693,416.398,359.449,359.449,873.761,769.742,256.054,390.693,383.387,0,0,0,0,0,0,0,0,0,0
9.4283,80.39423,2.36,333.51,304.04,D,N,l,2026-09-01,750,416.22,873.961,768.561,359.181,383.024,254.873,390.487,416.22,359.181,359.181,873.961,768.561,254.873,390.487,383.024,0,0,0,0,0,0,0,0,0,0
9.44431,80.39148,3.35,340.36,303.64,D,N,n,2026-09-01,750,414.431,872.25,766.904,357.383,381.22,253.215,388.695,414.431,357.383,357.383,872.25,766.904,253.215,388.695,381.22,0,0,0,0,0,0,0,0,0,0
9.53506,80.38695,25.84,342.55,304.4,D,N,n,2026-09-01,750,404.33,862.365,758.192,347.283,371.146,244.536,378.592,404.33,347.283,347.283,862.365,758.192,244.536,378.592,371.146,0,0,0,0,0,0,0,0,0,0
9.57735,78.58523,8.92,342.46,305.45,D,N,n,2026-09-01,750,439.807,876.854,664.927,345.828,353.652,153.407,353.029,439.807,345.828,345.828,876.854,664.927,153.407,353.029,353.652,0,0,0,0,0,0,0,0,0,0
9.60892,79.98938,4.83,345.28,302.98,D,N,n,2026-09-01,750,397.143,862.312,727.995,338.45,357.667,215.52,370.946,397.143,338.45,338.45,862.312,727.995,215.52,370.946,357.667,0,0,0,0,0,0,0,0,0,0
9.63981,80.21948,2.34,335.9,300.71,D,N,n,2026-09-01,750,392.54,854.019,738.406,334.712,357.663,224.744,366.57,392.54,334.712,334.712,854.019,738.406,224.744,366.57,357.663,0,0,0,0,0,0,0,0,0,0
9.64288,80.3102,4.14,333.48,302.49,D,N,n,2026-09-01,750,392.173,851.929,743.551,334.768,358.256,229.89,366.325,392.173,334.768,334.768,851.929,743.551,229.89,366.325,358.256,0,0,0,0,0,0,0,0,0,0
9.6828,79.86526,2.81,331.06,302.61,D,N,l,2026-09-01,750,390.265,857.242,713.982,331.203,347.526,202.371,363.988,390.265,331.203,331.203,857.242,713.982,202.371,363.988,347.526,0,0,0,0,0,0,0,0,0,0
9.77143,78.21916,3.49,333.13,302.84,D,N,n,2026-09-01,750,439.207,856.83,631.802,320.832,324.187,111.062,314.435,439.207,320.832,320.832,856.83,631.802,111.062,314.435,324.187,0,0,0,0,0,0,0,0,0,0
9.8107,78.22701,3.51,330.36,302.93,D,N,l,2026-09-01,750,435.009,852.419,627.881,316.531,320.014,111.81,310.972,435.009,316.531,316.531,852.419,627.881,111.81,310.972,320.014,0,0,0,0,0,0,0,0,0,0
9.95757,77.88288,8.44,336.99,305.57,D,N,n,2026-09-01,750,442.035,839.272,601.926,299.453,299.769,75.76,280.002,442.035,299.453,299.453,839.272,601.926,75.76,280.002,299.769,0,0,0,0,0,0,0,0,0,0
9.95914,77.88472,11.36,337.66,305.78,D,N,n,2026-09-01,750,441.776,839.077,601.806,299.281,299.604,75.993,279.919,441.776,299.281,299.281,839.077,601.806,75.993,279.919,299.604,0,0,0,0,0,0,0,0,0,0
9.96654,77.89884,6.17,339.99,305.78,D,N,n,2026-09-01,750,440.203,838.097,601.394,298.481,298.862,77.679,279.768,440.203,298.481,298.481,838.097,601.394,77.679,279.768,298.862,0,0,0,0,0,0,0,0,0,0
9.96955,77.89621,13.59,343.87,306.5,D,N,n,2026-09-01,750,440.1,837.794,600.998,298.141,298.512,77.471,279.347,440.1,298.141,298.141,837.794,600.998,77.471,279.347,298.512,0,0,0,0,0,0,0,0,0,0
9.99659,77.51824,3.0,343.88,303.84,D,N,n,2026-09-01,750,463.215,840.096,589.041,295.995,296.15,39.655,262.836,463.215,295.995,295.995,840.096,589.041,39.655,262.836,296.15,0,0,0,0,0,0,0,0,0,0
9.99667,77.52258,8.15,334.74,303.41,D,N,n,2026-09-01,750,462.902,840.015,589.121,296.002,296.101,40.07,262.952,462.902,296.002,296.002,840.015,589.121,40.07,262.952,296.101,0,0,0,0,0,0,0,0,0,0
10.015,78.08784,8.15,345.21,304.53,D,N,n,2026-09-01,750,423.949,830.831,601.722,293.162,295.343,99.055,283.769,423.949,293.162,293.162,830.831,601.722,99.055,283.769,295.343,0,0,0,0,0,0,0,0,0,0
10.38719,79.27933,11.34,343.55,305.99,D,N,n,2026-09-01,750,327.784,789.054,614.134,253.528,266.789,107.323,301.845,327.784,253.528,253.528,789.054,614.134,107.323,301.845,266.789,0,0,0,0,0,0,0,0,0,0
10.44507,78.80642,3.98,332.13,302.64,D,N,l,2026-09-01,750,342.477,780.322,584.842,250.059,268.237,77.55,292.32,342.477,250.059,250.059,780.322,584.842,77.55,292.32,268.237,0,0,0,0,0,0,0,0,0,0
10.44559,78.8073,5.72,332.18,301.71,D,N,n,2026-09-01,750,342.381,780.265,584.831,250.009,268.161,77.516,292.349,342.381,250.009,250.009,780.265,584.831,77.516,292.349,268.161,0,0,0,0,0,0,0,0,0,0
10.67588,78.80834,4.1,334.64,305.76,D,N,l,2026-09-01,750,319.861,754.662,561.792,224.495,243.138,52.948,275.153,319.861,224.495,224.495,754.662,561.792,52.948,275.153,243.138,0,0,0,0,0,0,0,0,0,0
10.74769,78.83463,6.13,344.12,306.06,D,N,n,2026-09-01,750,311.507,746.722,555.928,216.814,234.711,46.708,272.267,311.507,216.814,216.814,746.722,555.928,46.708,272.267,234.711,0,0,0,0,0,0,0,0,0,0
10.77378,78.65028,5.62,335.4,307.67,D,N,l,2026-09-01,750,319.625,743.739,544.504,212.785,230.562,38.973,254.968,319.625,212.785,212.785,743.739,544.504,38.973,254.968,230.562,0,0,0,0,0,0,0,0,0,0
10.86091,79.81236,0.93,332.03,298.78,D,N,n,2026-09-01,750,261.577,731.743,601.232,201.056,217.2,92.63,235.258,261.577,201.056,201.056,731.743,601.232,92.63,235.258,217.2,0,0,0,0,0,0,0,0,0,0
11.00781,77.43622,7.15,332.41,299.6,D,N,n,2026-09-01,750,391.115,730.759,477.044,183.404,185.786,84.519,153.421,391.115,183.404,183.404,730.759,477.044,84.519,153.421,185.786,0,0,0,0,0,0,0,0,0,0
11.01218,79.41254,1.56,334.72,302.36,D,N,n,2026-09-01,750,257.529,721.136,562.39,184.455,196.711,48.976,231.786,257.529,184.455,184.455,721.136,562.39,48.976,231.786,196.711,0,0,0,0,0,0,0,0,0,0
11.01958,79.83994,2.22,336.41,303.87,D,N,n,2026-09-01,750,243.684,713.947,588.93,183.203,200.502,86.159,217.366,243.684,183.203,183.203,713.947,588.93,86.159,217.366,200.502,0,0,0,0,0,0,0,0,0,0
11.14795,78.03258,4.53,336.34,300.6,D,N,n,2026-09-01,750,331.494,705.923,480.136,167.121,169.869,56.18,177.267,331.494,167.121,167.121,705.923,480.136,56.18,177.267,169.869,0,0,0,0,0,0,0,0,0,0
11.69378,79.12559,3.94,336.91,304.65,D,N,n,2026-09-01,750,206.106,642.935,482.284,109.823,125.293,38.069,183.131,206.106,109.823,109.823,642.935,482.284,38.069,183.131,125.293,0,0,0,0,0,0,0,0,0,0
11.69394,79.12669,5.89,334.62,305.59,D,N,l,2026-09-01,750,206.019,642.925,482.34,109.785,125.256,38.086,183.039,206.019,109.785,109.785,642.925,482.34,38.086,183.039,125.256,0,0,0,0,0,0,0,0,0,0
11.69813,79.12595,5.89,355.18,304.79,D,N,n,2026-09-01,750,205.697,642.455,481.915,109.339,124.81,38.552,182.74,205.697,109.339,109.339,642.455,481.915,38.552,182.74,124.81,0,0,0,0,0,0,0,0,0,0
11.83094,79.66526,1.86,331.46,303.93,D,N,l,2026-09-01,750,162.861,633.829,507.357,99.049,108.301,79.316,137.47,162.861,99.049,99.049,633.829,507.357,79.316,137.47,108.301,0,0,0,0,0,0,0,0,0,0
12.05853,79.84698,3.58,331.63,299.32,D,N,n,2026-09-01,750,131.948,603.415,502.791,68.87,88.339,81.767,106.186,131.948,68.87,68.87,603.415,502.791,81.767,106.186,88.339,0,0,0,0,0,0,0,0,0,0
12.09285,79.56569,4.53,341.02,303.15,D,N,n,2026-09-01,750,142.272,604.011,478.617,70.22,77.618,79.288,118.444,142.272,70.22,70.22,604.011,478.617,79.288,118.444,77.618,0,0,0,0,0,0,0,0,0,0
12.09304,79.56533,2.38,342.44,303.39,D,N,n,2026-09-01,750,142.275,603.985,478.574,70.184,77.591,79.248,118.451,142.275,70.184,70.184,603.985,478.574,79.248,118.451,77.591,0,0,0,0,0,0,0,0,0,0
12.13102,78.14007,8.28,332.63,299.71,D,N,n,2026-09-01,750,258.721,595.987,384.51,58.986,71.654,43.803,102.547,258.721,58.986,58.986,595.987,384.51,43.803,102.547,71.654,0,0,0,0,0,0,0,0,0,0
12.38799,79.56133,2.06,332.27,303.14,D,N,n,2026-09-01,750,116.3,571.51,455.005,38.614,45.467,55.552,94.931,116.3,38.614,38.614,571.51,455.005,55.552,94.931,45.467,0,0,0,0,0,0,0,0,0,0
12.55496,79.97733,6.59,343.27,303.72,D,N,n,2026-09-01,750,75.533,546.616,476.842,11.894,32.439,25.12,50.612,75.533,11.894,11.894,546.616,476.842,25.12,50.612,32.439,0,0,0,0,0,0,0,0,0,0
12.63548,79.86098,5.87,334.7,302.52,D,N,n,2026-09-01,750,74.372,542.54,461.387,8.331,25.538,21.332,52.324,74.372,8.331,8.331,542.54,461.387,21.332,52.324,25.538,0,0,0,0,0,0,0,0,0,0
12.6515,79.40098,2.19,337.49,301.46,D,N,n,2026-09-01,750,110.778,539.975,422.269,11.434,15.183,28.203,92.444,110.778,11.434,11.434,539.975,422.269,28.203,92.444,15.183,0,0,0,0,0,0,0,0,0,0
12.65554,79.40025,2.19,336.68,302.28,D,N,n,2026-09-01,750,110.612,539.519,421.908,11.295,14.784,27.751,92.303,110.612,11.295,11.295,539.519,421.908,27.751,92.303,14.784,0,0,0,0,0,0,0,0,0,0
12.8083,79.95654,3.64,331.11,302.28,D,N,l,2026-09-01,750,52.887,520.9,453.561,3.33,4.183,2.763,33.077,52.887,3.33,3.33,520.9,453.561,2.763,33.077,4.183,0,1,1,1,0,0,5,0,3,0
12.82044,79.10441,5.45,338.59,303.67,D,N,n,2026-09-01,750,132.534,517.827,385.937,5.543,14.475,14.416,116.314,132.534,5.543,5.543,517.827,385.937,14.416,116.314,14.475,0,0,0,0,0,0,0,0,0,0
12.82455,79.10368,5.9,332.39,304.02,D,N,l,2026-09-01,750,132.476,517.366,385.565,5.082,14.066,14.876,116.294,132.476,5.082,5.082,517.366,385.565,14.876,116.294,14.066,0,0,0,0,0,0,0,0,0,0
12.88371,78.21547,3.46,333.65,302.7,D,N,n,2026-09-01,750,225.26,511.894,317.136,9.394,5.508,26.533,54.506,225.26,9.394,9.394,511.894,317.136,26.533,54.506,5.508,0,0,0,0,0,0,0,0,0,0
13.20734,79.73056,3.71,330.12,301.37,D,N,l,2026-09-01,750,58.982,485.501,412.734,10.183,14.864,22.547,42.589,58.982,10.183,10.183,485.501,412.734,22.547,42.589,14.864,0,0,0,0,0,0,0,0,0,0
13.85649,79.3286,4.74,340.87,296.39,D,N,n,2026-09-01,750,127.379,406.29,339.135,8.102,31.898,27.043,113.623,127.379,8.102,8.102,406.29,339.135,27.043,113.623,31.898,0,0,0,0,0,0,0,0,0,0
13.85709,79.33201,4.74,344.02,298.61,D,N,n,2026-09-01,750,127.123,406.284,339.435,7.771,31.74,26.804,113.388,127.123,7.771,7.771,406.284,339.435,26.804,113.388,31.74,0,0,0,0,0,0,0,0,0,0
13.86103,79.33105,4.74,334.63,296.24,D,N,n,2026-09-01,750,127.468,405.835,339.147,8.014,32.159,26.473,113.754,127.468,8.014,8.014,405.835,339.147,26.473,113.754,32.159,0,0,0,0,0,0,0,0,0,0
14.43501,77.70506,5.22,330.81,296.7,D,N,n,2026-09-01,750,310.904,353.449,154.971,2.953,4.028,112.239,137.176,310.904,2.953,2.953,353.449,154.971,112.239,137.176,4.028,0,1,1,0,0,0,1,0,0,0
14.43581,77.70943,11.47,343.02,298.18,D,N,n,2026-09-01,750,310.523,353.222,155.315,2.907,4.408,112.527,137.216,310.523,2.907,2.907,353.222,155.315,112.527,137.216,4.408,0,1,1,0,0,0,1,0,0,0
14.49206,77.77126,8.52,343.95,298.34,D,N,n,2026-09-01,750,307.484,345.278,157.691,10.944,6.398,113.631,142.947,307.484,10.944,10.944,345.278,157.691,113.631,142.947,6.398,0,0,0,0,0,0,0,0,0,0
14.54064,79.68484,9.29,344.26,297.25,D,N,n,2026-09-01,750,164.67,341.024,310.513,11.457,11.098,47.752,157.685,164.67,11.457,11.457,341.024,310.513,47.752,157.685,11.098,0,0,0,0,0,0,0,0,0,0
14.86462,77.31979,2.62,335.31,292.46,D,N,n,2026-09-01,752,370.088,324.934,95.61,8.22,35.127,49.992,106.662,370.088,8.22,8.22,324.934,95.61,49.992,106.662,35.127,0,0,0,0,0,0,0,0,0,0
14.95313,79.62963,5.79,338.9,300.36,D,N,n,2026-09-01,752,209.553,295.622,284.757,36.34,12.042,66.929,203.373,209.553,36.34,36.34,295.622,284.757,66.929,203.373,12.042,0,0,0,0,0,0,0,0,0,0
14.95399,79.63455,5.79,333.95,299.32,D,N,n,2026-09-01,752,209.465,295.706,284.28,36.628,12.393,67.407,203.327,209.465,36.628,36.628,295.706,284.28,67.407,203.327,12.393,0,0,0,0,0,0,0,0,0,0
15.18663,76.75148,3.78,337.67,289.96,D,N,n,2026-09-01,752,440.847,328.426,27.027,3.816,12.577,21.032,35.912,440.847,3.816,3.816,328.426,27.027,21.032,35.912,12.577,0,0,1,0,0,0,7,0,0,0
15.88618,79.82315,7.0,338.82,301.09,D,N,l,2026-09-01,752,231.645,211.349,216.779,13.443,14.361,33.668,120.758,231.645,13.443,13.443,211.349,216.779,33.668,120.758,14.361,0,0,0,0,0,0,0,0,0,0
15.88993,79.82246,7.0,339.55,299.72,D,N,n,2026-09-01,752,231.591,210.962,216.716,13.763,14.781,33.541,120.404,231.591,13.763,13.763,210.962,216.716,33.541,120.404,14.781,0,0,0,0,0,0,0,0,0,0
17.95781,80.79736,5.73,336.54,292.25,D,N,n,2026-09-01,752,199.569,126.522,191.083,3.359,3.12,6.783,104.593,199.569,3.359,3.359,126.522,191.083,6.783,104.593,3.12,0,1,1,0,0,0,1,0,0,0
27.52273,68.33573,7.3,353.91,298.29,D,N,n,2026-09-01,756,588.346,593.511,642.363,321.883,322.539,301.072,315.771,588.346,321.883,321.883,593.511,642.363,301.072,315.771,322.539,0,0,0,0,0,0,0,0,0,0
30.67169,73.90612,3.03,334.61,294.93,D,N,n,2026-09-01,756,130.797,999.0,672.584,60.113,72.138,70.062,100.99,130.797,60.113,60.113,999.0,672.584,70.062,100.99,72.138,0,0,0,0,0,0,0,0,0,0
32.2988,73.30443,2.61,331.8,294.81,D,N,n,2026-09-01,756,307.68,999.0,861.672,196.566,197.776,54.525,86.906,307.68,196.566,196.566,999.0,861.672,54.525,86.906,197.776,0,0,0,0,0,0,0,0,0,0
