cluster_id,centroid_lat,centroid_lon,detection_count,days_active,persistence_ratio,daily_detection_rate,frp_mean,frp_median,frp_max,frp_min,frp_std,frp_sum,bright_ti4_mean,bright_ti4_max,bright_ti4_std,night_fraction,high_conf_fraction,lat_range,lon_range,spatial_extent_km,nearest_site_type,nearest_site_type_encoded,dist_to_nearest_industrial_km,dist_refinery,dist_powerplant,dist_factory,dist_volcano,dist_oil_gas,dist_industrial_zone,dist_mining,has_industrial_within_2km,has_refinery_within_5km,has_powerplant_within_5km,has_volcano_within_10km,num_industrial_sites_within_5km,is_offshore,firms_type,firms_type_mode,classification,rule_confidence,rule_reason,ml_class,ml_confidence,final_class,confidence
0,6.458488,81.093468,5,1,0.3333333333333333,5.0,10.086,8.32,19.19,7.3,4.574798793389717,50.43,346.18800000000005,349.51,2.686331327293777,0.0,0.0,0.003940000000000055,0.007390000000000896,0.9266267110974832,industrial_zone,4,696.2066224068582,751.6173810544612,721.1107487126258,706.5448304029344,2460.3047185521705,1194.8020488277962,696.2066224068582,999.0,0,0,0,0,0,0,-1,-1,unclassified,0.3,No rule matched,unclassified,0.988,unclassified,0.3
1,6.570496666666666,81.05615333333334,3,1,0.3333333333333333,3.0,25.266666666666666,18.25,39.3,18.25,9.923065162651215,75.8,341.26,349.19,5.615710106478067,0.0,0.0,0.0013100000000001444,0.004990000000006489,0.5701402586109334,industrial_zone,4,683.2811096785465,738.7668449901287,708.1361008771299,693.5826881188816,2447.267212693081,1182.5885574470394,683.2811096785465,999.0,0,0,0,0,0,0,-1,-1,unclassified,0.3,No rule matched,unclassified,0.988,unclassified,0.3
2,6.714125000000001,81.5392025,4,2,0.6666666666666666,2.0,4.9425,5.545,5.65,3.03,1.10750564332648,19.77,340.70500000000004,343.31,3.4202668024585385,0.0,0.0,0.018010000000000304,0.009570000000010737,2.2643772486752134,industrial_zone,4,677.4488409208097,731.0542755660098,703.5433035166637,688.680452360329,2443.211590439742,1164.7903334784658,677.4488409208097,999.0,0,0,0,0,0,0,-1,-1,unclassified,0.3,No rule matched,unclassified,0.971,unclassified,0.3
3,6.744574,81.519886,5,2,0.6666666666666666,2.5,3.3619999999999997,3.24,4.05,2.55,0.540199962976674,16.81,338.526,342.02,2.4100506218749786,0.0,0.0,0.007760000000000211,0.025300000000001432,2.923977437038037,industrial_zone,4,673.672312264508,727.3296095024665,699.73978000398,684.8829173044887,2439.431238057554,1161.4337052254782,673.672312264508,999.0,0,0,0,0,0,0,-1,-1,unclassified,0.3,No rule matched,unclassified,0.971,unclassified,0.3
4,6.81251,81.52214333333333,3,2,0.6666666666666666,1.5,3.733333333333333,3.0,5.57,2.63,1.3074742402391297,11.2,338.0566666666667,339.07,1.3421955479321377,0.0,0.0,0.014800000000000146,0.007030000000000314,1.8195438224453915,industrial_zone,4,666.3653794573748,719.9552837376402,692.4754205232883,677.6086120704755,2432.1292974436583,1153.8767652538156,666.3653794573748,999.0,0,0,0,0,0,0,-1,-1,unclassified,0.3,No rule matched,unclassified,0.96,unclassified,0.3
5,7.0052666666666665,81.59810666666665,6,2,0.6666666666666666,3.0,4.316666666666666,4.66,5.33,2.25,0.9705782926803084,25.9,339.7533333333333,349.4,6.139741217854571,0.0,0.0,0.020150000000000112,0.007459999999994693,2.3870559318503908,industrial_zone,4,647.4984333121467,700.5874208406927,673.8913547712598,658.9617090424558,2413.185503222129,1132.353244358379,647.4984333121467,999.0,0,0,0,0,0,0,-1,-1,unclassified,0.3,No rule matched,unclassified,0.971,unclassified,0.3
6,7.277817499999999,81.1597075,4,1,0.3333333333333333,4.0,3.2525,3.645,4.38,1.34,1.2567293861448454,13.01,327.4225,337.79,13.717245304725006,0.25,0.0,0.010619999999999408,0.03182999999999936,3.704095397648676,industrial_zone,4,607.5509072913959,662.2604640763483,633.0165944832685,618.3003155047356,2372.810596495232,1103.442080164966,607.5509072913959,999.0,0,0,0,0,0,0,-1,-1,unclassified,0.3,No rule matched,unclassified,1.0,unclassified,0.3
7,7.317293333333333,81.10650333333335,3,1,0.3333333333333333,3.0,5.913333333333334,6.49,9.05,2.2,2.8260730508762313,17.740000000000002,335.8066666666667,336.91,1.0360930889108795,0.0,0.0,0.004750000000000476,0.005129999999994084,0.7740032386835773,industrial_zone,4,602.1867887286562,657.0861125763813,627.5277715768775,612.8425071632792,2367.258104920465,1099.3678926204086,602.1867887286562,999.0,0,0,0,0,0,0,-1,-1,unclassified,0.3,No rule matched,unclassified,0.996,unclassified,0.3
8,7.3206125,81.75940750000001,4,3,1.0,1.3333333333333333,7.08,5.720000000000001,12.39,4.49,3.114305701115419,28.32,341.8625,344.78,4.55936604694116,0.0,0.0,0.009139999999999482,0.01677999999999713,2.1113470141277757,industrial_zone,4,618.3789282292248,670.3615855633741,645.32397073072,630.2836465673886,2383.3154628089223,1097.2928830243377,618.3789282292248,999.0,0,0,0,0,0,0,-1,-1,unclassified,0.3,No rule matched,unclassified,0.963,unclassified,0.3
9,7.326776666666667,81.80315333333334,3,2,0.6666666666666666,1.5,2.6,2.59,3.07,2.14,0.3797367509209504,7.800000000000001,337.76,340.74,4.094736458756115,0.0,0.0,0.010950000000000237,0.0014299999999991542,1.2277557931578629,industrial_zone,4,619.1113752744785,670.8729583481087,646.1529494499337,631.0952568334117,2383.8171759185566,1096.6565828393823,619.1113752744785,999.0,0,0,0,0,0,0,-1,-1,unclassified,0.3,No rule matched,unclassified,0.93,unclassified,0.3
10,7.348471999999999,81.203958,5,1,0.3333333333333333,5.0,5.994,6.09,10.19,3.8,2.334614315042208,29.97,346.968,357.22,6.689847232934402,0.0,0.0,0.01790999999999965,0.010480000000001155,2.3025783820285555,industrial_zone,4,600.7459218062988,655.2218734957146,626.3701310888866,611.6143863836472,2366.2065138766616,1095.3602132837757,600.7459218062988,999.0,0,0,0,0,0,0,-1,-1,unclassified,0.3,No rule matched,unclassified,1.0,unclassified,0.3
11,7.383852,81.554015,10,1,0.3333333333333333,10.0,4.842,4.6,8.59,2.71,1.4680313348154392,48.419999999999995,338.74899999999997,349.53,5.779542282914795,0.0,0.0,0.03281000000000045,0.029290000000003147,4.872625464059781,industrial_zone,4,605.5152423293891,658.3991868448808,632.0420001080759,617.0827122832966,2371.111116500361,1090.3056028910892,605.5152423293891,999.0,0,0,0,0,0,0,-1,-1,unclassified,0.3,No rule matched,unclassified,1.0,unclassified,0.3
12,7.432723333333333,81.3193,3,3,1.0,1.0,3.933333333333333,4.43,5.35,2.02,1.4040971792895565,11.799999999999999,334.37333333333333,340.99,4.710090822431731,0.0,0.0,0.01205999999999996,0.010649999999998272,1.7824785254672253,industrial_zone,4,594.1642916956521,648.0721754856407,620.1426063321284,605.302576591434,2359.8935401667804,1085.4829102173057,594.1642916956521,999.0,0,0,0,0,0,0,-1,-1,unclassified,0.3,No rule matched,unclassified,0.961,unclassified,0.3
13,7.614234000000001,81.154598,5,2,0.6666666666666666,2.5,15.026,15.47,34.65,0.82,11.198854584286734,75.13,340.3,367.0,21.788687890738156,0.2,0.2,0.015450000000000408,0.0067800000000062255,1.8734411919779226,industrial_zone,4,570.6996488658893,625.1855170699722,596.342444319182,581.5803858783398,2336.181238782749,1066.1120220781845,570.6996488658893,999.0,0,0,0,0,0,0,-1,-1,unclassified,0.3,No rule matched,unclassified,0.963,unclassified,0.3
14,9.398382000000002,80.437306,5,2,0.6666666666666666,2.5,6.731999999999999,6.2,11.04,1.33,3.8412362593311022,33.66,344.276,367.0,13.30172560234197,0.0,0.2,0.013149999999999551,0.011539999999996553,1.9340953707294875,industrial_zone,4,362.8853640537363,419.7182864163855,386.93565390969076,372.5684440178168,2125.5275066315976,876.5227805286085,362.8853640537363,999.0,0,0,0,0,0,0,-1,-1,unclassified,0.3,No rule matched,unclassified,0.963,unclassified,0.3
15,9.421756250000001,80.40153375,16,3,1.0,5.333333333333333,4.1025,4.055,10.51,1.83,2.0613997065101177,65.64,340.990625,367.0,9.649350022637535,0.0,0.0625,0.03125,0.033109999999993533,5.026470661424332,industrial_zone,4,359.9683140289271,416.97325085844403,383.8462579301778,369.5272894228206,2122.17492447088,874.5547680301428,359.9683140289271,999.0,0,0,0,0,0,0,-1,-1,unclassified,0.3,No rule matched,unclassified,0.971,unclassified,0.3
16,32.888785,71.61580000000001,4,2,0.6666666666666666,2.0,2.995,3.31,3.59,1.77,0.7165716991341481,11.98,314.01250000000005,331.99,10.394725525476847,0.75,0.0,0.002189999999998804,0.0026900000000011914,0.3498410668368698,factory,1,357.2396135530755,457.5176361945556,358.8037653420451,357.2396135530755,683.690402307718,1182.6251258232344,358.50167308068814,999.0,0,0,0,0,0,0,-1,-1,unclassified,0.3,No rule matched,unclassified,0.921,unclassified,0.3
17,26.87514333333333,73.51510999999999,3,1,0.3333333333333333,3.0,1.3333333333333333,1.35,1.39,1.26,0.0543650214343336,4.0,307.0333333333333,309.34,1.7856153623393183,1.0,0.0,0.003899999999998016,0.003860000000003083,0.5784808909843705,industrial_zone,4,132.85322287898836,366.39541316566596,235.0868905731256,240.65466059861433,281.1315133090464,622.6411014815915,132.85322287898836,999.0,0,0,0,0,0,0,-1,-1,unclassified,0.3,No rule matched,unclassified,0.982,unclassified,0.3
18,18.686557999999998,73.03689,5,2,0.6666666666666666,2.5,2.432,1.93,3.62,1.57,0.7896936114721962,12.16,309.574,319.89,5.590000357781727,1.0,0.0,0.011530000000000484,0.011870000000001824,1.7908033850442535,industrial_zone,4,157.4585603139822,403.4518576454514,161.065404465555,167.0048688481442,1085.9339811221016,271.5558807926459,157.4585603139822,999.0,0,0,0,0,0,0,-1,-1,unclassified,0.3,No rule matched,unclassified,0.911,unclassified,0.3
19,21.1041925,72.640885,4,2,0.6666666666666666,2.0,2.4074999999999998,1.625,5.89,0.49,2.0633998037220027,9.629999999999999,310.3525,330.75,13.835039528313606,1.0,0.0,0.008000000000002672,0.008500000000012164,1.252522443970779,factory,1,0.6962703145780069,150.12993853692592,1.6860691193301698,0.6962703145780069,845.8287947921309,2.1555667438762764,1.832214803778423,999.0,1,0,1,0,7,0,-1,-1,industrial_process_heat,0.85,"Persistent (0.67), industrial site within 2km",industrial_process_heat,0.437,industrial_process_heat,0.85
20,13.826741666666665,79.33839333333331,6,2,0.6666666666666666,3.0,2.75,0.64,13.51,0.49,4.812785056492758,16.5,312.1933333333333,351.56,17.66419039249244,0.8333333333333334,0.0,0.009479999999999933,0.00996000000000663,1.5058944766987958,factory,1,6.754301682029878,124.57990875082686,28.610589592615298,6.754301682029878,1619.047124119722,409.7253350131571,15.818201078106108,999.0,0,0,0,0,0,0,-1,-1,unclassified,0.3,No rule matched,unclassified,0.714,unclassified,0.3
21,15.176757142857143,76.67047,7,1,0.3333333333333333,7.0,1.497142857142857,1.46,3.12,0.4,0.8536763235009638,10.48,307.32714285714286,320.74,8.241499021564525,1.0,0.0,0.013619999999999521,0.03490000000000748,4.039982473170669,industrial_zone,4,11.468101558778443,447.853674630869,20.987315778752468,28.779330379765394,1433.9121423795555,334.8388308062961,11.468101558778443,999.0,0,0,0,0,0,0,-1,-1,unclassified,0.3,No rule matched,unclassified,0.824,unclassified,0.3
22,7.944214285714287,81.30642857142857,7,2,0.6666666666666666,3.5,25.64571428571429,20.34,80.22,8.89,22.82582112880239,179.52000000000004,349.8971428571428,367.0,8.46609323678151,0.0,0.14285714285714285,0.007719999999999949,0.02298999999999296,2.673403526509059,industrial_zone,4,538.4267561496191,591.8875274302305,564.7058285011582,549.795666099667,2304.179771148688,1028.6982755846543,538.4267561496191,999.0,0,0,0,0,0,0,-1,-1,unclassified,0.3,No rule matched,unclassified,0.963,unclassified,0.3
23,8.299973333333334,80.15814,3,2,0.6666666666666666,1.5,14.030000000000001,18.87,19.56,3.66,7.338106022673698,42.09,342.47333333333336,344.61,2.4134392241962175,0.0,0.0,0.0018500000000010175,0.006709999999998217,0.7664260991533424,industrial_zone,4,483.59189281891145,541.625689915293,504.31209327807676,492.12704808837185,2239.3110209243,1001.9537553566798,483.59189281891145,999.0,0,0,0,0,0,0,-1,-1,unclassified,0.3,No rule matched,unclassified,0.958,unclassified,0.3
24,8.312023333333334,80.28739,3,2,0.6666666666666666,1.5,2.433333333333333,2.5,3.4,1.4,0.8178562764256865,7.3,339.01,343.65,3.8512422238372013,0.0,0.0,0.003610000000000113,0.00995999999999242,1.1670719925736217,industrial_zone,4,482.5107286329417,540.1399870439451,505.36788675027293,491.43340236575915,2240.6570134740036,998.4251857607255,482.5107286329417,999.0,0,0,0,0,0,0,-1,-1,unclassified,0.3,No rule matched,unclassified,0.955,unclassified,0.3
25,8.346905,80.1976725,4,2,0.6666666666666666,2.0,4.5975,4.17,6.2,3.85,0.9597493162279409,18.39,334.23,336.99,2.434450656719098,0.0,0.0,0.004760000000000986,0.021350000000012415,2.407762001647889,industrial_zone,4,478.4088606882234,536.3240914763637,499.8481528691472,487.06712589946517,2234.989458536579,996.1064736520178,478.4088606882234,999.0,0,0,0,0,0,0,-1,-1,unclassified,0.3,No rule matched,unclassified,0.971,unclassified,0.3
26,8.494041666666666,80.819265,6,2,0.6666666666666666,3.0,11.768333333333333,14.065,16.97,4.13,5.686699149965841,70.61,339.09166666666664,353.12,7.04862496440894,0.0,0.0,0.019939999999998292,0.008809999999996876,2.4196796129504596,industrial_zone,4,467.9007393986537,523.2959860674699,493.0225642878657,478.38229977261915,2232.668944670219,971.2260981489785,467.9007393986537,999.0,0,0,0,0,0,0,-1,-1,unclassified,0.3,No rule matched,unclassified,0.963,unclassified,0.3
27,8.571396666666665,80.73135,3,2,0.6666666666666666,1.5,4.153333333333333,4.61,6.93,0.92,2.474730063843103,12.46,335.23333333333335,337.61,1.730401366414417,0.0,0.0,0.00774000000000008,0.014480000000006044,1.809850859340487,industrial_zone,4,457.95878830829685,513.7290528804009,482.8025908174416,468.2338002118855,2222.2058430556312,963.6278484903853,457.95878830829685,999.0,0,0,0,0,0,0,-1,-1,unclassified,0.3,No rule matched,unclassified,0.971,unclassified,0.3
28,8.907498333333333,80.41983499999999,6,2,0.6666666666666666,3.0,12.021666666666667,10.45,28.96,4.3,8.145770715871858,72.13,339.125,343.18,3.547317061292008,0.0,0.0,0.024789999999999424,0.02048000000000627,3.5580945666428763,industrial_zone,4,417.1403609228747,474.1913028008698,440.8569850021544,426.5964910665802,2178.5709287129457,930.7939078559789,417.1403609228747,999.0,0,0,0,0,0,0,-1,-1,unclassified,0.3,No rule matched,unclassified,0.963,unclassified,0.3
29,11.811802500000002,77.92062,4,1,0.3333333333333333,4.0,2.1574999999999998,2.075,2.83,1.65,0.4974623101301243,8.629999999999999,313.8675,331.34,10.117016296813988,0.75,0.0,0.0086700000000004,0.009330000000005612,1.400213941204546,industrial_zone,4,93.55390087020335,296.758433469858,95.0730127334398,95.05999755350915,1817.214267512424,634.0479322867643,93.55390087020335,999.0,0,0,0,0,0,0,-1,-1,unclassified,0.3,No rule matched,unclassified,0.979,unclassified,0.3
30,22.38788,73.11720333333334,3,1,0.3333333333333333,3.0,1.7066666666666668,1.41,2.6,1.11,0.6434455860616516,5.12,315.1566666666667,321.54,7.133275700701777,1.0,0.0,0.0038400000000002876,0.00190000000000623,0.4695523616877023,factory,1,0.7727666644866671,0.9658405819323734,2.155013858122805,0.7727666644866671,695.3677726027416,152.36784775303283,0.8964153128810464,999.0,1,1,1,0,37,0,-1,-1,mining_activity,0.65,Persistent near mining/quarry area,mining_activity,0.623,mining_activity,0.623
31,7.392876666666666,80.88949333333333,3,1,0.3333333333333333,3.0,3.296666666666667,2.86,4.23,2.8,0.6604207413123515,9.89,325.6366666666667,334.68,6.878829034718696,1.0,0.0,0.004610000000000447,0.0020499999999969987,0.5602396072536492,industrial_zone,4,590.1530005085611,645.8595763463953,614.9040184772496,600.3726638216197,2353.9952865847717,1092.5644670464917,590.1530005085611,999.0,0,0,0,0,0,0,-1,-1,unclassified,0.3,No rule matched,unclassified,0.997,unclassified,0.3
32,8.111353333333334,79.8699,3,1,0.3333333333333333,3.0,2.34,2.42,2.58,2.02,0.23551362310207594,7.02,313.8,322.48,6.52713311237535,1.0,0.0,0.001200000000000756,0.0038299999999935608,0.44222692718701495,industrial_zone,4,505.4383857646897,564.1811389246262,521.3041813730581,513.110450910889,2254.3249052613014,1028.1455707377881,505.4383857646897,999.0,0,0,0,0,0,0,-1,-1,unclassified,0.3,No rule matched,unclassified,0.987,unclassified,0.3
33,7.866276666666667,81.44430666666666,3,1,0.3333333333333333,3.0,7.716666666666666,9.12,9.31,4.72,2.1203825650627817,23.15,342.1499999999999,348.6,5.869554213623627,0.0,0.0,0.0044199999999996464,0.01018999999999437,1.2253031659977722,industrial_zone,4,550.5624616458688,603.412728306842,577.1495808344349,562.1756404207377,2316.1277352408415,1036.887334685378,550.5624616458688,999.0,0,0,0,0,0,0,-1,-1,unclassified,0.3,No rule matched,unclassified,1.0,unclassified,0.3
34,8.374353333333334,81.05041333333334,3,2,0.6666666666666666,1.5,13.68,12.25,22.09,6.7,6.36378818000725,41.04,341.24333333333334,349.85,6.1133805886941435,0.0,0.0,0.02200000000000024,0.004319999999992774,2.4920235602218543,industrial_zone,4,485.5787763906003,539.9061071106855,511.4077335871036,496.5953393285865,2251.2170932689914,982.4307047354347,485.5787763906003,999.0,0,0,0,0,0,0,-1,-1,unclassified,0.3,No rule matched,unclassified,0.963,unclassified,0.3
35,8.408293333333335,80.25781666666667,3,1,0.3333333333333333,3.0,4.783333333333333,4.26,6.7,3.39,1.4010551579276083,14.35,336.0933333333333,338.4,2.664198858110158,0.0,0.0,0.004110000000000724,0.004400000000003956,0.6656676208695972,industrial_zone,4,471.7140261119811,529.4362119211347,494.25286573284063,480.56135887385466,2229.5293304681186,988.3332658186974,471.7140261119811,999.0,0,0,0,0,0,0,-1,-1,unclassified,0.3,No rule matched,unclassified,1.0,unclassified,0.3
36,8.4151,80.62756,3,2,0.6666666666666666,1.5,7.169999999999999,6.92,8.98,5.61,1.3871073017855062,21.509999999999998,344.83,352.12,5.154939378887012,0.0,0.0,0.02610999999999919,0.006519999999994752,2.9905688143277738,industrial_zone,4,473.76933732052964,530.0842469490366,498.1270189766977,483.6923400388897,2236.823349179124,982.1506202731099,473.76933732052964,999.0,0,0,0,0,0,0,-1,-1,unclassified,0.3,No rule matched,unclassified,0.971,unclassified,0.3
37,8.464162,80.402208,5,1,0.3333333333333333,5.0,2.5460000000000003,2.31,2.9,2.31,0.289039789648415,12.73,338.12,341.57,3.477579618067705,0.0,0.0,0.008739999999999526,0.004319999999992774,1.0817714787107355,industrial_zone,4,466.20012415432103,523.4082214623489,489.6672015193502,475.48862952786,2226.4985621635083,979.869864367439,466.20012415432103,999.0,0,0,0,0,0,0,-1,-1,unclassified,0.3,No rule matched,unclassified,0.995,unclassified,0.3
38,8.57569,80.58598,3,1,0.3333333333333333,3.0,4.826666666666667,4.19,6.1,4.19,0.9003826347108701,14.48,335.9533333333333,344.12,5.782181441482291,0.0,0.0,0.004010000000000957,0.004179999999990969,0.6403518274163466,industrial_zone,4,455.52154242020833,511.9538096573969,479.7967646351922,465.38269591262343,2218.4080445913482,964.9529000241247,455.52154242020833,999.0,0,0,0,0,0,0,-1,-1,unclassified,0.3,No rule matched,unclassified,1.0,unclassified,0.3
39,8.68905,80.87921333333334,3,1,0.3333333333333333,3.0,10.37,9.97,13.58,7.56,2.473876849535293,31.11,332.88000000000005,334.14,1.24212184050787,0.0,0.0,0.019649999999998613,0.007699999999999818,2.3431776847865686,industrial_zone,4,447.63132480654616,502.5748728780725,473.1051185485132,458.37427213046016,2212.9288975653094,949.0282590494555,447.63132480654616,999.0,0,0,0,0,0,0,-1,-1,unclassified,0.3,No rule matched,unclassified,1.0,unclassified,0.3
40,8.693176666666666,78.05548999999999,3,1,0.3333333333333333,3.0,5.216666666666667,4.74,6.31,4.6,0.775213232314539,15.65,339.7633333333333,347.78,6.479929697835356,0.0,0.0,0.0008700000000008146,0.005099999999998772,0.5688652934788251,industrial_zone,4,440.08630936400965,553.5274741178849,441.27820289604006,441.26237227249356,2163.763256474254,977.6575590827059,440.08630936400965,999.0,0,0,0,0,0,0,-1,-1,unclassified,0.3,No rule matched,unclassified,1.0,unclassified,0.3
41,9.087110000000001,79.74827333333333,3,1,0.3333333333333333,3.0,3.6,2.14,6.52,2.14,2.0647518010647183,10.8,335.1633333333333,339.59,3.768415523208062,0.0,0.0,0.0006500000000002615,0.003919999999993706,0.43643982315412055,industrial_zone,4,398.2062278341632,457.55984486581565,412.06386805910296,404.43270834955996,2145.141155317987,924.6717915673313,398.2062278341632,999.0,0,0,0,0,0,0,-1,-1,unclassified,0.3,No rule matched,unclassified,0.999,unclassified,0.3
42,9.9632,77.8906625,4,1,0.3333333333333333,4.0,9.89,9.899999999999999,13.59,6.17,2.8192108824988598,39.56,339.62750000000005,343.87,2.6906167973161796,0.0,0.0,0.011979999999999436,0.015960000000006858,2.1976588317512022,industrial_zone,4,298.8378132642726,441.0284528183881,299.1857781049456,299.1694021705291,2021.4752173968918,838.5597206369604,298.8378132642726,999.0,0,0,0,0,0,0,-1,-1,unclassified,0.3,No rule matched,unclassified,0.996,unclassified,0.3
43,11.695283333333334,79.12607666666666,3,1,0.3333333333333333,3.0,5.239999999999999,5.89,5.89,3.94,0.9192388155425116,15.719999999999999,342.2366666666667,355.18,9.199943236539859,0.0,0.0,0.00435000000000052,0.0010999999999938836,0.498306829095832,industrial_zone,4,109.64902710266706,205.94049646466212,125.11961279633891,127.91235311559755,1847.7812128212354,642.7717688085919,109.64902710266706,999.0,0,0,0,0,0,0,-1,-1,unclassified,0.3,No rule matched,unclassified,0.997,unclassified,0.3
44,13.858203333333334,79.33055333333333,3,1,0.3333333333333333,3.0,4.74,4.74,4.74,4.74,0.0,14.22,339.84,344.02,3.902025115244643,0.0,0.0,0.004539999999998656,0.0034100000000023556,0.6247982091439733,factory,1,7.958838543040443,127.32300655506462,31.931344933805295,7.958838543040443,1615.4498362740087,406.1361841089503,16.41269442732511,999.0,0,0,0,0,0,0,-1,-1,unclassified,0.3,No rule matched,unclassified,0.849,unclassified,0.3
-1000,27.98973,94.2222,1,1,0.3333333333333333,1.0,18.02,18.02,18.02,18.02,0.0,18.02,336.75,336.75,0.0,0.0,0.0,0.0,0.0,0.0,power_plant,3,49.2878048644975,152.86821100149317,49.2878048644975,81.44828292018092,371.8963147224685,103.91222475623724,61.75219485562658,999.0,0,0,0,0,0,0,-1,-1,unclassified,0.3,No rule matched,unclassified,0.997,unclassified,0.3
-1001,29.55473,90.99751,1,1,0.3333333333333333,1.0,4.5,4.5,4.5,4.5,0.0,4.5,325.18,325.18,0.0,0.0,0.0,0.0,0.0,0.0,power_plant,3,212.00436799879915,340.59048306202016,212.00436799879915,243.70367412149406,697.5114130774774,384.8041359937133,236.24736302898643,999.0,0,0,0,0,0,0,-1,-1,unclassified,0.3,No rule matched,unclassified,1.0,unclassified,0.3
-1002,29.55749,90.99095,1,1,0.3333333333333333,1.0,5.61,5.61,5.61,5.61,0.0,5.61,328.38,328.38,0.0,0.0,0.0,0.0,0.0,0.0,power_plant,3,212.57308226489866,340.80876667251334,212.57308226489866,243.78140999316577,698.1731523397488,385.23134059890725,236.41134130929476,999.0,0,0,0,0,0,0,-1,-1,unclassified,0.3,No rule matched,unclassified,1.0,unclassified,0.3
-1003,29.65337,90.98225,1,1,0.3333333333333333,1.0,3.42,3.42,3.42,3.42,0.0,3.42,327.32,327.32,0.0,0.0,0.0,0.0,0.0,0.0,power_plant,3,222.4194182758245,351.2681656228529,222.4194182758245,253.59556494276652,706.4520029494929,395.8475774519445,246.66963769981078,999.0,0,0,0,0,0,0,-1,-1,unclassified,0.3,No rule matched,unclassified,1.0,unclassified,0.3
-1004,6.24721,80.86079,1,1,0.3333333333333333,1.0,2.37,2.37,2.37,2.37,0.0,2.37,335.72,335.72,0.0,0.0,0.0,0.0,0.0,0.0,industrial_zone,4,716.193993105696,772.413477688395,740.420411147766,726.0436113276093,2478.142583573326,1219.8412139380307,716.193993105696,999.0,0,0,0,0,0,0,-1,-1,unclassified,0.3,No rule matched,unclassified,1.0,unclassified,0.3
-1005,6.26749,81.05721,1,1,0.3333333333333333,1.0,13.47,13.47,13.47,13.47,0.0,13.47,334.91,334.91,0.0,0.0,0.0,0.0,0.0,0.0,industrial_zone,4,716.6485791340549,772.2590678357376,741.3856391070807,726.8660024814592,2480.2691492768517,1216.2234524242012,716.6485791340549,999.0,0,0,0,0,0,0,-1,-1,unclassified,0.3,No rule matched,unclassified,1.0,unclassified,0.3
-1006,6.55183,80.87236,1,1,0.3333333333333333,1.0,11.61,11.61,11.61,11.61,0.0,11.61,346.14,346.14,0.0,0.0,0.0,0.0,0.0,0.0,industrial_zone,4,682.6815228215249,738.7731276414996,707.0417602158387,692.6248874512721,2445.188579689764,1185.964842696835,682.6815228215249,999.0,0,0,0,0,0,0,-1,-1,unclassified,0.3,No rule matched,unclassified,1.0,unclassified,0.3
-1007,6.55189,80.87561,1,1,0.3333333333333333,1.0,8.33,8.33,8.33,8.33,0.0,8.33,334.36,334.36,0.0,0.0,0.0,0.0,0.0,0.0,industrial_zone,4,682.7167429043253,738.7981214750847,707.0858264938241,692.6664581106863,2445.253441825563,1185.932224237185,682.7167429043253,999.0,0,0,0,0,0,0,-1,-1,unclassified,0.3,No rule matched,unclassified,1.0,unclassified,0.3
-1008,6.72933,81.16361,1,1,0.3333333333333333,1.0,4.87,4.87,4.87,4.87,0.0,4.87,339.18,339.18,0.0,0.0,0.0,0.0,0.0,0.0,industrial_zone,4,667.6847023409155,722.7158065396853,692.8856811622593,678.2400209777337,2432.4759503966557,1164.3383447101162,667.6847023409155,999.0,0,0,0,0,0,0,-1,-1,unclassified,0.3,No rule matched,unclassified,1.0,unclassified,0.3
-1009,6.7333,81.16302,1,1,0.3333333333333333,1.0,19.5,19.5,19.5,19.5,0.0,19.5,349.54,349.54,0.0,0.0,0.0,0.0,0.0,0.0,industrial_zone,4,667.2385707588752,722.2696159326065,692.4398879849035,677.7941166115179,2432.030722145795,1163.9004604894276,667.2385707588752,999.0,0,0,0,0,0,0,-1,-1,unclassified,0.3,No rule matched,unclassified,1.0,unclassified,0.3
-1010,6.77788,81.78619,1,1,0.3333333333333333,1.0,4.91,4.91,4.91,4.91,0.0,4.91,338.04,338.04,0.0,0.0,0.0,0.0,0.0,0.0,industrial_zone,4,677.2308405645356,729.7449878597164,703.8933389509004,688.9089810357464,2442.625608400127,1157.6663446654145,677.2308405645356,999.0,0,0,0,0,0,0,-1,-1,unclassified,0.3,No rule matched,unclassified,1.0,unclassified,0.3
-1011,6.7977,81.55489,1,1,0.3333333333333333,1.0,6.68,6.68,6.68,6.68,0.0,6.68,349.29,349.29,0.0,0.0,0.0,0.0,0.0,0.0,industrial_zone,4,668.7911069825499,722.2598790859313,694.9670237775733,680.0855182947591,2434.5543182996016,1155.4771974698906,668.7911069825499,999.0,0,0,0,0,0,0,-1,-1,unclassified,0.3,No rule matched,unclassified,1.0,unclassified,0.3
-1012,6.81451,81.55614,1,1,0.3333333333333333,1.0,3.16,3.16,3.16,3.16,0.0,3.16,340.43,340.43,0.0,0.0,0.0,0.0,0.0,0.0,industrial_zone,4,667.0037887080829,720.4523428675902,693.1919448543867,678.3076435056391,2432.7657254832684,1153.6065805279475,667.0037887080829,999.0,0,0,0,0,0,0,-1,-1,unclassified,0.3,No rule matched,unclassified,1.0,unclassified,0.3
-1013,6.863,81.43449,1,1,0.3333333333333333,1.0,3.02,3.02,3.02,3.02,0.0,3.02,332.96,332.96,0.0,0.0,0.0,0.0,0.0,0.0,industrial_zone,4,658.7664770760555,712.6701518713577,684.7010205913593,669.8741717434417,2424.480696773041,1148.4416901682202,658.7664770760555,999.0,0,0,0,0,0,0,-1,-1,unclassified,0.3,No rule matched,unclassified,1.0,unclassified,0.3
-1014,6.89576,81.66621,1,1,0.3333333333333333,1.0,3.31,3.31,3.31,3.31,0.0,3.31,331.54,331.54,0.0,0.0,0.0,0.0,0.0,0.0,industrial_zone,4,661.1566090291044,714.0626750169478,687.6349896794198,672.6877926829288,2426.7747904679786,1144.4982265373433,661.1566090291044,999.0,0,0,0,0,0,0,-1,-1,unclassified,0.3,No rule matched,unclassified,0.996,unclassified,0.3
-1015,6.96385,81.61536,1,1,0.3333333333333333,1.0,6.91,6.91,6.91,6.91,0.0,6.91,336.56,336.56,0.0,0.0,0.0,0.0,0.0,0.0,industrial_zone,4,652.4298722156592,705.4859125609853,678.8367550235699,663.904320559412,2418.106598545245,1136.9459200440515,652.4298722156592,999.0,0,0,0,0,0,0,-1,-1,unclassified,0.3,No rule matched,unclassified,1.0,unclassified,0.3
-1016,7.01565,81.40194,1,1,0.3333333333333333,1.0,3.69,3.69,3.69,3.69,0.0,3.69,344.36,344.36,0.0,0.0,0.0,0.0,0.0,0.0,industrial_zone,4,641.4168409225937,695.3286815439471,667.3581425166808,652.5289559137004,2407.1332251939402,1131.5598023034577,641.4168409225937,999.0,0,0,0,0,0,0,-1,-1,unclassified,0.3,No rule matched,unclassified,0.993,unclassified,0.3
-1017,7.10918,81.68468,1,1,0.3333333333333333,1.0,4.05,4.05,4.05,4.05,0.0,4.05,335.1,335.1,0.0,0.0,0.0,0.0,0.0,0.0,industrial_zone,4,638.741830034015,691.3348412755195,665.389753985311,650.4070859575179,2404.1826673429846,1120.7667666414625,638.741830034015,999.0,0,0,0,0,0,0,-1,-1,unclassified,0.3,No rule matched,unclassified,1.0,unclassified,0.3
-1018,7.13256,81.41004,1,1,0.3333333333333333,1.0,2.12,2.12,2.12,2.12,0.0,2.12,330.14,330.14,0.0,0.0,0.0,0.0,0.0,0.0,industrial_zone,4,628.9180141984903,682.6963237996293,654.9457860274468,640.0960939147119,2394.6660942971857,1118.5413279058653,628.9180141984903,999.0,0,0,0,0,0,0,-1,-1,unclassified,0.3,No rule matched,unclassified,1.0,unclassified,0.3
-1019,7.21619,81.59032,1,1,0.3333333333333333,1.0,5.44,5.44,5.44,5.44,0.0,5.44,337.99,337.99,0.0,0.0,0.0,0.0,0.0,0.0,industrial_zone,4,624.5652267516763,677.4675111971,651.0692943737055,636.1154310837948,2390.1739800523474,1108.90712289239,624.5652267516763,999.0,0,0,0,0,0,0,-1,-1,unclassified,0.3,No rule matched,unclassified,1.0,unclassified,0.3
-1020,7.27994,81.59621,1,1,0.3333333333333333,1.0,5.24,5.24,5.24,5.24,0.0,5.24,340.82,340.82,0.0,0.0,0.0,0.0,0.0,0.0,industrial_zone,4,617.8736835549335,670.678324962785,644.4314581912271,629.4662857880292,2383.4333237004093,1101.8134389760478,617.8736835549335,999.0,0,0,0,0,0,0,-1,-1,unclassified,0.3,No rule matched,unclassified,1.0,unclassified,0.3
-1021,7.29368,81.80795,1,1,0.3333333333333333,1.0,2.34,2.34,2.34,2.34,0.0,2.34,332.54,332.54,0.0,0.0,0.0,0.0,0.0,0.0,industrial_zone,4,622.7861811215544,674.569811702337,649.8158095208105,634.7603437916929,2387.5157383643827,1100.343098706098,622.7861811215544,999.0,0,0,0,0,0,0,-1,-1,unclassified,0.3,No rule matched,unclassified,1.0,unclassified,0.3
-1022,7.32474,81.2229,1,1,0.3333333333333333,1.0,5.09,5.09,5.09,5.09,0.0,5.09,344.58,344.58,0.0,0.0,0.0,0.0,0.0,0.0,industrial_zone,4,603.7388440071798,658.1529169511634,629.4002808084786,614.6356589600402,2369.239436618988,1097.9021873190195,603.7388440071798,999.0,0,0,0,0,0,0,-1,-1,unclassified,0.3,No rule matched,unclassified,0.996,unclassified,0.3
-1023,7.34377,81.73465,1,1,0.3333333333333333,1.0,3.47,3.47,3.47,3.47,0.0,3.47,336.86,336.86,0.0,0.0,0.0,0.0,0.0,0.0,industrial_zone,4,615.1369727459668,667.2088926955905,642.0441923311381,627.0107345210556,2380.159216708658,1094.6992537823273,615.1369727459668,999.0,0,0,0,0,0,0,-1,-1,unclassified,0.3,No rule matched,unclassified,0.998,unclassified,0.3
-1024,7.35132,81.81868,1,1,0.3333333333333333,1.0,2.2,2.2,2.2,2.2,0.0,2.2,335.23,335.23,0.0,0.0,0.0,0.0,0.0,0.0,industrial_zone,4,617.004781866357,668.6559095575775,644.0951372348164,629.0280709744209,2381.586382914032,1093.9501170579078,617.004781866357,999.0,0,0,0,0,0,0,-1,-1,unclassified,0.3,No rule matched,unclassified,1.0,unclassified,0.3
-1025,7.35635,81.76369,1,1,0.3333333333333333,1.0,4.46,4.46,4.46,4.46,0.0,4.46,340.63,340.63,0.0,0.0,0.0,0.0,0.0,0.0,industrial_zone,4,614.7051992230865,666.6192134680936,641.6831221710788,626.6366991934666,2379.5729024578054,1093.3230943643712,614.7051992230865,999.0,0,0,0,0,0,0,-1,-1,unclassified,0.3,No rule matched,unclassified,1.0,unclassified,0.3
-1026,7.36655,81.24904,1,1,0.3333333333333333,1.0,19.27,19.27,19.27,19.27,0.0,19.27,343.12,343.12,0.0,0.0,0.0,0.0,0.0,0.0,industrial_zone,4,599.7508648133877,654.0214675439657,625.5056838382384,610.7183715652407,2365.3400601729577,1093.1336043221345,599.7508648133877,999.0,0,0,0,0,0,0,-1,-1,unclassified,0.3,No rule matched,unclassified,0.996,unclassified,0.3
-1027,7.36683,81.77773,1,1,0.3333333333333333,1.0,5.08,5.08,5.08,5.08,0.0,5.08,338.06,338.06,0.0,0.0,0.0,0.0,0.0,0.0,industrial_zone,4,614.0352438829644,665.8662513003882,641.0500287173354,625.9969543767435,2378.816576870874,1092.1720352519455,614.0352438829644,999.0,0,0,0,0,0,0,-1,-1,unclassified,0.3,No rule matched,unclassified,1.0,unclassified,0.3
-1028,7.37766,81.24046,1,1,0.3333333333333333,1.0,3.11,3.11,3.11,3.11,0.0,3.11,336.16,336.16,0.0,0.0,0.0,0.0,0.0,0.0,industrial_zone,4,598.3512064449686,652.6497645144575,624.0897114372033,609.3062235294077,2363.9261238883487,1091.939266053844,598.3512064449686,999.0,0,0,0,0,0,0,-1,-1,unclassified,0.3,No rule matched,unclassified,1.0,unclassified,0.3
-1029,7.4049,81.77624,1,1,0.3333333333333333,1.0,3.36,3.36,3.36,3.36,0.0,3.36,342.42,342.42,0.0,0.0,0.0,0.0,0.0,0.0,industrial_zone,4,609.9366272355624,661.7223359980552,636.9738614261216,621.9166690546292,2374.6697372154185,1087.9374353356889,609.9366272355624,999.0,0,0,0,0,0,0,-1,-1,unclassified,0.3,No rule matched,unclassified,0.998,unclassified,0.3
-1030,7.4156,81.56924,1,1,0.3333333333333333,1.0,2.32,2.32,2.32,2.32,0.0,2.32,341.29,341.29,0.0,0.0,0.0,0.0,0.0,0.0,industrial_zone,4,602.5307885369157,655.3066095688172,629.1138235724745,614.1429178336681,2368.0715981011504,1086.756661432635,602.5307885369157,999.0,0,0,0,0,0,0,-1,-1,unclassified,0.3,No rule matched,unclassified,0.999,unclassified,0.3
-1031,7.43686,81.39532,1,1,0.3333333333333333,1.0,4.3,4.3,4.3,4.3,0.0,4.3,337.73,337.73,0.0,0.0,0.0,0.0,0.0,0.0,industrial_zone,4,595.5763483751251,649.1381217974114,621.7513874271866,606.8669535359592,2361.340912696082,1084.7597875249246,595.5763483751251,999.0,0,0,0,0,0,0,-1,-1,unclassified,0.3,No rule matched,unclassified,1.0,unclassified,0.3
-1032,7.45403,81.34198,1,1,0.3333333333333333,1.0,4.67,4.67,4.67,4.67,0.0,4.67,340.72,340.72,0.0,0.0,0.0,0.0,0.0,0.0,industrial_zone,4,592.3962601382468,646.1832516381434,618.4462547186912,603.5897454894715,2358.148193308669,1083.0298913261634,592.3962601382468,999.0,0,0,0,0,0,0,-1,-1,unclassified,0.3,No rule matched,unclassified,1.0,unclassified,0.3
-1033,7.4743,81.05003,1,1,0.3333333333333333,1.0,3.44,3.44,3.44,3.44,0.0,3.44,337.26,337.26,0.0,0.0,0.0,0.0,0.0,0.0,industrial_zone,4,583.9190723661774,638.9484910345185,609.1843440010479,594.517158424639,2348.870286114648,1082.3043074377601,583.9190723661774,999.0,0,0,0,0,0,0,-1,-1,unclassified,0.3,No rule matched,unclassified,0.998,unclassified,0.3
-1034,7.48906,81.38728,1,1,0.3333333333333333,1.0,3.0,3.0,3.0,3.0,0.0,3.0,338.59,338.59,0.0,0.0,0.0,0.0,0.0,0.0,industrial_zone,4,589.7232374152703,643.2704862511897,615.9109126775971,601.0233974259488,2355.487204775571,1078.9826786928838,589.7232374152703,999.0,0,0,0,0,0,0,-1,-1,unclassified,0.3,No rule matched,unclassified,0.999,unclassified,0.3
-1035,7.51956,81.30991,1,1,0.3333333333333333,1.0,2.27,2.27,2.27,2.27,0.0,2.27,334.71,334.71,0.0,0.0,0.0,0.0,0.0,0.0,industrial_zone,4,584.5130212918465,638.3845231990364,610.5203399172971,595.6731519251122,2350.2521941284017,1075.8703221262813,584.5130212918465,999.0,0,0,0,0,0,0,-1,-1,unclassified,0.3,No rule matched,unclassified,1.0,unclassified,0.3
-1036,7.67645,81.44918,1,1,0.3333333333333333,1.0,6.52,6.52,6.52,6.52,0.0,6.52,347.74,347.74,0.0,0.0,0.0,0.0,0.0,0.0,industrial_zone,4,571.1205454373671,624.1736622433407,597.5874718503603,582.6391006857623,2336.7789961958406,1057.9767194765786,571.1205454373671,999.0,0,0,0,0,0,0,-1,-1,unclassified,0.3,No rule matched,unclassified,1.0,unclassified,0.3
-1037,7.69219,81.52925,1,1,0.3333333333333333,1.0,2.33,2.33,2.33,2.33,0.0,2.33,336.39,336.39,0.0,0.0,0.0,0.0,0.0,0.0,industrial_zone,4,571.6887426441822,624.3254952791442,598.3635448593308,583.3730277191385,2337.141654658425,1056.0597932233086,571.6887426441822,999.0,0,0,0,0,0,0,-1,-1,unclassified,0.3,No rule matched,unclassified,1.0,unclassified,0.3
-1038,7.78376,81.21587,1,1,0.3333333333333333,1.0,9.22,9.22,9.22,9.22,0.0,9.22,341.02,341.02,0.0,0.0,0.0,0.0,0.0,0.0,industrial_zone,4,553.598276871647,607.66170502397,579.5185779622665,564.689675274837,2319.2978277407205,1046.94971544698,553.598276871647,999.0,0,0,0,0,0,0,-1,-1,unclassified,0.3,No rule matched,unclassified,1.0,unclassified,0.3
-1039,7.78425,81.21941,1,1,0.3333333333333333,1.0,7.08,7.08,7.08,7.08,0.0,7.08,334.77,334.77,0.0,0.0,0.0,0.0,0.0,0.0,industrial_zone,4,553.6273345994749,607.6736669687465,579.5578496001323,564.7265851622158,2319.3320707262637,1046.8770400456517,553.6273345994749,999.0,0,0,0,0,0,0,-1,-1,unclassified,0.3,No rule matched,unclassified,1.0,unclassified,0.3
-1040,7.80813,81.45168,1,1,0.3333333333333333,1.0,4.97,4.97,4.97,4.97,0.0,4.97,339.35,339.35,0.0,0.0,0.0,0.0,0.0,0.0,industrial_zone,4,557.0203906816859,609.9048330092088,583.5848672690292,568.615804010068,2322.6039939125367,1043.3321085611406,557.0203906816859,999.0,0,0,0,0,0,0,-1,-1,unclassified,0.3,No rule matched,unclassified,1.0,unclassified,0.3
-1041,7.80942,81.45202,1,1,0.3333333333333333,1.0,4.33,4.33,4.33,4.33,0.0,4.33,342.3,342.3,0.0,0.0,0.0,0.0,0.0,0.0,industrial_zone,4,556.8912781324209,609.7724163912269,583.4575238057555,568.4880957369618,2322.4732805220788,1043.1878435297929,556.8912781324209,999.0,0,0,0,0,0,0,-1,-1,unclassified,0.3,No rule matched,unclassified,1.0,unclassified,0.3
-1042,7.81643,81.36108,1,1,0.3333333333333333,1.0,7.87,7.87,7.87,7.87,0.0,7.87,338.02,338.02,0.0,0.0,0.0,0.0,0.0,0.0,industrial_zone,4,553.6577063897215,606.9868291967572,579.9942896487293,565.0725743144554,2319.391430751533,1042.6856056566776,553.6577063897215,999.0,0,0,0,0,0,0,-1,-1,unclassified,0.3,No rule matched,unclassified,1.0,unclassified,0.3
-1043,7.87288,81.46512,1,1,0.3333333333333333,1.0,4.66,4.66,4.66,4.66,0.0,4.66,336.09,336.09,0.0,0.0,0.0,0.0,0.0,0.0,industrial_zone,4,550.4470908399703,603.1816734340298,577.0916466704799,562.1062055160356,2315.951518861506,1036.1008731842962,550.4470908399703,999.0,0,0,0,0,0,0,-1,-1,unclassified,0.3,No rule matched,unclassified,1.0,unclassified,0.3
-1044,7.87428,81.41622,1,1,0.3333333333333333,1.0,9.46,9.46,9.46,9.46,0.0,9.46,347.81,347.81,0.0,0.0,0.0,0.0,0.0,0.0,industrial_zone,4,548.9143399493013,601.8986991525346,575.4352308798343,560.4746760545153,2314.540032770043,1036.076186190027,548.9143399493013,999.0,0,0,0,0,0,0,-1,-1,unclassified,0.3,No rule matched,unclassified,1.0,unclassified,0.3
-1045,8.60875,77.83811,1,1,0.3333333333333333,1.0,2.3,2.3,2.3,2.3,0.0,2.3,330.12,330.12,0.0,0.0,0.0,0.0,0.0,0.0,industrial_zone,4,449.4177146459327,572.6238457537459,449.5014608224226,449.4844324878517,2171.003880407315,988.9973322482027,449.4177146459327,999.0,0,0,0,0,0,0,-1,-1,unclassified,0.3,No rule matched,unclassified,1.0,unclassified,0.3
-1046,8.78732,78.01003,1,1,0.3333333333333333,1.0,4.32,4.32,4.32,4.32,0.0,4.32,339.42,339.42,0.0,0.0,0.0,0.0,0.0,0.0,industrial_zone,4,429.6173685345357,546.3428135183252,430.48346716894827,430.4674194135705,2152.8771201136274,967.5910169250078,429.6173685345357,999.0,0,0,0,0,0,0,-1,-1,unclassified,0.3,No rule matched,unclassified,1.0,unclassified,0.3
-1047,8.80542,78.10815,1,1,0.3333333333333333,1.0,2.62,2.62,2.62,2.62,0.0,2.62,335.36,335.36,0.0,0.0,0.0,0.0,0.0,0.0,industrial_zone,4,427.67871134456334,539.7716965559581,429.3206116281825,429.3051326267413,2151.8882440886414,964.8056913591606,427.67871134456334,999.0,0,0,0,0,0,0,-1,-1,unclassified,0.3,No rule matched,unclassified,1.0,unclassified,0.3
-1048,8.88687,77.78855,1,1,0.3333333333333333,1.0,3.0,3.0,3.0,3.0,0.0,3.0,336.67,336.67,0.0,0.0,0.0,0.0,0.0,0.0,factory,1,418.47593605026435,548.0230217374415,418.4932085063651,418.47593605026435,2139.734144861651,958.7586170693935,418.52585411391004,999.0,0,0,0,0,0,0,-1,-1,unclassified,0.3,No rule matched,unclassified,1.0,unclassified,0.3
-1049,8.91,77.59529,1,1,0.3333333333333333,1.0,1.37,1.37,1.37,1.37,0.0,1.37,335.65,335.65,0.0,0.0,0.0,0.0,0.0,0.0,factory,1,416.22127930774224,556.5626203355548,416.23961306944653,416.22127930774224,2135.5229202641754,958.6129079978128,416.22344258755686,999.0,0,0,0,0,0,0,-1,-1,unclassified,0.3,No rule matched,unclassified,1.0,unclassified,0.3
-1050,8.93239,77.96133,1,1,0.3333333333333333,1.0,2.9,2.9,2.9,2.9,0.0,2.9,333.2,333.2,0.0,0.0,0.0,0.0,0.0,0.0,industrial_zone,4,413.5517514564196,534.4669720244643,414.0573182099955,414.04104184446857,2136.3259982513555,951.9449763330219,413.5517514564196,999.0,0,0,0,0,0,0,-1,-1,unclassified,0.3,No rule matched,unclassified,1.0,unclassified,0.3
-1051,8.93294,77.9651,1,1,0.3333333333333333,1.0,2.9,2.9,2.9,2.9,0.0,2.9,349.29,349.29,0.0,0.0,0.0,0.0,0.0,0.0,industrial_zone,4,413.48311657518457,534.2188732982145,414.01948047024354,414.00322631330795,2136.3024927579067,951.8492687163238,413.48311657518457,999.0,0,0,0,0,0,0,-1,-1,unclassified,0.3,No rule matched,unclassified,0.999,unclassified,0.3
-1052,9.11369,77.77237,1,1,0.3333333333333333,1.0,1.37,1.37,1.37,1.37,0.0,1.37,334.29,334.29,0.0,0.0,0.0,0.0,0.0,0.0,factory,1,393.24075657752604,527.1152958325099,393.2581110916675,393.24075657752604,2114.4521684036017,933.8634603272912,393.28712611853734,999.0,0,0,0,0,0,0,-1,-1,unclassified,0.3,No rule matched,unclassified,1.0,unclassified,0.3
-1053,9.15121,78.32916,1,1,0.3333333333333333,1.0,1.56,1.56,1.56,1.56,0.0,1.56,331.35,331.35,0.0,0.0,0.0,0.0,0.0,0.0,industrial_zone,4,390.49702410353376,494.616650806525,394.19308398766424,393.9726647538041,2116.1258068885318,925.0637186674707,390.49702410353376,999.0,0,0,0,0,0,0,-1,-1,unclassified,0.3,No rule matched,unclassified,1.0,unclassified,0.3
-1054,9.32007,77.4914,1,1,0.3333333333333333,1.0,2.53,2.53,2.53,2.53,0.0,2.53,333.17,333.17,0.0,0.0,0.0,0.0,0.0,0.0,industrial_zone,4,371.12826681235555,524.6711090131356,371.3703978750787,371.3513507375157,2089.226900536973,914.9392695886816,371.12826681235555,999.0,0,0,0,0,0,0,-1,-1,unclassified,0.3,No rule matched,unclassified,1.0,unclassified,0.3
-1055,9.44417,77.66956,1,1,0.3333333333333333,1.0,5.42,5.42,5.42,5.42,0.0,5.42,357.05,357.05,0.0,0.0,0.0,0.0,0.0,0.0,factory,1,356.59071295663904,502.2086323715234,356.60871574297335,356.59071295663904,2076.915910496287,898.6634282311891,356.60818421088067,999.0,0,0,0,0,0,0,-1,-1,unclassified,0.3,No rule matched,unclassified,1.0,unclassified,0.3
-1056,9.44472,77.67329,1,1,0.3333333333333333,1.0,5.42,5.42,5.42,5.42,0.0,5.42,339.12,339.12,0.0,0.0,0.0,0.0,0.0,0.0,factory,1,356.5198894827813,501.9282499641053,356.53786864635913,356.5198894827813,2076.88717388396,898.5522321573773,356.538432368635,999.0,0,0,0,0,0,0,-1,-1,unclassified,0.3,No rule matched,unclassified,1.0,unclassified,0.3
-1057,9.49209,77.66238,1,1,0.3333333333333333,1.0,7.59,7.59,7.59,7.59,0.0,7.59,342.98,342.98,0.0,0.0,0.0,0.0,0.0,0.0,factory,1,351.28408524250335,498.2565516017598,351.3021418569685,351.28408524250335,2071.542032253768,893.47438710388,351.29913011398907,999.0,0,0,0,0,0,0,-1,-1,unclassified,0.3,No rule matched,unclassified,0.996,unclassified,0.3
-1058,9.51278,78.066,1,1,0.3333333333333333,1.0,10.29,10.29,10.29,10.29,0.0,10.29,343.56,343.56,0.0,0.0,0.0,0.0,0.0,0.0,industrial_zone,4,348.962770861014,472.5091720830249,350.5796756178663,350.5643605647473,2073.1559661146707,886.6899906922998,348.962770861014,999.0,0,0,0,0,0,0,-1,-1,unclassified,0.3,No rule matched,unclassified,0.996,unclassified,0.3
-1059,9.82619,77.39869,1,1,0.3333333333333333,1.0,1.05,1.05,1.05,1.05,0.0,1.05,331.44,331.44,0.0,0.0,0.0,0.0,0.0,0.0,industrial_zone,4,314.71929693898795,486.1474614398362,316.34354568996446,316.17831303788273,2032.3854397141438,860.8643356964812,314.71929693898795,999.0,0,0,0,0,0,0,-1,-1,unclassified,0.3,No rule matched,unclassified,0.993,unclassified,0.3
-1060,9.86126,78.18573,1,1,0.3333333333333333,1.0,4.18,4.18,4.18,4.18,0.0,4.18,338.34,338.34,0.0,0.0,0.0,0.0,0.0,0.0,industrial_zone,4,310.6460946790878,432.5299220865777,313.75332761867105,313.7392551719778,2035.9422249325792,847.0954000574633,310.6460946790878,999.0,0,0,0,0,0,0,-1,-1,unclassified,0.3,No rule matched,unclassified,1.0,unclassified,0.3
-1061,9.87797,78.03197,1,1,0.3333333333333333,1.0,1.97,1.97,1.97,1.97,0.0,1.97,336.6,336.6,0.0,0.0,0.0,0.0,0.0,0.0,industrial_zone,4,308.3358704877895,440.0192892254996,309.80247888515345,309.7871838290017,2032.3786332899767,846.5230036870455,308.3358704877895,999.0,0,0,0,0,0,0,-1,-1,unclassified,0.3,No rule matched,unclassified,1.0,unclassified,0.3
-1062,10.00316,76.4542,1,1,0.3333333333333333,1.0,0.94,0.94,0.94,0.94,0.0,0.94,333.81,333.81,0.0,0.0,0.0,0.0,0.0,0.0,industrial_zone,4,305.2337715961857,545.0175838381816,307.66285855607657,315.41777516458785,2008.1674283245745,864.5069133831298,305.2337715961857,999.0,0,0,0,0,0,0,-1,-1,unclassified,0.3,No rule matched,unclassified,0.99,unclassified,0.3
-1063,11.80984,77.21425,1,1,0.3333333333333333,1.0,61.33,61.33,61.33,61.33,0.0,61.33,335.6,335.6,0.0,0.0,0.0,0.0,0.0,0.0,industrial_zone,4,93.4819386901707,364.95815561965924,99.22608167630051,98.72478502105048,1810.9651682433457,648.8598168610532,93.4819386901707,999.0,0,0,0,0,0,0,-1,-1,unclassified,0.3,No rule matched,unclassified,1.0,unclassified,0.3
-1064,12.07999,76.99017,1,1,0.3333333333333333,1.0,3.7,3.7,3.7,3.7,0.0,3.7,338.02,338.02,0.0,0.0,0.0,0.0,0.0,0.0,industrial_zone,4,67.19346186568876,376.343086475735,69.57128927530971,81.81504974793971,1779.5357447451918,626.4777312548233,67.19346186568876,999.0,0,0,0,0,0,0,-1,-1,unclassified,0.3,No rule matched,unclassified,0.998,unclassified,0.3
-1065,12.48661,76.3177,1,1,0.3333333333333333,1.0,3.61,3.61,3.61,3.61,0.0,3.61,336.89,336.89,0.0,0.0,0.0,0.0,0.0,0.0,power_plant,3,73.4974308917165,435.6030836544285,73.4974308917165,107.68065881942812,1731.790262958114,610.1501786450752,75.60103841480225,999.0,0,0,0,0,0,0,-1,-1,unclassified,0.3,No rule matched,unclassified,0.998,unclassified,0.3
-1066,12.81456,78.60983,1,1,0.3333333333333333,1.0,2.64,2.64,2.64,2.64,0.0,2.64,333.07,333.07,0.0,0.0,0.0,0.0,0.0,0.0,industrial_zone,4,11.518855619283137,184.57948183469614,25.159184522355357,12.423160925664334,1716.0250359793147,516.9031818081619,11.518855619283137,999.0,0,0,0,0,0,0,-1,-1,unclassified,0.3,No rule matched,unclassified,0.86,unclassified,0.3
-1067,13.9402,78.66064,1,1,0.3333333333333333,1.0,2.81,2.81,2.81,2.81,0.0,2.81,331.18,331.18,0.0,0.0,0.0,0.0,0.0,0.0,power_plant,3,15.843186528926003,194.18125579372708,15.843186528926003,60.55952257629441,1593.2529384310076,391.6586204798647,17.635071638174477,999.0,0,0,0,0,0,0,-1,-1,unclassified,0.3,No rule matched,unclassified,0.88,unclassified,0.3
-1068,13.99587,79.86121,1,1,0.3333333333333333,1.0,3.16,3.16,3.16,3.16,0.0,3.16,330.58,330.58,0.0,0.0,0.0,0.0,0.0,0.0,industrial_zone,4,1.7511211897938534,101.69396163519605,33.85020873354629,16.95122084015114,1613.0436805388556,404.5110699792783,1.7511211897938534,999.0,1,0,0,0,4,0,-1,-1,mining_activity,0.65,Persistent near mining/quarry area,mining_activity,0.98,mining_activity,0.98
-1069,14.18999,77.3446,1,1,0.3333333333333333,1.0,3.06,3.06,3.06,3.06,0.0,3.06,342.86,342.86,0.0,0.0,0.0,0.0,0.0,0.0,power_plant,3,0.5384631654239425,336.1351205251146,0.5384631654239425,28.49263454112021,1548.0758189246321,392.21206067424293,28.022814339838252,999.0,1,0,1,0,5,0,-1,-1,mining_activity,0.65,Persistent near mining/quarry area,mining_activity,0.986,mining_activity,0.986
-1070,14.29174,77.98407,1,1,0.3333333333333333,1.0,3.76,3.76,3.76,3.76,0.0,3.76,337.34,337.34,0.0,0.0,0.0,0.0,0.0,0.0,power_plant,3,12.294420417366718,276.8999485856087,12.294420417366718,41.71950241828255,1544.0307369609084,361.0621025322509,24.178186982203925,999.0,0,0,0,0,0,0,-1,-1,unclassified,0.3,No rule matched,unclassified,0.823,unclassified,0.3
-1071,14.3499,77.63499,1,1,0.3333333333333333,1.0,3.47,3.47,3.47,3.47,0.0,3.47,335.71,335.71,0.0,0.0,0.0,0.0,0.0,0.0,industrial_zone,4,10.90520504990015,313.6620207309582,12.092680177439858,20.00154813480049,1533.3049456197036,364.7793819161436,10.90520504990015,999.0,0,0,0,0,0,0,-1,-1,unclassified,0.3,No rule matched,unclassified,0.794,unclassified,0.3
-1072,14.4991,79.69765,1,1,0.3333333333333333,1.0,1.87,1.87,1.87,1.87,0.0,1.87,330.15,330.15,0.0,0.0,0.0,0.0,0.0,0.0,industrial_zone,4,7.866939474701388,159.8813158951188,11.321183076240878,22.607794429945375,1554.5143378985908,345.84360657645834,7.866939474701388,999.0,0,0,0,0,0,0,-1,-1,unclassified,0.3,No rule matched,unclassified,0.75,unclassified,0.3
-1073,14.50312,79.69711,1,1,0.3333333333333333,1.0,1.54,1.54,1.54,1.54,0.0,1.54,336.85,336.85,0.0,0.0,0.0,0.0,0.0,0.0,industrial_zone,4,8.090167193855098,160.31480313441543,11.28465910476569,22.36106580903634,1554.0661159649426,345.39991685320445,8.090167193855098,999.0,0,0,0,0,0,0,-1,-1,unclassified,0.3,No rule matched,unclassified,0.783,unclassified,0.3
-1074,14.67836,76.89172,1,1,0.3333333333333333,1.0,2.11,2.11,2.11,2.11,0.0,2.11,333.67,333.67,0.0,0.0,0.0,0.0,0.0,0.0,industrial_zone,4,3.9956523971329068,401.61293701430657,11.271045502243808,49.89328439902824,1490.462716871664,365.6628356851307,3.9956523971329068,999.0,0,0,0,0,1,0,-1,-1,mining_activity,0.65,Persistent near mining/quarry area,mining_activity,0.998,mining_activity,0.998
-1075,14.69206,79.62556,1,1,0.3333333333333333,1.0,2.12,2.12,2.12,2.12,0.0,2.12,331.61,331.61,0.0,0.0,0.0,0.0,0.0,0.0,power_plant,3,6.372301642756429,182.65992876885173,6.372301642756429,16.97155043778052,1531.8416840974883,323.04782230699624,7.491010923766624,999.0,0,0,0,0,0,0,-1,-1,unclassified,0.3,No rule matched,unclassified,0.723,unclassified,0.3
-1076,14.71446,79.98879,1,1,0.3333333333333333,1.0,7.26,7.26,7.26,7.26,0.0,7.26,342.4,342.4,0.0,0.0,0.0,0.0,0.0,0.0,factory,1,2.0344620081229263,173.73762317826302,43.44694660279714,2.0344620081229263,1538.9335113056975,328.9977822004172,8.74205492448969,999.0,0,0,0,0,1,0,-1,-1,mining_activity,0.65,Persistent near mining/quarry area,mining_activity,0.692,mining_activity,0.692
-1077,14.84624,78.37249,1,1,0.3333333333333333,1.0,2.01,2.01,2.01,2.01,0.0,2.01,332.45,332.45,0.0,0.0,0.0,0.0,0.0,0.0,industrial_zone,4,1.618049921111323,276.93822980382936,12.87062476983612,55.02774920716401,1488.844483815969,293.1455778344641,1.618049921111323,999.0,1,0,0,0,1,0,-1,-1,mining_activity,0.65,Persistent near mining/quarry area,mining_activity,0.918,mining_activity,0.918
-1078,15.43925,77.664,1,1,0.3333333333333333,1.0,2.43,2.43,2.43,2.43,0.0,2.43,333.31,333.31,0.0,0.0,0.0,0.0,0.0,0.0,industrial_zone,4,18.57321260883228,377.5807798953596,20.387961253820542,42.57178138744707,1413.2315378642586,251.2501517482549,18.57321260883228,999.0,0,0,0,0,0,0,-1,-1,unclassified,0.3,No rule matched,unclassified,0.853,unclassified,0.3
-1079,15.93384,79.5267,1,1,0.3333333333333333,1.0,4.06,4.06,4.06,4.06,0.0,4.06,343.13,343.13,0.0,0.0,0.0,0.0,0.0,0.0,industrial_zone,4,26.567588008913894,260.692052145768,37.80461522515772,37.30887178859885,1395.2457410449026,190.715416520602,26.567588008913894,999.0,0,0,0,0,0,0,-1,-1,unclassified,0.3,No rule matched,unclassified,0.957,unclassified,0.3
-1080,19.7772,73.79005,1,1,0.3333333333333333,1.0,2.03,2.03,2.03,2.03,0.0,2.03,333.97,333.97,0.0,0.0,0.0,0.0,0.0,0.0,power_plant,3,37.52480179009671,283.84410762124753,37.52480179009671,93.03087051604736,948.5929348073919,190.7117227631282,38.974750682830596,999.0,0,0,0,0,0,0,-1,-1,unclassified,0.3,No rule matched,unclassified,0.996,unclassified,0.3
-1081,21.17639,74.58324,1,1,0.3333333333333333,1.0,1.91,1.91,1.91,1.91,0.0,1.91,334.94,334.94,0.0,0.0,0.0,0.0,0.0,0.0,industrial_zone,4,79.04040396496362,176.4114771968779,102.99426618551843,104.68709278009926,779.1618578178629,203.65147622184767,79.04040396496362,999.0,0,0,0,0,0,0,-1,-1,unclassified,0.3,No rule matched,unclassified,1.0,unclassified,0.3
-1082,30.02923,71.74337,1,1,0.3333333333333333,1.0,0.57,0.57,0.57,0.57,0.0,0.57,332.13,332.13,0.0,0.0,0.0,0.0,0.0,0.0,industrial_zone,4,262.73603641284944,309.32474641030745,266.2648423263493,270.4430006346911,471.0262925793736,872.4277887247478,262.73603641284944,999.0,0,0,0,0,0,0,-1,-1,unclassified,0.3,No rule matched,unclassified,1.0,unclassified,0.3
-1083,30.08648,71.7243,1,1,0.3333333333333333,1.0,1.66,1.66,1.66,1.66,0.0,1.66,334.33,334.33,0.0,0.0,0.0,0.0,0.0,0.0,industrial_zone,4,264.1651898379724,311.3879920122244,268.2862996796047,271.2302830123328,475.5476560496939,878.2313675020085,264.1651898379724,999.0,0,0,0,0,0,0,-1,-1,unclassified,0.3,No rule matched,unclassified,1.0,unclassified,0.3
-1084,30.11638,73.26059,1,1,0.3333333333333333,1.0,3.03,3.03,3.03,3.03,0.0,3.03,335.4,335.4,0.0,0.0,0.0,0.0,0.0,0.0,industrial_zone,4,116.41957521194391,164.35622875315119,121.2699979148057,125.73063624915982,353.43704312682416,925.8715972644369,116.41957521194391,999.0,0,0,0,0,0,0,-1,-1,unclassified,0.3,No rule matched,unclassified,1.0,unclassified,0.3
-1085,30.11697,73.26498,1,1,0.3333333333333333,1.0,5.74,5.74,5.74,5.74,0.0,5.74,336.37,336.37,0.0,0.0,0.0,0.0,0.0,0.0,industrial_zone,4,115.9939476166824,163.94574808690027,120.86112179239015,125.30658508307401,353.15399040438996,926.0923367613705,115.9939476166824,999.0,0,0,0,0,0,0,-1,-1,unclassified,0.3,No rule matched,unclassified,0.995,unclassified,0.3
-1086,30.16407,74.51582,1,1,0.3333333333333333,1.0,3.35,3.35,3.35,3.35,0.0,3.35,331.57,331.57,0.0,0.0,0.0,0.0,0.0,0.0,industrial_zone,4,4.793460142695267,50.123378736199996,16.183944970172703,27.51774011500776,276.64135429059905,983.1680807158439,4.793460142695267,999.0,0,0,0,0,1,0,-1,-1,mining_activity,0.65,Persistent near mining/quarry area,mining_activity,0.991,mining_activity,0.991
-1087,30.35123,73.65195,1,1,0.3333333333333333,1.0,1.82,1.82,1.82,1.82,0.0,1.82,334.44,334.44,0.0,0.0,0.0,0.0,0.0,0.0,industrial_zone,4,79.97004614923279,133.99480238839573,93.11350249235323,83.77351494315369,344.07148262020223,964.6417912244536,79.97004614923279,999.0,0,0,0,0,0,0,-1,-1,unclassified,0.3,No rule matched,unclassified,1.0,unclassified,0.3
-1088,30.51386,73.90864,1,1,0.3333333333333333,1.0,2.87,2.87,2.87,2.87,0.0,2.87,335.57,335.57,0.0,0.0,0.0,0.0,0.0,0.0,industrial_zone,4,55.17016216899433,120.17731322718548,68.30505297133709,59.665299037956956,342.00924829408825,991.2827416045584,55.17016216899433,999.0,0,0,0,0,0,0,-1,-1,unclassified,0.3,No rule matched,unclassified,0.979,unclassified,0.3
-1089,31.10913,74.49384,1,1,0.3333333333333333,1.0,9.69,9.69,9.69,9.69,0.0,9.69,345.2,345.2,0.0,0.0,0.0,0.0,0.0,0.0,factory,1,23.27890032251395,139.0360416283703,24.24518508760429,23.27890032251395,370.4023802506715,1075.1527652844948,23.63743302574446,999.0,0,0,0,0,0,0,-1,-1,unclassified,0.3,No rule matched,unclassified,0.915,unclassified,0.3
-1090,31.12675,74.30208,1,1,0.3333333333333333,1.0,4.14,4.14,4.14,4.14,0.0,4.14,342.96,342.96,0.0,0.0,0.0,0.0,0.0,0.0,factory,1,37.047073010719565,147.8877786723844,38.66696915873512,37.047073010719565,379.9831174220722,1068.9399789263116,38.43939606692428,999.0,0,0,0,0,0,0,-1,-1,unclassified,0.3,No rule matched,unclassified,0.956,unclassified,0.3
-1091,31.2082,73.91856,1,1,0.3333333333333333,1.0,3.87,3.87,3.87,3.87,0.0,3.87,337.22,337.22,0.0,0.0,0.0,0.0,0.0,0.0,factory,1,73.15798728494674,174.27216334492266,75.008701690278,73.15798728494674,405.4575902748024,1062.16841189512,74.72755840496194,999.0,0,0,0,0,0,0,-1,-1,unclassified,0.3,No rule matched,unclassified,1.0,unclassified,0.3
-1092,31.2118,73.91795,1,1,0.3333333333333333,1.0,2.3,2.3,2.3,2.3,0.0,2.3,331.16,331.16,0.0,0.0,0.0,0.0,0.0,0.0,factory,1,73.38173608970227,174.6338571802909,75.2276624246753,73.38173608970227,405.83117534635323,1062.5134031759032,74.9731365203328,999.0,0,0,0,0,0,0,-1,-1,unclassified,0.3,No rule matched,unclassified,0.991,unclassified,0.3
-1093,31.39489,72.12487,1,1,0.3333333333333333,1.0,1.87,1.87,1.87,1.87,0.0,1.87,333.23,333.23,0.0,0.0,0.0,0.0,0.0,0.0,factory,1,240.4160328231271,316.3760966237564,244.39602955457357,240.4160328231271,529.1029190885354,1028.5941297252039,242.71829528569214,999.0,0,0,0,0,0,0,-1,-1,unclassified,0.3,No rule matched,unclassified,1.0,unclassified,0.3
-1094,31.4235,72.12935,1,1,0.3333333333333333,1.0,3.19,3.19,3.19,3.19,0.0,3.19,331.22,331.22,0.0,0.0,0.0,0.0,0.0,0.0,factory,1,240.91966319138405,317.6401175584796,244.64161977254884,240.91966319138405,530.9918191458821,1031.7888069442588,243.04010295661277,999.0,0,0,0,0,0,0,-1,-1,unclassified,0.3,No rule matched,unclassified,1.0,unclassified,0.3
-1095,31.46879,72.1555,1,1,0.3333333333333333,1.0,3.6,3.6,3.6,3.6,0.0,3.6,335.84,335.84,0.0,0.0,0.0,0.0,0.0,0.0,factory,1,240.08610043261675,318.1643548117913,243.35963311604525,240.08610043261675,532.7149408207129,1037.2575334678509,241.88966157687588,999.0,0,0,0,0,0,0,-1,-1,unclassified,0.3,No rule matched,unclassified,0.998,unclassified,0.3
-1096,31.56918,72.22474,1,1,0.3333333333333333,1.0,2.25,2.25,2.25,2.25,0.0,2.25,334.87,334.87,0.0,0.0,0.0,0.0,0.0,0.0,factory,1,237.71302892922378,318.8014587606567,239.94534452412378,237.71302892922378,535.9853656175343,1049.6329957762691,238.78173450979654,999.0,0,0,0,0,0,0,-1,-1,unclassified,0.3,No rule matched,unclassified,1.0,unclassified,0.3
-1097,31.56943,72.27724,1,1,0.3333333333333333,1.0,1.98,1.98,1.98,1.98,0.0,1.98,340.52,340.52,0.0,0.0,0.0,0.0,0.0,0.0,factory,1,233.10138456764645,314.72934208976807,235.19339549317812,233.10138456764645,532.5487328174314,1050.82937523988,234.0680137119362,999.0,0,0,0,0,0,0,-1,-1,unclassified,0.3,No rule matched,unclassified,0.999,unclassified,0.3
-1098,31.58139,72.28816,1,1,0.3333333333333333,1.0,2.12,2.12,2.12,2.12,0.0,2.12,337.8,337.8,0.0,0.0,0.0,0.0,0.0,0.0,factory,1,232.6439066554891,314.64924252328916,234.5997103275983,232.6439066554891,532.7947432136983,1052.3671974863876,233.51444761638018,999.0,0,0,0,0,0,0,-1,-1,unclassified,0.3,No rule matched,unclassified,0.999,unclassified,0.3
-1099,32.05318,73.38254,1,1,0.3333333333333333,1.0,3.08,3.08,3.08,3.08,0.0,3.08,337.5,337.5,0.0,0.0,0.0,0.0,0.0,0.0,factory,1,171.1888610651281,280.61471550360847,172.51499808922094,171.1888610651281,512.1593165649301,1131.7554676199074,172.05574092226772,999.0,0,0,0,0,0,0,-1,-1,unclassified,0.3,No rule matched,unclassified,1.0,unclassified,0.3
-1100,32.09223,73.23719,1,1,0.3333333333333333,1.0,2.2,2.2,2.2,2.2,0.0,2.2,330.89,330.89,0.0,0.0,0.0,0.0,0.0,0.0,factory,1,183.87466186068886,291.8070524535782,185.26221671116494,183.87466186068886,522.953146286683,1131.5632643361855,184.84109044064778,999.0,0,0,0,0,0,0,-1,-1,unclassified,0.3,No rule matched,unclassified,0.995,unclassified,0.3
-1101,32.30693,73.28819,1,1,0.3333333333333333,1.0,3.64,3.64,3.64,3.64,0.0,3.64,337.47,337.47,0.0,0.0,0.0,0.0,0.0,0.0,factory,1,198.23473911472888,309.24925330547217,199.4493276120745,198.23473911472888,541.0108088387032,1155.7559356335328,198.9230771881919,999.0,0,0,0,0,0,0,-1,-1,unclassified,0.3,No rule matched,unclassified,0.998,unclassified,0.3
-1102,33.58202,69.2417,1,1,0.3333333333333333,1.0,3.52,3.52,3.52,3.52,0.0,3.52,340.44,340.44,0.0,0.0,0.0,0.0,0.0,0.0,factory,1,584.9245017705482,676.2032937161915,586.6447879993492,584.9245017705482,892.7421814863666,1248.5244803252256,586.468302204261,999.0,0,0,0,0,0,0,-1,-1,unclassified,0.3,No rule matched,unclassified,0.998,unclassified,0.3
-1103,33.84936,72.20547,1,1,0.3333333333333333,1.0,3.38,3.38,3.38,3.38,0.0,3.38,340.8,340.8,0.0,0.0,0.0,0.0,0.0,0.0,factory,1,395.8686010344114,508.1830294621964,396.9317218203463,395.8686010344114,739.9844217576292,1297.2149227599575,396.32050470307536,999.0,0,0,0,0,0,0,-1,-1,unclassified,0.3,No rule matched,unclassified,0.998,unclassified,0.3
-1104,7.13631,81.13902,1,1,0.3333333333333333,1.0,1.72,1.72,1.72,1.72,0.0,1.72,296.16,296.16,0.0,1.0,0.0,0.0,0.0,0.0,industrial_zone,4,622.6283645623763,677.5129636757152,647.9636192655406,633.2810354707503,2387.6833235765203,1119.2724100114617,622.6283645623763,999.0,0,0,0,0,0,0,-1,-1,unclassified,0.3,No rule matched,unclassified,0.992,unclassified,0.3
-1105,7.14013,81.1341,1,1,0.3333333333333333,1.0,3.59,3.59,3.59,3.59,0.0,3.59,297.7,297.7,0.0,1.0,0.0,0.0,0.0,0.0,industrial_zone,4,622.1157874108462,677.0172790396778,647.4397644812756,632.7600156582694,2387.1520243531745,1118.8761879660583,622.1157874108462,999.0,0,0,0,0,0,0,-1,-1,unclassified,0.3,No rule matched,unclassified,0.992,unclassified,0.3
-1106,8.86712,81.02701,1,1,0.3333333333333333,1.0,1.75,1.75,1.75,1.75,0.0,1.75,309.61,309.61,0.0,1.0,0.0,0.0,0.0,0.0,industrial_zone,4,431.49179107149484,485.4188920099114,457.6310663434457,442.7438099661723,2197.25104289597,927.9602445327391,431.49179107149484,999.0,0,0,0,0,0,0,-1,-1,unclassified,0.3,No rule matched,unclassified,0.992,unclassified,0.3
-1107,8.86843,81.02491,1,1,0.3333333333333333,1.0,2.71,2.71,2.71,2.71,0.0,2.71,316.5,316.5,0.0,1.0,0.0,0.0,0.0,0.0,industrial_zone,4,431.2984444629955,485.2365541787143,457.43159773143407,442.54566688772746,2197.056773141469,927.8322365845672,431.2984444629955,999.0,0,0,0,0,0,0,-1,-1,unclassified,0.3,No rule matched,unclassified,0.992,unclassified,0.3
-1108,31.61482,74.37532,1,1,0.3333333333333333,1.0,0.61,0.61,0.61,0.61,0.0,0.61,311.52,311.52,0.0,1.0,0.0,0.0,0.0,0.0,industrial_zone,4,79.4451478121063,195.97582164699557,80.29770425774302,79.8271966064342,426.51308442610394,1121.0702071555122,79.4451478121063,999.0,0,0,0,0,0,0,-1,-1,unclassified,0.3,No rule matched,unclassified,0.986,unclassified,0.3
-1109,31.64126,74.42704,1,1,0.3333333333333333,1.0,0.49,0.49,0.49,0.49,0.0,0.49,308.12,308.12,0.0,1.0,0.0,0.0,0.0,0.0,industrial_zone,4,80.87599380247035,197.4266120459442,81.77659013290571,81.44804768676312,427.40026139581016,1125.785736687566,80.87599380247035,999.0,0,0,0,0,0,0,-1,-1,unclassified,0.3,No rule matched,unclassified,0.986,unclassified,0.3
-1110,31.769,70.10805,1,1,0.3333333333333333,1.0,4.57,4.57,4.57,4.57,0.0,4.57,312.33,312.33,0.0,1.0,0.0,0.0,0.0,0.0,factory,1,435.73907538261307,506.12213526332675,439.8913601181979,435.73907538261307,704.2974728066038,1045.7449048148144,438.2364035391588,999.0,0,0,0,0,0,0,-1,-1,unclassified,0.3,No rule matched,unclassified,0.992,unclassified,0.3
-1111,32.0868,74.16059,1,1,0.3333333333333333,1.0,2.11,2.11,2.11,2.11,0.0,2.11,315.49,315.49,0.0,1.0,0.0,0.0,0.0,0.0,industrial_zone,4,135.67554224782106,252.13430172690852,136.51282426081667,135.9847748312941,482.7633506695063,1161.093056050835,135.67554224782106,999.0,0,0,0,0,0,0,-1,-1,unclassified,0.3,No rule matched,unclassified,0.991,unclassified,0.3
-1112,32.08741,74.15643,1,1,0.3333333333333333,1.0,0.65,0.65,0.65,0.65,0.0,0.65,308.49,308.49,0.0,1.0,0.0,0.0,0.0,0.0,industrial_zone,4,135.8717346726436,252.3207024336017,136.70711045737244,136.1738000015126,482.97547568812223,1161.0058378548786,135.8717346726436,999.0,0,0,0,0,0,0,-1,-1,unclassified,0.3,No rule matched,unclassified,0.991,unclassified,0.3
-1113,32.13232,74.17843,1,1,0.3333333333333333,1.0,0.79,0.79,0.79,0.79,0.0,0.79,312.92,312.92,0.0,1.0,0.0,0.0,0.0,0.0,industrial_zone,4,139.91544341097693,256.4439512208159,140.76994818455933,140.28936081560158,486.8159990794174,1166.4124239006487,139.91544341097693,999.0,0,0,0,0,0,0,-1,-1,unclassified,0.3,No rule matched,unclassified,0.995,unclassified,0.3
-1114,32.57351,72.56357,1,1,0.3333333333333333,1.0,4.1,4.1,4.1,4.1,0.0,4.1,309.26,309.26,0.0,1.0,0.0,0.0,0.0,0.0,factory,1,266.61181796630444,372.4556019594865,268.0324662707823,266.61181796630444,602.348094948104,1165.6904395683127,267.6306526962737,999.0,0,0,0,0,0,0,-1,-1,unclassified,0.3,No rule matched,unclassified,1.0,unclassified,0.3
-1115,32.64409,72.9769,1,1,0.3333333333333333,1.0,1.59,1.59,1.59,1.59,0.0,1.59,307.1,307.1,0.0,1.0,0.0,0.0,0.0,0.0,factory,1,245.73752041491713,356.5075889254605,246.9402839960622,245.73752041491713,588.1121079343999,1183.1925736526036,246.40603828481616,999.0,0,0,0,0,0,0,-1,-1,unclassified,0.3,No rule matched,unclassified,1.0,unclassified,0.3
-1116,33.29611,71.18341,1,1,0.3333333333333333,1.0,0.8,0.8,0.8,0.8,0.0,0.8,310.8,310.8,0.0,1.0,0.0,0.0,0.0,0.0,factory,1,416.7890711997833,518.0500829708158,418.3100288771417,416.7890711997833,744.2643936306804,1222.1738573046487,417.97563055189926,999.0,0,0,0,0,0,0,-1,-1,unclassified,0.3,No rule matched,unclassified,0.979,unclassified,0.3
-1117,33.29622,71.18803,1,1,0.3333333333333333,1.0,1.09,1.09,1.09,1.09,0.0,1.09,306.97,306.97,0.0,1.0,0.0,0.0,0.0,0.0,factory,1,416.4597316269633,517.757723814367,417.9797094155238,416.4597316269633,743.9990216662723,1222.2341974452668,417.64460753077583,999.0,0,0,0,0,0,0,-1,-1,unclassified,0.3,No rule matched,unclassified,0.986,unclassified,0.3
-1118,24.68952,73.00175,1,1,0.3333333333333333,1.0,1.08,1.08,1.08,1.08,0.0,1.08,308.21,308.21,0.0,1.0,0.0,0.0,0.0,0.0,industrial_zone,4,0.3008249297288186,257.16038694290916,1.493171220077418,34.25563180104516,481.148865389195,401.33273910676394,0.3008249297288186,999.0,1,0,1,0,2,0,-1,-1,mining_activity,0.65,Persistent near mining/quarry area,mining_activity,1.0,mining_activity,1.0
-1119,25.9433,72.19072,1,1,0.3333333333333333,1.0,2.98,2.98,2.98,2.98,0.0,2.98,329.62,329.62,0.0,1.0,0.0,0.0,0.0,0.0,power_plant,3,144.89974683764282,407.3222903323196,144.89974683764282,174.83892376433434,447.45451538305673,462.63553759375696,161.3031772729013,999.0,0,0,0,0,0,0,-1,-1,unclassified,0.3,No rule matched,unclassified,1.0,unclassified,0.3
-1120,25.94431,72.19051,1,1,0.3333333333333333,1.0,2.14,2.14,2.14,2.14,0.0,2.14,325.37,325.37,0.0,1.0,0.0,0.0,0.0,0.0,power_plant,3,145.0139367268874,407.4363902383798,145.0139367268874,174.9517315226351,447.41176009915335,462.7206994405109,161.41055670535889,999.0,0,0,0,0,0,0,-1,-1,unclassified,0.3,No rule matched,unclassified,1.0,unclassified,0.3
-1121,26.09499,68.87773,1,1,0.3333333333333333,1.0,0.92,0.92,0.92,0.92,0.0,0.92,305.36,305.36,0.0,1.0,0.0,0.0,0.0,0.0,industrial_zone,4,159.23412074341545,421.55575848757184,160.71042018940886,335.8678915823387,741.1827962958013,426.3262657586144,159.23412074341545,999.0,0,0,0,0,0,0,-1,-1,unclassified,0.3,No rule matched,unclassified,1.0,unclassified,0.3
-1122,26.60605,73.68385,1,1,0.3333333333333333,1.0,0.71,0.71,0.71,0.71,0.0,0.71,305.13,305.13,0.0,1.0,0.0,0.0,0.0,0.0,industrial_zone,4,145.73194480472404,388.66687889885094,218.6282110245371,233.05674244177294,282.7392690700674,609.7520395405164,145.73194480472404,999.0,0,0,0,0,0,0,-1,-1,unclassified,0.3,No rule matched,unclassified,0.995,unclassified,0.3
-1123,27.66868,76.13271,1,1,0.3333333333333333,1.0,0.32,0.32,0.32,0.32,0.0,0.32,296.11,296.11,0.0,1.0,0.0,0.0,0.0,0.0,industrial_zone,4,0.36714101166437374,210.97658067695136,0.8971570455714353,17.738826419670755,44.45853850594905,812.5007962350792,0.36714101166437374,999.0,1,0,1,0,3,0,-1,-1,mining_activity,0.65,Persistent near mining/quarry area,mining_activity,0.994,mining_activity,0.994
-1124,27.66938,76.12862,1,1,0.3333333333333333,1.0,0.32,0.32,0.32,0.32,0.0,0.32,299.11,299.11,0.0,1.0,0.0,0.0,0.0,0.0,industrial_zone,4,0.3159098233431331,211.03980860372866,1.251687092203572,17.882125208507517,44.29572812426131,812.3894854940806,0.3159098233431331,999.0,1,0,1,0,3,0,-1,-1,mining_activity,0.65,Persistent near mining/quarry area,mining_activity,0.994,mining_activity,0.994
-1125,28.35198,70.13081,1,1,0.3333333333333333,1.0,0.75,0.75,0.75,0.75,0.0,0.75,307.1,307.1,0.0,1.0,0.0,0.0,0.0,0.0,industrial_zone,4,406.31617845455713,499.56324358708554,406.75790000561517,465.73761698611406,579.2449219358047,666.057614948996,406.31617845455713,999.0,0,0,0,0,0,0,-1,-1,unclassified,0.3,No rule matched,unclassified,0.975,unclassified,0.3
-1126,28.42588,69.698,1,1,0.3333333333333333,1.0,1.83,1.83,1.83,1.83,0.0,1.83,310.32,310.32,0.0,1.0,0.0,0.0,0.0,0.0,industrial_zone,4,418.52409713888204,536.3810258570545,418.80954745063065,488.8115190584929,621.8503715708173,673.9155833528188,418.52409713888204,999.0,0,0,0,0,0,0,-1,-1,unclassified,0.3,No rule matched,unclassified,0.992,unclassified,0.3
-1127,28.74306,76.92912,1,1,0.3333333333333333,1.0,1.91,1.91,1.91,1.91,0.0,1.91,316.04,316.04,0.0,1.0,0.0,0.0,0.0,0.0,power_plant,3,3.4369686625497216,79.10088419550965,3.4369686625497216,4.099822785944384,116.0591337156483,954.4692918244721,3.936204575632661,999.0,0,0,1,0,7,0,-1,-1,mining_activity,0.65,Persistent near mining/quarry area,mining_activity,0.999,mining_activity,0.999
-1128,29.45914,76.89161,1,1,0.3333333333333333,1.0,3.18,3.18,3.18,3.18,0.0,3.18,316.03,316.03,0.0,1.0,0.0,0.0,0.0,0.0,industrial_zone,4,0.6272490237400828,1.7556624244556422,1.8108183736177492,3.4374604672102236,176.77722980966638,1023.866028441482,0.6272490237400828,999.0,1,1,1,0,13,0,-1,-1,mining_activity,0.65,Persistent near mining/quarry area,mining_activity,0.653,mining_activity,0.653
-1129,29.4759,76.85623,1,1,0.3333333333333333,1.0,2.28,2.28,2.28,2.28,0.0,2.28,311.77,311.77,0.0,1.0,0.0,0.0,0.0,0.0,industrial_zone,4,1.1297621389498704,2.2022288292137144,2.091821909846577,2.9274603070088356,176.82704818354478,1024.065849226853,1.1297621389498704,999.0,1,1,1,0,14,0,-1,-1,mining_activity,0.65,Persistent near mining/quarry area,mining_activity,0.655,mining_activity,0.655
-1130,18.54634,74.25378,1,1,0.3333333333333333,1.0,1.13,1.13,1.13,1.13,0.0,1.13,311.92,311.92,0.0,1.0,0.0,0.0,0.0,0.0,industrial_zone,4,177.08982417119302,427.32234224046385,177.34465811371265,225.70841729715397,1073.1686208913627,331.06968960626705,177.08982417119302,999.0,0,0,0,0,0,0,-1,-1,unclassified,0.3,No rule matched,unclassified,1.0,unclassified,0.3
-1131,19.93695,73.71136,1,1,0.3333333333333333,1.0,2.32,2.32,2.32,2.32,0.0,2.32,323.05,323.05,0.0,1.0,0.0,0.0,0.0,0.0,power_plant,3,21.070730985812947,265.1064511291017,21.070730985812947,77.16843096801738,933.3094575625296,171.840338178543,23.550280209575657,999.0,0,0,0,0,0,0,-1,-1,unclassified,0.3,No rule matched,unclassified,0.911,unclassified,0.3
-1132,20.35619,72.94963,1,1,0.3333333333333333,1.0,1.84,1.84,1.84,1.84,0.0,1.84,305.96,305.96,0.0,1.0,0.0,0.0,0.0,0.0,factory,1,1.078745058351734,220.7382878425471,10.290761066849946,1.078745058351734,911.6561524519085,89.19287926962981,1.829915516406764,999.0,1,0,0,0,26,0,-1,-1,mining_activity,0.65,Persistent near mining/quarry area,mining_activity,0.998,mining_activity,0.998
-1133,21.26307,72.94081,1,1,0.3333333333333333,1.0,2.1,2.1,2.1,2.1,0.0,2.1,312.03,312.03,0.0,1.0,0.0,0.0,0.0,0.0,industrial_zone,4,1.0181412789482973,123.91299308082912,5.41889448266647,10.798235939467201,817.5909838744093,37.896232037467364,1.0181412789482973,999.0,1,0,0,0,9,0,-1,-1,mining_activity,0.65,Persistent near mining/quarry area,mining_activity,1.0,mining_activity,1.0
-1134,21.79665,72.08905,1,1,0.3333333333333333,1.0,1.45,1.45,1.45,1.45,0.0,1.45,308.36,308.36,0.0,1.0,0.0,0.0,0.0,0.0,industrial_zone,4,2.6024983163888047,124.30915065568682,12.330398075938938,48.21831155027687,801.7174353619354,95.30947100100076,2.6024983163888047,999.0,0,0,0,0,4,0,-1,-1,mining_activity,0.65,Persistent near mining/quarry area,mining_activity,1.0,mining_activity,1.0
-1135,9.67002,77.45597,1,1,0.3333333333333333,1.0,0.77,0.77,0.77,0.77,0.0,0.77,297.92,297.92,0.0,1.0,0.0,0.0,0.0,0.0,industrial_zone,4,332.16950311522214,495.7129678543577,332.9306858950317,332.91124012430043,2050.1382720511333,877.0238653010729,332.16950311522214,999.0,0,0,0,0,0,0,-1,-1,unclassified,0.3,No rule matched,unclassified,0.975,unclassified,0.3
-1136,11.62482,79.08276,1,1,0.3333333333333333,1.0,0.94,0.94,0.94,0.94,0.0,0.94,304.91,304.91,0.0,1.0,0.0,0.0,0.0,0.0,industrial_zone,4,118.21505450915791,215.03696830308465,133.672340306719,136.40953196832484,1854.7304928885949,650.2879245716541,118.21505450915791,999.0,0,0,0,0,0,0,-1,-1,unclassified,0.3,No rule matched,unclassified,0.991,unclassified,0.3
-1137,13.71089,79.62021,1,1,0.3333333333333333,1.0,1.05,1.05,1.05,1.05,0.0,1.05,304.97,304.97,0.0,1.0,0.0,0.0,0.0,0.0,industrial_zone,4,1.3012715074141026,92.6086377736226,10.996066593711062,13.242506529837664,1638.027463470684,428.2582349730904,1.3012715074141026,999.0,1,0,0,0,1,0,-1,-1,mining_activity,0.65,Persistent near mining/quarry area,mining_activity,0.981,mining_activity,0.981
-1138,15.17345,76.78623,1,1,0.3333333333333333,1.0,0.79,0.79,0.79,0.79,0.0,0.79,302.27,302.27,0.0,1.0,0.0,0.0,0.0,0.0,industrial_zone,4,0.1914234683126465,436.88597825958954,10.450633787100692,16.664499743748202,1434.8752345213427,327.21683202023917,0.1914234683126465,999.0,1,0,0,0,6,0,-1,-1,mining_activity,0.65,Persistent near mining/quarry area,mining_activity,1.0,mining_activity,1.0
-1139,6.95868,79.95699,1,1,0.3333333333333333,1.0,1.05,1.05,1.05,1.05,0.0,1.05,300.79,300.79,0.0,1.0,0.0,0.0,0.0,0.0,industrial_zone,4,633.0578705297514,691.4934750920398,649.825053764074,641.0636131154176,2382.2895625363126,1152.723352772093,633.0578705297514,999.0,0,0,0,0,0,0,-1,-1,unclassified,0.3,No rule matched,unclassified,0.99,unclassified,0.3
-1140,6.74823,81.75127,1,1,0.3333333333333333,1.0,2.28,2.28,2.28,2.28,0.0,2.28,333.23,333.23,0.0,0.0,0.0,0.0,0.0,0.0,industrial_zone,4,679.4087089871671,732.1041972389082,705.9815943791963,691.0154386768887,2444.9210312250843,1160.9304671026664,679.4087089871671,999.0,0,0,0,0,0,0,-1,-1,unclassified,0.3,No rule matched,unclassified,1.0,unclassified,0.3
-1141,7.07676,81.82498,1,1,0.3333333333333333,1.0,3.59,3.59,3.59,3.59,0.0,3.59,341.21,341.21,0.0,0.0,0.0,0.0,0.0,0.0,industrial_zone,4,646.4323710300289,698.4206918407692,673.356976788209,658.3212414676866,2411.3747510684634,1124.4865245332664,646.4323710300289,999.0,0,0,0,0,0,0,-1,-1,unclassified,0.3,No rule matched,unclassified,0.998,unclassified,0.3
-1142,7.09931,80.83875,1,1,0.3333333333333333,1.0,3.8,3.8,3.8,3.8,0.0,3.8,330.54,330.54,0.0,0.0,0.0,0.0,0.0,0.0,industrial_zone,4,621.7954251432723,677.8076437171962,646.2678990946836,631.8154303136238,2384.803653542121,1125.54539214976,621.7954251432723,999.0,0,0,0,0,0,0,-1,-1,unclassified,0.3,No rule matched,unclassified,1.0,unclassified,0.3
-1143,7.17094,81.64171,1,1,0.3333333333333333,1.0,8.79,8.79,8.79,8.79,0.0,8.79,345.22,345.22,0.0,0.0,0.0,0.0,0.0,0.0,industrial_zone,4,630.876819147538,683.5952704910185,657.4685232025223,642.4969149522896,2396.392481701693,1113.905522370182,630.876819147538,999.0,0,0,0,0,0,0,-1,-1,unclassified,0.3,No rule matched,unclassified,1.0,unclassified,0.3
-1144,7.1865,81.38634,1,1,0.3333333333333333,1.0,4.57,4.57,4.57,4.57,0.0,4.57,339.42,339.42,0.0,0.0,0.0,0.0,0.0,0.0,industrial_zone,4,622.4941917273038,676.3266079215691,648.4952276982448,633.65136752893,2388.2336322473016,1112.6153189225186,622.4941917273038,999.0,0,0,0,0,0,0,-1,-1,unclassified,0.3,No rule matched,unclassified,1.0,unclassified,0.3
-1145,7.4614,80.99762,1,1,0.3333333333333333,1.0,24.03,24.03,24.03,24.03,0.0,24.03,354.52,354.52,0.0,0.0,0.0,0.0,0.0,0.0,industrial_zone,4,584.3863136012654,639.6362257316154,609.4924301333093,594.8663241604929,2349.0409510739487,1084.1075104661415,584.3863136012654,999.0,0,0,0,0,0,0,-1,-1,unclassified,0.3,No rule matched,unclassified,1.0,unclassified,0.3
-1146,7.47357,81.65829,1,1,0.3333333333333333,1.0,9.86,9.86,9.86,9.86,0.0,9.86,346.07,346.07,0.0,0.0,0.0,0.0,0.0,0.0,industrial_zone,4,598.9311728623663,651.2061928824203,625.7568997891996,610.7381866343545,2364.1301925744137,1080.2499684746376,598.9311728623663,999.0,0,0,0,0,0,0,-1,-1,unclassified,0.3,No rule matched,unclassified,1.0,unclassified,0.3
-1147,7.52729,80.8979,1,1,0.3333333333333333,1.0,2.18,2.18,2.18,2.18,0.0,2.18,334.5,334.5,0.0,0.0,0.0,0.0,0.0,0.0,industrial_zone,4,575.4843351730121,631.0941208466703,600.3249933589148,585.7683706536134,2339.567459341631,1077.5913977454659,575.4843351730121,999.0,0,0,0,0,0,0,-1,-1,unclassified,0.3,No rule matched,unclassified,1.0,unclassified,0.3
-1148,7.65419,81.40054,1,1,0.3333333333333333,1.0,2.94,2.94,2.94,2.94,0.0,2.94,335.93,335.93,0.0,0.0,0.0,0.0,0.0,0.0,industrial_zone,4,572.2142806878961,625.5284111664068,598.5431633003587,583.6240217793405,2337.948055321897,1060.587132111952,572.2142806878961,999.0,0,0,0,0,0,0,-1,-1,unclassified,0.3,No rule matched,unclassified,1.0,unclassified,0.3
-1149,7.70496,81.42134,1,1,0.3333333333333333,1.0,6.93,6.93,6.93,6.93,0.0,6.93,340.73,340.73,0.0,0.0,0.0,0.0,0.0,0.0,industrial_zone,4,567.291255741704,620.4483127187062,593.7073512638437,578.769438603968,2332.983946297522,1054.8823316891812,567.291255741704,999.0,0,0,0,0,0,0,-1,-1,unclassified,0.3,No rule matched,unclassified,1.0,unclassified,0.3
-1150,7.73714,79.95287,1,1,0.3333333333333333,1.0,3.4,3.4,3.4,3.4,0.0,3.4,335.15,335.15,0.0,0.0,0.0,0.0,0.0,0.0,industrial_zone,4,546.5644761187746,605.0809876379759,563.5851025455277,554.5134857703576,2296.8846394508323,1067.4345518825842,546.5644761187746,999.0,0,0,0,0,0,0,-1,-1,unclassified,0.3,No rule matched,unclassified,0.996,unclassified,0.3
-1151,7.73915,79.95213,1,1,0.3333333333333333,1.0,5.01,5.01,5.01,5.01,0.0,5.01,345.5,345.5,0.0,0.0,0.0,0.0,0.0,0.0,industrial_zone,4,546.344203594186,604.8625553903343,563.3547042205952,554.2910309333862,2296.650487332953,1067.2284517307826,546.344203594186,999.0,0,0,0,0,0,0,-1,-1,unclassified,0.3,No rule matched,unclassified,1.0,unclassified,0.3
-1152,7.8739,80.07893,1,1,0.3333333333333333,1.0,5.31,5.31,5.31,5.31,0.0,5.31,348.7,348.7,0.0,0.0,0.0,0.0,0.0,0.0,industrial_zone,4,531.0105979264048,589.2407850655679,550.0185254863314,539.3048018456933,2284.329452638446,1050.1177967640726,531.0105979264048,999.0,0,0,0,0,0,0,-1,-1,unclassified,0.3,No rule matched,unclassified,1.0,unclassified,0.3
-1153,7.87699,80.62096,1,1,0.3333333333333333,1.0,2.86,2.86,2.86,2.86,0.0,2.86,331.9,331.9,0.0,0.0,0.0,0.0,0.0,0.0,industrial_zone,4,533.2027133272171,589.7317683799464,557.2910467872402,542.9393467346755,2295.2669711026874,1041.6966735893593,533.2027133272171,999.0,0,0,0,0,0,0,-1,-1,unclassified,0.3,No rule matched,unclassified,1.0,unclassified,0.3
-1154,7.88657,80.13833,1,1,0.3333333333333333,1.0,7.77,7.77,7.77,7.77,0.0,7.77,345.81,345.81,0.0,0.0,0.0,0.0,0.0,0.0,industrial_zone,4,529.5571576074951,587.6332785212568,549.4786831950343,538.0171713308548,2284.1126567995675,1047.6833805158533,529.5571576074951,999.0,0,0,0,0,0,0,-1,-1,unclassified,0.3,No rule matched,unclassified,1.0,unclassified,0.3
-1155,7.88696,80.61943,1,1,0.3333333333333333,1.0,3.88,3.88,3.88,3.88,0.0,3.88,341.73,341.73,0.0,0.0,0.0,0.0,0.0,0.0,industrial_zone,4,532.0829494369249,588.6146704873798,556.1699420253304,541.8185065590776,2294.147065931758,1040.6128239390148,532.0829494369249,999.0,0,0,0,0,0,0,-1,-1,unclassified,0.3,No rule matched,unclassified,1.0,unclassified,0.3
-1156,7.92286,81.40872,1,1,0.3333333333333333,1.0,4.75,4.75,4.75,4.75,0.0,4.75,341.88,341.88,0.0,0.0,0.0,0.0,0.0,0.0,industrial_zone,4,543.4790456682971,596.4425470027443,570.0153320027698,555.0513664779724,2309.0944231970725,1030.6988869926124,543.4790456682971,999.0,0,0,0,0,0,0,-1,-1,unclassified,0.3,No rule matched,unclassified,1.0,unclassified,0.3
-1157,7.95897,80.09814,1,1,0.3333333333333333,1.0,3.06,3.06,3.06,3.06,0.0,3.06,338.14,338.14,0.0,0.0,0.0,0.0,0.0,0.0,industrial_zone,4,521.5285108329341,579.7142588061346,540.907801752068,529.8772409845766,2275.3984286966183,1040.440590745937,521.5285108329341,999.0,0,0,0,0,0,0,-1,-1,unclassified,0.3,No rule matched,unclassified,0.999,unclassified,0.3
-1158,7.96847,80.62367,1,1,0.3333333333333333,1.0,2.45,2.45,2.45,2.45,0.0,2.45,334.81,334.81,0.0,0.0,0.0,0.0,0.0,0.0,industrial_zone,4,523.1098529347415,579.6001828156338,547.2458517434387,532.8794408392336,2285.361736036313,1031.5522507411838,523.1098529347415,999.0,0,0,0,0,0,0,-1,-1,unclassified,0.3,No rule matched,unclassified,1.0,unclassified,0.3
-1159,7.99786,80.37258,1,1,0.3333333333333333,1.0,6.58,6.58,6.58,6.58,0.0,6.58,332.12,332.12,0.0,0.0,0.0,0.0,0.0,0.0,industrial_zone,4,517.7967611440652,575.1722627417043,541.0043194559817,526.9114628205185,2276.7368394137548,1031.6790164499844,517.7967611440652,999.0,0,0,0,0,0,0,-1,-1,unclassified,0.3,No rule matched,unclassified,1.0,unclassified,0.3
-1160,7.9984,80.37608,1,1,0.3333333333333333,1.0,6.58,6.58,6.58,6.58,0.0,6.58,349.28,349.28,0.0,0.0,0.0,0.0,0.0,0.0,industrial_zone,4,517.7555739027152,575.1195181123272,540.9768844915911,526.8798309517326,2276.7514938797144,1031.5676100548214,517.7555739027152,999.0,0,0,0,0,0,0,-1,-1,unclassified,0.3,No rule matched,unclassified,1.0,unclassified,0.3
-1161,8.01197,81.41592,1,1,0.3333333333333333,1.0,4.35,4.35,4.35,4.35,0.0,4.35,340.12,340.12,0.0,0.0,0.0,0.0,0.0,0.0,industrial_zone,4,534.1040078000105,586.9173326361005,560.7241129922362,545.7427784023681,2299.6457879272566,1020.7722495352483,534.1040078000105,999.0,0,0,0,0,0,0,-1,-1,unclassified,0.3,No rule matched,unclassified,1.0,unclassified,0.3
-1162,8.03437,80.19405,1,1,0.3333333333333333,1.0,6.16,6.16,6.16,6.16,0.0,6.16,338.36,338.36,0.0,0.0,0.0,0.0,0.0,0.0,industrial_zone,4,513.1540242890452,571.0784303723395,534.1029918642614,521.7782418666694,2269.06777155468,1030.495981229683,513.1540242890452,999.0,0,0,0,0,0,0,-1,-1,unclassified,0.3,No rule matched,unclassified,1.0,unclassified,0.3
-1163,8.08878,80.19277,1,1,0.3333333333333333,1.0,5.01,5.01,5.01,5.01,0.0,5.01,344.37,344.37,0.0,0.0,0.0,0.0,0.0,0.0,industrial_zone,4,507.1027275424006,565.0311970839489,528.1024525891208,515.7270494561108,2263.094864362113,1024.5397424623966,507.1027275424006,999.0,0,0,0,0,0,0,-1,-1,unclassified,0.3,No rule matched,unclassified,0.996,unclassified,0.3
-1164,8.14198,79.99303,1,1,0.3333333333333333,1.0,3.1,3.1,3.1,3.1,0.0,3.1,337.81,337.81,0.0,0.0,0.0,0.0,0.0,0.0,industrial_zone,4,501.4211717075948,559.8877910577314,519.2907875546998,509.45974802942294,2253.3181082710416,1022.3354861768776,501.4211717075948,999.0,0,0,0,0,0,0,-1,-1,unclassified,0.3,No rule matched,unclassified,0.999,unclassified,0.3
-1165,8.2525,80.51107,1,1,0.3333333333333333,1.0,2.72,2.72,2.72,2.72,0.0,2.72,330.03,330.03,0.0,0.0,0.0,0.0,0.0,0.0,industrial_zone,4,490.52999131482073,547.3695324040934,514.3611909095519,500.07872115333834,2251.937421442249,1001.628138400658,490.52999131482073,999.0,0,0,0,0,0,0,-1,-1,unclassified,0.3,No rule matched,unclassified,1.0,unclassified,0.3
-1166,8.26829,80.17477,1,1,0.3333333333333333,1.0,2.7,2.7,2.7,2.7,0.0,2.7,333.76,333.76,0.0,0.0,0.0,0.0,0.0,0.0,industrial_zone,4,487.12489169268736,545.1086444572721,508.0756640281667,495.708308527998,2243.111283715735,1005.1373802246064,487.12489169268736,999.0,0,0,0,0,0,0,-1,-1,unclassified,0.3,No rule matched,unclassified,1.0,unclassified,0.3
-1167,8.28108,80.16919,1,1,0.3333333333333333,1.0,3.83,3.83,3.83,3.83,0.0,3.83,341.22,341.22,0.0,0.0,0.0,0.0,0.0,0.0,industrial_zone,4,485.6986245066485,543.6992264544401,506.57532487506745,494.26606693174995,2241.600145794085,1003.831572514566,485.6986245066485,999.0,0,0,0,0,0,0,-1,-1,unclassified,0.3,No rule matched,unclassified,1.0,unclassified,0.3
-1168,8.29091,80.21081,1,1,0.3333333333333333,1.0,5.81,5.81,5.81,5.81,0.0,5.81,346.43,346.43,0.0,0.0,0.0,0.0,0.0,0.0,industrial_zone,4,484.6549054188183,542.5295749772927,506.2271509011299,493.34808520929437,2241.376158120069,1002.028206689707,484.6549054188183,999.0,0,0,0,0,0,0,-1,-1,unclassified,0.3,No rule matched,unclassified,1.0,unclassified,0.3
-1169,8.30774,80.12835,1,1,0.3333333333333333,1.0,2.95,2.95,2.95,2.95,0.0,2.95,332.31,332.31,0.0,0.0,0.0,0.0,0.0,0.0,industrial_zone,4,482.7273324760197,540.8482052468895,502.96537859224594,491.1723476901187,2237.8597830749345,1001.6368623121798,482.7273324760197,999.0,0,0,0,0,0,0,-1,-1,unclassified,0.3,No rule matched,unclassified,1.0,unclassified,0.3
-1170,8.35775,80.80066,1,1,0.3333333333333333,1.0,8.27,8.27,8.27,8.27,0.0,8.27,337.97,337.97,0.0,0.0,0.0,0.0,0.0,0.0,industrial_zone,4,482.5655432047108,538.1357375540454,507.5352647478746,492.93604800334805,2247.0381136000865,986.5065669108088,482.5655432047108,999.0,0,0,0,0,0,0,-1,-1,unclassified,0.3,No rule matched,unclassified,1.0,unclassified,0.3
-1171,8.3721,80.43393,1,1,0.3333333333333333,1.0,6.87,6.87,6.87,6.87,0.0,6.87,336.87,336.87,0.0,0.0,0.0,0.0,0.0,0.0,industrial_zone,4,476.63811743784174,533.7436332075189,500.20519394078116,485.9984441363496,2237.2215955632355,989.5354611750482,476.63811743784174,999.0,0,0,0,0,0,0,-1,-1,unclassified,0.3,No rule matched,unclassified,1.0,unclassified,0.3
-1172,8.3754,81.1614,1,1,0.3333333333333333,1.0,3.98,3.98,3.98,3.98,0.0,3.98,336.39,336.39,0.0,0.0,0.0,0.0,0.0,0.0,industrial_zone,4,488.0904952843479,541.8270322649076,514.2675364808756,499.3764643704328,2253.855201412462,981.5576240447771,488.0904952843479,999.0,0,0,0,0,0,0,-1,-1,unclassified,0.3,No rule matched,unclassified,1.0,unclassified,0.3
-1173,8.37858,80.18925,1,1,0.3333333333333333,1.0,4.28,4.28,4.28,4.28,0.0,4.28,336.53,336.53,0.0,0.0,0.0,0.0,0.0,0.0,industrial_zone,4,474.87613162478294,532.8175927958333,496.22211937370895,483.5111825459372,2231.3563637798393,992.7766188960701,474.87613162478294,999.0,0,0,0,0,0,0,-1,-1,unclassified,0.3,No rule matched,unclassified,1.0,unclassified,0.3
-1174,8.38648,80.15206,1,1,0.3333333333333333,1.0,4.9,4.9,4.9,4.9,0.0,4.9,334.03,334.03,0.0,0.0,0.0,0.0,0.0,0.0,industrial_zone,4,473.9708406291764,532.0254207992823,494.7048974136811,482.49191410304445,2229.73376898237,992.5717261560452,473.9708406291764,999.0,0,0,0,0,0,0,-1,-1,unclassified,0.3,No rule matched,unclassified,1.0,unclassified,0.3
-1175,8.38703,80.15557,1,1,0.3333333333333333,1.0,4.9,4.9,4.9,4.9,0.0,4.9,346.01,346.01,0.0,0.0,0.0,0.0,0.0,0.0,industrial_zone,4,473.9107330538621,531.9548275326622,494.7044918323394,482.44267897962817,2229.745073816116,992.4482083912366,473.9107330538621,999.0,0,0,0,0,0,0,-1,-1,unclassified,0.3,No rule matched,unclassified,1.0,unclassified,0.3
-1176,8.4223,81.09,1,1,0.3333333333333333,1.0,3.98,3.98,3.98,3.98,0.0,3.98,340.12,340.12,0.0,0.0,0.0,0.0,0.0,0.0,industrial_zone,4,481.2726589286974,535.3429532234312,507.26336318386507,492.4133867213761,2246.9971492358163,976.8233906727397,481.2726589286974,999.0,0,0,0,0,0,0,-1,-1,unclassified,0.3,No rule matched,unclassified,1.0,unclassified,0.3
-1177,8.4316,80.79919,1,1,0.3333333333333333,1.0,6.05,6.05,6.05,6.05,0.0,6.05,341.2,341.2,0.0,0.0,0.0,0.0,0.0,0.0,industrial_zone,4,474.4217293974653,529.9536552852558,499.43130118027096,484.8208017554565,2238.979809296721,978.3474956772426,474.4217293974653,999.0,0,0,0,0,0,0,-1,-1,unclassified,0.3,No rule matched,unclassified,1.0,unclassified,0.3
-1178,8.43458,80.5528,1,1,0.3333333333333333,1.0,2.47,2.47,2.47,2.47,0.0,2.47,331.43,331.43,0.0,0.0,0.0,0.0,0.0,0.0,industrial_zone,4,470.7673339207801,527.3897431824972,494.8409046595426,480.4859176333955,2233.0250930481457,980.9704684516418,470.7673339207801,999.0,0,0,0,0,0,0,-1,-1,unclassified,0.3,No rule matched,unclassified,1.0,unclassified,0.3
-1179,8.44716,80.87873,1,1,0.3333333333333333,1.0,7.37,7.37,7.37,7.37,0.0,7.37,338.83,338.83,0.0,0.0,0.0,0.0,0.0,0.0,industrial_zone,4,474.11003465208836,529.2467675672277,499.4131127743744,484.727377358486,2239.1688152423353,975.8246092025396,474.11003465208836,999.0,0,0,0,0,0,0,-1,-1,unclassified,0.3,No rule matched,unclassified,1.0,unclassified,0.3
-1180,8.4479,80.75037,1,1,0.3333333333333333,1.0,3.6,3.6,3.6,3.6,0.0,3.6,335.29,335.29,0.0,0.0,0.0,0.0,0.0,0.0,industrial_zone,4,471.8485630299948,527.599530403525,496.68924581604244,482.12290326361267,2236.0699708196285,977.0720907802071,471.8485630299948,999.0,0,0,0,0,0,0,-1,-1,unclassified,0.3,No rule matched,unclassified,0.996,unclassified,0.3
-1181,8.46928,80.77913,1,1,0.3333333333333333,1.0,7.93,7.93,7.93,7.93,0.0,7.93,346.94,346.94,0.0,0.0,0.0,0.0,0.0,0.0,industrial_zone,4,469.95017868636455,525.5539032577627,494.90990209930766,480.31194398815614,2234.416499602239,974.3912992732427,469.95017868636455,999.0,0,0,0,0,0,0,-1,-1,unclassified,0.3,No rule matched,unclassified,1.0,unclassified,0.3
-1182,8.47334,80.16677,1,1,0.3333333333333333,1.0,7.33,7.33,7.33,7.33,0.0,7.33,342.12,342.12,0.0,0.0,0.0,0.0,0.0,0.0,industrial_zone,4,464.3190825256194,522.3316022659193,485.42390683360105,472.89100056907307,2220.5433307922694,982.7787555385607,464.3190825256194,999.0,0,0,0,0,0,0,-1,-1,unclassified,0.3,No rule matched,unclassified,1.0,unclassified,0.3
-1183,8.47485,80.77115,1,1,0.3333333333333333,1.0,1.53,1.53,1.53,1.53,0.0,1.53,331.63,331.63,0.0,0.0,0.0,0.0,0.0,0.0,industrial_zone,4,469.20898680779857,524.8470946098303,494.14276650995765,479.55153386348377,2233.6248848599716,973.8615912833999,469.20898680779857,999.0,0,0,0,0,0,0,-1,-1,unclassified,0.3,No rule matched,unclassified,1.0,unclassified,0.3
-1184,8.48646,80.36195,1,1,0.3333333333333333,1.0,2.3,2.3,2.3,2.3,0.0,2.3,333.66,333.66,0.0,0.0,0.0,0.0,0.0,0.0,industrial_zone,4,463.4762573399852,520.8300869102768,486.77901698237764,472.64931660805195,2223.201104969372,978.0396450185615,463.4762573399852,999.0,0,0,0,0,0,0,-1,-1,unclassified,0.3,No rule matched,unclassified,1.0,unclassified,0.3
-1185,8.49849,80.39584,1,1,0.3333333333333333,1.0,2.61,2.61,2.61,2.61,0.0,2.61,331.59,331.59,0.0,0.0,0.0,0.0,0.0,0.0,industrial_zone,4,462.3478212927687,519.5742106593275,485.7996111021743,471.62499807845904,2222.618254436757,976.187556616029,462.3478212927687,999.0,0,0,0,0,0,0,-1,-1,unclassified,0.3,No rule matched,unclassified,1.0,unclassified,0.3
-1186,8.51151,80.56882,1,1,0.3333333333333333,1.0,4.3,4.3,4.3,4.3,0.0,4.3,332.96,332.96,0.0,0.0,0.0,0.0,0.0,0.0,industrial_zone,4,462.42563436633577,518.9553545667176,486.5996438455381,472.21499881272644,2225.007450878645,972.2652970912486,462.42563436633577,999.0,0,0,0,0,0,0,-1,-1,unclassified,0.3,No rule matched,unclassified,1.0,unclassified,0.3
-1187,8.51499,80.74651,1,1,0.3333333333333333,1.0,9.52,9.52,9.52,9.52,0.0,9.52,334.79,334.79,0.0,0.0,0.0,0.0,0.0,0.0,industrial_zone,4,464.4029701757039,520.1338220443282,489.2696332233746,474.6955499136056,2228.6886720343077,969.6938761867483,464.4029701757039,999.0,0,0,0,0,0,0,-1,-1,unclassified,0.3,No rule matched,unclassified,1.0,unclassified,0.3
-1188,8.5192,80.46411,1,1,0.3333333333333333,1.0,2.27,2.27,2.27,2.27,0.0,2.27,331.95,331.95,0.0,0.0,0.0,0.0,0.0,0.0,industrial_zone,4,460.5592058126237,517.5174436775177,484.3070564675189,470.044680754677,2221.847089029929,972.8820279441964,460.5592058126237,999.0,0,0,0,0,0,0,-1,-1,unclassified,0.3,No rule matched,unclassified,1.0,unclassified,0.3
-1189,8.55709,80.62238,1,1,0.3333333333333333,1.0,5.71,5.71,5.71,5.71,0.0,5.71,336.88,336.88,0.0,0.0,0.0,0.0,0.0,0.0,industrial_zone,4,458.01702488339475,514.296134280375,482.42842128186095,467.9767935432584,2221.2563372398968,966.5325948623139,458.01702488339475,999.0,0,0,0,0,0,0,-1,-1,unclassified,0.3,No rule matched,unclassified,1.0,unclassified,0.3
-1190,8.55763,80.62587,1,1,0.3333333333333333,1.0,7.3,7.3,7.3,7.3,0.0,7.3,339.42,339.42,0.0,0.0,0.0,0.0,0.0,0.0,industrial_zone,4,458.00124241162865,514.2645710922611,482.4267869470488,467.97124583367344,2221.2769309189994,966.4283895421703,458.00124241162865,999.0,0,0,0,0,0,0,-1,-1,unclassified,0.3,No rule matched,unclassified,1.0,unclassified,0.3
-1191,8.56241,80.85677,1,1,0.3333333333333333,1.0,6.27,6.27,6.27,6.27,0.0,6.27,347.43,347.43,0.0,0.0,0.0,0.0,0.0,0.0,industrial_zone,4,461.07111811301786,516.2317257587499,486.3740012941151,471.6869870845906,2226.134756086385,963.2751201912359,461.07111811301786,999.0,0,0,0,0,0,0,-1,-1,unclassified,0.3,No rule matched,unclassified,1.0,unclassified,0.3
-1192,8.5921,80.41267,1,1,0.3333333333333333,1.0,9.48,9.48,9.48,9.48,0.0,9.48,348.81,348.81,0.0,0.0,0.0,0.0,0.0,0.0,industrial_zone,4,452.074409939094,509.21999523395135,475.63181582305447,461.4241468782262,2212.778544756818,965.62211704213,452.074409939094,999.0,0,0,0,0,0,0,-1,-1,unclassified,0.3,No rule matched,unclassified,1.0,unclassified,0.3
-1193,8.59252,80.60977,1,1,0.3333333333333333,1.0,3.19,3.19,3.19,3.19,0.0,3.19,336.11,336.11,0.0,0.0,0.0,0.0,0.0,0.0,industrial_zone,4,453.9460370309302,510.26648118800057,478.32597564114354,463.882512597561,2217.1152596658194,962.7826845941603,453.9460370309302,999.0,0,0,0,0,0,0,-1,-1,unclassified,0.3,No rule matched,unclassified,1.0,unclassified,0.3
-1194,8.59517,80.82677,1,1,0.3333333333333333,1.0,24.38,24.38,24.38,24.38,0.0,24.38,344.09,344.09,0.0,0.0,0.0,0.0,0.0,0.0,industrial_zone,4,456.93256077678365,512.2204223038015,482.14866860213994,467.48312841025876,2221.864831569726,959.9534233327172,456.93256077678365,999.0,0,0,0,0,0,0,-1,-1,unclassified,0.3,No rule matched,unclassified,0.996,unclassified,0.3
-1195,8.61153,80.51681,1,1,0.3333333333333333,1.0,5.45,5.45,5.45,5.45,0.0,5.45,338.01,338.01,0.0,0.0,0.0,0.0,0.0,0.0,industrial_zone,4,450.8095405814708,507.52704055675014,474.81786916246006,460.47867904712876,2212.955365838611,961.9458982907707,450.8095405814708,999.0,0,0,0,0,0,0,-1,-1,unclassified,0.3,No rule matched,unclassified,1.0,unclassified,0.3
-1196,8.6128,80.70208,1,1,0.3333333333333333,1.0,4.65,4.65,4.65,4.65,0.0,4.65,334.35,334.35,0.0,0.0,0.0,0.0,0.0,0.0,industrial_zone,4,452.95741057649195,508.84351832197007,477.7137869944603,463.16765465163263,2217.02648133336,959.39279376059,452.95741057649195,999.0,0,0,0,0,0,0,-1,-1,unclassified,0.3,No rule matched,unclassified,1.0,unclassified,0.3
-1197,8.61921,81.14049,1,1,0.3333333333333333,1.0,9.6,9.6,9.6,9.6,0.0,9.6,350.21,350.21,0.0,0.0,0.0,0.0,0.0,0.0,industrial_zone,4,461.1817095727324,514.7453786622922,487.48706632170143,472.56633158345784,2226.936694413267,954.6259309836114,461.1817095727324,999.0,0,0,0,0,0,0,-1,-1,unclassified,0.3,No rule matched,unclassified,1.0,unclassified,0.3
-1198,8.6213,80.7978,1,1,0.3333333333333333,1.0,6.63,6.63,6.63,6.63,0.0,6.63,348.51,348.51,0.0,0.0,0.0,0.0,0.0,0.0,industrial_zone,4,453.55517721077996,508.9700010828923,478.68161841909426,464.0385874833603,2218.341671859214,957.3675996396006,453.55517721077996,999.0,0,0,0,0,0,0,-1,-1,unclassified,0.3,No rule matched,unclassified,1.0,unclassified,0.3
-1199,8.62135,80.97601,1,1,0.3333333333333333,1.0,1.17,1.17,1.17,1.17,0.0,1.17,335.68,335.68,0.0,0.0,0.0,0.0,0.0,0.0,industrial_zone,4,457.0306004877078,511.5152763981228,482.795782876011,467.9958777518771,2222.619756496919,955.6370588559398,457.0306004877078,999.0,0,0,0,0,0,0,-1,-1,unclassified,0.3,No rule matched,unclassified,1.0,unclassified,0.3
-1200,8.62952,80.56754,1,1,0.3333333333333333,1.0,3.18,3.18,3.18,3.18,0.0,3.18,333.65,333.65,0.0,0.0,0.0,0.0,0.0,0.0,industrial_zone,4,449.357042213589,505.8499186085302,473.5845512139596,459.18299379853846,2212.1338140253406,959.2590752787265,449.357042213589,999.0,0,0,0,0,0,0,-1,-1,unclassified,0.3,No rule matched,unclassified,1.0,unclassified,0.3
-1201,8.63006,80.57103,1,1,0.3333333333333333,1.0,2.36,2.36,2.36,2.36,0.0,2.36,332.78,332.78,0.0,0.0,0.0,0.0,0.0,0.0,industrial_zone,4,449.3369383752416,505.8142701363347,473.5790748656978,459.1734077939501,2212.153736098698,959.1522549303077,449.3369383752416,999.0,0,0,0,0,0,0,-1,-1,unclassified,0.3,No rule matched,unclassified,1.0,unclassified,0.3
-1202,8.63045,80.70648,1,1,0.3333333333333333,1.0,4.17,4.17,4.17,4.17,0.0,4.17,339.82,339.82,0.0,0.0,0.0,0.0,0.0,0.0,industrial_zone,4,451.0781538526352,506.933638592798,475.86236669502745,461.3085689381583,2215.2099835315466,957.3893886537193,451.0781538526352,999.0,0,0,0,0,0,0,-1,-1,unclassified,0.3,No rule matched,unclassified,1.0,unclassified,0.3
-1203,8.63466,80.53464,1,1,0.3333333333333333,1.0,3.24,3.24,3.24,3.24,0.0,3.24,338.93,338.93,0.0,0.0,0.0,0.0,0.0,0.0,industrial_zone,4,448.4303559304766,505.06448046468125,472.52411733996826,458.1602122207298,2210.835279980561,959.1445906440132,448.4303559304766,999.0,0,0,0,0,0,0,-1,-1,unclassified,0.3,No rule matched,unclassified,1.0,unclassified,0.3
-1204,8.6401,80.65864,1,1,0.3333333333333333,1.0,15.49,15.49,15.49,15.49,0.0,15.49,339.77,339.77,0.0,0.0,0.0,0.0,0.0,0.0,industrial_zone,4,449.3285485411378,505.4046236243336,473.9303741762764,459.4254087807555,2213.056303375829,956.9054191781978,449.3285485411378,999.0,0,0,0,0,0,0,-1,-1,unclassified,0.3,No rule matched,unclassified,1.0,unclassified,0.3
-1205,8.65994,80.76608,1,1,0.3333333333333333,1.0,2.09,2.09,2.09,2.09,0.0,2.09,334.64,334.64,0.0,0.0,0.0,0.0,0.0,0.0,industrial_zone,4,448.772786883088,504.31997255219426,473.8052117800233,459.18587370037477,2213.3975276226315,953.4407295010227,448.772786883088,999.0,0,0,0,0,0,0,-1,-1,unclassified,0.3,No rule matched,unclassified,1.0,unclassified,0.3
-1206,8.66698,80.36886,1,1,0.3333333333333333,1.0,3.35,3.35,3.35,3.35,0.0,3.35,337.97,337.97,0.0,0.0,0.0,0.0,0.0,0.0,industrial_zone,4,443.47279731003584,500.77570606050574,466.86468005463166,452.70484692975805,2203.6654413291176,958.0675034702306,443.47279731003584,999.0,0,0,0,0,0,0,-1,-1,unclassified,0.3,No rule matched,unclassified,0.998,unclassified,0.3
-1207,8.67386,80.74609,1,1,0.3333333333333333,1.0,6.91,6.91,6.91,6.91,0.0,6.91,338.19,338.19,0.0,0.0,0.0,0.0,0.0,0.0,industrial_zone,4,446.91501580699986,502.5524363617359,471.8799544301479,457.2779545867011,2211.4162371972106,952.1275214743914,446.91501580699986,999.0,0,0,0,0,0,0,-1,-1,unclassified,0.3,No rule matched,unclassified,1.0,unclassified,0.3
-1208,8.68129,81.15162,1,1,0.3333333333333333,1.0,6.41,6.41,6.41,6.41,0.0,6.41,341.5,341.5,0.0,0.0,0.0,0.0,0.0,0.0,industrial_zone,4,454.7685161951385,508.18741167557897,481.1606778271488,466.22117816194515,2220.500062850171,947.6623899550714,454.7685161951385,999.0,0,0,0,0,0,0,-1,-1,unclassified,0.3,No rule matched,unclassified,1.0,unclassified,0.3
-1209,8.6821,80.75552,1,1,0.3333333333333333,1.0,5.09,5.09,5.09,5.09,0.0,5.09,349.96,349.96,0.0,0.0,0.0,0.0,0.0,0.0,industrial_zone,4,446.1623331239108,501.74773280094166,471.16893615231044,456.5559885489667,2210.742280403695,951.1086840722385,446.1623331239108,999.0,0,0,0,0,0,0,-1,-1,unclassified,0.3,No rule matched,unclassified,1.0,unclassified,0.3
-1210,8.74873,80.32748,1,1,0.3333333333333333,1.0,3.57,3.57,3.57,3.57,0.0,3.57,338.49,338.49,0.0,0.0,0.0,0.0,0.0,0.0,industrial_zone,4,434.1624703875717,491.61310447202186,457.39381209223035,443.28058964217234,2193.8594181940957,949.7535066950311,434.1624703875717,999.0,0,0,0,0,0,0,-1,-1,unclassified,0.3,No rule matched,unclassified,0.998,unclassified,0.3
-1211,8.78987,80.99559,1,1,0.3333333333333333,1.0,12.29,12.29,12.29,12.29,0.0,12.29,343.59,343.59,0.0,0.0,0.0,0.0,0.0,0.0,industrial_zone,4,439.1284846144398,493.32961350664493,465.0943042525049,450.24642022122737,2204.837701895764,936.7878165745146,439.1284846144398,999.0,0,0,0,0,0,0,-1,-1,unclassified,0.3,No rule matched,unclassified,0.996,unclassified,0.3
-1212,8.80894,80.39244,1,1,0.3333333333333333,1.0,3.36,3.36,3.36,3.36,0.0,3.36,341.51,341.51,0.0,0.0,0.0,0.0,0.0,0.0,industrial_zone,4,427.8698181328379,485.0556634679878,451.4200166857731,437.21033589077035,2188.7056044379574,942.0732000209942,427.8698181328379,999.0,0,0,0,0,0,0,-1,-1,unclassified,0.3,No rule matched,unclassified,0.998,unclassified,0.3
-1213,8.85911,80.74155,1,1,0.3333333333333333,1.0,16.02,16.02,16.02,16.02,0.0,16.02,349.7,349.7,0.0,0.0,0.0,0.0,0.0,0.0,industrial_zone,4,426.4735392930083,482.01248621079634,451.5454900456732,436.91317759628987,2191.18772420065,931.6965258446002,426.4735392930083,999.0,0,0,0,0,0,0,-1,-1,unclassified,0.3,No rule matched,unclassified,1.0,unclassified,0.3
-1214,8.97013,80.69147,1,1,0.3333333333333333,1.0,6.62,6.62,6.62,6.62,0.0,6.62,345.28,345.28,0.0,0.0,0.0,0.0,0.0,0.0,industrial_zone,4,413.44856209657775,469.17593447039496,438.39414960255834,423.7927949618688,2177.950706740538,920.0356193961584,413.44856209657775,999.0,0,0,0,0,0,0,-1,-1,unclassified,0.3,No rule matched,unclassified,1.0,unclassified,0.3
-1215,8.9767,80.37984,1,1,0.3333333333333333,1.0,6.26,6.26,6.26,6.26,0.0,6.26,336.51,336.51,0.0,0.0,0.0,0.0,0.0,0.0,industrial_zone,4,409.165537223698,466.3723342397324,432.7241662708287,418.5084742755706,2170.1507891290007,923.8272479062522,409.165537223698,999.0,0,0,0,0,0,0,-1,-1,unclassified,0.3,No rule matched,unclassified,1.0,unclassified,0.3
-1216,8.97723,80.38334,1,1,0.3333333333333333,1.0,6.26,6.26,6.26,6.26,0.0,6.26,337.39,337.39,0.0,0.0,0.0,0.0,0.0,0.0,industrial_zone,4,409.13116785393635,466.32303142006975,432.70665401153605,418.48599058681316,2170.1700398625967,923.7115273564158,409.13116785393635,999.0,0,0,0,0,0,0,-1,-1,unclassified,0.3,No rule matched,unclassified,1.0,unclassified,0.3
-1217,9.02789,77.86799,1,1,0.3333333333333333,1.0,11.75,11.75,11.75,11.75,0.0,11.75,345.65,345.65,0.0,0.0,0.0,0.0,0.0,0.0,industrial_zone,4,402.81309152860956,530.0784359216333,402.99884031606007,402.98204102058753,2124.8434106501804,942.2898794971007,402.81309152860956,999.0,0,0,0,0,0,0,-1,-1,unclassified,0.3,No rule matched,unclassified,1.0,unclassified,0.3
-1218,9.04133,80.45132,1,1,0.3333333333333333,1.0,19.68,19.68,19.68,19.68,0.0,19.68,367.0,367.0,0.0,0.0,1.0,0.0,0.0,0.0,industrial_zone,4,402.57324730307545,459.4502281541603,426.4991036894047,412.1754209858477,2164.698951991714,915.5705381835813,402.57324730307545,999.0,0,0,0,0,0,0,-1,-1,unclassified,0.3,No rule matched,unclassified,1.0,unclassified,0.3
-1219,9.11122,80.50833,1,1,0.3333333333333333,1.0,5.42,5.42,5.42,5.42,0.0,5.42,339.2,339.2,0.0,0.0,0.0,0.0,0.0,0.0,industrial_zone,4,395.4105381150192,451.9947169671584,419.6405073792164,405.22950471812146,2158.3804343954253,906.9993589509006,395.4105381150192,999.0,0,0,0,0,0,0,-1,-1,unclassified,0.3,No rule matched,unclassified,1.0,unclassified,0.3
-1220,9.17411,80.12911,1,1,0.3333333333333333,1.0,2.97,2.97,2.97,2.97,0.0,2.97,332.22,332.22,0.0,0.0,0.0,0.0,0.0,0.0,industrial_zone,4,386.3916373473187,444.5592238082388,407.9430711949013,394.8752953588146,2143.2389923168785,906.7420733461777,386.3916373473187,999.0,0,0,0,0,0,0,-1,-1,unclassified,0.3,No rule matched,unclassified,1.0,unclassified,0.3
-1221,9.17741,78.13036,1,1,0.3333333333333333,1.0,6.86,6.86,6.86,6.86,0.0,6.86,346.2,346.2,0.0,0.0,0.0,0.0,0.0,0.0,industrial_zone,4,386.38356993723505,501.7116150729571,388.3981188504471,388.3830017675963,2110.961940177697,923.3718197207712,386.38356993723505,999.0,0,0,0,0,0,0,-1,-1,unclassified,0.3,No rule matched,unclassified,1.0,unclassified,0.3
-1222,9.18498,80.30385,1,1,0.3333333333333333,1.0,6.16,6.16,6.16,6.16,0.0,6.16,347.17,347.17,0.0,0.0,0.0,0.0,0.0,0.0,industrial_zone,4,385.58564279572903,443.0816217965953,408.84887091317665,394.7159611209749,2145.7919844743633,902.2511541201575,385.58564279572903,999.0,0,0,0,0,0,0,-1,-1,unclassified,0.3,No rule matched,unclassified,1.0,unclassified,0.3
-1223,9.19589,80.66298,1,1,0.3333333333333333,1.0,1.84,1.84,1.84,1.84,0.0,1.84,337.37,337.37,0.0,0.0,0.0,0.0,0.0,0.0,industrial_zone,4,388.15690602725,443.8884140971854,413.1437530010167,398.5278969448967,2152.76022348096,895.4729760660834,388.15690602725,999.0,0,0,0,0,0,0,-1,-1,unclassified,0.3,No rule matched,unclassified,1.0,unclassified,0.3
-1224,9.22821,77.66577,1,1,0.3333333333333333,1.0,16.19,16.19,16.19,16.19,0.0,16.19,339.43,339.43,0.0,0.0,0.0,0.0,0.0,0.0,factory,1,380.60743163529344,522.4721458266008,380.6254253683865,380.60743163529344,2100.823593780944,922.5477264411173,380.62523417042286,999.0,0,0,0,0,0,0,-1,-1,unclassified,0.3,No rule matched,unclassified,1.0,unclassified,0.3
-1225,9.26766,80.71529,1,1,0.3333333333333333,1.0,6.53,6.53,6.53,6.53,0.0,6.53,340.77,340.77,0.0,0.0,0.0,0.0,0.0,0.0,industrial_zone,4,381.15911645222104,436.5366250778285,406.43091294391576,391.74161981218697,2146.211247279797,886.8703396439403,381.15911645222104,999.0,0,0,0,0,0,0,-1,-1,unclassified,0.3,No rule matched,unclassified,1.0,unclassified,0.3
-1226,9.28584,80.72318,1,1,0.3333333333333333,1.0,3.86,3.86,3.86,3.86,0.0,3.86,340.11,340.11,0.0,0.0,0.0,0.0,0.0,0.0,industrial_zone,4,379.3079485952186,434.62344177133485,404.62898263682865,389.9271753520211,2144.4273607012865,884.7625343271893,379.3079485952186,999.0,0,0,0,0,0,0,-1,-1,unclassified,0.3,No rule matched,unclassified,1.0,unclassified,0.3
-1227,9.39429,80.28052,1,1,0.3333333333333333,1.0,3.06,3.06,3.06,3.06,0.0,3.06,338.13,338.13,0.0,0.0,0.0,0.0,0.0,0.0,industrial_zone,4,362.2219626249127,419.796045221956,385.4378309410167,371.313340094324,2122.474566632283,879.722382431457,362.2219626249127,999.0,0,0,0,0,0,0,-1,-1,unclassified,0.3,No rule matched,unclassified,0.999,unclassified,0.3
-1228,9.47052,78.63935,1,1,0.3333333333333333,1.0,5.55,5.55,5.55,5.55,0.0,5.55,342.36,342.36,0.0,0.0,0.0,0.0,0.0,0.0,industrial_zone,4,357.68532279082257,448.25869662341444,366.66584889225203,363.7579781618373,2084.831085941637,888.6594117676933,357.68532279082257,999.0,0,0,0,0,0,0,-1,-1,unclassified,0.3,No rule matched,unclassified,1.0,unclassified,0.3
-1229,9.77185,78.36581,1,1,0.3333333333333333,1.0,3.64,3.64,3.64,3.64,0.0,3.64,340.43,340.43,0.0,0.0,0.0,0.0,0.0,0.0,industrial_zone,4,322.1982224611246,431.2397292674514,327.0507011060848,325.82613977566604,2047.9867774220797,855.9418888808706,322.1982224611246,999.0,0,0,0,0,0,0,-1,-1,unclassified,0.3,No rule matched,unclassified,0.998,unclassified,0.3
-1230,9.8061,77.88528,1,1,0.3333333333333333,1.0,7.57,7.57,7.57,7.57,0.0,7.57,340.12,340.12,0.0,0.0,0.0,0.0,0.0,0.0,industrial_zone,4,316.29749394270533,455.6405615306568,316.60477682603187,316.5882980294817,2038.8174343142946,855.995412027743,316.29749394270533,999.0,0,0,0,0,0,0,-1,-1,unclassified,0.3,No rule matched,unclassified,0.996,unclassified,0.3
-1231,9.80675,77.88925,1,1,0.3333333333333333,1.0,7.57,7.57,7.57,7.57,0.0,7.57,344.35,344.35,0.0,0.0,0.0,0.0,0.0,0.0,industrial_zone,4,316.23055763538787,455.3341344229927,316.5531479980762,316.5366994987693,2038.7849360028306,855.8788278200411,316.23055763538787,999.0,0,0,0,0,0,0,-1,-1,unclassified,0.3,No rule matched,unclassified,0.992,unclassified,0.3
-1232,9.90981,78.52617,1,1,0.3333333333333333,1.0,4.17,4.17,4.17,4.17,0.0,4.17,339.05,339.05,0.0,0.0,0.0,0.0,0.0,0.0,industrial_zone,4,309.01897111861246,409.4321637422667,316.2779132338381,313.4387313441654,2034.825817590565,840.0204618055571,309.01897111861246,999.0,0,0,0,0,0,0,-1,-1,unclassified,0.3,No rule matched,unclassified,1.0,unclassified,0.3
-1233,9.98556,77.43252,1,1,0.3333333333333333,1.0,5.73,5.73,5.73,5.73,0.0,5.73,336.54,336.54,0.0,0.0,0.0,0.0,0.0,0.0,industrial_zone,4,297.07296011139783,470.2445604178917,298.3092155878309,298.28939118565637,2014.958130361689,842.7768688610245,297.07296011139783,999.0,0,0,0,0,0,0,-1,-1,unclassified,0.3,No rule matched,unclassified,0.996,unclassified,0.3
-1234,11.62862,78.61463,1,1,0.3333333333333333,1.0,4.3,4.3,4.3,4.3,0.0,4.3,331.27,331.27,0.0,0.0,0.0,0.0,0.0,0.0,industrial_zone,4,117.71612342890315,248.66298359377706,138.4847220783038,130.81464810223943,1846.5965954602393,648.7409938519834,117.71612342890315,999.0,0,0,0,0,0,0,-1,-1,unclassified,0.3,No rule matched,unclassified,0.996,unclassified,0.3
-1235,11.52704,77.24921,1,1,0.3333333333333333,1.0,3.56,3.56,3.56,3.56,0.0,3.56,330.49,330.49,0.0,0.0,0.0,0.0,0.0,0.0,industrial_zone,4,124.99623215200558,375.8992316316841,130.90161967907076,128.735746217012,1842.592513721506,678.5032855998343,124.99623215200558,999.0,0,0,0,0,0,0,-1,-1,unclassified,0.3,No rule matched,unclassified,0.996,unclassified,0.3
-1236,11.52934,77.24984,1,1,0.3333333333333333,1.0,4.63,4.63,4.63,4.63,0.0,4.63,332.74,332.74,0.0,0.0,0.0,0.0,0.0,0.0,industrial_zone,4,124.74292440349886,375.7139762058047,130.65601959807944,128.472245453347,1842.3418263486972,678.2386118382841,124.74292440349886,999.0,0,0,0,0,0,0,-1,-1,unclassified,0.3,No rule matched,unclassified,1.0,unclassified,0.3
-1237,11.73493,77.98431,1,1,0.3333333333333333,1.0,3.07,3.07,3.07,3.07,0.0,3.07,331.16,331.16,0.0,0.0,0.0,0.0,0.0,0.0,industrial_zone,4,101.98358190399634,295.3855894803468,104.93589175927947,104.87031983723453,1826.441458426721,641.6473387544769,101.98358190399634,999.0,0,0,0,0,0,0,-1,-1,unclassified,0.3,No rule matched,unclassified,0.996,unclassified,0.3
-1238,11.99381,79.54753,1,1,0.3333333333333333,1.0,8.02,8.02,8.02,8.02,0.0,8.02,350.08,350.08,0.0,0.0,0.0,0.0,0.0,0.0,industrial_zone,4,79.67191961207828,152.6719326252052,88.22470201017771,81.92366819280223,1823.333955121355,614.6143058290418,79.67191961207828,999.0,0,0,0,0,0,0,-1,-1,unclassified,0.3,No rule matched,unclassified,0.997,unclassified,0.3
-1239,11.99713,79.547,1,1,0.3333333333333333,1.0,8.02,8.02,8.02,8.02,0.0,8.02,346.13,346.13,0.0,0.0,0.0,0.0,0.0,0.0,industrial_zone,4,79.30528475999736,152.38542285555707,87.85122072708897,81.56648178467726,1822.9605827273092,614.2406847875432,79.30528475999736,999.0,0,0,0,0,0,0,-1,-1,unclassified,0.3,No rule matched,unclassified,0.997,unclassified,0.3
-1240,12.05555,79.07794,1,1,0.3333333333333333,1.0,2.96,2.96,2.96,2.96,0.0,2.96,330.89,330.89,0.0,0.0,0.0,0.0,0.0,0.0,industrial_zone,4,72.0429979344706,179.41283155133866,87.29469860454715,91.3157734210355,1807.4091664106086,602.4530527465113,72.0429979344706,999.0,0,0,0,0,0,0,-1,-1,unclassified,0.3,No rule matched,unclassified,0.986,unclassified,0.3
-1241,12.58657,79.6415,1,1,0.3333333333333333,1.0,4.02,4.02,4.02,4.02,0.0,4.02,349.15,349.15,0.0,0.0,0.0,0.0,0.0,0.0,factory,1,15.248221606322897,94.3578101685975,30.318787890084145,15.248221606322897,1760.7373345735134,551.2051884701227,15.316569818423659,999.0,0,0,0,0,0,0,-1,-1,unclassified,0.3,No rule matched,unclassified,0.893,unclassified,0.3
-1242,13.40939,80.26858,1,1,0.3333333333333333,1.0,2.09,2.09,2.09,2.09,0.0,2.09,339.14,339.14,0.0,0.0,0.0,0.0,0.0,0.0,industrial_zone,4,11.634295776204942,25.744268183209716,14.825230465430115,12.453803867162305,1686.9745156838935,446.52074945673826,11.634295776204942,999.0,0,0,0,0,0,0,-1,-1,unclassified,0.3,No rule matched,unclassified,0.727,unclassified,0.3
-1243,14.47656,78.25895,1,1,0.3333333333333333,1.0,5.87,5.87,5.87,5.87,0.0,5.87,335.97,335.97,0.0,0.0,0.0,0.0,0.0,0.0,industrial_zone,4,1.4533960713174454,261.4453514151976,2.659441393040155,49.49962994248957,1527.6558374947856,335.51853715718903,1.4533960713174454,999.0,1,0,1,0,3,0,-1,-1,mining_activity,0.65,Persistent near mining/quarry area,mining_activity,0.99,mining_activity,0.99
-1244,27.71435,68.49007,1,1,0.3333333333333333,1.0,28.78,28.78,28.78,28.78,0.0,28.78,350.78,350.78,0.0,0.0,0.0,0.0,0.0,0.0,industrial_zone,4,341.02732359148484,605.6770081227583,341.9228524619945,485.2263496298858,742.2266994446261,610.3877085439727,341.02732359148484,999.0,0,0,0,0,0,0,-1,-1,unclassified,0.3,No rule matched,unclassified,1.0,unclassified,0.3
-1245,28.12977,76.78864,1,1,0.3333333333333333,1.0,2.37,2.37,2.37,2.37,0.0,2.37,335.41,335.41,0.0,0.0,0.0,0.0,0.0,0.0,industrial_zone,4,0.3764660758021032,147.2865708739799,19.95393079821227,1.9042815828270454,74.52346017145398,888.0178611836424,0.3764660758021032,999.0,1,0,0,0,136,0,-1,-1,mining_activity,0.65,Persistent near mining/quarry area,mining_activity,0.996,mining_activity,0.996
-1246,31.1293,74.65489,1,1,0.3333333333333333,1.0,4.79,4.79,4.79,4.79,0.0,4.79,341.05,341.05,0.0,0.0,0.0,0.0,0.0,0.0,industrial_zone,4,21.32438132048083,136.92124390416177,22.5146976079929,22.949732923339603,366.50939059723544,1084.0641452613888,21.32438132048083,999.0,0,0,0,0,0,0,-1,-1,unclassified,0.3,No rule matched,unclassified,0.883,unclassified,0.3
-1247,31.3222,72.33394,1,1,0.3333333333333333,1.0,8.52,8.52,8.52,8.52,0.0,8.52,341.28,341.28,0.0,0.0,0.0,0.0,0.0,0.0,factory,1,219.10394681826347,295.19073129824443,223.35312711016215,219.10394681826347,509.20981521310074,1025.4731778183336,221.5805920351148,999.0,0,0,0,0,0,0,-1,-1,unclassified,0.3,No rule matched,unclassified,0.997,unclassified,0.3
-1248,31.37494,74.45004,1,1,0.3333333333333333,1.0,6.1,6.1,6.1,6.1,0.0,6.1,346.78,346.78,0.0,0.0,0.0,0.0,0.0,0.0,industrial_zone,4,51.92922528164727,168.40105658092205,52.75910713705003,52.24477895272975,399.1700145901296,1099.9036733606943,51.92922528164727,999.0,0,0,0,0,0,0,-1,-1,unclassified,0.3,No rule matched,unclassified,0.968,unclassified,0.3
-1249,28.34651,77.2308,1,1,0.3333333333333333,1.0,1.97,1.97,1.97,1.97,0.0,1.97,309.35,309.35,0.0,1.0,0.0,0.0,0.0,0.0,industrial_zone,4,2.8850119484505874,127.92525739501774,11.047397242052309,6.872478645467912,121.6420166319652,930.5979584423319,2.8850119484505874,999.0,0,0,0,0,5,0,-1,-1,mining_activity,0.65,Persistent near mining/quarry area,mining_activity,1.0,mining_activity,1.0
-1250,28.37152,77.22688,1,1,0.3333333333333333,1.0,1.55,1.55,1.55,1.55,0.0,1.55,323.5,323.5,0.0,1.0,0.0,0.0,0.0,0.0,industrial_zone,4,0.6722334715915445,125.14620203242384,9.00260052471392,6.471288379458187,122.02164954840883,932.7856918687738,0.6722334715915445,999.0,1,0,0,0,8,0,-1,-1,mining_activity,0.65,Persistent near mining/quarry area,mining_activity,1.0,mining_activity,1.0
-1251,29.4606,76.88784,1,1,0.3333333333333333,1.0,2.34,2.34,2.34,2.34,0.0,2.34,308.38,308.38,0.0,1.0,0.0,0.0,0.0,0.0,industrial_zone,4,0.8222430932666573,1.456382447091361,1.4152876408611201,3.151572701400974,176.74647704709182,1023.8539016279598,0.8222430932666573,999.0,1,1,1,0,13,0,-1,-1,mining_activity,0.65,Persistent near mining/quarry area,mining_activity,0.655,mining_activity,0.655
-1252,29.47525,76.859,1,1,0.3333333333333333,1.0,2.78,2.78,2.78,2.78,0.0,2.78,314.13,314.13,0.0,1.0,0.0,0.0,0.0,0.0,industrial_zone,4,0.9700531484862975,1.9245221469279623,1.8202614210223156,2.8532734452802213,176.88544076706856,1024.1160748513446,0.9700531484862975,999.0,1,1,1,0,14,0,-1,-1,mining_activity,0.65,Persistent near mining/quarry area,mining_activity,0.623,mining_activity,0.623
-1253,29.78555,91.60432,1,1,0.3333333333333333,1.0,1.24,1.24,1.24,1.24,0.0,1.24,301.18,301.18,0.0,1.0,0.0,0.0,0.0,0.0,power_plant,3,216.99421363624373,378.0903791842012,216.99421363624373,291.37945702695623,678.020801617782,403.35027397101294,276.9418737577081,999.0,0,0,0,0,0,0,-1,-1,unclassified,0.3,No rule matched,unclassified,0.996,unclassified,0.3
-1254,32.5747,72.56332,1,1,0.3333333333333333,1.0,3.15,3.15,3.15,3.15,0.0,3.15,308.45,308.45,0.0,1.0,0.0,0.0,0.0,0.0,factory,1,266.718997965675,372.5740915579891,268.1391649476983,266.718997965675,602.4704623576657,1165.8132877632331,267.7370307671991,999.0,0,0,0,0,0,0,-1,-1,unclassified,0.3,No rule matched,unclassified,1.0,unclassified,0.3
-1255,35.96856,68.68645,1,1,0.3333333333333333,1.0,0.58,0.58,0.58,0.58,0.0,0.58,302.12,302.12,0.0,1.0,0.0,0.0,0.0,0.0,factory,1,784.9489235538688,890.8838472890341,786.2750536335349,784.9489235538688,1118.728510455437,1516.674141237322,785.8095561184803,999.0,0,0,0,0,0,0,-1,-1,unclassified,0.3,No rule matched,unclassified,0.975,unclassified,0.3
-1256,24.76271,74.60774,1,1,0.3333333333333333,1.0,1.26,1.26,1.26,1.26,0.0,1.26,306.91,306.91,0.0,1.0,0.0,0.0,0.0,0.0,industrial_zone,4,71.1860887700366,301.07919582933897,74.83708450384076,90.53962671194007,393.0189429805635,455.4916890792012,71.1860887700366,999.0,0,0,0,0,0,0,-1,-1,unclassified,0.3,No rule matched,unclassified,0.986,unclassified,0.3
-1257,24.76335,74.60571,1,1,0.3333333333333333,1.0,0.71,0.71,0.71,0.71,0.0,0.71,303.34,303.34,0.0,1.0,0.0,0.0,0.0,0.0,industrial_zone,4,71.0016764395364,301.05771458449385,74.64708988995123,90.3663640557436,393.02548799678107,455.4624107690631,71.0016764395364,999.0,0,0,0,0,0,0,-1,-1,unclassified,0.3,No rule matched,unclassified,0.986,unclassified,0.3
-1258,25.3894,68.57961,1,1,0.3333333333333333,1.0,1.29,1.29,1.29,1.29,0.0,1.29,315.17,315.17,0.0,1.0,0.0,0.0,0.0,0.0,industrial_zone,4,84.8402685853813,353.8729804239407,84.87444971418812,280.5026828247884,797.350964385973,360.24138595962705,84.8402685853813,999.0,0,0,0,0,0,0,-1,-1,unclassified,0.3,No rule matched,unclassified,0.991,unclassified,0.3
-1259,27.71806,68.49272,1,1,0.3333333333333333,1.0,0.44,0.44,0.44,0.44,0.0,0.44,313.32,313.32,0.0,1.0,0.0,0.0,0.0,0.0,industrial_zone,4,341.41083273589226,606.0260430396033,342.3102726348059,485.36697660680704,741.9328976857585,610.7288902198345,341.41083273589226,999.0,0,0,0,0,0,0,-1,-1,unclassified,0.3,No rule matched,unclassified,0.979,unclassified,0.3
-1260,28.42419,69.70075,1,1,0.3333333333333333,1.0,0.87,0.87,0.87,0.87,0.0,0.87,308.69,308.69,0.0,1.0,0.0,0.0,0.0,0.0,industrial_zone,4,418.29893127703804,536.1893327178917,418.5852804695851,488.5316237310444,621.5742724398552,673.721118281374,418.29893127703804,999.0,0,0,0,0,0,0,-1,-1,unclassified,0.3,No rule matched,unclassified,0.979,unclassified,0.3
-1261,15.1696,76.37997,1,1,0.3333333333333333,1.0,0.65,0.65,0.65,0.65,0.0,0.65,296.09,296.09,0.0,1.0,0.0,0.0,0.0,0.0,industrial_zone,4,41.760722920481236,474.9125678386039,51.53555905207643,59.58856769519355,1433.6487898879036,356.3742204720846,41.760722920481236,999.0,0,0,0,0,0,0,-1,-1,unclassified,0.3,No rule matched,unclassified,0.948,unclassified,0.3
-1262,15.65919,73.98986,1,1,0.3333333333333333,1.0,1.8,1.8,1.8,1.8,0.0,1.8,315.41,315.41,0.0,1.0,0.0,0.0,0.0,0.0,industrial_zone,4,0.06065988142364762,731.0166885239305,12.86322412639914,9.35395184626337,1394.7034546596446,541.9012658652954,0.06065988142364762,999.0,1,0,0,0,5,0,-1,-1,mining_activity,0.65,Persistent near mining/quarry area,mining_activity,0.961,mining_activity,0.961
-1263,17.06269,76.97835,1,1,0.3333333333333333,1.0,0.84,0.84,0.84,0.84,0.0,0.84,306.39,306.39,0.0,1.0,0.0,0.0,0.0,0.0,industrial_zone,4,0.30388342963653925,527.1852319164242,0.8361745540011077,42.44211985627189,1226.5291964745672,189.56001471787013,0.30388342963653925,999.0,1,0,1,0,2,0,-1,-1,mining_activity,0.65,Persistent near mining/quarry area,mining_activity,0.989,mining_activity,0.989
-1264,17.43479,74.96613,1,1,0.3333333333333333,1.0,0.74,0.74,0.74,0.74,0.0,0.74,307.73,307.73,0.0,1.0,0.0,0.0,0.0,0.0,power_plant,3,188.84868682041508,565.9603222167701,188.84868682041508,204.30759079961598,1186.360644310094,397.55663914369484,194.48172879010156,999.0,0,0,0,0,0,0,-1,-1,unclassified,0.3,No rule matched,unclassified,0.975,unclassified,0.3
-1265,18.42431,74.38948,1,1,0.3333333333333333,1.0,0.44,0.44,0.44,0.44,0.0,0.44,307.81,307.81,0.0,1.0,0.0,0.0,0.0,0.0,industrial_zone,4,193.43287903885408,443.74003261562393,193.8003195798358,245.02151227786172,1084.3320325150614,350.0892036440461,193.43287903885408,999.0,0,0,0,0,0,0,-1,-1,unclassified,0.3,No rule matched,unclassified,0.989,unclassified,0.3
-1266,18.59601,74.25494,1,1,0.3333333333333333,1.0,1.7,1.7,1.7,1.7,0.0,1.7,317.81,317.81,0.0,1.0,0.0,0.0,0.0,0.0,industrial_zone,4,171.69069207098562,421.951296375103,171.95866625652027,221.24244803189615,1067.7001447314785,326.4000116813199,171.69069207098562,999.0,0,0,0,0,0,0,-1,-1,unclassified,0.3,No rule matched,unclassified,1.0,unclassified,0.3
-1267,19.36855,71.35361,1,1,0.3333333333333333,1.0,2.17,2.17,2.17,2.17,0.0,2.17,312.3,312.3,0.0,1.0,0.0,0.0,0.0,0.0,power_plant,3,154.60198027302113,364.42175945601434,154.60198027302113,171.9647012873986,1077.0324852742551,233.33898338918738,157.527704072786,999.0,0,0,0,0,0,0,-1,-1,unclassified,0.3,No rule matched,unclassified,1.0,unclassified,0.3
-1268,8.09268,80.79333,1,1,0.3333333333333333,1.0,1.9,1.9,1.9,1.9,0.0,1.9,316.15,316.15,0.0,1.0,0.0,0.0,0.0,0.0,industrial_zone,4,511.62076430394643,567.3718002175101,536.4132313762011,521.8639493900188,2275.679625314339,1015.9268610432541,511.62076430394643,999.0,0,0,0,0,0,0,-1,-1,unclassified,0.3,No rule matched,unclassified,0.992,unclassified,0.3
-1269,8.74017,78.09332,1,1,0.3333333333333333,1.0,0.38,0.38,0.38,0.38,0.0,0.38,306.91,306.91,0.0,1.0,0.0,0.0,0.0,0.0,industrial_zone,4,434.90491355326014,547.016580002262,436.4041781153875,436.38858107315053,2158.953925344772,972.1545119547143,434.90491355326014,999.0,0,0,0,0,0,0,-1,-1,unclassified,0.3,No rule matched,unclassified,0.979,unclassified,0.3
-1270,10.41461,77.11382,1,1,0.3333333333333333,1.0,0.43,0.43,0.43,0.43,0.0,0.43,305.75,305.75,0.0,1.0,0.0,0.0,0.0,0.0,industrial_zone,4,248.82499771918995,460.58546579806915,253.64622361357277,253.25055311355504,1965.176071678468,802.4160542608236,248.82499771918995,999.0,0,0,0,0,0,0,-1,-1,unclassified,0.3,No rule matched,unclassified,0.973,unclassified,0.3
-1271,10.94284,78.06322,1,1,0.3333333333333333,1.0,1.41,1.41,1.41,1.41,0.0,1.41,316.81,316.81,0.0,1.0,0.0,0.0,0.0,0.0,industrial_zone,4,189.95796847357582,345.0991454246416,192.90670925315908,192.89324300920902,1914.9336274774137,728.2889215473849,189.95796847357582,999.0,0,0,0,0,0,0,-1,-1,unclassified,0.3,No rule matched,unclassified,1.0,unclassified,0.3
-1272,11.08366,78.75399,1,1,0.3333333333333333,1.0,2.89,2.89,2.89,2.89,0.0,2.89,311.37,311.37,0.0,1.0,0.0,0.0,0.0,0.0,industrial_zone,4,178.82151265413694,284.7826897857811,200.8741067897686,190.90456704408496,1908.7269591635413,709.2631715967916,178.82151265413694,999.0,0,0,0,0,0,0,-1,-1,unclassified,0.3,No rule matched,unclassified,0.995,unclassified,0.3
-1273,11.18313,79.09899,1,1,0.3333333333333333,1.0,0.5,0.5,0.5,0.5,0.0,0.5,304.24,304.24,0.0,1.0,0.0,0.0,0.0,0.0,industrial_zone,4,166.41360479807676,255.14595764479475,181.62337507814186,181.5918050833619,1903.4823744244327,699.419985724802,166.41360479807676,999.0,0,0,0,0,0,0,-1,-1,unclassified,0.3,No rule matched,unclassified,0.995,unclassified,0.3
-1274,12.59783,77.8851,1,1,0.3333333333333333,1.0,0.27,0.27,0.27,0.27,0.0,0.27,299.48,299.48,0.0,1.0,0.0,0.0,0.0,0.0,industrial_zone,4,6.891301892881059,266.6333801415821,15.229709226424028,13.95530781077869,1729.8886906764415,548.1499229549181,6.891301892881059,999.0,0,0,0,0,0,0,-1,-1,unclassified,0.3,No rule matched,unclassified,0.759,unclassified,0.3
-1275,12.60132,77.88569,1,1,0.3333333333333333,1.0,0.27,0.27,0.27,0.27,0.0,0.27,308.19,308.19,0.0,1.0,0.0,0.0,0.0,0.0,industrial_zone,4,6.6008056495167455,266.4772457713457,15.078136388200846,13.584223902580467,1729.5096311797174,547.7566075788027,6.6008056495167455,999.0,0,0,0,0,0,0,-1,-1,unclassified,0.3,No rule matched,unclassified,0.759,unclassified,0.3
-1276,6.19543,81.0187,1,1,0.3333333333333333,1.0,3.17,3.17,3.17,3.17,0.0,3.17,334.15,334.15,0.0,0.0,0.0,0.0,0.0,0.0,industrial_zone,4,724.011936229148,779.771016667191,748.6256772409442,734.1403121258616,2487.253466053369,1224.461748109924,724.011936229148,999.0,0,0,0,0,0,0,-1,-1,unclassified,0.3,No rule matched,unclassified,1.0,unclassified,0.3
-1277,6.23883,81.20638,1,1,0.3333333333333333,1.0,1.23,1.23,1.23,1.23,0.0,1.23,330.31,330.31,0.0,0.0,0.0,0.0,0.0,0.0,industrial_zone,4,722.2657167854587,777.4038369940888,747.3563330505946,732.7421836459396,2486.790060888078,1218.6177862229326,722.2657167854587,999.0,0,0,0,0,0,0,-1,-1,unclassified,0.3,No rule matched,unclassified,1.0,unclassified,0.3
-1278,6.32778,81.01263,1,1,0.3333333333333333,1.0,2.71,2.71,2.71,2.71,0.0,2.71,342.68,342.68,0.0,0.0,0.0,0.0,0.0,0.0,industrial_zone,4,709.3362097140584,765.0645842497781,733.9835726254505,719.4881467167224,2472.704562320651,1209.8088632343615,709.3362097140584,999.0,0,0,0,0,0,0,-1,-1,unclassified,0.3,No rule matched,unclassified,0.999,unclassified,0.3
-1279,6.33772,81.34603,1,1,0.3333333333333333,1.0,7.75,7.75,7.75,7.75,0.0,7.75,334.53,334.53,0.0,0.0,0.0,0.0,0.0,0.0,industrial_zone,4,714.0839988708107,768.6895811443428,739.547246405757,724.8369320239517,2479.3204313517767,1207.0840187142069,714.0839988708107,999.0,0,0,0,0,0,0,-1,-1,unclassified,0.3,No rule matched,unclassified,1.0,unclassified,0.3
-1280,6.33925,81.34753,1,1,0.3333333333333333,1.0,4.21,4.21,4.21,4.21,0.0,4.21,335.71,335.71,0.0,0.0,0.0,0.0,0.0,0.0,industrial_zone,4,713.9471681494271,768.5465266707296,739.4146002098948,724.7032300489964,2479.190003938691,1206.909120233375,713.9471681494271,999.0,0,0,0,0,0,0,-1,-1,unclassified,0.3,No rule matched,unclassified,1.0,unclassified,0.3
-1281,6.35255,81.13854,1,1,0.3333333333333333,1.0,3.16,3.16,3.16,3.16,0.0,3.16,342.55,342.55,0.0,0.0,0.0,0.0,0.0,0.0,industrial_zone,4,708.602562328854,763.9117465694162,733.5755595113128,718.9918754821813,2472.8604917473604,1206.3185359406032,708.602562328854,999.0,0,0,0,0,0,0,-1,-1,unclassified,0.3,No rule matched,unclassified,1.0,unclassified,0.3
-1282,6.39061,81.01627,1,1,0.3333333333333333,1.0,5.79,5.79,5.79,5.79,0.0,5.79,348.9,348.9,0.0,0.0,0.0,0.0,0.0,0.0,industrial_zone,4,702.4672465605655,758.159650152648,727.1477546185014,712.6428421563833,2465.9448154133697,1202.810919961663,702.4672465605655,999.0,0,0,0,0,0,0,-1,-1,unclassified,0.3,No rule matched,unclassified,1.0,unclassified,0.3
-1283,6.411,81.08882,1,1,0.3333333333333333,1.0,0.85,0.85,0.85,0.85,0.0,0.85,331.91,331.91,0.0,0.0,0.0,0.0,0.0,0.0,industrial_zone,4,701.3533198895574,756.8007924119612,726.2262761605582,711.6690008994062,2465.3655037257613,1200.1020963146752,701.3533198895574,999.0,0,0,0,0,0,0,-1,-1,unclassified,0.3,No rule matched,unclassified,0.991,unclassified,0.3
-1284,6.41308,81.00175,1,1,0.3333333333333333,1.0,2.93,2.93,2.93,2.93,0.0,2.93,336.85,336.85,0.0,0.0,0.0,0.0,0.0,0.0,industrial_zone,4,699.77567321898,755.505911945099,724.4274187106606,709.9302615913322,2463.17270456874,1200.412054265881,699.77567321898,999.0,0,0,0,0,0,0,-1,-1,unclassified,0.3,No rule matched,unclassified,1.0,unclassified,0.3
-1285,6.56763,80.98006,1,1,0.3333333333333333,1.0,2.46,2.46,2.46,2.46,0.0,2.46,331.95,331.95,0.0,0.0,0.0,0.0,0.0,0.0,industrial_zone,4,682.4244082473515,738.1646047936645,707.0791937406601,692.5802127668672,2445.8588073239825,1183.406735971725,682.4244082473515,999.0,0,0,0,0,0,0,-1,-1,unclassified,0.3,No rule matched,unclassified,1.0,unclassified,0.3
-1286,6.7111,81.59296,1,1,0.3333333333333333,1.0,5.1,5.1,5.1,5.1,0.0,5.1,332.59,332.59,0.0,0.0,0.0,0.0,0.0,0.0,industrial_zone,4,679.1310819715791,732.5217062722406,705.3435449944349,690.4542969421211,2444.888703059834,1165.0664425338377,679.1310819715791,999.0,0,0,0,0,0,0,-1,-1,unclassified,0.3,No rule matched,unclassified,1.0,unclassified,0.3
-1287,6.73593,81.59883,1,1,0.3333333333333333,1.0,8.39,8.39,8.39,8.39,0.0,8.39,337.41,337.41,0.0,0.0,0.0,0.0,0.0,0.0,industrial_zone,4,676.5973064194973,729.9415126003064,702.8365164716085,687.9412624880408,2442.349011066154,1162.300738311147,676.5973064194973,999.0,0,0,0,0,0,0,-1,-1,unclassified,0.3,No rule matched,unclassified,1.0,unclassified,0.3
-1288,6.73672,81.60365,1,1,0.3333333333333333,1.0,13.03,13.03,13.03,13.03,0.0,13.03,335.05,335.05,0.0,0.0,0.0,0.0,0.0,0.0,industrial_zone,4,676.6366786420533,729.9603989403032,702.8869416378425,687.9892548028441,2442.385343691699,1162.209203348169,676.6366786420533,999.0,0,0,0,0,0,0,-1,-1,unclassified,0.3,No rule matched,unclassified,1.0,unclassified,0.3
-1289,6.8355,81.49601,1,1,0.3333333333333333,1.0,9.59,9.59,9.59,9.59,0.0,9.59,333.16,333.16,0.0,0.0,0.0,0.0,0.0,0.0,industrial_zone,4,663.2288082668919,716.9056238777539,689.2917263968496,674.4354837027955,2428.98657251506,1151.3655316040572,663.2288082668919,999.0,0,0,0,0,0,0,-1,-1,unclassified,0.3,No rule matched,unclassified,1.0,unclassified,0.3
-1290,6.83939,81.49536,1,1,0.3333333333333333,1.0,9.59,9.59,9.59,9.59,0.0,9.59,345.89,345.89,0.0,0.0,0.0,0.0,0.0,0.0,industrial_zone,4,662.7911197257263,716.4672653546211,688.8546970646855,673.9982864464018,2428.5489910138594,1150.934249883562,662.7911197257263,999.0,0,0,0,0,0,0,-1,-1,unclassified,0.3,No rule matched,unclassified,1.0,unclassified,0.3
-1291,6.84047,81.57497,1,1,0.3333333333333333,1.0,12.38,12.38,12.38,12.38,0.0,12.38,346.36,346.36,0.0,0.0,0.0,0.0,0.0,0.0,industrial_zone,4,664.6792719415288,718.026067464377,690.92438372075,676.0273892041547,2430.430276337178,1150.6986872045943,664.6792719415288,999.0,0,0,0,0,0,0,-1,-1,unclassified,0.3,No rule matched,unclassified,1.0,unclassified,0.3
-1292,6.84425,81.54947,1,1,0.3333333333333333,1.0,10.33,10.33,10.33,10.33,0.0,10.33,337.98,337.98,0.0,0.0,0.0,0.0,0.0,0.0,industrial_zone,4,663.6161564036599,717.0654511359022,689.8060228666413,674.9212110240435,2429.377985939466,1150.308323784671,663.6161564036599,999.0,0,0,0,0,0,0,-1,-1,unclassified,0.3,No rule matched,unclassified,1.0,unclassified,0.3
-1293,6.84813,81.54882,1,1,0.3333333333333333,1.0,10.33,10.33,10.33,10.33,0.0,10.33,337.81,337.81,0.0,0.0,0.0,0.0,0.0,0.0,industrial_zone,4,663.1797977090638,716.6282762539477,689.3703869223083,674.4853974958877,2428.9415502762745,1149.8777680626154,663.1797977090638,999.0,0,0,0,0,0,0,-1,-1,unclassified,0.3,No rule matched,unclassified,1.0,unclassified,0.3
-1294,6.85314,81.40752,1,1,0.3333333333333333,1.0,6.24,6.24,6.24,6.24,0.0,6.24,335.08,335.08,0.0,0.0,0.0,0.0,0.0,0.0,industrial_zone,4,659.2101118046929,713.2300087210422,685.0753395246969,670.2647527519686,2424.8852789630487,1149.6085390842995,659.2101118046929,999.0,0,0,0,0,0,0,-1,-1,unclassified,0.3,No rule matched,unclassified,1.0,unclassified,0.3
-1295,6.93935,81.63994,1,1,0.3333333333333333,1.0,5.6,5.6,5.6,5.6,0.0,5.6,336.24,336.24,0.0,0.0,0.0,0.0,0.0,0.0,industrial_zone,4,655.7395530273542,708.7142366547357,682.1862920090167,667.245546421312,2421.3860715060014,1139.657670999262,655.7395530273542,999.0,0,0,0,0,0,0,-1,-1,unclassified,0.3,No rule matched,unclassified,1.0,unclassified,0.3
-1296,7.07303,81.20502,1,1,0.3333333333333333,1.0,8.49,8.49,8.49,8.49,0.0,8.49,334.73,334.73,0.0,0.0,0.0,0.0,0.0,0.0,industrial_zone,4,630.8521974482317,685.5179835592357,656.3294655826674,641.6116169840682,2396.1241399907362,1125.9510643544684,630.8521974482317,999.0,0,0,0,0,0,0,-1,-1,unclassified,0.3,No rule matched,unclassified,1.0,unclassified,0.3
-1297,7.07577,81.20669,1,1,0.3333333333333333,1.0,9.04,9.04,9.04,9.04,0.0,9.04,341.39,341.39,0.0,0.0,0.0,0.0,0.0,0.0,industrial_zone,4,630.5864644997893,685.2438204053778,656.0695240543361,641.3502179405245,2395.86662019635,1125.6384636717648,630.5864644997893,999.0,0,0,0,0,0,0,-1,-1,unclassified,0.3,No rule matched,unclassified,1.0,unclassified,0.3
-1298,7.07607,81.5708,1,1,0.3333333333333333,1.0,6.13,6.13,6.13,6.13,0.0,6.13,333.41,333.41,0.0,0.0,0.0,0.0,0.0,0.0,industrial_zone,4,639.128479421427,692.2651006704283,665.5019916281665,650.5761719456618,2404.8290860342513,1124.5068959240934,639.128479421427,999.0,0,0,0,0,0,0,-1,-1,unclassified,0.3,No rule matched,unclassified,1.0,unclassified,0.3
-1299,7.09516,81.44301,1,1,0.3333333333333333,1.0,12.36,12.36,12.36,12.36,0.0,12.36,345.55,345.55,0.0,0.0,0.0,0.0,0.0,0.0,industrial_zone,4,633.7780929937134,687.4490449050508,659.8638613546957,645.0011876224348,2399.5386500700843,1122.6120961067686,633.7780929937134,999.0,0,0,0,0,0,0,-1,-1,unclassified,0.3,No rule matched,unclassified,1.0,unclassified,0.3
-1300,7.0955,81.44486,1,1,0.3333333333333333,1.0,9.23,9.23,9.23,9.23,0.0,9.23,334.54,334.54,0.0,0.0,0.0,0.0,0.0,0.0,industrial_zone,4,633.7868104717683,687.4495733257446,659.877215142991,645.0134925216315,2399.548008973607,1122.5697787881045,633.7868104717683,999.0,0,0,0,0,0,0,-1,-1,unclassified,0.3,No rule matched,unclassified,1.0,unclassified,0.3
-1301,7.16827,81.57197,1,1,0.3333333333333333,1.0,6.23,6.23,6.23,6.23,0.0,6.23,331.95,331.95,0.0,0.0,0.0,0.0,0.0,0.0,industrial_zone,4,629.2202216044348,682.2566203071508,655.652534354282,640.7138495891029,2394.885379663877,1114.253944071956,629.2202216044348,999.0,0,0,0,0,0,0,-1,-1,unclassified,0.3,No rule matched,unclassified,1.0,unclassified,0.3
-1302,7.21606,81.76827,1,1,0.3333333333333333,1.0,19.17,19.17,19.17,19.17,0.0,19.17,341.2,341.2,0.0,0.0,0.0,0.0,0.0,0.0,industrial_zone,4,629.8075370658031,681.8840011539287,656.7030184545838,641.6721969725766,2394.834893813662,1108.9264174864145,629.8075370658031,999.0,0,0,0,0,0,0,-1,-1,unclassified,0.3,No rule matched,unclassified,1.0,unclassified,0.3
-1303,7.28933,81.79167,1,1,0.3333333333333333,1.0,11.09,11.09,11.09,11.09,0.0,11.09,340.16,340.16,0.0,0.0,0.0,0.0,0.0,0.0,industrial_zone,4,622.7298207361271,674.5982218041281,649.7225051493241,634.6736553520099,2387.5500731390866,1100.8053247251457,622.7298207361271,999.0,0,0,0,0,0,0,-1,-1,unclassified,0.3,No rule matched,unclassified,1.0,unclassified,0.3
-1304,7.33726,81.72639,1,1,0.3333333333333333,1.0,5.18,5.18,5.18,5.18,0.0,5.18,335.03,335.03,0.0,0.0,0.0,0.0,0.0,0.0,industrial_zone,4,615.5762857203387,667.6966044780795,642.4613215265592,627.4320031394517,2380.643295559826,1095.4183463212496,615.5762857203387,999.0,0,0,0,0,0,0,-1,-1,unclassified,0.3,No rule matched,unclassified,1.0,unclassified,0.3
-1305,7.35682,81.82351,1,1,0.3333333333333333,1.0,6.09,6.09,6.09,6.09,0.0,6.09,333.2,333.2,0.0,0.0,0.0,0.0,0.0,0.0,industrial_zone,4,616.5781277343312,668.1976308548045,643.6822040456693,628.6121677526057,2381.12307442005,1093.3461114257912,616.5781277343312,999.0,0,0,0,0,0,0,-1,-1,unclassified,0.3,No rule matched,unclassified,1.0,unclassified,0.3
-1306,7.29757,81.14172,1,1,0.3333333333333333,1.0,6.16,6.16,6.16,6.16,0.0,6.16,334.94,334.94,0.0,0.0,0.0,0.0,0.0,0.0,industrial_zone,4,605.0320567303951,659.8015354174061,630.4594549341255,615.7525945426675,2370.2368916885034,1101.349620612455,605.0320567303951,999.0,0,0,0,0,0,0,-1,-1,unclassified,0.3,No rule matched,unclassified,1.0,unclassified,0.3
-1307,7.36199,81.50616,1,1,0.3333333333333333,1.0,3.82,3.82,3.82,3.82,0.0,3.82,333.35,333.35,0.0,0.0,0.0,0.0,0.0,0.0,industrial_zone,4,606.5563693434317,659.68674867442,632.9558421253104,618.0231892341998,2372.249012139854,1092.8119731559998,606.5563693434317,999.0,0,0,0,0,0,0,-1,-1,unclassified,0.3,No rule matched,unclassified,1.0,unclassified,0.3
-1308,7.39489,81.77684,1,1,0.3333333333333333,1.0,7.48,7.48,7.48,7.48,0.0,7.48,334.29,334.29,0.0,0.0,0.0,0.0,0.0,0.0,industrial_zone,4,611.0207961413453,662.8174557285646,638.0525495497001,622.9963619443345,2375.765629605364,1089.0510908080728,611.0207961413453,999.0,0,0,0,0,0,0,-1,-1,unclassified,0.3,No rule matched,unclassified,1.0,unclassified,0.3
-1309,7.40997,81.6543,1,1,0.3333333333333333,1.0,6.13,6.13,6.13,6.13,0.0,6.13,333.78,333.78,0.0,0.0,0.0,0.0,0.0,0.0,industrial_zone,4,605.6139890460402,657.9894785861865,632.3881246135444,617.3795127321738,2370.893994632541,1087.3228369675057,605.6139890460402,999.0,0,0,0,0,0,0,-1,-1,unclassified,0.3,No rule matched,unclassified,1.0,unclassified,0.3
-1310,7.45584,81.64682,1,1,0.3333333333333333,1.0,7.83,7.83,7.83,7.83,0.0,7.83,333.5,333.5,0.0,0.0,0.0,0.0,0.0,0.0,industrial_zone,4,600.481322066565,652.8351860219062,627.2692447402301,612.2578001138806,2365.7436743132607,1082.2244671799156,600.481322066565,999.0,0,0,0,0,0,0,-1,-1,unclassified,0.3,No rule matched,unclassified,1.0,unclassified,0.3
-1311,7.45856,81.64819,1,1,0.3333333333333333,1.0,6.24,6.24,6.24,6.24,0.0,6.24,334.63,334.63,0.0,0.0,0.0,0.0,0.0,0.0,industrial_zone,4,600.2314678255129,652.5751890311095,627.0243125656134,612.0119152160133,2365.4858507728877,1081.9215827149662,600.2314678255129,999.0,0,0,0,0,0,0,-1,-1,unclassified,0.3,No rule matched,unclassified,1.0,unclassified,0.3
-1312,7.63038,81.58308,1,1,0.3333333333333333,1.0,6.87,6.87,6.87,6.87,0.0,6.87,335.51,335.51,0.0,0.0,0.0,0.0,0.0,0.0,industrial_zone,4,579.8953005806144,632.3406999586778,606.6554172421256,591.648565527446,2345.2222157484584,1062.8601723102747,579.8953005806144,999.0,0,0,0,0,0,0,-1,-1,unclassified,0.3,No rule matched,unclassified,1.0,unclassified,0.3
-1313,7.6342,81.58244,1,1,0.3333333333333333,1.0,6.87,6.87,6.87,6.87,0.0,6.87,344.19,344.19,0.0,0.0,0.0,0.0,0.0,0.0,industrial_zone,4,579.4672679491651,631.9109433161959,606.2285290154176,591.221439970203,2344.792841991782,1062.4360923070556,579.4672679491651,999.0,0,0,0,0,0,0,-1,-1,unclassified,0.3,No rule matched,unclassified,0.996,unclassified,0.3
-1314,7.7604,81.24961,1,1,0.3333333333333333,1.0,10.62,10.62,10.62,10.62,0.0,10.62,340.95,340.95,0.0,0.0,0.0,0.0,0.0,0.0,industrial_zone,4,556.9291838908836,610.8553951310623,582.9279241835659,568.0811716893384,2322.6634198595375,1049.376546806051,556.9291838908836,999.0,0,0,0,0,0,0,-1,-1,unclassified,0.3,No rule matched,unclassified,1.0,unclassified,0.3
-1315,7.78377,80.22298,1,1,0.3333333333333333,1.0,2.66,2.66,2.66,2.66,0.0,2.66,339.76,339.76,0.0,0.0,0.0,0.0,0.0,0.0,industrial_zone,4,541.060459299237,598.9030407732943,562.129894834933,549.746347768184,2297.0453532399383,1057.5677296259946,541.060459299237,999.0,0,0,0,0,0,0,-1,-1,unclassified,0.3,No rule matched,unclassified,0.999,unclassified,0.3
-1316,7.78867,80.81643,1,1,0.3333333333333333,1.0,4.63,4.63,4.63,4.63,0.0,4.63,342.48,342.48,0.0,0.0,0.0,0.0,0.0,0.0,industrial_zone,4,545.4564681749547,601.2623469298611,570.1686600511636,555.6441660824023,2309.2715582886794,1049.3645279938971,545.4564681749547,999.0,0,0,0,0,0,0,-1,-1,unclassified,0.3,No rule matched,unclassified,1.0,unclassified,0.3
-1317,7.79142,81.55624,1,1,0.3333333333333333,1.0,6.01,6.01,6.01,6.01,0.0,6.01,333.11,333.11,0.0,0.0,0.0,0.0,0.0,0.0,industrial_zone,4,561.8585149353679,614.2280826442461,588.6685213596174,573.6514128225035,2327.1253004633204,1044.9864770029485,561.8585149353679,999.0,0,0,0,0,0,0,-1,-1,unclassified,0.3,No rule matched,unclassified,1.0,unclassified,0.3
-1318,7.85497,80.34256,1,1,0.3333333333333333,1.0,4.45,4.45,4.45,4.45,0.0,4.45,338.68,338.68,0.0,0.0,0.0,0.0,0.0,0.0,industrial_zone,4,533.5222112334078,591.0075308877175,556.4598388679417,542.5347211490139,2291.710249926918,1047.868951530794,533.5222112334078,999.0,0,0,0,0,0,0,-1,-1,unclassified,0.3,No rule matched,unclassified,1.0,unclassified,0.3
-1319,7.90392,80.63752,1,1,0.3333333333333333,1.0,1.99,1.99,1.99,1.99,0.0,1.99,333.93,333.93,0.0,0.0,0.0,0.0,0.0,0.0,industrial_zone,4,530.4046432083774,586.8631394964244,554.5626077705366,540.190724097832,2292.6994760026673,1038.523542188858,530.4046432083774,999.0,0,0,0,0,0,0,-1,-1,unclassified,0.3,No rule matched,unclassified,1.0,unclassified,0.3
-1320,7.94456,81.37131,1,1,0.3333333333333333,1.0,3.65,3.65,3.65,3.65,0.0,3.65,332.56,332.56,0.0,0.0,0.0,0.0,0.0,0.0,industrial_zone,4,540.1120179586665,593.2420011331518,566.5657939119139,551.6186612869293,2305.7896452078858,1028.4094423705062,540.1120179586665,999.0,0,0,0,0,0,0,-1,-1,unclassified,0.3,No rule matched,unclassified,0.996,unclassified,0.3
-1321,7.94534,81.37614,1,1,0.3333333333333333,1.0,3.65,3.65,3.65,3.65,0.0,3.65,337.02,337.02,0.0,0.0,0.0,0.0,0.0,0.0,industrial_zone,4,540.1597452468554,593.2639454308991,566.6268585448051,551.6769581775992,2305.8286692434867,1028.3060314201666,540.1597452468554,999.0,0,0,0,0,0,0,-1,-1,unclassified,0.3,No rule matched,unclassified,0.998,unclassified,0.3
-1322,7.95932,80.72301,1,1,0.3333333333333333,1.0,4.06,4.06,4.06,4.06,0.0,4.06,331.21,331.21,0.0,0.0,0.0,0.0,0.0,0.0,industrial_zone,4,525.3255220890019,581.430667962502,549.8071927126061,535.3439126879003,2288.580972061865,1031.4288380656437,525.3255220890019,999.0,0,0,0,0,0,0,-1,-1,unclassified,0.3,No rule matched,unclassified,1.0,unclassified,0.3
-1323,7.96034,80.72224,1,1,0.3333333333333333,1.0,3.5,3.5,3.5,3.5,0.0,3.5,330.53,330.53,0.0,0.0,0.0,0.0,0.0,0.0,industrial_zone,4,525.2027421038233,581.3105522776447,549.6822369352208,535.2195464356308,2288.4525649059374,1031.324341976813,525.2027421038233,999.0,0,0,0,0,0,0,-1,-1,unclassified,0.3,No rule matched,unclassified,1.0,unclassified,0.3
-1324,7.96814,80.59685,1,1,0.3333333333333333,1.0,6.47,6.47,6.47,6.47,0.0,6.47,347.3,347.3,0.0,0.0,0.0,0.0,0.0,0.0,industrial_zone,4,522.8591172744893,579.4509993179131,546.8984622436028,532.5596889408504,2284.80518564149,1031.9144303354242,522.8591172744893,999.0,0,0,0,0,0,0,-1,-1,unclassified,0.3,No rule matched,unclassified,1.0,unclassified,0.3
-1325,7.98507,80.62343,1,1,0.3333333333333333,1.0,3.46,3.46,3.46,3.46,0.0,3.46,330.99,330.99,0.0,0.0,0.0,0.0,0.0,0.0,industrial_zone,4,521.2706542141534,577.7565790976447,545.4128455747491,531.0444680264234,2283.548346186034,1029.7202985653892,521.2706542141534,999.0,0,0,0,0,0,0,-1,-1,unclassified,0.3,No rule matched,unclassified,1.0,unclassified,0.3
-1326,8.00779,81.43661,1,1,0.3333333333333333,1.0,6.68,6.68,6.68,6.68,0.0,6.68,330.8,330.8,0.0,0.0,0.0,0.0,0.0,0.0,industrial_zone,4,535.1471252558628,587.8560193612934,561.8177382471703,546.8264407856572,2300.6325060042227,1021.177259861107,535.1471252558628,999.0,0,0,0,0,0,0,-1,-1,unclassified,0.3,No rule matched,unclassified,1.0,unclassified,0.3
-1327,8.03059,80.59743,1,1,0.3333333333333333,1.0,3.18,3.18,3.18,3.18,0.0,3.18,339.51,339.51,0.0,0.0,0.0,0.0,0.0,0.0,industrial_zone,4,515.9526047165248,572.5236197582808,540.0198123607768,525.6722644928503,2278.01464941619,1025.0068380370215,515.9526047165248,999.0,0,0,0,0,0,0,-1,-1,unclassified,0.3,No rule matched,unclassified,1.0,unclassified,0.3
-1328,8.03119,81.28948,1,1,0.3333333333333333,1.0,20.57,20.57,20.57,20.57,0.0,20.57,349.71,349.71,0.0,0.0,0.0,0.0,0.0,0.0,industrial_zone,4,528.5879208925692,582.0378402463554,554.8821812856,539.9681897005506,2294.33825675655,1019.1082165422084,528.5879208925692,999.0,0,0,0,0,0,0,-1,-1,unclassified,0.3,No rule matched,unclassified,1.0,unclassified,0.3
-1329,8.13979,81.4119,1,1,0.3333333333333333,1.0,4.71,4.71,4.71,4.71,0.0,4.71,332.42,332.42,0.0,0.0,0.0,0.0,0.0,0.0,industrial_zone,4,520.2718439672498,572.9365880116935,546.9777244622355,531.9788122013417,2285.726856284243,1006.5769941218923,520.2718439672498,999.0,0,0,0,0,0,0,-1,-1,unclassified,0.3,No rule matched,unclassified,1.0,unclassified,0.3
-1330,8.18792,80.69052,1,1,0.3333333333333333,1.0,6.26,6.26,6.26,6.26,0.0,6.26,340.57,340.57,0.0,0.0,0.0,0.0,0.0,0.0,industrial_zone,4,499.66096942721214,555.8030634338737,524.139662809759,509.67449498435667,2262.969513442777,1006.5044197817297,499.66096942721214,999.0,0,0,0,0,0,0,-1,-1,unclassified,0.3,No rule matched,unclassified,1.0,unclassified,0.3
-1331,8.24386,80.60502,1,1,0.3333333333333333,1.0,4.93,4.93,4.93,4.93,0.0,4.93,340.11,340.11,0.0,0.0,0.0,0.0,0.0,0.0,industrial_zone,4,492.43717192631794,548.9094996294025,516.6259687916663,502.24102149838143,2254.956545924006,1001.3502260245709,492.43717192631794,999.0,0,0,0,0,0,0,-1,-1,unclassified,0.3,No rule matched,unclassified,1.0,unclassified,0.3
-1332,8.26053,80.58041,1,1,0.3333333333333333,1.0,7.81,7.81,7.81,7.81,0.0,7.81,342.01,342.01,0.0,0.0,0.0,0.0,0.0,0.0,industrial_zone,4,490.32297750547013,546.8887931824142,514.4257359478062,500.06497084772695,2252.592920387062,999.8219660408294,490.32297750547013,999.0,0,0,0,0,0,0,-1,-1,unclassified,0.3,No rule matched,unclassified,1.0,unclassified,0.3
-1333,8.26432,80.55347,1,1,0.3333333333333333,1.0,4.08,4.08,4.08,4.08,0.0,4.08,334.0,334.0,0.0,0.0,0.0,0.0,0.0,0.0,industrial_zone,4,489.62417513314375,546.2958401600788,513.6250363628698,499.2933525870451,2251.5827783342147,999.7544834229117,489.62417513314375,999.0,0,0,0,0,0,0,-1,-1,unclassified,0.3,No rule matched,unclassified,1.0,unclassified,0.3
-1334,8.29291,77.57172,1,1,0.3333333333333333,1.0,3.49,3.49,3.49,3.49,0.0,3.49,340.35,340.35,0.0,0.0,0.0,0.0,0.0,0.0,factory,1,484.8873058240918,617.3714035399681,484.90563267426876,484.8873058240918,2203.7793521528542,1027.0378720249048,484.8896344112142,999.0,0,0,0,0,0,0,-1,-1,unclassified,0.3,No rule matched,unclassified,0.998,unclassified,0.3
-1335,8.30368,81.01878,1,1,0.3333333333333333,1.0,6.15,6.15,6.15,6.15,0.0,6.15,337.15,337.15,0.0,0.0,0.0,0.0,0.0,0.0,industrial_zone,4,492.5914690510674,547.145676230154,518.2683325449998,503.49246649837295,2258.1069101136104,990.5118685396437,492.5914690510674,999.0,0,0,0,0,0,0,-1,-1,unclassified,0.3,No rule matched,unclassified,1.0,unclassified,0.3
-1336,8.3076,81.01814,1,1,0.3333333333333333,1.0,6.15,6.15,6.15,6.15,0.0,6.15,336.04,336.04,0.0,0.0,0.0,0.0,0.0,0.0,industrial_zone,4,492.15019439651184,546.7041727919226,517.8277129429238,503.0516538720804,2257.6662406919268,990.0820736554555,492.15019439651184,999.0,0,0,0,0,0,0,-1,-1,unclassified,0.3,No rule matched,unclassified,1.0,unclassified,0.3
-1337,8.32899,80.29664,1,1,0.3333333333333333,1.0,3.46,3.46,3.46,3.46,0.0,3.46,333.49,333.49,0.0,0.0,0.0,0.0,0.0,0.0,industrial_zone,4,480.6596423179567,538.2570817668707,503.6406196869553,489.61183652382107,2238.9985566274972,996.4086818634948,480.6596423179567,999.0,0,0,0,0,0,0,-1,-1,unclassified,0.3,No rule matched,unclassified,0.996,unclassified,0.3
-1338,8.35582,80.28069,1,1,0.3333333333333333,1.0,3.73,3.73,3.73,3.73,0.0,3.73,331.43,331.43,0.0,0.0,0.0,0.0,0.0,0.0,industrial_zone,4,477.6195853196688,535.2685369366689,500.44493291779776,486.5284594918351,2235.7357168318945,993.719592070655,477.6195853196688,999.0,0,0,0,0,0,0,-1,-1,unclassified,0.3,No rule matched,unclassified,0.996,unclassified,0.3
-1339,8.36403,80.27928,1,1,0.3333333333333333,1.0,6.03,6.03,6.03,6.03,0.0,6.03,346.99,346.99,0.0,0.0,0.0,0.0,0.0,0.0,industrial_zone,4,476.70225254784197,534.355438666925,499.5190266732618,485.6080506567322,2234.8099663023854,992.8402696471405,476.70225254784197,999.0,0,0,0,0,0,0,-1,-1,unclassified,0.3,No rule matched,unclassified,1.0,unclassified,0.3
-1340,8.37836,80.6104,1,1,0.3333333333333333,1.0,6.35,6.35,6.35,6.35,0.0,6.35,344.11,344.11,0.0,0.0,0.0,0.0,0.0,0.0,industrial_zone,4,477.6247669727794,534.0267620421105,501.89782499845586,487.48728972898186,2240.4349564849385,986.4253397195979,477.6247669727794,999.0,0,0,0,0,0,0,-1,-1,unclassified,0.3,No rule matched,unclassified,0.996,unclassified,0.3
-1341,8.38557,80.25662,1,1,0.3333333333333333,1.0,10.02,10.02,10.02,10.02,0.0,10.02,344.78,344.78,0.0,0.0,0.0,0.0,0.0,0.0,industrial_zone,4,474.2363766795847,531.9633673028145,496.7159080288859,483.07734724612584,2231.9853319687672,990.8503821662111,474.2363766795847,999.0,0,0,0,0,0,0,-1,-1,unclassified,0.3,No rule matched,unclassified,0.996,unclassified,0.3
-1342,8.39226,81.16862,1,1,0.3333333333333333,1.0,5.92,5.92,5.92,5.92,0.0,5.92,331.78,331.78,0.0,0.0,0.0,0.0,0.0,0.0,industrial_zone,4,486.4462248861354,540.124209706148,512.6581598618337,497.75934618084466,2252.2108319159856,979.641580234367,486.4462248861354,999.0,0,0,0,0,0,0,-1,-1,unclassified,0.3,No rule matched,unclassified,1.0,unclassified,0.3
-1343,8.41644,80.41689,1,1,0.3333333333333333,1.0,2.04,2.04,2.04,2.04,0.0,2.04,331.79,331.79,0.0,0.0,0.0,0.0,0.0,0.0,industrial_zone,4,471.5964432287366,528.757696071812,495.10864452757784,480.91745087818845,2232.018837473022,984.9037200264423,471.5964432287366,999.0,0,0,0,0,0,0,-1,-1,unclassified,0.3,No rule matched,unclassified,1.0,unclassified,0.3
-1344,8.41854,80.18941,1,1,0.3333333333333333,1.0,4.82,4.82,4.82,4.82,0.0,4.82,334.78,334.78,0.0,0.0,0.0,0.0,0.0,0.0,industrial_zone,4,470.43323718741794,528.3746036920339,491.8413874480623,479.07187883310655,2226.994317181257,988.3877914738421,470.43323718741794,999.0,0,0,0,0,0,0,-1,-1,unclassified,0.3,No rule matched,unclassified,1.0,unclassified,0.3
-1345,8.42361,80.5847,1,1,0.3333333333333333,1.0,6.09,6.09,6.09,6.09,0.0,6.09,331.75,331.75,0.0,0.0,0.0,0.0,0.0,0.0,industrial_zone,4,472.3261033925902,528.8195955489954,496.520865387845,482.1316891014408,2234.9322781054007,981.7589309904467,472.3261033925902,999.0,0,0,0,0,0,0,-1,-1,unclassified,0.3,No rule matched,unclassified,1.0,unclassified,0.3
-1346,8.43706,80.33877,1,1,0.3333333333333333,1.0,4.04,4.04,4.04,4.04,0.0,4.04,330.46,330.46,0.0,0.0,0.0,0.0,0.0,0.0,industrial_zone,4,468.83901250019613,526.2821014781397,492.0276055882051,477.93335018657075,2228.0948874045575,983.8428790773697,468.83901250019613,999.0,0,0,0,0,0,0,-1,-1,unclassified,0.3,No rule matched,unclassified,1.0,unclassified,0.3
-1347,8.44123,80.37093,1,1,0.3333333333333333,1.0,1.9,1.9,1.9,1.9,0.0,1.9,334.63,334.63,0.0,0.0,0.0,0.0,0.0,0.0,industrial_zone,4,468.5503815998448,525.8774214164557,491.87746115209865,477.74123974035297,2228.3264995743675,982.8768983242899,468.5503815998448,999.0,0,0,0,0,0,0,-1,-1,unclassified,0.3,No rule matched,unclassified,1.0,unclassified,0.3
-1348,8.44242,80.37146,1,1,0.3333333333333333,1.0,4.32,4.32,4.32,4.32,0.0,4.32,337.13,337.13,0.0,0.0,0.0,0.0,0.0,0.0,industrial_zone,4,468.42134422044523,525.7462942011796,491.75104641820525,477.6140144395508,2228.2080680029544,982.737652705881,468.42134422044523,999.0,0,0,0,0,0,0,-1,-1,unclassified,0.3,No rule matched,unclassified,1.0,unclassified,0.3
-1349,8.46341,81.0887,1,1,0.3333333333333333,1.0,15.6,15.6,15.6,15.6,0.0,15.6,337.52,337.52,0.0,0.0,0.0,0.0,0.0,0.0,industrial_zone,4,476.77740075402755,530.8112868695006,502.79508586413937,487.9386545378897,2242.5113024305106,972.2708105299273,476.77740075402755,999.0,0,0,0,0,0,0,-1,-1,unclassified,0.3,No rule matched,unclassified,1.0,unclassified,0.3
-1350,8.4673,81.08805,1,1,0.3333333333333333,1.0,7.07,7.07,7.07,7.07,0.0,7.07,337.73,337.73,0.0,0.0,0.0,0.0,0.0,0.0,industrial_zone,4,476.3396136021491,530.3728731878301,502.3581921437673,487.5015251819944,2242.0737761985515,971.8437786201672,476.3396136021491,999.0,0,0,0,0,0,0,-1,-1,unclassified,0.3,No rule matched,unclassified,1.0,unclassified,0.3
-1351,8.47152,80.72465,1,1,0.3333333333333333,1.0,11.25,11.25,11.25,11.25,0.0,11.25,336.85,336.85,0.0,0.0,0.0,0.0,0.0,0.0,industrial_zone,4,468.85813391537215,524.7149931367807,493.61678942341916,479.0719738226882,2232.9065987089666,974.7498648243978,468.85813391537215,999.0,0,0,0,0,0,0,-1,-1,unclassified,0.3,No rule matched,unclassified,1.0,unclassified,0.3
-1352,8.51547,80.31347,1,1,0.3333333333333333,1.0,5.43,5.43,5.43,5.43,0.0,5.43,343.83,343.83,0.0,0.0,0.0,0.0,0.0,0.0,industrial_zone,4,460.0085141589334,517.5337192769892,483.1089474229205,469.04009914089517,2219.002815193491,975.6278749252301,460.0085141589334,999.0,0,0,0,0,0,0,-1,-1,unclassified,0.3,No rule matched,unclassified,0.996,unclassified,0.3
-1353,8.51704,80.59698,1,1,0.3333333333333333,1.0,6.85,6.85,6.85,6.85,0.0,6.85,352.54,352.54,0.0,0.0,0.0,0.0,0.0,0.0,industrial_zone,4,462.1347945749341,518.541613407195,486.42425937927993,472.00710665874715,2225.039043129445,971.2831360939813,462.1347945749341,999.0,0,0,0,0,0,0,-1,-1,unclassified,0.3,No rule matched,unclassified,1.0,unclassified,0.3
-1354,8.51814,80.67673,1,1,0.3333333333333333,1.0,8.72,8.72,8.72,8.72,0.0,8.72,338.07,338.07,0.0,0.0,0.0,0.0,0.0,0.0,industrial_zone,4,463.032182287208,519.0845073921732,487.63507161421245,473.1315753681593,2226.733996150196,970.1598096685785,463.032182287208,999.0,0,0,0,0,0,0,-1,-1,unclassified,0.3,No rule matched,unclassified,1.0,unclassified,0.3
-1355,8.51878,80.7773,1,1,0.3333333333333333,1.0,4.06,4.06,4.06,4.06,0.0,4.06,342.57,342.57,0.0,0.0,0.0,0.0,0.0,0.0,industrial_zone,4,464.4767870761941,520.0588742304718,489.4605854191825,474.85571731611043,2228.995510789759,968.9338228982992,464.4767870761941,999.0,0,0,0,0,0,0,-1,-1,unclassified,0.3,No rule matched,unclassified,1.0,unclassified,0.3
-1356,8.51968,80.43941,1,1,0.3333333333333333,1.0,2.88,2.88,2.88,2.88,0.0,2.88,331.47,331.47,0.0,0.0,0.0,0.0,0.0,0.0,industrial_zone,4,460.3075132837406,517.3629591614349,483.95178363069095,469.7197629189242,2221.2543061775823,973.1937730407637,460.3075132837406,999.0,0,0,0,0,0,0,-1,-1,unclassified,0.3,No rule matched,unclassified,1.0,unclassified,0.3
-1357,8.52105,80.59629,1,1,0.3333333333333333,1.0,6.85,6.85,6.85,6.85,0.0,6.85,352.43,352.43,0.0,0.0,0.0,0.0,0.0,0.0,industrial_zone,4,461.6833468743622,518.0916182361581,485.97209824780293,471.555084437442,2224.5870699234965,970.8493916503951,461.6833468743622,999.0,0,0,0,0,0,0,-1,-1,unclassified,0.3,No rule matched,unclassified,1.0,unclassified,0.3
-1358,8.52566,80.47535,1,1,0.3333333333333333,1.0,3.79,3.79,3.79,3.79,0.0,3.79,347.97,347.97,0.0,0.0,0.0,0.0,0.0,0.0,industrial_zone,4,459.93862659406597,516.8504355780774,483.7360729486708,469.4591338171575,2221.3901899067237,972.0064331182391,459.93862659406597,999.0,0,0,0,0,0,0,-1,-1,unclassified,0.3,No rule matched,unclassified,0.998,unclassified,0.3
-1359,8.52771,80.89381,1,1,0.3333333333333333,1.0,6.84,6.84,6.84,6.84,0.0,6.84,335.66,335.66,0.0,0.0,0.0,0.0,0.0,0.0,industrial_zone,4,465.572166274089,520.5716085583756,490.9830972768388,476.26958007112734,2230.786273596591,966.7577228868804,465.572166274089,999.0,0,0,0,0,0,0,-1,-1,unclassified,0.3,No rule matched,unclassified,1.0,unclassified,0.3
-1360,8.54025,80.51318,1,1,0.3333333333333333,1.0,9.03,9.03,9.03,9.03,0.0,9.03,345.63,345.63,0.0,0.0,0.0,0.0,0.0,0.0,industrial_zone,4,458.6684464204481,515.4222846784102,482.62917007811035,468.3047961875538,2220.6368399208536,969.8576070637929,458.6684464204481,999.0,0,0,0,0,0,0,-1,-1,unclassified,0.3,No rule matched,unclassified,1.0,unclassified,0.3
-1361,8.54781,80.68247,1,1,0.3333333333333333,1.0,8.51,8.51,8.51,8.51,0.0,8.51,340.66,340.66,0.0,0.0,0.0,0.0,0.0,0.0,industrial_zone,4,459.83940566751767,515.850909784677,484.48139355667104,469.96689375374075,2223.639478383416,966.8113020448258,459.83940566751767,999.0,0,0,0,0,0,0,-1,-1,unclassified,0.3,No rule matched,unclassified,1.0,unclassified,0.3
-1362,8.56386,80.50555,1,1,0.3333333333333333,1.0,3.19,3.19,3.19,3.19,0.0,3.19,335.67,335.67,0.0,0.0,0.0,0.0,0.0,0.0,industrial_zone,4,455.9799516221785,512.7585724507127,479.91961886789903,465.60090729704876,2217.8962409447295,967.3618847147529,455.9799516221785,999.0,0,0,0,0,0,0,-1,-1,unclassified,0.3,No rule matched,unclassified,1.0,unclassified,0.3
-1363,8.56789,80.50488,1,1,0.3333333333333333,1.0,2.13,2.13,2.13,2.13,0.0,2.13,340.09,340.09,0.0,0.0,0.0,0.0,0.0,0.0,industrial_zone,4,455.527141489238,512.307390609514,479.4658199156438,465.14732580161285,2217.442476619179,966.927038276902,455.527141489238,999.0,0,0,0,0,0,0,-1,-1,unclassified,0.3,No rule matched,unclassified,0.999,unclassified,0.3
-1364,8.56902,80.48644,1,1,0.3333333333333333,1.0,4.42,4.42,4.42,4.42,0.0,4.42,333.01,333.01,0.0,0.0,0.0,0.0,0.0,0.0,industrial_zone,4,455.2309288146853,512.0867690034254,479.09307905652645,464.7966398474424,2216.911182443807,967.0665187479833,455.2309288146853,999.0,0,0,0,0,0,0,-1,-1,unclassified,0.3,No rule matched,unclassified,1.0,unclassified,0.3
-1365,8.5695,80.76366,1,1,0.3333333333333333,1.0,9.39,9.39,9.39,9.39,0.0,9.39,338.63,338.63,0.0,0.0,0.0,0.0,0.0,0.0,industrial_zone,4,458.67719938337393,514.2936177846018,483.6420893714268,469.0415004922772,2223.1656843954256,963.4723098181389,458.67719938337393,999.0,0,0,0,0,0,0,-1,-1,unclassified,0.3,No rule matched,unclassified,1.0,unclassified,0.3
-1366,8.574,80.66736,1,1,0.3333333333333333,1.0,36.79,36.79,36.79,36.79,0.0,36.79,342.42,342.42,0.0,0.0,0.0,0.0,0.0,0.0,industrial_zone,4,456.74071911954206,512.8087560398261,481.3388797981274,466.8358737158538,2220.444393039732,964.1008230186313,456.74071911954206,999.0,0,0,0,0,0,0,-1,-1,unclassified,0.3,No rule matched,unclassified,1.0,unclassified,0.3
-1367,8.57504,80.4455,1,1,0.3333333333333333,1.0,4.18,4.18,4.18,4.18,0.0,4.18,345.29,345.29,0.0,0.0,0.0,0.0,0.0,0.0,industrial_zone,4,454.2152488111759,511.2348673091938,477.9069331698294,463.66002793608635,2215.354632958911,967.0040853639281,454.2152488111759,999.0,0,0,0,0,0,0,-1,-1,unclassified,0.3,No rule matched,unclassified,1.0,unclassified,0.3
-1368,8.59583,80.77507,1,1,0.3333333333333333,1.0,6.36,6.36,6.36,6.36,0.0,6.36,336.18,336.18,0.0,0.0,0.0,0.0,0.0,0.0,industrial_zone,4,455.9690027998296,511.51327228721993,480.99360159176524,466.3771368595183,2220.5727459736236,960.4332155911939,455.9690027998296,999.0,0,0,0,0,0,0,-1,-1,unclassified,0.3,No rule matched,unclassified,1.0,unclassified,0.3
-1369,8.59837,80.79054,1,1,0.3333333333333333,1.0,5.22,5.22,5.22,5.22,0.0,5.22,334.4,334.4,0.0,0.0,0.0,0.0,0.0,0.0,industrial_zone,4,455.9494593745022,511.4158788013013,481.03362386716134,466.4017400865635,2220.660737430226,959.9833355714181,455.9494593745022,999.0,0,0,0,0,0,0,-1,-1,unclassified,0.3,No rule matched,unclassified,1.0,unclassified,0.3
-1370,8.60734,80.91888,1,1,0.3333333333333333,1.0,7.46,7.46,7.46,7.46,0.0,7.46,339.09,339.09,0.0,0.0,0.0,0.0,0.0,0.0,industrial_zone,4,457.35804290109303,512.1614541151591,482.9140378433445,468.16413286233393,2222.7500418832547,957.7002704100258,457.35804290109303,999.0,0,0,0,0,0,0,-1,-1,unclassified,0.3,No rule matched,unclassified,1.0,unclassified,0.3
-1371,8.60837,80.85137,1,1,0.3333333333333333,1.0,11.2,11.2,11.2,11.2,0.0,11.2,338.67,338.67,0.0,0.0,0.0,0.0,0.0,0.0,industrial_zone,4,455.933671152847,511.08696192110165,481.248704637007,466.5580990874449,2221.017103458453,958.2401563153114,455.933671152847,999.0,0,0,0,0,0,0,-1,-1,unclassified,0.3,No rule matched,unclassified,1.0,unclassified,0.3
-1372,8.62578,80.64729,1,1,0.3333333333333333,1.0,9.51,9.51,9.51,9.51,0.0,9.51,337.07,337.07,0.0,0.0,0.0,0.0,0.0,0.0,industrial_zone,4,450.7548647305659,506.89042251099096,475.30328868658376,460.8130452300386,2214.3530941588924,958.6295647749507,450.7548647305659,999.0,0,0,0,0,0,0,-1,-1,unclassified,0.3,No rule matched,unclassified,1.0,unclassified,0.3
-1373,8.65193,80.82672,1,1,0.3333333333333333,1.0,8.57,8.57,8.57,8.57,0.0,8.57,341.22,341.22,0.0,0.0,0.0,0.0,0.0,0.0,industrial_zone,4,450.70553762785767,505.95220902241005,475.96032960195816,461.28431142711923,2215.701335966302,953.6708973771217,450.70553762785767,999.0,0,0,0,0,0,0,-1,-1,unclassified,0.3,No rule matched,unclassified,1.0,unclassified,0.3
-1374,8.65909,80.69933,1,1,0.3333333333333333,1.0,4.65,4.65,4.65,4.65,0.0,4.65,332.35,332.35,0.0,0.0,0.0,0.0,0.0,0.0,industrial_zone,4,447.81638930927505,503.6902102804987,472.5902302362432,458.0387851549832,2211.9312113576048,954.3089953475519,447.81638930927505,999.0,0,0,0,0,0,0,-1,-1,unclassified,0.3,No rule matched,unclassified,1.0,unclassified,0.3
-1375,8.66735,80.72438,1,1,0.3333333333333333,1.0,7.16,7.16,7.16,7.16,0.0,7.16,336.5,336.5,0.0,0.0,0.0,0.0,0.0,0.0,industrial_zone,4,447.2874871827616,503.03545001554687,472.1642575635025,457.58544611561325,2211.616102366451,953.0988465590098,447.2874871827616,999.0,0,0,0,0,0,0,-1,-1,unclassified,0.3,No rule matched,unclassified,1.0,unclassified,0.3
-1376,8.67641,80.90026,1,1,0.3333333333333333,1.0,7.77,7.77,7.77,7.77,0.0,7.77,335.43,335.43,0.0,0.0,0.0,0.0,0.0,0.0,industrial_zone,4,449.4324025419247,504.274650099396,474.97290375193563,460.22596549020176,2214.8077061179843,950.2238455413991,449.4324025419247,999.0,0,0,0,0,0,0,-1,-1,unclassified,0.3,No rule matched,unclassified,1.0,unclassified,0.3
-1377,8.68468,81.02161,1,1,0.3333333333333333,1.0,22.07,22.07,22.07,22.07,0.0,22.07,349.12,349.12,0.0,0.0,0.0,0.0,0.0,0.0,industrial_zone,4,451.1652724662649,505.33253438663235,477.1352474743825,462.28750394795816,2216.877823152182,948.2348043812015,451.1652724662649,999.0,0,0,0,0,0,0,-1,-1,unclassified,0.3,No rule matched,unclassified,1.0,unclassified,0.3
-1378,8.68774,81.01603,1,1,0.3333333333333333,1.0,4.45,4.45,4.45,4.45,0.0,4.45,332.11,332.11,0.0,0.0,0.0,0.0,0.0,0.0,industrial_zone,4,450.7031812978233,504.8986277389341,476.6566893326073,461.8126469695719,2216.4083223676043,947.9408607054819,450.7031812978233,999.0,0,0,0,0,0,0,-1,-1,unclassified,0.3,No rule matched,unclassified,1.0,unclassified,0.3
-1379,8.74317,80.18766,1,1,0.3333333333333333,1.0,5.11,5.11,5.11,5.11,0.0,5.11,343.55,343.55,0.0,0.0,0.0,0.0,0.0,0.0,industrial_zone,4,434.3361342106221,492.2868441292988,456.23837228487696,442.99640853113976,2191.505624538309,952.8079182070197,434.3361342106221,999.0,0,0,0,0,0,0,-1,-1,unclassified,0.3,No rule matched,unclassified,0.996,unclassified,0.3
-1380,8.86808,80.87281,1,1,0.3333333333333333,1.0,5.24,5.24,5.24,5.24,0.0,5.24,330.89,330.89,0.0,0.0,0.0,0.0,0.0,0.0,industrial_zone,4,427.9288061462028,482.7498405688359,453.51456104185604,438.7543969609118,2193.3538095778135,929.2674210932836,427.9288061462028,999.0,0,0,0,0,0,0,-1,-1,unclassified,0.3,No rule matched,unclassified,1.0,unclassified,0.3
-1381,8.9195,80.3924,1,1,0.3333333333333333,1.0,5.41,5.41,5.41,5.41,0.0,5.41,332.26,332.26,0.0,0.0,0.0,0.0,0.0,0.0,industrial_zone,4,415.601413937477,472.7662511260137,439.1957609338907,424.970793910091,2176.6585720079934,929.9123676477507,415.601413937477,999.0,0,0,0,0,0,0,-1,-1,unclassified,0.3,No rule matched,unclassified,1.0,unclassified,0.3
-1382,8.92294,80.38815,1,1,0.3333333333333333,1.0,11.59,11.59,11.59,11.59,0.0,11.59,344.04,344.04,0.0,0.0,0.0,0.0,0.0,0.0,industrial_zone,4,415.189408681065,472.37142665925614,438.7652809931036,424.5456739095953,2176.1903698567585,929.6028999173216,415.189408681065,999.0,0,0,0,0,0,0,-1,-1,unclassified,0.3,No rule matched,unclassified,0.996,unclassified,0.3
-1383,9.02756,80.16605,1,1,0.3333333333333333,1.0,2.26,2.26,2.26,2.26,0.0,2.26,334.03,334.03,0.0,0.0,0.0,0.0,0.0,0.0,industrial_zone,4,402.6933054499617,460.72444131752053,424.7057024733691,411.3033521807671,2160.009349200969,922.0537432474282,402.6933054499617,999.0,0,0,0,0,0,0,-1,-1,unclassified,0.3,No rule matched,unclassified,1.0,unclassified,0.3
-1384,9.02817,80.16972,1,1,0.3333333333333333,1.0,2.67,2.67,2.67,2.67,0.0,2.67,332.18,332.18,0.0,0.0,0.0,0.0,0.0,0.0,industrial_zone,4,402.62829610366987,460.64657486213696,424.7134279847368,411.2516325287905,2160.019877939821,921.9166521724312,402.62829610366987,999.0,0,0,0,0,0,0,-1,-1,unclassified,0.3,No rule matched,unclassified,1.0,unclassified,0.3
-1385,9.05315,80.14268,1,1,0.3333333333333333,1.0,6.08,6.08,6.08,6.08,0.0,6.08,340.69,340.69,0.0,0.0,0.0,0.0,0.0,0.0,industrial_zone,4,399.8392396046102,457.95253085340806,421.44104935834685,408.36636665695005,2156.726430511916,919.7049973892864,399.8392396046102,999.0,0,0,0,0,0,0,-1,-1,unclassified,0.3,No rule matched,unclassified,1.0,unclassified,0.3
-1386,9.05558,80.14168,1,1,0.3333333333333333,1.0,4.72,4.72,4.72,4.72,0.0,4.72,337.68,337.68,0.0,0.0,0.0,0.0,0.0,0.0,industrial_zone,4,399.5690291891416,457.6858845311355,421.1555268268283,408.0926562479097,2156.440261147773,919.4586334180325,399.5690291891416,999.0,0,0,0,0,0,0,-1,-1,unclassified,0.3,No rule matched,unclassified,1.0,unclassified,0.3
-1387,9.10153,80.28739,1,1,0.3333333333333333,1.0,3.67,3.67,3.67,3.67,0.0,3.67,338.19,338.19,0.0,0.0,0.0,0.0,0.0,0.0,industrial_zone,4,394.77907719639774,452.35123028477034,417.92960096063484,403.83273447895243,2154.5294004504717,911.7006182866868,394.77907719639774,999.0,0,0,0,0,0,0,-1,-1,unclassified,0.3,No rule matched,unclassified,0.998,unclassified,0.3
-1388,9.10582,80.31257,1,1,0.3333333333333333,1.0,2.27,2.27,2.27,2.27,0.0,2.27,333.64,333.64,0.0,0.0,0.0,0.0,0.0,0.0,industrial_zone,4,394.42270319821654,451.891439187317,417.70189120778343,403.56620002396517,2154.608908137951,910.784633657411,394.42270319821654,999.0,0,0,0,0,0,0,-1,-1,unclassified,0.3,No rule matched,unclassified,1.0,unclassified,0.3
-1389,9.11247,80.27811,1,1,0.3333333333333333,1.0,6.48,6.48,6.48,6.48,0.0,6.48,336.96,336.96,0.0,0.0,0.0,0.0,0.0,0.0,industrial_zone,4,393.5240074785457,451.1326192976236,416.63081418611915,402.5468992947202,2153.135922648103,910.6665591670211,393.5240074785457,999.0,0,0,0,0,0,0,-1,-1,unclassified,0.3,No rule matched,unclassified,1.0,unclassified,0.3
-1390,9.24176,80.27779,1,1,0.3333333333333333,1.0,7.03,7.03,7.03,7.03,0.0,7.03,338.33,338.33,0.0,0.0,0.0,0.0,0.0,0.0,industrial_zone,4,379.1567777473992,436.75619997872707,402.30404580840775,388.2044893638723,2139.03611827443,896.4929841853437,379.1567777473992,999.0,0,0,0,0,0,0,-1,-1,unclassified,0.3,No rule matched,unclassified,1.0,unclassified,0.3
-1391,9.25795,80.27505,1,1,0.3333333333333333,1.0,6.81,6.81,6.81,6.81,0.0,6.81,330.46,330.46,0.0,0.0,0.0,0.0,0.0,0.0,industrial_zone,4,377.3462678737814,434.9557725962599,400.48449610091683,386.3872236581541,2137.211988926572,894.7680083333215,377.3462678737814,999.0,0,0,0,0,0,0,-1,-1,unclassified,0.3,No rule matched,unclassified,1.0,unclassified,0.3
-1392,9.41327,80.36134,1,1,0.3333333333333333,1.0,3.55,3.55,3.55,3.55,0.0,3.55,342.93,342.93,0.0,0.0,0.0,0.0,0.0,0.0,industrial_zone,4,360.59131576841884,417.7935155986815,384.25236380170753,369.9960389912848,2122.196376121209,876.1817767523754,360.59131576841884,999.0,0,0,0,0,0,0,-1,-1,unclassified,0.3,No rule matched,unclassified,0.993,unclassified,0.3
-1393,9.41424,80.36042,1,1,0.3333333333333333,1.0,3.02,3.02,3.02,3.02,0.0,3.02,332.41,332.41,0.0,0.0,0.0,0.0,0.0,0.0,industrial_zone,4,360.4770388303684,417.6834093937159,384.1336582442686,369.8785921585387,2122.0702236108727,876.0914585904245,360.4770388303684,999.0,0,0,0,0,0,0,-1,-1,unclassified,0.3,No rule matched,unclassified,1.0,unclassified,0.3
-1394,9.53506,80.38695,1,1,0.3333333333333333,1.0,25.84,25.84,25.84,25.84,0.0,25.84,342.55,342.55,0.0,0.0,0.0,0.0,0.0,0.0,industrial_zone,4,347.28348261761295,404.33005574120335,371.14632838776396,356.82857032487647,2109.516653294089,862.3646045227564,347.28348261761295,999.0,0,0,0,0,0,0,-1,-1,unclassified,0.3,No rule matched,unclassified,1.0,unclassified,0.3
-1395,9.57735,78.58523,1,1,0.3333333333333333,1.0,8.92,8.92,8.92,8.92,0.0,8.92,342.46,342.46,0.0,0.0,0.0,0.0,0.0,0.0,industrial_zone,4,345.8284200280819,439.80710442796925,353.6522064259487,350.964937426731,2072.3083327567083,876.8540637741397,345.8284200280819,999.0,0,0,0,0,0,0,-1,-1,unclassified,0.3,No rule matched,unclassified,1.0,unclassified,0.3
-1396,9.60892,79.98938,1,1,0.3333333333333333,1.0,4.83,4.83,4.83,4.83,0.0,4.83,345.28,345.28,0.0,0.0,0.0,0.0,0.0,0.0,industrial_zone,4,338.44993817634077,397.14282196655114,357.6667559955376,346.3498007134169,2092.859495403345,862.3115983103306,338.44993817634077,999.0,0,0,0,0,0,0,-1,-1,unclassified,0.3,No rule matched,unclassified,1.0,unclassified,0.3
-1397,9.63981,80.21948,1,1,0.3333333333333333,1.0,2.34,2.34,2.34,2.34,0.0,2.34,335.9,335.9,0.0,0.0,0.0,0.0,0.0,0.0,industrial_zone,4,334.7124693139262,392.53980886831863,357.66306322012724,343.6105950176778,2094.3871304041713,854.0192458204499,334.7124693139262,999.0,0,0,0,0,0,0,-1,-1,unclassified,0.3,No rule matched,unclassified,1.0,unclassified,0.3
-1398,9.64288,80.3102,1,1,0.3333333333333333,1.0,4.14,4.14,4.14,4.14,0.0,4.14,333.48,333.48,0.0,0.0,0.0,0.0,0.0,0.0,industrial_zone,4,334.76770484087774,392.17335235018396,358.25592221881635,344.0431038474491,2096.0578609999266,851.9294632494957,334.76770484087774,999.0,0,0,0,0,0,0,-1,-1,unclassified,0.3,No rule matched,unclassified,1.0,unclassified,0.3
-1399,9.6828,79.86526,1,1,0.3333333333333333,1.0,2.81,2.81,2.81,2.81,0.0,2.81,331.06,331.06,0.0,0.0,0.0,0.0,0.0,0.0,industrial_zone,4,331.20331897281153,390.26452372247036,347.5264818739132,338.5260817933589,2082.2543961062047,857.2416226103204,331.20331897281153,999.0,0,0,0,0,0,0,-1,-1,unclassified,0.3,No rule matched,unclassified,1.0,unclassified,0.3
-1400,9.77143,78.21916,1,1,0.3333333333333333,1.0,3.49,3.49,3.49,3.49,0.0,3.49,333.13,333.13,0.0,0.0,0.0,0.0,0.0,0.0,industrial_zone,4,320.8319889698539,439.20652603952584,324.18720658729166,324.1732876944712,2046.2630205358994,856.8297203238592,320.8319889698539,999.0,0,0,0,0,0,0,-1,-1,unclassified,0.3,No rule matched,unclassified,0.996,unclassified,0.3
-1401,9.8107,78.22701,1,1,0.3333333333333333,1.0,3.51,3.51,3.51,3.51,0.0,3.51,330.36,330.36,0.0,0.0,0.0,0.0,0.0,0.0,industrial_zone,4,316.5305790391754,435.00884924574336,320.0139036532573,319.9341600150906,2042.0133981083325,852.4187030337536,316.5305790391754,999.0,0,0,0,0,0,0,-1,-1,unclassified,0.3,No rule matched,unclassified,1.0,unclassified,0.3
-1402,9.99659,77.51824,1,1,0.3333333333333333,1.0,3.0,3.0,3.0,3.0,0.0,3.0,343.88,343.88,0.0,0.0,0.0,0.0,0.0,0.0,industrial_zone,4,295.9950505509662,463.21483122171105,296.14990422423534,296.13067572815413,2014.405198576862,840.0958763529719,295.9950505509662,999.0,0,0,0,0,0,0,-1,-1,unclassified,0.3,No rule matched,unclassified,0.991,unclassified,0.3
-1403,9.99667,77.52258,1,1,0.3333333333333333,1.0,8.15,8.15,8.15,8.15,0.0,8.15,334.74,334.74,0.0,0.0,0.0,0.0,0.0,0.0,industrial_zone,4,296.00152669248513,462.9018888911835,296.1011592611185,296.081961952533,2014.4313335725467,840.0152635097185,296.00152669248513,999.0,0,0,0,0,0,0,-1,-1,unclassified,0.3,No rule matched,unclassified,0.996,unclassified,0.3
-1404,10.015,78.08784,1,1,0.3333333333333333,1.0,8.15,8.15,8.15,8.15,0.0,8.15,345.21,345.21,0.0,0.0,0.0,0.0,0.0,0.0,industrial_zone,4,293.1618579923516,423.94927292807284,295.3431592701835,295.32845402651117,2017.8287978218398,830.8309894697214,293.1618579923516,999.0,0,0,0,0,0,0,-1,-1,unclassified,0.3,No rule matched,unclassified,0.996,unclassified,0.3
-1405,10.38719,79.27933,1,1,0.3333333333333333,1.0,11.34,11.34,11.34,11.34,0.0,11.34,343.55,343.55,0.0,0.0,0.0,0.0,0.0,0.0,industrial_zone,4,253.52766690585227,327.7840288129442,266.788856240264,262.93926287212446,1994.0054611512658,789.0542512553037,253.52766690585227,999.0,0,0,0,0,0,0,-1,-1,unclassified,0.3,No rule matched,unclassified,0.996,unclassified,0.3
-1406,10.44507,78.80642,1,1,0.3333333333333333,1.0,3.98,3.98,3.98,3.98,0.0,3.98,332.13,332.13,0.0,0.0,0.0,0.0,0.0,0.0,industrial_zone,4,250.0591515541957,342.47672905070004,268.2371900108594,262.03944598088606,1979.8340821385705,780.321824348194,250.0591515541957,999.0,0,0,0,0,0,0,-1,-1,unclassified,0.3,No rule matched,unclassified,1.0,unclassified,0.3
-1407,10.44559,78.8073,1,1,0.3333333333333333,1.0,5.72,5.72,5.72,5.72,0.0,5.72,332.18,332.18,0.0,0.0,0.0,0.0,0.0,0.0,industrial_zone,4,250.00883101860106,342.3808545554025,268.1607212887411,261.9849813230932,1979.79026635551,780.2652275102514,250.00883101860106,999.0,0,0,0,0,0,0,-1,-1,unclassified,0.3,No rule matched,unclassified,1.0,unclassified,0.3
-1408,10.67588,78.80834,1,1,0.3333333333333333,1.0,4.1,4.1,4.1,4.1,0.0,4.1,334.64,334.64,0.0,0.0,0.0,0.0,0.0,0.0,industrial_zone,4,224.49480894555774,319.86101210625446,243.13784625803652,236.39939974687863,1954.4534560834668,754.6617998893258,224.49480894555774,999.0,0,0,0,0,0,0,-1,-1,unclassified,0.3,No rule matched,unclassified,1.0,unclassified,0.3
-1409,10.74769,78.83463,1,1,0.3333333333333333,1.0,6.13,6.13,6.13,6.13,0.0,6.13,344.12,344.12,0.0,0.0,0.0,0.0,0.0,0.0,industrial_zone,4,216.81382988855844,311.50681062184185,234.71095795527967,228.5543920906976,1946.9590217736911,746.7216256700402,216.81382988855844,999.0,0,0,0,0,0,0,-1,-1,unclassified,0.3,No rule matched,unclassified,0.991,unclassified,0.3
-1410,10.77378,78.65028,1,1,0.3333333333333333,1.0,5.62,5.62,5.62,5.62,0.0,5.62,335.4,335.4,0.0,0.0,0.0,0.0,0.0,0.0,industrial_zone,4,212.78468005176495,319.6253570864284,230.56150074876214,223.82468209037603,1941.290112900405,743.7386130581192,212.78468005176495,999.0,0,0,0,0,0,0,-1,-1,unclassified,0.3,No rule matched,unclassified,0.995,unclassified,0.3
-1411,10.86091,79.81236,1,1,0.3333333333333333,1.0,0.93,0.93,0.93,0.93,0.0,0.93,332.03,332.03,0.0,0.0,0.0,0.0,0.0,0.0,industrial_zone,4,201.0564461954261,261.57734066049215,217.1998489895969,207.77628037390554,1952.505645360449,731.7425951389818,201.0564461954261,999.0,0,0,0,0,0,0,-1,-1,unclassified,0.3,No rule matched,unclassified,1.0,unclassified,0.3
-1412,11.00781,77.43622,1,1,0.3333333333333333,1.0,7.15,7.15,7.15,7.15,0.0,7.15,332.41,332.41,0.0,0.0,0.0,0.0,0.0,0.0,industrial_zone,4,183.40445985181557,391.1146945026371,185.78584707502367,184.7539041497352,1901.6076916926224,730.7588884052225,183.40445985181557,999.0,0,0,0,0,0,0,-1,-1,unclassified,0.3,No rule matched,unclassified,1.0,unclassified,0.3
-1413,11.01218,79.41254,1,1,0.3333333333333333,1.0,1.56,1.56,1.56,1.56,0.0,1.56,334.72,334.72,0.0,0.0,0.0,0.0,0.0,0.0,industrial_zone,4,184.45518846746282,257.52851128825637,196.7111336046969,192.0609381201433,1927.952484813001,721.1359638935169,184.45518846746282,999.0,0,0,0,0,0,0,-1,-1,unclassified,0.3,No rule matched,unclassified,1.0,unclassified,0.3
-1414,11.01958,79.83994,1,1,0.3333333333333333,1.0,2.22,2.22,2.22,2.22,0.0,2.22,336.41,336.41,0.0,0.0,0.0,0.0,0.0,0.0,industrial_zone,4,183.20344472849445,243.68417873926222,200.50200433893693,190.45480138184024,1935.783660037183,713.9465026052395,183.20344472849445,999.0,0,0,0,0,0,0,-1,-1,unclassified,0.3,No rule matched,unclassified,1.0,unclassified,0.3
-1415,11.14795,78.03258,1,1,0.3333333333333333,1.0,4.53,4.53,4.53,4.53,0.0,4.53,336.34,336.34,0.0,0.0,0.0,0.0,0.0,0.0,industrial_zone,4,167.1205461726835,331.49355087012054,169.86904790508228,169.85568541048409,1891.9010256576166,705.9233489147832,167.1205461726835,999.0,0,0,0,0,0,0,-1,-1,unclassified,0.3,No rule matched,unclassified,1.0,unclassified,0.3
-1416,11.83094,79.66526,1,1,0.3333333333333333,1.0,1.86,1.86,1.86,1.86,0.0,1.86,331.46,331.46,0.0,0.0,0.0,0.0,0.0,0.0,industrial_zone,4,99.04853563101872,162.86101713244054,108.30057062754722,99.21026487311255,1843.5830419550596,633.8294663637344,99.04853563101872,999.0,0,0,0,0,0,0,-1,-1,unclassified,0.3,No rule matched,unclassified,0.996,unclassified,0.3
-1417,12.05853,79.84698,1,1,0.3333333333333333,1.0,3.58,3.58,3.58,3.58,0.0,3.58,331.63,331.63,0.0,0.0,0.0,0.0,0.0,0.0,industrial_zone,4,68.86962751776525,131.94819320773524,88.3390513995732,76.22122134541203,1822.7894875114769,603.4145648218393,68.86962751776525,999.0,0,0,0,0,0,0,-1,-1,unclassified,0.3,No rule matched,unclassified,0.991,unclassified,0.3
-1418,12.09285,79.56569,1,1,0.3333333333333333,1.0,4.53,4.53,4.53,4.53,0.0,4.53,341.02,341.02,0.0,0.0,0.0,0.0,0.0,0.0,industrial_zone,4,70.21975977317369,142.27172245433653,77.61832387347671,70.74323457270671,1812.9079515990431,604.0112954565665,70.21975977317369,999.0,0,0,0,0,0,0,-1,-1,unclassified,0.3,No rule matched,unclassified,1.0,unclassified,0.3
-1419,12.09304,79.56533,1,1,0.3333333333333333,1.0,2.38,2.38,2.38,2.38,0.0,2.38,342.44,342.44,0.0,0.0,0.0,0.0,0.0,0.0,industrial_zone,4,70.18428711199843,142.2750341666573,77.59093236824185,70.72765600555933,1812.8796438278994,603.9845439235253,70.18428711199843,999.0,0,0,0,0,0,0,-1,-1,unclassified,0.3,No rule matched,unclassified,0.999,unclassified,0.3
-1420,12.13102,78.14007,1,1,0.3333333333333333,1.0,8.28,8.28,8.28,8.28,0.0,8.28,332.63,332.63,0.0,0.0,0.0,0.0,0.0,0.0,industrial_zone,4,58.98585988216976,258.7210530545667,71.65373010909121,63.143932947847766,1784.5682189983193,595.9868259585959,58.98585988216976,999.0,0,0,0,0,0,0,-1,-1,unclassified,0.3,No rule matched,unclassified,0.997,unclassified,0.3
-1421,12.38799,79.56133,1,1,0.3333333333333333,1.0,2.06,2.06,2.06,2.06,0.0,2.06,332.27,332.27,0.0,0.0,0.0,0.0,0.0,0.0,factory,1,38.614421604946976,116.30044469666045,45.46728007480351,38.614421604946976,1780.6290792883426,571.5099132009849,38.87443896103051,999.0,0,0,0,0,0,0,-1,-1,unclassified,0.3,No rule matched,unclassified,0.933,unclassified,0.3
-1422,12.55496,79.97733,1,1,0.3333333333333333,1.0,6.59,6.59,6.59,6.59,0.0,6.59,343.27,343.27,0.0,0.0,0.0,0.0,0.0,0.0,industrial_zone,4,11.894274698882343,75.53291816733747,32.439323810691924,19.238141978524293,1771.9111559082548,546.6155485837298,11.894274698882343,999.0,0,0,0,0,0,0,-1,-1,unclassified,0.3,No rule matched,unclassified,0.886,unclassified,0.3
-1423,12.63548,79.86098,1,1,0.3333333333333333,1.0,5.87,5.87,5.87,5.87,0.0,5.87,334.7,334.7,0.0,0.0,0.0,0.0,0.0,0.0,industrial_zone,4,8.330789896226804,74.3721336059562,25.538404650852517,18.431882015952677,1760.4150663433024,542.5402431871581,8.330789896226804,999.0,0,0,0,0,0,0,-1,-1,unclassified,0.3,No rule matched,unclassified,0.836,unclassified,0.3
-1424,12.6515,79.40098,1,1,0.3333333333333333,1.0,2.19,2.19,2.19,2.19,0.0,2.19,337.49,337.49,0.0,0.0,0.0,0.0,0.0,0.0,industrial_zone,4,11.433931007279984,110.77801900523228,15.1830294620817,28.20925828778795,1748.5070262061163,539.9752225798082,11.433931007279984,999.0,0,0,0,0,0,0,-1,-1,unclassified,0.3,No rule matched,unclassified,0.814,unclassified,0.3
-1425,12.65554,79.40025,1,1,0.3333333333333333,1.0,2.19,2.19,2.19,2.19,0.0,2.19,336.68,336.68,0.0,0.0,0.0,0.0,0.0,0.0,industrial_zone,4,11.29543712483112,110.61214244698688,14.783918500033737,27.76854921636403,1748.0509439728523,539.519413164474,11.29543712483112,999.0,0,0,0,0,0,0,-1,-1,unclassified,0.3,No rule matched,unclassified,0.809,unclassified,0.3
-1426,12.8083,79.95654,1,1,0.3333333333333333,1.0,3.64,3.64,3.64,3.64,0.0,3.64,331.11,331.11,0.0,0.0,0.0,0.0,0.0,0.0,factory,1,3.329719152800682,52.8871035776841,4.183413796568713,3.329719152800682,1743.9441942525445,520.9001326841066,3.4308815512439965,999.0,0,0,1,0,6,0,-1,-1,mining_activity,0.65,Persistent near mining/quarry area,mining_activity,0.988,mining_activity,0.988
-1427,12.82044,79.10441,1,1,0.3333333333333333,1.0,5.45,5.45,5.45,5.45,0.0,5.45,338.59,338.59,0.0,0.0,0.0,0.0,0.0,0.0,industrial_zone,4,5.542756954825454,132.53421500715277,14.47504490038257,13.69855687651853,1724.1210503135176,517.8274591541146,5.542756954825454,999.0,0,0,0,0,0,0,-1,-1,unclassified,0.3,No rule matched,unclassified,0.576,unclassified,0.3
-1428,12.82455,79.10368,1,1,0.3333333333333333,1.0,5.9,5.9,5.9,5.9,0.0,5.9,332.39,332.39,0.0,0.0,0.0,0.0,0.0,0.0,industrial_zone,4,5.082210356540885,132.4757596751678,14.06583359111476,13.30175819583108,1723.6572453645363,517.3655787352127,5.082210356540885,999.0,0,0,0,0,0,0,-1,-1,unclassified,0.3,No rule matched,unclassified,0.568,unclassified,0.3
-1429,12.88371,78.21547,1,1,0.3333333333333333,1.0,3.46,3.46,3.46,3.46,0.0,3.46,333.65,333.65,0.0,0.0,0.0,0.0,0.0,0.0,power_plant,3,5.5078484926402735,225.25951626968313,5.5078484926402735,33.954652211557125,1702.5012074753665,511.8935079955986,9.394187051774676,999.0,0,0,0,0,0,0,-1,-1,unclassified,0.3,No rule matched,unclassified,0.561,unclassified,0.3
-1430,13.20734,79.73056,1,1,0.3333333333333333,1.0,3.71,3.71,3.71,3.71,0.0,3.71,330.12,330.12,0.0,0.0,0.0,0.0,0.0,0.0,industrial_zone,4,10.183340005016404,58.981929492935016,14.864400892971547,16.05447185454099,1695.2751163497312,485.50119158657856,10.183340005016404,999.0,0,0,0,0,0,0,-1,-1,unclassified,0.3,No rule matched,unclassified,0.779,unclassified,0.3
-1431,14.43501,77.70506,1,1,0.3333333333333333,1.0,5.22,5.22,5.22,5.22,0.0,5.22,330.81,330.81,0.0,0.0,0.0,0.0,0.0,0.0,industrial_zone,4,2.952932801663015,310.9044548829012,4.02836831756089,31.060906305902705,1524.69486230396,353.44933531708966,2.952932801663015,999.0,0,0,1,0,2,0,-1,-1,mining_activity,0.65,Persistent near mining/quarry area,mining_activity,0.993,mining_activity,0.993
-1432,14.43581,77.70943,1,1,0.3333333333333333,1.0,11.47,11.47,11.47,11.47,0.0,11.47,343.02,343.02,0.0,0.0,0.0,0.0,0.0,0.0,industrial_zone,4,2.906721438043625,310.52311398248884,4.408277212475645,31.305571459243396,1524.6576137791108,353.2222774955104,2.906721438043625,999.0,0,0,1,0,2,0,-1,-1,mining_activity,0.65,Persistent near mining/quarry area,mining_activity,0.915,mining_activity,0.915
-1433,14.49206,77.77126,1,1,0.3333333333333333,1.0,8.52,8.52,8.52,8.52,0.0,8.52,343.95,343.95,0.0,0.0,0.0,0.0,0.0,0.0,power_plant,3,6.398439283008287,307.4838903687264,6.398439283008287,39.696838487942884,1519.1812996795318,345.27840419787793,10.943805675479357,999.0,0,0,0,0,0,0,-1,-1,unclassified,0.3,No rule matched,unclassified,0.809,unclassified,0.3
-1434,14.54064,79.68484,1,1,0.3333333333333333,1.0,9.29,9.29,9.29,9.29,0.0,9.29,344.26,344.26,0.0,0.0,0.0,0.0,0.0,0.0,power_plant,3,11.097928664167076,164.66955896656313,11.097928664167076,19.648087871376774,1549.701033839098,341.02381079718344,11.457498251611568,999.0,0,0,0,0,0,0,-1,-1,unclassified,0.3,No rule matched,unclassified,0.865,unclassified,0.3
-1435,14.86462,77.31979,1,1,0.3333333333333333,1.0,2.62,2.62,2.62,2.62,0.0,2.62,335.31,335.31,0.0,0.0,0.0,0.0,0.0,0.0,industrial_zone,4,8.219544330258115,370.087757578211,35.12652126137938,50.63294962576888,1473.1055695609136,324.9342389976501,8.219544330258115,999.0,0,0,0,0,0,0,-1,-1,unclassified,0.3,No rule matched,unclassified,0.875,unclassified,0.3
-1436,14.95313,79.62963,1,1,0.3333333333333333,1.0,5.79,5.79,5.79,5.79,0.0,5.79,338.9,338.9,0.0,0.0,0.0,0.0,0.0,0.0,power_plant,3,12.042349689692138,209.5525585298616,12.042349689692138,42.51197210223936,1503.7237077361285,295.6217316913959,36.33995946811424,999.0,0,0,0,0,0,0,-1,-1,unclassified,0.3,No rule matched,unclassified,0.837,unclassified,0.3
-1437,14.95399,79.63455,1,1,0.3333333333333333,1.0,5.79,5.79,5.79,5.79,0.0,5.79,333.95,333.95,0.0,0.0,0.0,0.0,0.0,0.0,power_plant,3,12.393047644331883,209.4648404805076,12.393047644331883,42.76676619203551,1503.7560066414155,295.70561962297995,36.6275981351343,999.0,0,0,0,0,0,0,-1,-1,unclassified,0.3,No rule matched,unclassified,0.817,unclassified,0.3
-1438,15.18663,76.75148,1,1,0.3333333333333333,1.0,3.78,3.78,3.78,3.78,0.0,3.78,337.67,337.67,0.0,0.0,0.0,0.0,0.0,0.0,industrial_zone,4,3.8159072415485196,440.8472217920665,12.576870564050763,20.667692506188693,1433.2222676139938,328.42556454323187,3.8159072415485196,999.0,0,0,0,0,7,0,-1,-1,mining_activity,0.65,Persistent near mining/quarry area,mining_activity,0.995,mining_activity,0.995
-1439,15.88618,79.82315,1,1,0.3333333333333333,1.0,7.0,7.0,7.0,7.0,0.0,7.0,338.82,338.82,0.0,0.0,0.0,0.0,0.0,0.0,industrial_zone,4,13.44347461808446,231.6453564892532,14.36129374037493,38.42837305370672,1408.508181175473,211.34897507258643,13.44347461808446,999.0,0,0,0,0,0,0,-1,-1,unclassified,0.3,No rule matched,unclassified,0.842,unclassified,0.3
-1440,15.88993,79.82246,1,1,0.3333333333333333,1.0,7.0,7.0,7.0,7.0,0.0,7.0,339.55,339.55,0.0,0.0,0.0,0.0,0.0,0.0,industrial_zone,4,13.762991429808023,231.5909675354682,14.781048703608672,38.72123213935588,1408.086594364686,210.96159290598735,13.762991429808023,999.0,0,0,0,0,0,0,-1,-1,unclassified,0.3,No rule matched,unclassified,0.838,unclassified,0.3
-1441,17.95781,80.79736,1,1,0.3333333333333333,1.0,5.73,5.73,5.73,5.73,0.0,5.73,336.54,336.54,0.0,0.0,0.0,0.0,0.0,0.0,power_plant,3,3.1198946952202964,199.56938400973806,3.1198946952202964,38.64315357014749,1224.0497477176984,126.5215010470058,3.3590412535594085,999.0,0,0,1,0,3,0,-1,-1,mining_activity,0.65,Persistent near mining/quarry area,mining_activity,0.995,mining_activity,0.995
-1442,27.52273,68.33573,1,1,0.3333333333333333,1.0,7.3,7.3,7.3,7.3,0.0,7.3,353.91,353.91,0.0,0.0,0.0,0.0,0.0,0.0,industrial_zone,4,321.88308620848494,588.3455526303571,322.53893855547875,479.8017697349981,759.4081783337583,593.5110350723077,321.88308620848494,999.0,0,0,0,0,0,0,-1,-1,unclassified,0.3,No rule matched,unclassified,0.996,unclassified,0.3
-1443,30.67169,73.90612,1,1,0.3333333333333333,1.0,3.03,3.03,3.03,3.03,0.0,3.03,334.61,334.61,0.0,0.0,0.0,0.0,0.0,0.0,industrial_zone,4,60.11272613384408,130.7967983622424,72.13775836135758,61.56684183888043,356.22158145641436,1007.125844713346,60.11272613384408,999.0,0,0,0,0,0,0,-1,-1,unclassified,0.3,No rule matched,unclassified,0.99,unclassified,0.3
-1444,32.2988,73.30443,1,1,0.3333333333333333,1.0,2.61,2.61,2.61,2.61,0.0,2.61,331.8,331.8,0.0,0.0,0.0,0.0,0.0,0.0,factory,1,196.56634433280942,307.6796416856836,197.77568139665914,196.56634433280942,539.4672401596808,1155.364683597663,197.2465130390433,999.0,0,0,0,0,0,0,-1,-1,unclassified,0.3,No rule matched,unclassified,1.0,unclassified,0.3
