frp,bright_ti4,bright_ti5,dist_refinery,dist_factory,dist_industrial_zone,dist_oil_gas,dist_mining,dist_forest,dist_agriculture,dist_powerplant,has_refinery_5km,has_powerplant_5km,has_factory_5km,has_industrial_2km,count_ind_5km,count_ref_5km,label,latitude,longitude
1.55,330.17,290.31,999.0,999.0,999.0,999.0,999.0,999.0,999.0,999.0,0.0,0.0,0.0,0.0,0.0,0.0,unclassified,6.18732,80.72151
1.77,332.7,294.58,999.0,999.0,999.0,999.0,999.0,999.0,999.0,999.0,0.0,0.0,0.0,0.0,0.0,0.0,unclassified,6.26317,81.08282
5.02,335.56,295.14,999.0,999.0,999.0,999.0,999.0,999.0,999.0,999.0,0.0,0.0,0.0,0.0,0.0,0.0,unclassified,6.29037,80.85827
3.54,331.57,292.73,999.0,999.0,999.0,999.0,999.0,999.0,999.0,999.0,0.0,0.0,0.0,0.0,0.0,0.0,unclassified,6.45157,81.09538
1.69,332.0,297.91,999.0,999.0,999.0,999.0,999.0,999.0,999.0,999.0,0.0,0.0,0.0,0.0,0.0,0.0,unclassified,6.55132,81.14516
3.48,335.08,299.08,999.0,999.0,999.0,999.0,999.0,999.0,999.0,999.0,0.0,0.0,0.0,0.0,0.0,0.0,unclassified,6.56966,81.1199
4.39,335.25,297.81,999.0,999.0,999.0,999.0,999.0,999.0,999.0,999.0,0.0,0.0,0.0,0.0,0.0,0.0,unclassified,6.59253,80.92814
3.63,332.43,299.29,999.0,999.0,999.0,999.0,999.0,999.0,999.0,999.0,0.0,0.0,0.0,0.0,0.0,0.0,unclassified,6.69094,81.32561
2.3,335.85,298.04,999.0,999.0,999.0,999.0,999.0,999.0,999.0,999.0,0.0,0.0,0.0,0.0,0.0,0.0,unclassified,6.7207,81.24134
3.27,330.74,300.2,999.0,999.0,999.0,999.0,999.0,999.0,999.0,999.0,0.0,0.0,0.0,0.0,0.0,0.0,unclassified,6.74808,81.52004
2.88,331.5,302.94,999.0,999.0,999.0,999.0,999.0,999.0,999.0,999.0,0.0,0.0,0.0,0.0,0.0,0.0,unclassified,6.79481,81.59746
2.88,332.93,302.59,999.0,999.0,999.0,999.0,999.0,999.0,999.0,999.0,0.0,0.0,0.0,0.0,0.0,0.0,unclassified,6.80013,81.59657
2.88,353.05,303.49,999.0,999.0,999.0,999.0,999.0,999.0,999.0,999.0,0.0,0.0,0.0,0.0,0.0,0.0,unclassified,6.80072,81.59989
3.86,335.27,299.73,999.0,999.0,999.0,999.0,999.0,999.0,999.0,999.0,0.0,0.0,0.0,0.0,0.0,0.0,unclassified,6.85732,81.46571
3.86,340.55,298.78,999.0,999.0,999.0,999.0,999.0,999.0,999.0,999.0,0.0,0.0,0.0,0.0,0.0,0.0,unclassified,6.86213,81.46165
5.27,345.12,302.21,999.0,999.0,999.0,999.0,999.0,999.0,999.0,999.0,0.0,0.0,0.0,0.0,0.0,0.0,unclassified,7.0117,81.60833
6.13,333.68,299.88,999.0,999.0,999.0,999.0,999.0,999.0,999.0,999.0,0.0,0.0,0.0,0.0,0.0,0.0,unclassified,7.01405,81.62167
4.91,346.6,297.38,999.0,999.0,999.0,999.0,999.0,999.0,999.0,999.0,0.0,0.0,0.0,0.0,0.0,0.0,unclassified,7.05386,81.45487
4.42,351.52,297.06,999.0,999.0,999.0,999.0,999.0,999.0,999.0,999.0,0.0,0.0,0.0,0.0,0.0,0.0,unclassified,7.0563,81.45523
4.42,330.89,297.05,999.0,999.0,999.0,999.0,999.0,999.0,999.0,999.0,0.0,0.0,0.0,0.0,0.0,0.0,unclassified,7.05682,81.45827
3.42,338.1,299.05,999.0,999.0,999.0,999.0,999.0,999.0,999.0,999.0,0.0,0.0,0.0,0.0,0.0,0.0,unclassified,7.05835,81.59419
7.77,351.02,298.1,999.0,999.0,999.0,999.0,999.0,999.0,999.0,999.0,0.0,0.0,0.0,0.0,0.0,0.0,unclassified,7.05969,81.45664
3.02,331.94,297.59,999.0,999.0,999.0,999.0,999.0,999.0,999.0,999.0,0.0,0.0,0.0,0.0,0.0,0.0,unclassified,7.06316,81.80867
3.48,367.0,297.65,999.0,999.0,999.0,999.0,999.0,999.0,999.0,999.0,0.0,0.0,0.0,0.0,0.0,0.0,unclassified,7.09891,81.70583
6.61,349.97,297.84,999.0,999.0,999.0,999.0,999.0,999.0,999.0,999.0,0.0,0.0,0.0,0.0,0.0,0.0,unclassified,7.09954,81.70715
3.78,337.01,299.55,999.0,999.0,999.0,999.0,999.0,999.0,999.0,999.0,0.0,0.0,0.0,0.0,0.0,0.0,unclassified,7.11475,81.67311
2.86,330.11,299.41,999.0,999.0,999.0,999.0,999.0,999.0,999.0,999.0,0.0,0.0,0.0,0.0,0.0,0.0,unclassified,7.17839,81.81988
3.53,345.56,300.66,999.0,999.0,999.0,999.0,999.0,999.0,999.0,999.0,0.0,0.0,0.0,0.0,0.0,0.0,unclassified,7.21062,81.82043
4.08,344.85,300.9,999.0,999.0,999.0,999.0,999.0,999.0,999.0,999.0,0.0,0.0,0.0,0.0,0.0,0.0,unclassified,7.21071,81.82072
6.92,351.23,297.9,999.0,999.0,999.0,999.0,999.0,999.0,999.0,999.0,0.0,0.0,0.0,0.0,0.0,0.0,unclassified,7.25258,80.891
7.73,342.33,299.97,999.0,999.0,999.0,999.0,999.0,999.0,999.0,999.0,0.0,0.0,0.0,0.0,0.0,0.0,unclassified,7.25519,81.708
1.36,330.59,296.67,999.0,999.0,999.0,999.0,999.0,999.0,999.0,999.0,0.0,0.0,0.0,0.0,0.0,0.0,unclassified,7.2765,81.73724
1.98,330.0,298.71,999.0,999.0,999.0,999.0,999.0,999.0,999.0,999.0,0.0,0.0,0.0,0.0,0.0,0.0,unclassified,7.29333,81.80293
9.2,367.0,300.63,999.0,999.0,999.0,999.0,999.0,999.0,999.0,999.0,0.0,0.0,0.0,0.0,0.0,0.0,unclassified,7.30922,81.77083
4.54,367.0,300.2,999.0,999.0,999.0,999.0,999.0,999.0,999.0,999.0,0.0,0.0,0.0,0.0,0.0,0.0,unclassified,7.30948,81.76926
4.54,333.94,299.4,999.0,999.0,999.0,999.0,999.0,999.0,999.0,999.0,0.0,0.0,0.0,0.0,0.0,0.0,unclassified,7.31005,81.77242
1.16,332.08,298.75,999.0,999.0,999.0,999.0,999.0,999.0,999.0,999.0,0.0,0.0,0.0,0.0,0.0,0.0,unclassified,7.32084,81.83221
2.69,330.77,303.45,999.0,999.0,999.0,999.0,999.0,999.0,999.0,999.0,0.0,0.0,0.0,0.0,0.0,0.0,unclassified,7.33017,81.13794
5.25,337.45,300.03,999.0,999.0,999.0,999.0,999.0,999.0,999.0,999.0,0.0,0.0,0.0,0.0,0.0,0.0,unclassified,7.33055,81.24025
7.56,367.0,302.17,999.0,999.0,999.0,999.0,999.0,999.0,999.0,999.0,0.0,0.0,0.0,0.0,0.0,0.0,unclassified,7.33164,81.2386
6.69,337.02,299.41,999.0,999.0,999.0,999.0,999.0,999.0,999.0,999.0,0.0,0.0,0.0,0.0,0.0,0.0,unclassified,7.33388,80.93858
6.2,345.38,299.85,999.0,999.0,999.0,999.0,999.0,999.0,999.0,999.0,0.0,0.0,0.0,0.0,0.0,0.0,unclassified,7.33598,81.23946
4.7,333.25,305.63,999.0,999.0,999.0,999.0,999.0,999.0,999.0,999.0,0.0,0.0,0.0,0.0,0.0,0.0,unclassified,7.33735,81.20861
4.46,344.8,304.02,999.0,999.0,999.0,999.0,999.0,999.0,999.0,999.0,0.0,0.0,0.0,0.0,0.0,0.0,unclassified,7.34089,81.19734
2.01,335.09,299.2,999.0,999.0,999.0,999.0,999.0,999.0,999.0,999.0,0.0,0.0,0.0,0.0,0.0,0.0,unclassified,7.34386,81.72089
2.52,331.95,302.31,999.0,999.0,999.0,999.0,999.0,999.0,999.0,999.0,0.0,0.0,0.0,0.0,0.0,0.0,unclassified,7.35963,81.1146
3.16,342.46,299.49,999.0,999.0,999.0,999.0,999.0,999.0,999.0,999.0,0.0,0.0,0.0,0.0,0.0,0.0,unclassified,7.37055,81.71949
4.19,345.05,300.29,999.0,999.0,999.0,999.0,999.0,999.0,999.0,999.0,0.0,0.0,0.0,0.0,0.0,0.0,unclassified,7.37772,81.37109
3.32,337.06,301.45,999.0,999.0,999.0,999.0,999.0,999.0,999.0,999.0,0.0,0.0,0.0,0.0,0.0,0.0,unclassified,7.37863,81.15845
4.13,335.97,301.73,999.0,999.0,999.0,999.0,999.0,999.0,999.0,999.0,0.0,0.0,0.0,0.0,0.0,0.0,unclassified,7.38031,81.00896
1.87,330.66,303.02,999.0,999.0,999.0,999.0,999.0,999.0,999.0,999.0,0.0,0.0,0.0,0.0,0.0,0.0,unclassified,7.39372,81.18061
2.34,330.17,301.43,999.0,999.0,999.0,999.0,999.0,999.0,999.0,999.0,0.0,0.0,0.0,0.0,0.0,0.0,unclassified,7.4081,81.06524
5.28,343.34,298.42,999.0,999.0,999.0,999.0,999.0,999.0,999.0,999.0,0.0,0.0,0.0,0.0,0.0,0.0,unclassified,7.47581,80.9069
2.49,331.6,299.83,999.0,999.0,999.0,999.0,999.0,999.0,999.0,999.0,0.0,0.0,0.0,0.0,0.0,0.0,unclassified,7.47632,81.74171
9.56,337.82,297.76,999.0,999.0,999.0,999.0,999.0,999.0,999.0,999.0,0.0,0.0,0.0,0.0,0.0,0.0,unclassified,7.48,80.90331
4.16,348.72,300.93,999.0,999.0,999.0,999.0,999.0,999.0,999.0,999.0,0.0,0.0,0.0,0.0,0.0,0.0,unclassified,7.4839,81.20641
10.43,367.0,299.5,999.0,999.0,999.0,999.0,999.0,999.0,999.0,999.0,0.0,0.0,0.0,0.0,0.0,0.0,unclassified,7.5465,81.29754
10.62,339.76,297.4,999.0,999.0,999.0,999.0,999.0,999.0,999.0,999.0,0.0,0.0,0.0,0.0,0.0,0.0,unclassified,7.55034,81.30028
12.95,333.64,297.08,999.0,999.0,999.0,999.0,999.0,999.0,999.0,999.0,0.0,0.0,0.0,0.0,0.0,0.0,unclassified,7.5525,81.30016
2.19,332.58,300.23,999.0,999.0,999.0,999.0,999.0,999.0,999.0,999.0,0.0,0.0,0.0,0.0,0.0,0.0,unclassified,7.55483,81.72664
4.47,339.41,301.87,999.0,999.0,999.0,999.0,999.0,999.0,999.0,999.0,0.0,0.0,0.0,0.0,0.0,0.0,unclassified,7.69899,81.23794
4.47,331.83,302.61,999.0,999.0,999.0,999.0,999.0,999.0,999.0,999.0,0.0,0.0,0.0,0.0,0.0,0.0,unclassified,7.6996,81.24136
4.94,336.52,292.6,999.0,999.0,999.0,999.0,999.0,999.0,999.0,999.0,0.0,0.0,0.0,0.0,0.0,0.0,unclassified,7.71905,80.52895
4.91,331.91,296.79,999.0,999.0,999.0,999.0,999.0,999.0,999.0,999.0,0.0,0.0,0.0,0.0,0.0,0.0,unclassified,7.8105,80.81985
10.48,367.0,297.28,999.0,999.0,999.0,999.0,999.0,999.0,999.0,999.0,0.0,0.0,0.0,0.0,0.0,0.0,unclassified,7.86967,80.6083
6.15,331.94,296.04,999.0,999.0,999.0,999.0,999.0,999.0,999.0,999.0,0.0,0.0,0.0,0.0,0.0,0.0,unclassified,7.87255,80.60516
6.15,356.53,296.09,999.0,999.0,999.0,999.0,999.0,999.0,999.0,999.0,0.0,0.0,0.0,0.0,0.0,0.0,unclassified,7.87323,80.60886
6.12,346.26,296.87,999.0,999.0,999.0,999.0,999.0,999.0,999.0,999.0,0.0,0.0,0.0,0.0,0.0,0.0,unclassified,7.89672,80.64297
6.45,333.33,296.18,999.0,999.0,999.0,999.0,999.0,999.0,999.0,999.0,0.0,0.0,0.0,0.0,0.0,0.0,unclassified,7.9031,80.61494
3.85,353.32,302.94,999.0,999.0,999.0,999.0,999.0,999.0,999.0,999.0,0.0,0.0,0.0,0.0,0.0,0.0,unclassified,7.90335,81.47719
5.98,345.59,301.76,999.0,999.0,999.0,999.0,999.0,999.0,999.0,999.0,0.0,0.0,0.0,0.0,0.0,0.0,unclassified,7.90781,81.475
7.3,337.97,301.8,999.0,999.0,999.0,999.0,999.0,999.0,999.0,999.0,0.0,0.0,0.0,0.0,0.0,0.0,unclassified,7.9084,81.47823
3.85,344.69,302.12,999.0,999.0,999.0,999.0,999.0,999.0,999.0,999.0,0.0,0.0,0.0,0.0,0.0,0.0,unclassified,7.90861,81.47627
10.06,348.87,299.61,999.0,999.0,999.0,999.0,999.0,999.0,999.0,999.0,0.0,0.0,0.0,0.0,0.0,0.0,unclassified,7.93935,81.31718
2.97,341.44,299.64,999.0,999.0,999.0,999.0,999.0,999.0,999.0,999.0,0.0,0.0,0.0,0.0,0.0,0.0,unclassified,7.94051,81.29297
7.38,331.33,300.85,999.0,999.0,999.0,999.0,999.0,999.0,999.0,999.0,0.0,0.0,0.0,0.0,0.0,0.0,unclassified,7.94348,81.30961
4.34,347.93,297.24,999.0,999.0,999.0,999.0,999.0,999.0,999.0,999.0,0.0,0.0,0.0,0.0,0.0,0.0,unclassified,8.07954,80.59356
4.24,343.59,296.46,999.0,999.0,999.0,999.0,999.0,999.0,999.0,999.0,0.0,0.0,0.0,0.0,0.0,0.0,unclassified,8.08167,80.59393
3.14,334.83,296.52,999.0,999.0,999.0,999.0,999.0,999.0,999.0,999.0,0.0,0.0,0.0,0.0,0.0,0.0,unclassified,8.09333,80.78801
5.0,333.46,294.82,999.0,999.0,999.0,999.0,999.0,999.0,999.0,999.0,0.0,0.0,0.0,0.0,0.0,0.0,unclassified,8.16788,80.58058
3.37,334.55,294.71,999.0,999.0,999.0,999.0,999.0,999.0,999.0,999.0,0.0,0.0,0.0,0.0,0.0,0.0,unclassified,8.16905,80.58099
3.51,330.49,299.63,999.0,999.0,999.0,999.0,999.0,999.0,999.0,999.0,0.0,0.0,0.0,0.0,0.0,0.0,unclassified,8.1841,81.33057
3.87,346.97,297.62,999.0,999.0,999.0,999.0,999.0,999.0,999.0,999.0,0.0,0.0,0.0,0.0,0.0,0.0,unclassified,8.28928,81.02506
2.38,332.66,297.25,999.0,999.0,999.0,999.0,999.0,999.0,999.0,999.0,0.0,0.0,0.0,0.0,0.0,0.0,unclassified,8.34616,81.03253
10.6,367.0,296.76,999.0,999.0,999.0,999.0,999.0,999.0,999.0,999.0,0.0,0.0,0.0,0.0,0.0,0.0,unclassified,8.3484,80.66866
5.46,332.79,298.19,999.0,999.0,999.0,999.0,999.0,999.0,999.0,999.0,0.0,0.0,0.0,0.0,0.0,0.0,unclassified,8.35486,80.79696
4.83,339.09,296.26,999.0,999.0,999.0,999.0,999.0,999.0,999.0,999.0,0.0,0.0,0.0,0.0,0.0,0.0,unclassified,8.36511,80.79137
3.42,340.53,296.31,999.0,999.0,999.0,999.0,999.0,999.0,999.0,999.0,0.0,0.0,0.0,0.0,0.0,0.0,unclassified,8.37057,80.79036
15.26,367.0,295.7,999.0,999.0,999.0,999.0,999.0,999.0,999.0,999.0,0.0,0.0,0.0,0.0,0.0,0.0,unclassified,8.38044,80.47367
7.16,348.29,294.79,999.0,999.0,999.0,999.0,999.0,999.0,999.0,999.0,0.0,0.0,0.0,0.0,0.0,0.0,unclassified,8.38162,80.47205
3.93,333.79,297.03,999.0,999.0,999.0,999.0,999.0,999.0,999.0,999.0,0.0,0.0,0.0,0.0,0.0,0.0,unclassified,8.38184,80.82143
7.16,349.91,294.48,999.0,999.0,999.0,999.0,999.0,999.0,999.0,999.0,0.0,0.0,0.0,0.0,0.0,0.0,unclassified,8.38229,80.47581
10.5,367.0,298.53,999.0,999.0,999.0,999.0,999.0,999.0,999.0,999.0,0.0,0.0,0.0,0.0,0.0,0.0,unclassified,8.38728,80.82038
4.19,346.91,292.68,999.0,999.0,999.0,999.0,999.0,999.0,999.0,999.0,0.0,0.0,0.0,0.0,0.0,0.0,unclassified,8.41492,80.56696
8.01,350.19,293.83,999.0,999.0,999.0,999.0,999.0,999.0,999.0,999.0,0.0,0.0,0.0,0.0,0.0,0.0,unclassified,8.41631,80.3227
11.58,338.39,293.64,999.0,999.0,999.0,999.0,999.0,999.0,999.0,999.0,0.0,0.0,0.0,0.0,0.0,0.0,unclassified,8.417,80.32652
4.76,337.46,296.5,999.0,999.0,999.0,999.0,999.0,999.0,999.0,999.0,0.0,0.0,0.0,0.0,0.0,0.0,unclassified,8.43109,80.65472
7.09,346.61,296.67,999.0,999.0,999.0,999.0,999.0,999.0,999.0,999.0,0.0,0.0,0.0,0.0,0.0,0.0,unclassified,8.43729,80.78544
5.6,346.04,296.53,999.0,999.0,999.0,999.0,999.0,999.0,999.0,999.0,0.0,0.0,0.0,0.0,0.0,0.0,unclassified,8.43836,80.78616
9.66,367.0,294.79,999.0,999.0,999.0,999.0,999.0,999.0,999.0,999.0,0.0,0.0,0.0,0.0,0.0,0.0,unclassified,8.44558,80.73347
6.59,354.33,297.23,999.0,999.0,999.0,999.0,999.0,999.0,999.0,999.0,0.0,0.0,0.0,0.0,0.0,0.0,unclassified,8.46852,81.11768
5.79,343.04,297.33,999.0,999.0,999.0,999.0,999.0,999.0,999.0,999.0,0.0,0.0,0.0,0.0,0.0,0.0,unclassified,8.47271,80.81999
9.47,367.0,298.18,999.0,999.0,999.0,999.0,999.0,999.0,999.0,999.0,0.0,0.0,0.0,0.0,0.0,0.0,unclassified,8.47463,80.83051
9.47,335.16,295.19,999.0,999.0,999.0,999.0,999.0,999.0,999.0,999.0,0.0,0.0,0.0,0.0,0.0,0.0,unclassified,8.47527,80.83401
6.74,346.96,296.26,999.0,999.0,999.0,999.0,999.0,999.0,999.0,999.0,0.0,0.0,0.0,0.0,0.0,0.0,unclassified,8.47878,80.82249
6.74,334.44,295.75,999.0,999.0,999.0,999.0,999.0,999.0,999.0,999.0,0.0,0.0,0.0,0.0,0.0,0.0,unclassified,8.47942,80.826
1.95,339.61,294.9,999.0,999.0,999.0,999.0,999.0,999.0,999.0,999.0,0.0,0.0,0.0,0.0,0.0,0.0,unclassified,8.49191,80.80196
3.02,332.88,296.2,999.0,999.0,999.0,999.0,999.0,999.0,999.0,999.0,0.0,0.0,0.0,0.0,0.0,0.0,unclassified,8.49255,80.8055
3.34,330.36,294.23,999.0,999.0,999.0,999.0,999.0,999.0,999.0,999.0,0.0,0.0,0.0,0.0,0.0,0.0,unclassified,8.4979,80.15121
3.76,333.16,295.6,999.0,999.0,999.0,999.0,999.0,999.0,999.0,999.0,0.0,0.0,0.0,0.0,0.0,0.0,unclassified,8.51043,80.68813
3.47,344.89,294.34,999.0,999.0,999.0,999.0,999.0,999.0,999.0,999.0,0.0,0.0,0.0,0.0,0.0,0.0,unclassified,8.52422,80.67086
3.08,347.72,294.27,999.0,999.0,999.0,999.0,999.0,999.0,999.0,999.0,0.0,0.0,0.0,0.0,0.0,0.0,unclassified,8.52491,80.67143
3.41,337.48,295.5,999.0,999.0,999.0,999.0,999.0,999.0,999.0,999.0,0.0,0.0,0.0,0.0,0.0,0.0,unclassified,8.52835,80.81718
6.76,333.26,295.2,999.0,999.0,999.0,999.0,999.0,999.0,999.0,999.0,0.0,0.0,0.0,0.0,0.0,0.0,unclassified,8.53487,80.79079
6.76,367.0,296.16,999.0,999.0,999.0,999.0,999.0,999.0,999.0,999.0,0.0,0.0,0.0,0.0,0.0,0.0,unclassified,8.53549,80.7943
11.89,367.0,296.67,999.0,999.0,999.0,999.0,999.0,999.0,999.0,999.0,0.0,0.0,0.0,0.0,0.0,0.0,unclassified,8.53568,80.79343
1.52,336.61,291.88,999.0,999.0,999.0,999.0,999.0,999.0,999.0,999.0,0.0,0.0,0.0,0.0,0.0,0.0,unclassified,8.54068,80.66792
4.57,333.05,294.44,999.0,999.0,999.0,999.0,999.0,999.0,999.0,999.0,0.0,0.0,0.0,0.0,0.0,0.0,unclassified,8.54718,80.61058
2.86,336.61,295.74,999.0,999.0,999.0,999.0,999.0,999.0,999.0,999.0,0.0,0.0,0.0,0.0,0.0,0.0,unclassified,8.55356,80.76841
4.1,330.74,296.0,999.0,999.0,999.0,999.0,999.0,999.0,999.0,999.0,0.0,0.0,0.0,0.0,0.0,0.0,unclassified,8.55561,80.68747
3.36,332.67,294.45,999.0,999.0,999.0,999.0,999.0,999.0,999.0,999.0,0.0,0.0,0.0,0.0,0.0,0.0,unclassified,8.57298,80.41463
7.07,334.48,295.38,999.0,999.0,999.0,999.0,999.0,999.0,999.0,999.0,0.0,0.0,0.0,0.0,0.0,0.0,unclassified,8.57462,80.41475
4.88,330.72,294.33,999.0,999.0,999.0,999.0,999.0,999.0,999.0,999.0,0.0,0.0,0.0,0.0,0.0,0.0,unclassified,8.57646,80.64652
5.5,331.96,295.02,999.0,999.0,999.0,999.0,999.0,999.0,999.0,999.0,0.0,0.0,0.0,0.0,0.0,0.0,unclassified,8.5813,80.64192
2.65,337.58,294.08,999.0,999.0,999.0,999.0,999.0,999.0,999.0,999.0,0.0,0.0,0.0,0.0,0.0,0.0,unclassified,8.58795,80.74087
3.05,332.41,294.7,999.0,999.0,999.0,999.0,999.0,999.0,999.0,999.0,0.0,0.0,0.0,0.0,0.0,0.0,unclassified,8.59681,80.66502
6.82,330.01,293.63,999.0,999.0,999.0,999.0,999.0,999.0,999.0,999.0,0.0,0.0,0.0,0.0,0.0,0.0,unclassified,8.61355,80.69516
6.82,356.1,294.17,999.0,999.0,999.0,999.0,999.0,999.0,999.0,999.0,0.0,0.0,0.0,0.0,0.0,0.0,unclassified,8.61902,80.69415
4.64,336.36,292.77,999.0,999.0,999.0,999.0,999.0,999.0,999.0,999.0,0.0,0.0,0.0,0.0,0.0,0.0,unclassified,8.61938,80.69332
6.08,341.84,294.26,999.0,999.0,999.0,999.0,999.0,999.0,999.0,999.0,0.0,0.0,0.0,0.0,0.0,0.0,unclassified,8.62972,80.6591
5.23,353.41,293.71,999.0,999.0,999.0,999.0,999.0,999.0,999.0,999.0,0.0,0.0,0.0,0.0,0.0,0.0,unclassified,8.62986,80.65842
2.95,334.37,293.45,999.0,999.0,999.0,999.0,999.0,999.0,999.0,999.0,0.0,0.0,0.0,0.0,0.0,0.0,unclassified,8.63088,80.72893
3.78,340.11,293.66,999.0,999.0,999.0,999.0,999.0,999.0,999.0,999.0,0.0,0.0,0.0,0.0,0.0,0.0,unclassified,8.6315,80.72802
6.05,333.95,293.82,999.0,999.0,999.0,999.0,999.0,999.0,999.0,999.0,0.0,0.0,0.0,0.0,0.0,0.0,unclassified,8.63386,80.52625
5.31,330.18,294.32,999.0,999.0,999.0,999.0,999.0,999.0,999.0,999.0,0.0,0.0,0.0,0.0,0.0,0.0,unclassified,8.63886,80.4912
7.96,339.61,295.01,999.0,999.0,999.0,999.0,999.0,999.0,999.0,999.0,0.0,0.0,0.0,0.0,0.0,0.0,unclassified,8.63953,80.49488
3.92,340.54,293.89,999.0,999.0,999.0,999.0,999.0,999.0,999.0,999.0,0.0,0.0,0.0,0.0,0.0,0.0,unclassified,8.6888,80.35437
4.47,349.2,293.08,999.0,999.0,999.0,999.0,999.0,999.0,999.0,999.0,0.0,0.0,0.0,0.0,0.0,0.0,unclassified,8.69176,80.35313
5.77,349.27,297.45,999.0,999.0,999.0,999.0,999.0,999.0,999.0,999.0,0.0,0.0,0.0,0.0,0.0,0.0,unclassified,8.72116,81.12231
5.77,334.56,291.57,999.0,999.0,999.0,999.0,999.0,999.0,999.0,999.0,0.0,0.0,0.0,0.0,0.0,0.0,unclassified,8.72707,81.12466
3.67,336.94,296.83,999.0,999.0,999.0,999.0,999.0,999.0,999.0,999.0,0.0,0.0,0.0,0.0,0.0,0.0,unclassified,8.76981,80.87205
5.21,333.34,294.93,999.0,999.0,999.0,999.0,999.0,999.0,999.0,999.0,0.0,0.0,0.0,0.0,0.0,0.0,unclassified,8.85165,80.32201
4.93,337.57,295.68,999.0,999.0,999.0,999.0,999.0,999.0,999.0,999.0,0.0,0.0,0.0,0.0,0.0,0.0,unclassified,9.41724,80.38377
3.24,332.16,295.53,999.0,999.0,999.0,999.0,999.0,999.0,999.0,999.0,0.0,0.0,0.0,0.0,0.0,0.0,unclassified,9.43089,80.39628
3.58,330.56,295.24,999.0,999.0,999.0,999.0,999.0,999.0,999.0,999.0,0.0,0.0,0.0,0.0,0.0,0.0,unclassified,9.43142,80.39938
6.05,335.15,295.31,999.0,999.0,999.0,999.0,999.0,999.0,999.0,999.0,0.0,0.0,0.0,0.0,0.0,0.0,unclassified,9.43211,80.3729
6.5,341.55,295.23,999.0,999.0,999.0,999.0,999.0,999.0,999.0,999.0,0.0,0.0,0.0,0.0,0.0,0.0,unclassified,9.43242,80.37336
10.97,354.0,295.64,999.0,999.0,999.0,999.0,999.0,999.0,999.0,999.0,0.0,0.0,0.0,0.0,0.0,0.0,unclassified,9.4328,80.37656
8.7,347.25,295.69,999.0,999.0,999.0,999.0,999.0,999.0,999.0,999.0,0.0,0.0,0.0,0.0,0.0,0.0,unclassified,9.43308,80.37701
3.54,330.6,295.41,999.0,999.0,999.0,999.0,999.0,999.0,999.0,999.0,0.0,0.0,0.0,0.0,0.0,0.0,unclassified,9.43506,80.38796
3.24,330.96,295.72,999.0,999.0,999.0,999.0,999.0,999.0,999.0,999.0,0.0,0.0,0.0,0.0,0.0,0.0,unclassified,9.43638,80.39525
9.47,354.25,295.12,999.0,999.0,999.0,999.0,999.0,999.0,999.0,999.0,0.0,0.0,0.0,0.0,0.0,0.0,unclassified,9.64267,80.31721
8.95,367.0,295.82,999.0,999.0,999.0,999.0,999.0,999.0,999.0,999.0,0.0,0.0,0.0,0.0,0.0,0.0,unclassified,9.643,80.31789
11.93,353.27,295.09,999.0,999.0,999.0,999.0,999.0,999.0,999.0,999.0,0.0,0.0,0.0,0.0,0.0,0.0,unclassified,9.64335,80.32085
8.44,345.81,294.88,999.0,999.0,999.0,999.0,999.0,999.0,999.0,999.0,0.0,0.0,0.0,0.0,0.0,0.0,unclassified,9.64366,80.32153
4.42,340.74,292.94,999.0,999.0,999.0,999.0,999.0,999.0,999.0,999.0,0.0,0.0,0.0,0.0,0.0,0.0,unclassified,6.15852,80.93163
8.81,330.98,292.36,999.0,999.0,999.0,999.0,999.0,999.0,999.0,999.0,0.0,0.0,0.0,0.0,0.0,0.0,unclassified,9.94405,78.17075
4.89,341.62,287.05,999.0,999.0,999.0,999.0,999.0,999.0,999.0,999.0,0.0,0.0,0.0,0.0,0.0,0.0,unclassified,9.99482,79.18996
2.65,330.94,288.02,999.0,999.0,999.0,999.0,999.0,999.0,999.0,999.0,0.0,0.0,0.0,0.0,0.0,0.0,unclassified,12.1557,79.81212
2.5,332.39,273.26,999.0,1.365,1.365,999.0,999.0,999.0,999.0,999.0,0.0,0.0,1.0,1.0,3.0,0.0,industrial_fire,14.88849,79.31078
4.66,341.23,293.08,999.0,16.179,16.179,999.0,999.0,999.0,999.0,5.9,0.0,0.0,0.0,0.0,0.0,0.0,unclassified,15.95654,79.91642
6.74,332.06,286.29,999.0,999.0,999.0,999.0,999.0,999.0,999.0,999.0,0.0,0.0,0.0,0.0,0.0,0.0,unclassified,17.67918,75.30824
7.94,326.69,284.61,999.0,999.0,999.0,999.0,999.0,9.848,999.0,999.0,0.0,0.0,0.0,0.0,0.0,0.0,forest_natural_fire,20.96492,85.17074
2.56,331.74,294.92,999.0,999.0,999.0,999.0,999.0,999.0,999.0,999.0,0.0,0.0,0.0,0.0,0.0,0.0,unclassified,30.44718,73.801
3.98,340.43,293.1,999.0,16.648,16.648,999.0,999.0,999.0,999.0,19.066,0.0,0.0,0.0,0.0,0.0,0.0,unclassified,31.09262,74.68887
8.28,333.46,287.09,999.0,999.0,999.0,999.0,999.0,999.0,999.0,999.0,0.0,0.0,0.0,0.0,0.0,0.0,unclassified,9.92334,78.1786
6.73,343.48,291.66,999.0,999.0,999.0,999.0,999.0,999.0,999.0,999.0,0.0,0.0,0.0,0.0,0.0,0.0,unclassified,11.34867,77.58162
4.18,327.45,284.0,999.0,999.0,999.0,999.0,999.0,999.0,999.0,999.0,0.0,0.0,0.0,0.0,0.0,0.0,unclassified,18.5739,72.24182
6.23,335.36,295.85,999.0,999.0,999.0,999.0,999.0,999.0,999.0,999.0,0.0,0.0,0.0,0.0,0.0,0.0,unclassified,27.85456,72.35793
1.17,296.12,277.24,999.0,0.483,0.483,9.832,999.0,6.523,999.0,8.303,0.0,0.0,1.0,1.0,3.0,0.0,unclassified,27.37742,95.33333
2.41,299.71,275.89,999.0,999.0,999.0,999.0,999.0,21.15,999.0,999.0,0.0,0.0,0.0,0.0,0.0,0.0,unclassified,20.94712,86.04544
2.41,329.92,276.62,999.0,999.0,999.0,999.0,999.0,20.787,999.0,999.0,0.0,0.0,0.0,0.0,0.0,0.0,unclassified,20.94769,86.04173
1.99,317.46,278.53,999.0,999.0,999.0,999.0,999.0,21.382,999.0,999.0,0.0,0.0,0.0,0.0,0.0,0.0,unclassified,20.94987,86.04974
2.41,320.77,277.16,999.0,999.0,999.0,999.0,999.0,21.016,999.0,999.0,0.0,0.0,0.0,0.0,0.0,0.0,unclassified,20.95044,86.04603
0.85,300.88,279.16,999.0,999.0,999.0,999.0,999.0,20.536,999.0,999.0,0.0,0.0,0.0,0.0,0.0,0.0,unclassified,20.96373,86.04834
1.07,307.75,279.33,999.0,999.0,999.0,999.0,999.0,16.092,999.0,999.0,0.0,0.0,0.0,0.0,0.0,0.0,unclassified,20.97057,86.0037
0.75,303.42,279.75,999.0,999.0,999.0,999.0,999.0,15.959,999.0,999.0,0.0,0.0,0.0,0.0,0.0,0.0,unclassified,20.97389,86.00428
1.69,307.58,284.82,999.0,999.0,999.0,999.0,999.0,999.0,19.762,999.0,0.0,0.0,0.0,0.0,0.0,0.0,unclassified,22.24434,87.38933
2.0,303.59,287.9,999.0,999.0,999.0,999.0,4.712,9.809,999.0,999.0,0.0,0.0,0.0,0.0,0.0,0.0,unclassified,23.66686,86.09244
0.72,298.21,282.2,999.0,999.0,999.0,999.0,999.0,18.809,999.0,999.0,0.0,0.0,0.0,0.0,0.0,0.0,unclassified,23.69712,85.35915
1.79,306.1,290.05,999.0,999.0,999.0,999.0,7.821,3.831,999.0,999.0,0.0,0.0,0.0,0.0,0.0,0.0,unclassified,23.75301,86.3995
1.05,306.39,289.59,999.0,999.0,999.0,999.0,7.774,3.395,999.0,999.0,0.0,0.0,0.0,0.0,0.0,0.0,unclassified,23.75577,86.40394
1.45,306.5,290.21,999.0,999.0,999.0,999.0,8.367,4.187,999.0,999.0,0.0,0.0,0.0,0.0,0.0,0.0,unclassified,23.75693,86.39625
1.05,307.12,288.73,999.0,999.0,999.0,999.0,8.039,3.392,999.0,999.0,0.0,0.0,0.0,0.0,0.0,0.0,unclassified,23.75911,86.40453
1.45,312.71,289.41,999.0,999.0,999.0,999.0,8.322,3.788,999.0,999.0,0.0,0.0,0.0,0.0,0.0,0.0,unclassified,23.75969,86.40069
1.07,302.54,288.11,999.0,999.0,999.0,999.0,8.31,3.428,999.0,999.0,0.0,0.0,0.0,0.0,0.0,0.0,unclassified,23.76244,86.40514
0.98,306.39,288.44,999.0,999.0,999.0,999.0,8.585,3.821,999.0,999.0,0.0,0.0,0.0,0.0,0.0,0.0,unclassified,23.76303,86.40129
1.77,305.69,289.46,999.0,999.0,999.0,999.0,9.159,4.606,999.0,999.0,0.0,0.0,0.0,0.0,0.0,0.0,unclassified,23.76419,86.39362
0.98,301.52,288.02,999.0,999.0,999.0,999.0,8.857,3.891,999.0,999.0,0.0,0.0,0.0,0.0,0.0,0.0,unclassified,23.76637,86.40189
1.13,303.1,288.33,999.0,999.0,999.0,999.0,10.393,6.183,999.0,999.0,0.0,0.0,0.0,0.0,0.0,0.0,unclassified,23.7665,86.37826
1.06,303.69,289.14,999.0,999.0,999.0,999.0,9.084,4.437,999.0,999.0,0.0,0.0,0.0,0.0,0.0,0.0,unclassified,23.76929,86.01326
0.93,304.92,289.68,999.0,999.0,999.0,999.0,10.72,5.081,999.0,999.0,0.0,0.0,0.0,0.0,0.0,0.0,unclassified,23.77496,85.99825
2.1,305.74,289.53,999.0,999.0,999.0,999.0,10.506,5.618,999.0,999.0,0.0,0.0,0.0,0.0,0.0,0.0,unclassified,23.77536,86.38774
0.93,303.22,289.35,999.0,999.0,999.0,999.0,11.121,5.374,999.0,999.0,0.0,0.0,0.0,0.0,0.0,0.0,unclassified,23.77554,85.99434
1.06,303.48,289.43,999.0,999.0,999.0,999.0,10.492,5.372,999.0,999.0,0.0,0.0,0.0,0.0,0.0,0.0,unclassified,23.77812,86.39218
1.75,311.58,289.49,999.0,999.0,999.0,999.0,10.769,5.74,999.0,999.0,0.0,0.0,0.0,0.0,0.0,0.0,unclassified,23.7787,86.38834
1.41,301.83,289.08,999.0,999.0,999.0,999.0,11.943,7.245,999.0,999.0,0.0,0.0,0.0,0.0,0.0,0.0,unclassified,23.78102,86.37297
0.85,302.76,288.9,999.0,999.0,999.0,999.0,16.676,12.198,999.0,999.0,0.0,0.0,0.0,0.0,0.0,0.0,unclassified,23.80136,86.32924
0.85,311.61,289.63,999.0,999.0,999.0,999.0,16.886,12.011,999.0,999.0,0.0,0.0,0.0,0.0,0.0,0.0,unclassified,23.80471,86.32983
0.85,299.68,288.61,999.0,999.0,999.0,999.0,17.217,11.664,999.0,999.0,0.0,0.0,0.0,0.0,0.0,0.0,unclassified,23.80529,86.32597
1.08,303.55,285.17,999.0,999.0,999.0,999.0,13.194,21.98,20.815,999.0,0.0,0.0,0.0,0.0,0.0,0.0,unclassified,15.16884,76.38137
1.52,298.31,283.72,999.0,12.913,12.913,999.0,17.133,25.517,28.418,22.459,0.0,0.0,0.0,0.0,0.0,0.0,unclassified,15.17321,76.65722
1.23,300.96,281.77,999.0,13.197,13.197,999.0,16.793,25.251,28.137,22.763,0.0,0.0,0.0,0.0,0.0,0.0,unclassified,15.17359,76.65408
1.94,304.14,284.25,999.0,12.607,12.607,999.0,17.105,25.157,28.093,22.213,0.0,0.0,0.0,0.0,0.0,0.0,unclassified,15.17838,76.65782
1.51,303.64,283.83,999.0,12.899,12.899,999.0,16.765,24.887,27.807,22.522,0.0,0.0,0.0,0.0,0.0,0.0,unclassified,15.17876,76.65467
2.21,303.1,283.02,999.0,11.442,11.442,999.0,18.118,25.637,999.0,21.051,0.0,0.0,0.0,0.0,0.0,0.0,unclassified,15.18241,76.66785
1.63,304.51,283.42,999.0,6.52,6.52,999.0,999.0,999.0,999.0,15.586,0.0,0.0,0.0,0.0,0.0,0.0,unclassified,15.78634,80.24809
1.14,295.25,268.04,11.006,0.461,0.461,999.0,999.0,6.45,17.582,0.437,0.0,1.0,1.0,1.0,3.0,0.0,unclassified,17.60491,83.19991
0.82,298.93,270.69,10.499,0.162,0.162,999.0,999.0,6.779,17.226,1.002,0.0,1.0,1.0,1.0,3.0,0.0,unclassified,17.60785,83.20464
1.06,299.79,271.87,10.117,0.552,0.552,999.0,999.0,6.7,16.831,1.245,0.0,1.0,1.0,1.0,3.0,0.0,unclassified,17.61139,83.20518
3.91,301.76,283.02,999.0,999.0,999.0,999.0,999.0,22.0,25.009,999.0,0.0,0.0,0.0,0.0,0.0,0.0,unclassified,18.68321,73.04121
2.69,307.43,282.78,999.0,999.0,999.0,999.0,999.0,22.099,24.623,999.0,0.0,0.0,0.0,0.0,0.0,0.0,unclassified,18.68376,73.03494
2.69,303.48,282.8,999.0,999.0,999.0,999.0,999.0,21.807,24.251,999.0,0.0,0.0,0.0,0.0,0.0,0.0,unclassified,18.6843,73.02866
1.98,304.69,284.74,999.0,0.467,0.467,8.67,999.0,999.0,4.465,0.668,0.0,1.0,1.0,1.0,3.0,0.0,unclassified,21.16249,72.6673
1.54,301.64,284.7,999.0,0.368,0.368,8.716,999.0,999.0,4.351,0.032,0.0,1.0,1.0,1.0,3.0,0.0,unclassified,21.1658,72.66228
2.11,311.65,296.02,999.0,999.0,999.0,999.0,999.0,999.0,999.0,999.0,0.0,0.0,0.0,0.0,0.0,0.0,unclassified,7.47998,81.08479
3.47,323.29,293.48,999.0,999.0,999.0,999.0,999.0,999.0,999.0,999.0,0.0,0.0,0.0,0.0,0.0,0.0,unclassified,7.5548,81.30308
1.3,309.37,293.76,999.0,999.0,999.0,999.0,999.0,999.0,999.0,999.0,0.0,0.0,0.0,0.0,0.0,0.0,unclassified,7.55889,81.2997
1.7,306.91,292.35,999.0,999.0,999.0,999.0,999.0,999.0,999.0,999.0,0.0,0.0,0.0,0.0,0.0,0.0,unclassified,7.76356,80.32153
3.02,308.78,293.45,999.0,999.0,999.0,999.0,999.0,999.0,999.0,999.0,0.0,0.0,0.0,0.0,0.0,0.0,unclassified,7.96894,79.79425
2.91,321.51,293.5,999.0,999.0,999.0,999.0,999.0,999.0,999.0,999.0,0.0,0.0,0.0,0.0,0.0,0.0,unclassified,7.97252,80.73882
1.23,306.92,294.86,999.0,999.0,999.0,999.0,999.0,999.0,999.0,999.0,0.0,0.0,0.0,0.0,0.0,0.0,unclassified,8.01085,81.28994
6.49,328.17,294.23,999.0,999.0,999.0,999.0,999.0,999.0,999.0,999.0,0.0,0.0,0.0,0.0,0.0,0.0,unclassified,8.08357,80.79222
6.49,330.49,295.53,999.0,999.0,999.0,999.0,999.0,999.0,999.0,999.0,0.0,0.0,0.0,0.0,0.0,0.0,unclassified,8.08421,80.78805
0.44,308.39,293.57,999.0,999.0,999.0,999.0,999.0,999.0,999.0,999.0,0.0,0.0,0.0,0.0,0.0,0.0,unclassified,8.35069,80.99633
0.75,300.72,280.12,999.0,999.0,999.0,999.0,999.0,999.0,999.0,999.0,0.0,0.0,0.0,0.0,0.0,0.0,unclassified,9.55174,77.51925
2.59,321.0,280.86,999.0,999.0,999.0,999.0,999.0,999.0,999.0,999.0,0.0,0.0,0.0,0.0,0.0,0.0,unclassified,9.55315,77.52262
0.75,305.7,277.36,999.0,999.0,999.0,999.0,999.0,999.0,999.0,999.0,0.0,0.0,0.0,0.0,0.0,0.0,unclassified,9.55481,77.51051
2.55,299.36,278.95,999.0,999.0,999.0,999.0,999.0,999.0,999.0,999.0,0.0,0.0,0.0,0.0,0.0,0.0,unclassified,9.55874,77.51527
0.75,299.08,278.15,999.0,999.0,999.0,999.0,999.0,999.0,999.0,999.0,0.0,0.0,0.0,0.0,0.0,0.0,unclassified,9.55933,77.5109
2.32,314.02,281.53,999.0,999.0,999.0,999.0,999.0,999.0,999.0,999.0,0.0,0.0,0.0,0.0,0.0,0.0,unclassified,9.56071,77.53418
2.11,312.46,278.52,999.0,999.0,999.0,999.0,999.0,999.0,999.0,999.0,0.0,0.0,0.0,0.0,0.0,0.0,unclassified,9.56267,77.52
0.63,304.65,286.18,999.0,999.0,999.0,999.0,999.0,19.991,999.0,999.0,0.0,0.0,0.0,0.0,0.0,0.0,unclassified,11.17563,79.08776
1.73,308.29,271.1,999.0,999.0,999.0,999.0,999.0,999.0,999.0,999.0,0.0,0.0,0.0,0.0,0.0,0.0,unclassified,11.59482,77.264
1.73,301.79,268.93,999.0,999.0,999.0,999.0,999.0,999.0,999.0,999.0,0.0,0.0,0.0,0.0,0.0,0.0,unclassified,11.59569,77.25757
2.3,313.58,284.21,999.0,999.0,999.0,999.0,999.0,999.0,999.0,999.0,0.0,0.0,0.0,0.0,0.0,0.0,unclassified,11.80807,77.92142
4.0,334.6,288.54,999.0,1.343,1.343,999.0,999.0,9.937,999.0,5.602,0.0,0.0,1.0,1.0,3.0,0.0,industrial_fire,12.84852,79.90374
5.36,343.13,289.45,999.0,1.78,1.78,999.0,999.0,10.069,999.0,5.578,0.0,0.0,1.0,1.0,3.0,0.0,industrial_fire,12.85253,79.90434
0.52,304.44,285.15,999.0,1.183,1.183,999.0,24.387,21.914,18.712,13.26,0.0,0.0,1.0,1.0,3.0,0.0,unclassified,13.09088,79.98233
2.06,304.67,291.74,999.0,999.0,999.0,999.0,999.0,999.0,999.0,999.0,0.0,0.0,0.0,0.0,0.0,0.0,unclassified,6.3556,80.89746
1.69,309.53,291.65,999.0,999.0,999.0,999.0,999.0,999.0,999.0,999.0,0.0,0.0,0.0,0.0,0.0,0.0,unclassified,6.35586,80.89634
1.33,309.14,291.83,999.0,999.0,999.0,999.0,999.0,999.0,999.0,999.0,0.0,0.0,0.0,0.0,0.0,0.0,unclassified,6.35938,80.89688
4.13,336.98,294.0,999.0,999.0,999.0,999.0,999.0,999.0,999.0,999.0,0.0,0.0,0.0,0.0,0.0,0.0,unclassified,6.60946,81.25787
0.37,300.53,289.69,999.0,999.0,999.0,999.0,999.0,999.0,999.0,999.0,0.0,0.0,0.0,0.0,0.0,0.0,unclassified,6.73874,80.70068
1.18,303.55,289.94,999.0,999.0,999.0,999.0,999.0,999.0,999.0,999.0,0.0,0.0,0.0,0.0,0.0,0.0,unclassified,6.77251,80.99814
0.61,306.69,293.68,999.0,999.0,999.0,999.0,999.0,999.0,999.0,999.0,0.0,0.0,0.0,0.0,0.0,0.0,unclassified,6.79936,81.55991
0.78,299.78,289.29,999.0,999.0,999.0,999.0,999.0,999.0,999.0,999.0,0.0,0.0,0.0,0.0,0.0,0.0,unclassified,6.85798,80.95795
0.61,302.77,288.28,999.0,999.0,999.0,999.0,999.0,999.0,999.0,999.0,0.0,0.0,0.0,0.0,0.0,0.0,unclassified,6.97714,80.86381
0.62,302.36,289.07,999.0,999.0,999.0,999.0,999.0,1.07,999.0,999.0,0.0,0.0,0.0,0.0,0.0,0.0,unclassified,31.3686,76.35826
1.12,307.08,292.93,999.0,999.0,999.0,999.0,999.0,999.0,999.0,999.0,0.0,0.0,0.0,0.0,0.0,0.0,unclassified,33.29454,71.18691
0.66,306.32,293.15,999.0,999.0,999.0,999.0,999.0,999.0,999.0,999.0,0.0,0.0,0.0,0.0,0.0,0.0,unclassified,33.29733,71.18526
0.87,297.97,283.17,999.0,999.0,999.0,999.0,999.0,999.0,999.0,999.0,0.0,0.0,0.0,0.0,0.0,0.0,unclassified,35.70838,73.66257
0.64,304.11,290.78,999.0,17.077,17.077,999.0,999.0,999.0,999.0,15.961,0.0,0.0,0.0,0.0,0.0,0.0,unclassified,24.82198,73.09294
2.03,321.46,294.84,999.0,999.0,999.0,999.0,999.0,999.0,999.0,999.0,0.0,0.0,0.0,0.0,0.0,0.0,unclassified,25.38768,68.58337
1.52,314.02,294.4,999.0,999.0,999.0,999.0,999.0,999.0,999.0,999.0,0.0,0.0,0.0,0.0,0.0,0.0,unclassified,25.38928,68.58535
0.55,303.91,290.51,999.0,999.0,999.0,999.0,999.0,999.0,999.0,999.0,0.0,0.0,0.0,0.0,0.0,0.0,unclassified,27.28717,73.83898
1.7,310.88,296.15,999.0,999.0,999.0,999.0,999.0,999.0,999.0,999.0,0.0,0.0,0.0,0.0,0.0,0.0,unclassified,28.42361,69.70264
2.25,307.16,287.46,999.0,0.944,0.944,2.449,999.0,999.0,4.037,1.508,0.0,1.0,1.0,1.0,3.0,0.0,unclassified,21.10142,72.64466
2.34,318.44,287.95,999.0,1.071,1.071,1.663,999.0,999.0,3.688,1.845,0.0,1.0,1.0,1.0,3.0,0.0,industrial_fire,21.10334,72.63613
7.05,347.86,288.32,999.0,0.398,0.398,2.785,999.0,999.0,3.482,1.059,0.0,1.0,1.0,1.0,3.0,0.0,industrial_fire,21.1071,72.64617
2.25,307.73,288.01,999.0,0.64,0.64,2.125,999.0,999.0,3.068,1.194,0.0,1.0,1.0,1.0,3.0,0.0,unclassified,21.10903,72.63763
8.35,340.95,291.99,999.0,999.0,999.0,999.0,999.0,999.0,999.0,999.0,0.0,0.0,0.0,0.0,0.0,0.0,unclassified,6.8226,81.4782
4.66,330.42,291.07,999.0,999.0,999.0,999.0,999.0,999.0,999.0,999.0,0.0,0.0,0.0,0.0,0.0,0.0,unclassified,6.82737,81.47894
6.04,333.81,288.83,999.0,999.0,999.0,999.0,999.0,999.0,999.0,999.0,0.0,0.0,0.0,0.0,0.0,0.0,unclassified,8.94729,80.78709
11.49,336.01,288.87,999.0,999.0,999.0,999.0,999.0,999.0,999.0,999.0,0.0,0.0,0.0,0.0,0.0,0.0,unclassified,8.94969,80.79314
4.25,329.9,292.97,999.0,999.0,999.0,999.0,16.895,11.984,999.0,999.0,0.0,0.0,0.0,0.0,0.0,0.0,unclassified,23.80334,86.3283
3.17,337.85,295.1,0.439,19.767,19.767,999.0,999.0,999.0,999.0,17.857,1.0,0.0,0.0,0.0,0.0,2.0,unclassified,26.52341,90.53152
4.05,331.09,295.86,999.0,13.48,13.48,999.0,999.0,999.0,999.0,999.0,0.0,0.0,0.0,0.0,0.0,0.0,unclassified,26.80206,90.32026
6.54,335.88,295.78,999.0,13.433,13.433,999.0,999.0,999.0,999.0,999.0,0.0,0.0,0.0,0.0,0.0,0.0,unclassified,26.88079,92.32764
1.57,333.29,293.87,999.0,0.274,0.274,9.87,999.0,6.66,999.0,8.474,0.0,0.0,1.0,1.0,3.0,0.0,industrial_fire,27.37946,95.33263
5.03,334.3,295.68,999.0,999.0,999.0,999.0,999.0,999.0,999.0,999.0,0.0,0.0,0.0,0.0,0.0,0.0,unclassified,27.98586,95.93726
6.05,340.52,294.12,999.0,999.0,999.0,999.0,999.0,999.0,999.0,999.0,0.0,0.0,0.0,0.0,0.0,0.0,unclassified,27.99035,95.94063
5.65,333.32,294.3,999.0,999.0,999.0,999.0,999.0,999.0,999.0,999.0,0.0,0.0,0.0,0.0,0.0,0.0,unclassified,28.181,95.66731
6.84,348.26,291.57,999.0,999.0,999.0,999.0,999.0,999.0,999.0,999.0,0.0,0.0,0.0,0.0,0.0,0.0,unclassified,6.44193,81.0908
4.18,330.37,293.86,999.0,999.0,999.0,999.0,999.0,999.0,999.0,999.0,0.0,0.0,0.0,0.0,0.0,0.0,unclassified,6.74363,81.52365
4.08,330.62,291.54,999.0,999.0,999.0,999.0,999.0,999.0,999.0,999.0,0.0,0.0,0.0,0.0,0.0,0.0,unclassified,6.82773,81.55322
4.08,337.28,291.68,999.0,999.0,999.0,999.0,999.0,999.0,999.0,999.0,0.0,0.0,0.0,0.0,0.0,0.0,unclassified,6.82839,81.55818
10.53,341.43,293.8,999.0,999.0,999.0,999.0,999.0,999.0,999.0,999.0,0.0,0.0,0.0,0.0,0.0,0.0,unclassified,7.13617,80.9217
4.3,334.52,291.89,999.0,999.0,999.0,999.0,999.0,999.0,999.0,999.0,0.0,0.0,0.0,0.0,0.0,0.0,unclassified,7.22182,80.83134
3.97,333.28,291.1,999.0,999.0,999.0,999.0,999.0,999.0,999.0,999.0,0.0,0.0,0.0,0.0,0.0,0.0,unclassified,7.22432,80.83115
9.62,339.3,297.37,999.0,999.0,999.0,999.0,999.0,999.0,999.0,999.0,0.0,0.0,0.0,0.0,0.0,0.0,unclassified,7.32894,81.20289
4.81,334.51,292.3,999.0,999.0,999.0,999.0,999.0,999.0,999.0,999.0,0.0,0.0,0.0,0.0,0.0,0.0,unclassified,7.36543,81.77074
4.69,331.16,296.35,999.0,999.0,999.0,999.0,999.0,999.0,999.0,999.0,0.0,0.0,0.0,0.0,0.0,0.0,unclassified,7.36605,81.10909
4.5,330.55,296.75,999.0,999.0,999.0,999.0,999.0,999.0,999.0,999.0,0.0,0.0,0.0,0.0,0.0,0.0,unclassified,7.36618,81.10924
4.86,337.63,292.58,999.0,999.0,999.0,999.0,999.0,999.0,999.0,999.0,0.0,0.0,0.0,0.0,0.0,0.0,unclassified,7.52924,81.65376
5.75,334.53,294.03,999.0,999.0,999.0,999.0,999.0,999.0,999.0,999.0,0.0,0.0,0.0,0.0,0.0,0.0,unclassified,7.55661,80.95155
4.55,331.3,294.15,999.0,999.0,999.0,999.0,999.0,999.0,999.0,999.0,0.0,0.0,0.0,0.0,0.0,0.0,unclassified,7.55712,80.94936
5.61,336.62,293.0,999.0,999.0,999.0,999.0,999.0,999.0,999.0,999.0,0.0,0.0,0.0,0.0,0.0,0.0,unclassified,7.72298,81.26734
4.19,331.0,293.04,999.0,999.0,999.0,999.0,999.0,999.0,999.0,999.0,0.0,0.0,0.0,0.0,0.0,0.0,unclassified,7.75647,81.23419
7.19,335.63,293.08,999.0,999.0,999.0,999.0,999.0,999.0,999.0,999.0,0.0,0.0,0.0,0.0,0.0,0.0,unclassified,7.92578,81.39906
3.46,336.74,293.41,999.0,999.0,999.0,999.0,999.0,999.0,999.0,999.0,0.0,0.0,0.0,0.0,0.0,0.0,unclassified,7.9395,81.25786
7.7,337.97,293.14,999.0,999.0,999.0,999.0,999.0,999.0,999.0,999.0,0.0,0.0,0.0,0.0,0.0,0.0,unclassified,8.05081,81.30357
3.63,333.4,293.4,999.0,999.0,999.0,999.0,999.0,999.0,999.0,999.0,0.0,0.0,0.0,0.0,0.0,0.0,unclassified,8.05333,80.59547
6.6,338.69,293.12,999.0,999.0,999.0,999.0,999.0,999.0,999.0,999.0,0.0,0.0,0.0,0.0,0.0,0.0,unclassified,8.05642,81.2979
6.6,344.06,292.73,999.0,999.0,999.0,999.0,999.0,999.0,999.0,999.0,0.0,0.0,0.0,0.0,0.0,0.0,unclassified,8.05706,81.30285
11.6,367.0,293.0,999.0,999.0,999.0,999.0,999.0,999.0,999.0,999.0,0.0,0.0,0.0,0.0,0.0,0.0,unclassified,8.14806,81.33616
19.64,367.0,293.1,999.0,999.0,999.0,999.0,999.0,999.0,999.0,999.0,0.0,0.0,0.0,0.0,0.0,0.0,unclassified,8.1625,81.34946
3.11,330.69,292.24,999.0,999.0,999.0,999.0,999.0,999.0,999.0,999.0,0.0,0.0,0.0,0.0,0.0,0.0,unclassified,8.20065,81.06894
5.13,336.41,292.96,999.0,999.0,999.0,999.0,999.0,999.0,999.0,999.0,0.0,0.0,0.0,0.0,0.0,0.0,unclassified,8.20337,80.99162
6.22,332.07,292.88,999.0,999.0,999.0,999.0,999.0,999.0,999.0,999.0,0.0,0.0,0.0,0.0,0.0,0.0,unclassified,8.20392,80.99172
1.81,330.34,292.01,999.0,999.0,999.0,999.0,999.0,999.0,999.0,999.0,0.0,0.0,0.0,0.0,0.0,0.0,unclassified,8.21999,80.57515
8.64,330.92,292.92,999.0,999.0,999.0,999.0,999.0,999.0,999.0,999.0,0.0,0.0,0.0,0.0,0.0,0.0,unclassified,8.284,80.23323
7.83,331.07,293.27,999.0,999.0,999.0,999.0,999.0,999.0,999.0,999.0,0.0,0.0,0.0,0.0,0.0,0.0,unclassified,8.28842,80.23164
46.39,340.35,295.25,999.0,999.0,999.0,999.0,999.0,999.0,999.0,999.0,0.0,0.0,0.0,0.0,0.0,0.0,unclassified,8.39178,80.16251
23.58,334.57,292.82,999.0,999.0,999.0,999.0,999.0,999.0,999.0,999.0,0.0,0.0,0.0,0.0,0.0,0.0,unclassified,8.39199,80.16026
41.89,351.18,292.93,999.0,999.0,999.0,999.0,999.0,999.0,999.0,999.0,0.0,0.0,0.0,0.0,0.0,0.0,unclassified,8.3923,80.16667
62.8,367.0,296.13,999.0,999.0,999.0,999.0,999.0,999.0,999.0,999.0,0.0,0.0,0.0,0.0,0.0,0.0,unclassified,8.39254,80.16441
5.58,332.44,293.37,999.0,999.0,999.0,999.0,999.0,999.0,999.0,999.0,0.0,0.0,0.0,0.0,0.0,0.0,unclassified,8.4028,80.65507
6.28,330.2,292.89,999.0,999.0,999.0,999.0,999.0,999.0,999.0,999.0,0.0,0.0,0.0,0.0,0.0,0.0,unclassified,8.4287,80.5266
7.77,346.03,292.96,999.0,999.0,999.0,999.0,999.0,999.0,999.0,999.0,0.0,0.0,0.0,0.0,0.0,0.0,unclassified,8.43132,80.52473
17.44,367.0,294.02,999.0,999.0,999.0,999.0,999.0,999.0,999.0,999.0,0.0,0.0,0.0,0.0,0.0,0.0,unclassified,8.55929,80.3675
6.69,333.78,291.79,999.0,999.0,999.0,999.0,999.0,999.0,999.0,999.0,0.0,0.0,0.0,0.0,0.0,0.0,unclassified,8.564,80.79541
3.8,332.99,291.38,999.0,999.0,999.0,999.0,999.0,999.0,999.0,999.0,0.0,0.0,0.0,0.0,0.0,0.0,unclassified,8.56422,80.79527
2.76,335.49,290.31,999.0,999.0,999.0,999.0,999.0,999.0,999.0,999.0,0.0,0.0,0.0,0.0,0.0,0.0,unclassified,8.60062,80.454
6.33,334.16,292.18,999.0,999.0,999.0,999.0,999.0,999.0,999.0,999.0,0.0,0.0,0.0,0.0,0.0,0.0,unclassified,8.60401,80.48016
5.78,331.25,291.37,999.0,999.0,999.0,999.0,999.0,999.0,999.0,999.0,0.0,0.0,0.0,0.0,0.0,0.0,unclassified,8.60457,80.48453
4.52,334.84,293.13,999.0,999.0,999.0,999.0,999.0,999.0,999.0,999.0,0.0,0.0,0.0,0.0,0.0,0.0,unclassified,8.62868,80.4115
4.52,339.61,293.02,999.0,999.0,999.0,999.0,999.0,999.0,999.0,999.0,0.0,0.0,0.0,0.0,0.0,0.0,unclassified,8.62922,80.41586
7.79,342.85,291.81,999.0,999.0,999.0,999.0,999.0,999.0,999.0,999.0,0.0,0.0,0.0,0.0,0.0,0.0,unclassified,8.63185,80.41512
8.48,349.78,293.52,999.0,999.0,999.0,999.0,999.0,999.0,999.0,999.0,0.0,0.0,0.0,0.0,0.0,0.0,unclassified,8.6559,80.50523
11.33,356.68,293.32,999.0,999.0,999.0,999.0,999.0,999.0,999.0,999.0,0.0,0.0,0.0,0.0,0.0,0.0,unclassified,8.65861,80.50542
5.56,333.14,291.88,999.0,999.0,999.0,999.0,999.0,999.0,999.0,999.0,0.0,0.0,0.0,0.0,0.0,0.0,unclassified,8.66189,80.50454
0.97,333.07,298.05,999.0,999.0,999.0,999.0,999.0,999.0,999.0,999.0,0.0,0.0,0.0,0.0,0.0,0.0,unclassified,8.81097,78.0528
7.51,335.37,291.51,999.0,999.0,999.0,999.0,999.0,999.0,999.0,999.0,0.0,0.0,0.0,0.0,0.0,0.0,unclassified,8.82872,80.53358
2.55,337.52,296.67,999.0,999.0,999.0,999.0,999.0,999.0,999.0,999.0,0.0,0.0,0.0,0.0,0.0,0.0,unclassified,8.86421,78.08301
1.34,334.12,296.85,999.0,999.0,999.0,999.0,999.0,999.0,999.0,999.0,0.0,0.0,0.0,0.0,0.0,0.0,unclassified,8.86688,78.08226
2.61,331.08,289.83,999.0,999.0,999.0,999.0,999.0,999.0,999.0,999.0,0.0,0.0,0.0,0.0,0.0,0.0,unclassified,8.8697,80.70795
1.58,337.77,296.58,999.0,999.0,999.0,999.0,999.0,999.0,999.0,999.0,0.0,0.0,0.0,0.0,0.0,0.0,unclassified,8.99572,78.11298
1.58,340.09,296.73,999.0,999.0,999.0,999.0,999.0,999.0,999.0,999.0,0.0,0.0,0.0,0.0,0.0,0.0,unclassified,8.99612,78.11604
4.75,331.83,291.7,999.0,999.0,999.0,999.0,999.0,999.0,999.0,999.0,0.0,0.0,0.0,0.0,0.0,0.0,unclassified,9.09281,79.79891
4.85,332.64,292.05,999.0,999.0,999.0,999.0,999.0,999.0,999.0,999.0,0.0,0.0,0.0,0.0,0.0,0.0,unclassified,9.2081,80.67667
6.18,333.84,292.0,999.0,999.0,999.0,999.0,999.0,999.0,999.0,999.0,0.0,0.0,0.0,0.0,0.0,0.0,unclassified,9.20827,80.67661
7.95,335.74,292.71,999.0,999.0,999.0,999.0,999.0,999.0,999.0,999.0,0.0,0.0,0.0,0.0,0.0,0.0,unclassified,9.3942,80.43369
6.93,331.09,292.43,999.0,999.0,999.0,999.0,999.0,999.0,999.0,999.0,0.0,0.0,0.0,0.0,0.0,0.0,unclassified,9.39609,80.43563
0.73,341.22,292.88,999.0,999.0,999.0,999.0,999.0,999.0,999.0,999.0,0.0,0.0,0.0,0.0,0.0,0.0,unclassified,9.40996,78.80921
11.42,367.0,294.56,999.0,999.0,999.0,999.0,999.0,999.0,999.0,999.0,0.0,0.0,0.0,0.0,0.0,0.0,unclassified,10.23653,79.19613
2.9,334.3,273.55,999.0,999.0,999.0,999.0,999.0,999.0,999.0,999.0,0.0,0.0,0.0,0.0,0.0,0.0,unclassified,10.9525,78.43614
4.34,346.56,294.32,999.0,999.0,999.0,999.0,999.0,999.0,999.0,999.0,0.0,0.0,0.0,0.0,0.0,0.0,unclassified,11.5078,79.52651
2.7,344.98,294.04,999.0,999.0,999.0,999.0,999.0,999.0,999.0,999.0,0.0,0.0,0.0,0.0,0.0,0.0,unclassified,11.50817,79.52599
4.86,334.46,296.41,999.0,999.0,999.0,999.0,999.0,999.0,999.0,999.0,0.0,0.0,0.0,0.0,0.0,0.0,unclassified,18.51854,74.3471
4.86,330.29,296.04,999.0,999.0,999.0,999.0,999.0,999.0,999.0,999.0,0.0,0.0,0.0,0.0,0.0,0.0,unclassified,18.51911,74.35187
7.46,332.55,297.39,999.0,999.0,999.0,999.0,999.0,999.0,999.0,999.0,0.0,0.0,0.0,0.0,0.0,0.0,unclassified,18.56307,74.36423
5.14,334.81,295.45,999.0,999.0,999.0,999.0,999.0,21.753,24.233,999.0,0.0,0.0,0.0,0.0,0.0,0.0,unclassified,18.69169,73.04173
4.4,332.65,296.01,999.0,0.603,0.603,2.979,999.0,999.0,3.619,0.866,0.0,1.0,1.0,1.0,3.0,0.0,industrial_fire,21.10661,72.64839
5.33,340.77,302.56,999.0,0.246,0.246,999.0,999.0,999.0,999.0,4.328,0.0,1.0,1.0,1.0,3.0,0.0,industrial_fire,22.4173,69.04085
3.07,330.19,293.5,999.0,1.104,1.104,999.0,999.0,999.0,999.0,19.704,0.0,0.0,1.0,1.0,3.0,0.0,industrial_fire,22.92752,70.11013
4.13,330.89,302.24,999.0,5.127,5.127,999.0,999.0,999.0,999.0,0.645,0.0,1.0,0.0,0.0,0.0,0.0,unclassified,22.93244,69.69634
2.61,331.52,304.2,999.0,999.0,999.0,999.0,999.0,999.0,999.0,999.0,0.0,0.0,0.0,0.0,0.0,0.0,unclassified,25.3869,68.5815
1.81,333.23,296.63,999.0,999.0,999.0,999.0,999.0,999.0,999.0,999.0,0.0,0.0,0.0,0.0,0.0,0.0,unclassified,29.88983,73.90404
0.12,311.6,277.11,999.0,999.0,999.0,999.0,999.0,999.0,999.0,999.0,0.0,0.0,0.0,0.0,0.0,0.0,unclassified,32.51342,82.42087
0.74,299.89,280.74,999.0,999.0,999.0,999.0,999.0,999.0,999.0,999.0,0.0,0.0,0.0,0.0,0.0,0.0,unclassified,35.99179,94.82908
1.16,306.85,285.78,999.0,15.991,15.991,999.0,999.0,999.0,999.0,999.0,0.0,0.0,0.0,0.0,0.0,0.0,unclassified,26.75918,83.19909
2.48,307.04,282.82,999.0,999.0,999.0,999.0,999.0,999.0,999.0,999.0,0.0,0.0,0.0,0.0,0.0,0.0,unclassified,23.56118,87.08237
1.24,309.01,288.21,999.0,999.0,999.0,999.0,999.0,6.446,999.0,999.0,0.0,0.0,0.0,0.0,0.0,0.0,unclassified,23.58044,86.72423
0.98,308.9,287.95,999.0,999.0,999.0,999.0,999.0,17.451,999.0,999.0,0.0,0.0,0.0,0.0,0.0,0.0,unclassified,23.6091,85.67449
1.7,309.63,289.21,999.0,999.0,999.0,999.0,999.0,2.529,999.0,999.0,0.0,0.0,0.0,0.0,0.0,0.0,unclassified,23.61394,86.78859
0.84,306.94,288.53,999.0,999.0,999.0,999.0,999.0,7.003,999.0,999.0,0.0,0.0,0.0,0.0,0.0,0.0,unclassified,23.63301,86.83422
1.15,304.53,285.44,999.0,999.0,999.0,999.0,999.0,18.237,999.0,999.0,0.0,0.0,0.0,0.0,0.0,0.0,unclassified,23.64893,85.44199
4.0,328.16,285.76,999.0,999.0,999.0,999.0,999.0,18.35,999.0,999.0,0.0,0.0,0.0,0.0,0.0,0.0,unclassified,23.64945,85.43736
2.72,315.58,286.04,999.0,999.0,999.0,999.0,999.0,999.0,999.0,999.0,0.0,0.0,0.0,0.0,0.0,0.0,unclassified,23.66326,87.15506
1.64,305.61,284.33,999.0,999.0,999.0,999.0,999.0,10.678,999.0,999.0,0.0,0.0,0.0,0.0,0.0,0.0,unclassified,23.6662,84.99924
0.5,305.31,286.93,999.0,999.0,999.0,999.0,999.0,18.024,999.0,999.0,0.0,0.0,0.0,0.0,0.0,0.0,unclassified,23.66999,86.93584
0.81,302.0,285.16,999.0,999.0,999.0,999.0,999.0,10.692,999.0,999.0,0.0,0.0,0.0,0.0,0.0,0.0,unclassified,23.67128,84.99492
0.87,302.56,285.85,999.0,999.0,999.0,999.0,999.0,22.92,999.0,999.0,0.0,0.0,0.0,0.0,0.0,0.0,unclassified,23.67558,85.32627
1.02,304.46,286.13,999.0,999.0,999.0,999.0,999.0,999.0,999.0,999.0,0.0,0.0,0.0,0.0,0.0,0.0,unclassified,23.68263,87.12968
1.93,310.76,285.56,999.0,999.0,999.0,999.0,999.0,999.0,999.0,999.0,0.0,0.0,0.0,0.0,0.0,0.0,unclassified,23.68801,87.11914
1.93,307.04,285.93,999.0,999.0,999.0,999.0,999.0,999.0,999.0,999.0,0.0,0.0,0.0,0.0,0.0,0.0,unclassified,23.69199,87.11974
1.71,305.36,285.59,999.0,999.0,999.0,999.0,999.0,999.0,999.0,999.0,0.0,0.0,0.0,0.0,0.0,0.0,unclassified,23.69338,87.10863
1.48,303.8,285.73,999.0,999.0,999.0,999.0,999.0,999.0,999.0,999.0,0.0,0.0,0.0,0.0,0.0,0.0,unclassified,23.69777,85.2904
0.93,302.62,285.21,999.0,999.0,999.0,999.0,999.0,18.078,999.0,999.0,0.0,0.0,0.0,0.0,0.0,0.0,unclassified,23.69792,85.36774
0.94,305.52,288.22,999.0,999.0,999.0,999.0,0.833,5.194,999.0,999.0,0.0,0.0,0.0,0.0,0.0,0.0,unclassified,23.70747,86.44939
1.8,309.97,285.13,999.0,999.0,999.0,999.0,2.807,4.886,999.0,999.0,0.0,0.0,0.0,0.0,0.0,0.0,unclassified,23.71034,86.42485
1.59,317.27,288.58,999.0,999.0,999.0,999.0,1.291,4.765,999.0,999.0,0.0,0.0,0.0,0.0,0.0,0.0,mining_activity,23.71161,86.45001
0.73,301.95,284.85,999.0,999.0,999.0,999.0,999.0,999.0,999.0,999.0,0.0,0.0,0.0,0.0,0.0,0.0,unclassified,23.7117,85.28757
1.61,307.53,287.58,999.0,999.0,999.0,999.0,3.355,4.502,999.0,999.0,0.0,0.0,0.0,0.0,0.0,0.0,unclassified,23.71498,86.42139
1.59,309.84,288.46,999.0,999.0,999.0,999.0,1.754,4.343,999.0,999.0,0.0,0.0,0.0,0.0,0.0,0.0,unclassified,23.71576,86.45063
0.91,305.75,287.65,999.0,999.0,999.0,999.0,2.011,4.05,999.0,999.0,0.0,0.0,0.0,0.0,0.0,0.0,unclassified,23.71672,86.44246
1.61,311.36,287.6,999.0,999.0,999.0,999.0,3.557,4.05,999.0,999.0,0.0,0.0,0.0,0.0,0.0,0.0,unclassified,23.71913,86.422
2.1,307.96,287.66,999.0,999.0,999.0,999.0,3.806,3.602,999.0,999.0,0.0,0.0,0.0,0.0,0.0,0.0,unclassified,23.72328,86.4226
2.79,312.66,287.88,999.0,999.0,999.0,999.0,3.026,3.047,999.0,999.0,0.0,0.0,0.0,0.0,0.0,0.0,unclassified,23.7255,86.43961
4.27,332.15,289.42,999.0,999.0,999.0,999.0,4.651,1.594,999.0,999.0,0.0,0.0,0.0,0.0,0.0,0.0,unclassified,23.73892,86.43327
1.68,308.95,285.68,999.0,999.0,999.0,999.0,999.0,5.422,999.0,999.0,0.0,0.0,0.0,0.0,0.0,0.0,unclassified,23.73894,85.0092
1.92,308.09,285.74,999.0,999.0,999.0,999.0,999.0,5.452,999.0,999.0,0.0,0.0,0.0,0.0,0.0,0.0,unclassified,23.73955,85.01097
2.21,306.57,285.49,999.0,999.0,999.0,999.0,6.726,1.867,999.0,999.0,0.0,0.0,0.0,0.0,0.0,0.0,unclassified,23.75333,86.41881
1.3,310.98,284.88,999.0,999.0,999.0,999.0,23.205,16.05,999.0,999.0,0.0,0.0,0.0,0.0,0.0,0.0,unclassified,23.75436,85.85263
1.56,310.42,285.22,999.0,999.0,999.0,999.0,23.077,15.646,999.0,999.0,0.0,0.0,0.0,0.0,0.0,0.0,unclassified,23.75678,85.85565
1.56,303.97,284.59,999.0,999.0,999.0,999.0,23.495,15.898,999.0,999.0,0.0,0.0,0.0,0.0,0.0,0.0,unclassified,23.75731,85.85121
1.3,305.82,284.84,999.0,999.0,999.0,999.0,23.392,15.646,999.0,999.0,0.0,0.0,0.0,0.0,0.0,0.0,unclassified,23.75867,85.85327
1.9,311.53,281.99,999.0,999.0,999.0,999.0,8.16,3.552,999.0,999.0,0.0,0.0,0.0,0.0,0.0,0.0,unclassified,23.75945,86.403
1.13,303.16,278.33,999.0,999.0,999.0,999.0,8.458,3.976,999.0,999.0,0.0,0.0,0.0,0.0,0.0,0.0,unclassified,23.75995,86.39886
1.9,319.57,279.65,999.0,999.0,999.0,999.0,8.504,3.617,999.0,999.0,0.0,0.0,0.0,0.0,0.0,0.0,unclassified,23.76361,86.40362
1.13,301.48,276.62,999.0,999.0,999.0,999.0,8.79,4.033,999.0,999.0,0.0,0.0,0.0,0.0,0.0,0.0,unclassified,23.76411,86.39948
2.0,320.79,277.99,999.0,999.0,999.0,999.0,8.861,3.741,999.0,999.0,0.0,0.0,0.0,0.0,0.0,0.0,unclassified,23.76777,86.40421
1.42,301.49,276.21,999.0,999.0,999.0,999.0,9.134,4.144,999.0,999.0,0.0,0.0,0.0,0.0,0.0,0.0,unclassified,23.76827,86.40009
1.88,311.0,279.79,999.0,999.0,999.0,999.0,11.986,7.855,999.0,999.0,0.0,0.0,0.0,0.0,0.0,0.0,unclassified,23.77272,86.36308
1.88,309.48,278.5,999.0,999.0,999.0,999.0,12.262,7.943,999.0,999.0,0.0,0.0,0.0,0.0,0.0,0.0,unclassified,23.7769,86.36366
1.38,317.93,274.17,999.0,999.0,999.0,999.0,10.668,5.64,999.0,999.0,0.0,0.0,0.0,0.0,0.0,0.0,unclassified,23.77807,86.38908
1.4,305.87,284.37,999.0,999.0,999.0,999.0,11.354,10.752,999.0,999.0,0.0,0.0,0.0,0.0,0.0,0.0,unclassified,23.77853,86.20712
1.38,300.97,278.02,999.0,999.0,999.0,999.0,10.741,5.461,999.0,999.0,0.0,0.0,0.0,0.0,0.0,0.0,unclassified,23.78174,86.39377
1.38,305.21,275.26,999.0,999.0,999.0,999.0,11.012,5.832,999.0,999.0,0.0,0.0,0.0,0.0,0.0,0.0,unclassified,23.78223,86.3897
1.46,301.71,281.18,999.0,999.0,999.0,999.0,999.0,5.544,999.0,999.0,0.0,0.0,0.0,0.0,0.0,0.0,unclassified,23.78732,85.55491
0.87,308.69,282.0,999.0,999.0,999.0,999.0,999.0,5.368,999.0,999.0,0.0,0.0,0.0,0.0,0.0,0.0,unclassified,23.78801,85.55334
0.83,302.73,275.18,999.0,999.0,999.0,999.0,14.415,9.703,999.0,999.0,0.0,0.0,0.0,0.0,0.0,0.0,unclassified,23.79508,86.35372
0.83,297.82,273.2,999.0,999.0,999.0,999.0,14.749,10.104,999.0,999.0,0.0,0.0,0.0,0.0,0.0,0.0,unclassified,23.79559,86.34954
0.51,298.0,279.57,999.0,999.0,999.0,999.0,14.71,8.311,999.0,999.0,0.0,0.0,0.0,0.0,0.0,0.0,unclassified,23.79659,86.2353
0.74,300.15,272.56,999.0,999.0,999.0,999.0,15.042,10.274,999.0,999.0,0.0,0.0,0.0,0.0,0.0,0.0,unclassified,23.79976,86.35018
1.77,314.47,273.05,999.0,999.0,999.0,999.0,16.723,12.156,999.0,999.0,0.0,0.0,0.0,0.0,0.0,0.0,unclassified,23.80228,86.32954
1.77,307.16,276.81,999.0,999.0,999.0,999.0,16.999,11.916,999.0,999.0,0.0,0.0,0.0,0.0,0.0,0.0,unclassified,23.80646,86.33013
0.61,303.74,279.15,999.0,999.0,999.0,999.0,17.176,11.74,999.0,999.0,0.0,0.0,0.0,0.0,0.0,0.0,unclassified,23.80754,86.32885
2.21,316.46,287.24,999.0,999.0,999.0,999.0,999.0,999.0,999.0,999.0,0.0,0.0,0.0,0.0,0.0,0.0,unclassified,24.11606,86.86103
0.4,305.15,287.3,999.0,999.0,999.0,999.0,999.0,999.0,999.0,999.0,0.0,0.0,0.0,0.0,0.0,0.0,unclassified,24.11965,86.86556
2.04,309.69,290.78,999.0,999.0,999.0,999.0,999.0,999.0,999.0,999.0,0.0,0.0,0.0,0.0,0.0,0.0,unclassified,6.81018,81.6179
2.04,319.84,291.0,999.0,999.0,999.0,999.0,999.0,999.0,999.0,999.0,0.0,0.0,0.0,0.0,0.0,0.0,unclassified,6.81469,81.61859
2.09,315.79,290.28,999.0,999.0,999.0,999.0,999.0,999.0,999.0,999.0,0.0,0.0,0.0,0.0,0.0,0.0,unclassified,6.83187,81.33813
0.88,307.13,290.14,999.0,999.0,999.0,999.0,999.0,999.0,999.0,999.0,0.0,0.0,0.0,0.0,0.0,0.0,unclassified,6.96157,79.96043
1.68,304.7,289.68,999.0,999.0,999.0,999.0,999.0,999.0,999.0,999.0,0.0,0.0,0.0,0.0,0.0,0.0,unclassified,7.38557,80.83266
1.2,301.64,289.95,999.0,999.0,999.0,999.0,999.0,999.0,999.0,999.0,0.0,0.0,0.0,0.0,0.0,0.0,unclassified,7.38579,80.83545
2.54,301.82,278.54,999.0,0.349,0.349,999.0,999.0,999.0,999.0,1.157,0.0,1.0,1.0,1.0,3.0,0.0,unclassified,15.02242,78.01557
2.73,298.03,269.99,999.0,11.911,11.911,999.0,17.706,25.434,999.0,21.519,0.0,0.0,0.0,0.0,0.0,0.0,unclassified,15.18083,76.6638
1.25,302.03,278.37,999.0,10.762,10.762,999.0,18.958,26.357,999.0,20.312,0.0,0.0,0.0,0.0,0.0,0.0,unclassified,15.18106,76.67557
1.25,299.3,274.25,999.0,11.367,11.367,999.0,18.244,25.776,999.0,20.962,0.0,0.0,0.0,0.0,0.0,0.0,unclassified,15.18172,76.66895
0.63,295.01,274.37,999.0,3.763,3.763,999.0,999.0,999.0,999.0,18.483,0.0,0.0,1.0,0.0,1.0,0.0,unclassified,17.3574,76.87903
1.68,311.9,290.11,999.0,999.0,999.0,999.0,999.0,999.0,999.0,999.0,0.0,0.0,0.0,0.0,0.0,0.0,unclassified,8.57317,80.40264
2.19,301.06,279.69,999.0,999.0,999.0,999.0,999.0,999.0,999.0,999.0,0.0,0.0,0.0,0.0,0.0,0.0,unclassified,9.54534,77.51893
1.59,305.2,279.89,999.0,999.0,999.0,999.0,999.0,999.0,999.0,999.0,0.0,0.0,0.0,0.0,0.0,0.0,unclassified,9.54608,77.51984
2.56,307.29,294.92,1.133,0.587,0.587,3.142,999.0,999.0,3.833,1.12,1.0,1.0,1.0,1.0,3.0,2.0,gas_flare,22.33898,69.85583
0.81,303.37,289.72,1.069,0.816,0.816,999.0,999.0,999.0,999.0,2.28,1.0,1.0,1.0,1.0,3.0,2.0,gas_flare,22.38261,73.12849
2.2,305.45,294.43,999.0,0.298,0.298,999.0,999.0,999.0,999.0,8.137,0.0,0.0,1.0,1.0,3.0,0.0,unclassified,22.92733,69.82601
1.43,306.91,293.25,999.0,4.96,4.96,999.0,999.0,999.0,999.0,0.103,0.0,1.0,1.0,0.0,1.0,0.0,unclassified,22.93135,69.70153
1.43,321.98,293.81,999.0,5.106,5.106,999.0,999.0,999.0,999.0,0.549,0.0,1.0,0.0,0.0,0.0,0.0,unclassified,22.93212,69.69724
1.43,311.79,293.42,999.0,4.581,4.581,999.0,999.0,999.0,999.0,0.39,0.0,1.0,1.0,0.0,1.0,0.0,unclassified,22.93487,69.70225
1.43,316.67,293.47,999.0,4.739,4.739,999.0,999.0,999.0,999.0,0.667,0.0,1.0,1.0,0.0,1.0,0.0,unclassified,22.93564,69.69796
1.43,308.61,291.96,999.0,0.357,0.357,999.0,999.0,2.737,999.0,10.793,0.0,0.0,1.0,1.0,3.0,0.0,unclassified,22.97782,72.56509
3.65,325.11,293.82,999.0,1.138,1.138,999.0,999.0,999.0,999.0,1.929,0.0,1.0,1.0,1.0,3.0,0.0,industrial_fire,23.12061,70.08583
1.65,310.58,293.71,999.0,0.288,0.288,999.0,999.0,999.0,999.0,0.305,0.0,1.0,1.0,1.0,3.0,0.0,industrial_fire,23.4967,68.57797
2.05,302.62,286.47,999.0,0.351,0.351,999.0,999.0,22.152,999.0,1.536,0.0,1.0,1.0,1.0,3.0,0.0,unclassified,24.68892,73.00289
1.59,319.9,297.79,999.0,999.0,999.0,999.0,999.0,999.0,999.0,999.0,0.0,0.0,0.0,0.0,0.0,0.0,unclassified,28.42567,69.70049
5.35,320.78,290.76,1.95,0.785,0.785,999.0,999.0,999.0,999.0,1.796,1.0,1.0,1.0,1.0,3.0,2.0,industrial_fire,29.47329,76.85825
4.53,321.58,291.09,1.718,0.905,0.905,999.0,999.0,999.0,999.0,1.623,1.0,1.0,1.0,1.0,3.0,2.0,industrial_fire,29.47491,76.86111
4.41,311.96,290.99,2.275,1.188,1.188,999.0,999.0,999.0,999.0,2.166,1.0,1.0,1.0,1.0,3.0,2.0,industrial_fire,29.47618,76.85554
5.5,322.24,291.14,1.968,1.249,1.249,999.0,999.0,999.0,999.0,1.927,1.0,1.0,1.0,1.0,3.0,2.0,industrial_fire,29.4779,76.85962
2.04,303.07,288.42,999.0,999.0,999.0,999.0,999.0,999.0,999.0,999.0,0.0,0.0,0.0,0.0,0.0,0.0,unclassified,31.26022,76.92496
0.81,312.39,295.47,999.0,999.0,999.0,999.0,999.0,999.0,999.0,999.0,0.0,0.0,0.0,0.0,0.0,0.0,unclassified,31.42277,72.99947
1.17,304.86,293.78,999.0,999.0,999.0,999.0,999.0,999.0,999.0,999.0,0.0,0.0,0.0,0.0,0.0,0.0,unclassified,32.72092,72.92194
2.91,314.87,295.39,999.0,999.0,999.0,999.0,999.0,999.0,999.0,999.0,0.0,0.0,0.0,0.0,0.0,0.0,unclassified,32.88893,71.61838
1.2,313.43,292.61,999.0,999.0,999.0,999.0,999.0,999.0,999.0,999.0,0.0,0.0,0.0,0.0,0.0,0.0,unclassified,33.2953,71.1847
0.6,307.17,294.73,999.0,999.0,999.0,999.0,999.0,999.0,999.0,999.0,0.0,0.0,0.0,0.0,0.0,0.0,unclassified,33.40643,71.93991
1.19,307.45,294.6,999.0,999.0,999.0,999.0,999.0,999.0,999.0,999.0,0.0,0.0,0.0,0.0,0.0,0.0,unclassified,33.54525,71.54886
3.14,306.15,293.33,999.0,999.0,999.0,999.0,999.0,999.0,999.0,999.0,0.0,0.0,0.0,0.0,0.0,0.0,unclassified,33.90302,71.91702
0.98,303.55,283.74,999.0,11.637,11.637,999.0,999.0,999.0,999.0,9.935,0.0,0.0,0.0,0.0,0.0,0.0,unclassified,15.01009,77.61835
1.56,303.5,284.27,999.0,0.204,0.204,999.0,999.0,8.651,999.0,15.463,0.0,0.0,1.0,1.0,3.0,0.0,unclassified,15.07013,76.86538
1.68,300.85,285.39,999.0,0.81,0.81,999.0,999.0,19.301,999.0,2.436,0.0,1.0,1.0,1.0,3.0,0.0,unclassified,15.17637,77.09987
3.05,313.84,281.26,999.0,12.748,12.748,999.0,16.99,25.112,28.038,22.352,0.0,0.0,0.0,0.0,0.0,0.0,unclassified,15.17781,76.65665
2.6,306.52,281.19,999.0,11.457,11.457,999.0,18.14,25.694,999.0,21.058,0.0,0.0,0.0,0.0,0.0,0.0,unclassified,15.18179,76.66799
1.14,297.68,276.75,999.0,999.0,999.0,999.0,11.699,19.494,18.009,999.0,0.0,0.0,0.0,0.0,0.0,0.0,unclassified,15.19833,76.37807
1.48,298.37,276.11,999.0,999.0,999.0,999.0,11.656,19.301,17.833,999.0,0.0,0.0,0.0,0.0,0.0,0.0,unclassified,15.19921,76.37984
3.56,303.5,282.21,999.0,999.0,999.0,999.0,999.0,999.0,999.0,10.196,0.0,0.0,0.0,0.0,0.0,0.0,unclassified,16.18613,78.91606
6.01,307.9,282.64,999.0,999.0,999.0,999.0,999.0,999.0,999.0,10.264,0.0,0.0,0.0,0.0,0.0,0.0,unclassified,16.18728,78.91104
1.63,306.06,286.54,999.0,999.0,999.0,999.0,999.0,21.81,25.043,999.0,0.0,0.0,0.0,0.0,0.0,0.0,unclassified,18.68138,73.03857
1.63,304.96,286.6,999.0,999.0,999.0,999.0,999.0,21.954,24.693,999.0,0.0,0.0,0.0,0.0,0.0,0.0,unclassified,18.68235,73.03365
2.72,301.11,286.49,999.0,999.0,999.0,999.0,999.0,21.907,24.35,999.0,0.0,0.0,0.0,0.0,0.0,0.0,unclassified,18.68331,73.0287
2.63,303.66,286.86,999.0,999.0,999.0,999.0,999.0,22.217,24.822,999.0,0.0,0.0,0.0,0.0,0.0,0.0,unclassified,18.68517,73.04121
1.63,303.16,286.88,999.0,999.0,999.0,999.0,999.0,22.191,24.66,999.0,0.0,0.0,0.0,0.0,0.0,0.0,unclassified,18.68594,73.03958
3.48,303.75,286.82,999.0,999.0,999.0,999.0,999.0,21.654,24.108,999.0,0.0,0.0,0.0,0.0,0.0,0.0,unclassified,18.68717,73.03136
2.42,303.23,286.61,999.0,999.0,999.0,999.0,999.0,21.805,24.281,999.0,0.0,0.0,0.0,0.0,0.0,0.0,unclassified,18.69051,73.04059
2.7,324.65,288.96,999.0,999.0,999.0,999.0,999.0,999.0,999.0,999.0,0.0,0.0,0.0,0.0,0.0,0.0,unclassified,19.67624,71.67017
0.44,295.9,283.56,999.0,1.166,1.166,999.0,999.0,23.688,16.971,9.986,0.0,0.0,1.0,1.0,3.0,0.0,unclassified,20.35351,72.95026
1.12,312.62,283.84,999.0,0.948,0.948,999.0,999.0,23.963,17.263,10.404,0.0,0.0,1.0,1.0,3.0,0.0,industrial_fire,20.35693,72.94828
1.43,305.32,291.77,999.0,0.362,0.362,999.0,999.0,999.0,999.0,13.339,0.0,0.0,1.0,1.0,3.0,0.0,unclassified,20.86657,70.56716
0.99,307.63,291.99,999.0,0.109,0.109,999.0,999.0,999.0,999.0,1.217,0.0,1.0,1.0,1.0,3.0,0.0,unclassified,20.90932,71.46124
0.89,304.58,291.59,999.0,0.446,0.446,999.0,999.0,999.0,999.0,1.458,0.0,1.0,1.0,1.0,3.0,0.0,unclassified,20.91002,71.45757
1.6,307.03,290.82,999.0,1.293,1.293,1.573,999.0,999.0,3.994,2.143,0.0,1.0,1.0,1.0,3.0,0.0,gas_flare,21.10058,72.63622
2.61,307.67,291.0,999.0,0.776,0.776,2.599,999.0,999.0,3.884,1.303,0.0,1.0,1.0,1.0,3.0,0.0,unclassified,21.10314,72.64573
1.6,307.78,291.05,999.0,0.88,0.88,1.833,999.0,999.0,3.529,1.661,0.0,1.0,1.0,1.0,3.0,0.0,gas_flare,21.10483,72.63718
7.81,342.3,292.6,999.0,0.412,0.412,2.847,999.0,999.0,3.471,0.998,0.0,1.0,1.0,1.0,3.0,0.0,industrial_fire,21.10739,72.64669
4.97,331.87,291.11,999.0,0.664,0.664,8.969,999.0,999.0,4.856,0.8,0.0,1.0,1.0,1.0,3.0,0.0,industrial_fire,21.16286,72.67182
4.37,336.65,291.46,999.0,0.509,0.509,9.178,999.0,999.0,5.056,0.626,0.0,1.0,1.0,1.0,3.0,0.0,industrial_fire,21.1644,72.67298
4.37,321.34,291.15,999.0,0.672,0.672,9.004,999.0,999.0,4.774,0.699,0.0,1.0,1.0,1.0,3.0,0.0,industrial_fire,21.16523,72.66869
7.63,339.36,291.7,999.0,0.228,0.228,9.413,999.0,999.0,5.23,0.637,0.0,1.0,1.0,1.0,3.0,0.0,industrial_fire,21.16711,72.67277
4.61,328.97,295.09,999.0,999.0,999.0,999.0,999.0,999.0,999.0,999.0,0.0,0.0,0.0,0.0,0.0,0.0,unclassified,25.94198,72.19152
2.18,311.07,294.72,999.0,999.0,999.0,999.0,999.0,999.0,999.0,999.0,0.0,0.0,0.0,0.0,0.0,0.0,unclassified,25.94338,72.19575
2.7,317.01,294.81,999.0,999.0,999.0,999.0,999.0,999.0,999.0,999.0,0.0,0.0,0.0,0.0,0.0,0.0,unclassified,25.94437,72.19054
1.4,305.85,293.66,999.0,999.0,999.0,999.0,999.0,999.0,999.0,999.0,0.0,0.0,0.0,0.0,0.0,0.0,unclassified,26.87735,73.51431
0.77,306.77,294.29,999.0,999.0,999.0,999.0,999.0,999.0,999.0,999.0,0.0,0.0,0.0,0.0,0.0,0.0,unclassified,27.081,73.81882
0.98,306.83,293.71,999.0,999.0,999.0,999.0,999.0,999.0,999.0,999.0,0.0,0.0,0.0,0.0,0.0,0.0,unclassified,27.28717,73.83929
2.49,332.85,284.25,999.0,999.0,999.0,999.0,999.0,999.0,999.0,999.0,0.0,0.0,0.0,0.0,0.0,0.0,unclassified,12.75382,92.88086
2.61,326.49,296.03,999.0,999.0,999.0,999.0,999.0,999.0,999.0,999.0,0.0,0.0,0.0,0.0,0.0,0.0,unclassified,29.18748,88.53117
3.18,330.81,302.07,999.0,999.0,999.0,999.0,999.0,999.0,999.0,999.0,0.0,0.0,0.0,0.0,0.0,0.0,unclassified,29.24429,91.86042
2.42,328.58,302.51,999.0,999.0,999.0,999.0,999.0,999.0,999.0,999.0,0.0,0.0,0.0,0.0,0.0,0.0,unclassified,29.2485,91.86387
2.5,325.44,291.36,999.0,999.0,999.0,999.0,999.0,999.0,999.0,999.0,0.0,0.0,0.0,0.0,0.0,0.0,unclassified,29.29299,88.90841
3.7,337.03,295.21,999.0,999.0,999.0,999.0,999.0,999.0,999.0,999.0,0.0,0.0,0.0,0.0,0.0,0.0,unclassified,6.34224,81.12547
5.43,342.32,296.99,999.0,999.0,999.0,999.0,999.0,999.0,999.0,999.0,0.0,0.0,0.0,0.0,0.0,0.0,unclassified,6.42538,81.01639
5.43,342.18,295.81,999.0,999.0,999.0,999.0,999.0,999.0,999.0,999.0,0.0,0.0,0.0,0.0,0.0,0.0,unclassified,6.42972,81.01575
3.72,333.3,296.32,999.0,999.0,999.0,999.0,999.0,999.0,999.0,999.0,0.0,0.0,0.0,0.0,0.0,0.0,unclassified,6.47065,81.08218
4.39,332.45,296.05,999.0,999.0,999.0,999.0,999.0,999.0,999.0,999.0,0.0,0.0,0.0,0.0,0.0,0.0,unclassified,6.5269,80.76523
0.71,331.85,292.44,999.0,999.0,999.0,999.0,999.0,999.0,999.0,999.0,0.0,0.0,0.0,0.0,0.0,0.0,unclassified,6.66989,80.91605
2.4,331.0,297.83,999.0,999.0,999.0,999.0,999.0,999.0,999.0,999.0,0.0,0.0,0.0,0.0,0.0,0.0,unclassified,6.71661,81.32898
6.56,331.56,298.8,999.0,999.0,999.0,999.0,999.0,999.0,999.0,999.0,0.0,0.0,0.0,0.0,0.0,0.0,unclassified,6.73734,81.53592
6.91,339.34,300.3,999.0,999.0,999.0,999.0,999.0,999.0,999.0,999.0,0.0,0.0,0.0,0.0,0.0,0.0,unclassified,6.75082,81.39299
7.82,348.92,298.5,999.0,999.0,999.0,999.0,999.0,999.0,999.0,999.0,0.0,0.0,0.0,0.0,0.0,0.0,unclassified,6.79404,81.53845
4.24,337.38,299.97,999.0,999.0,999.0,999.0,999.0,999.0,999.0,999.0,0.0,0.0,0.0,0.0,0.0,0.0,unclassified,6.79797,81.46822
7.18,341.55,295.5,999.0,999.0,999.0,999.0,999.0,999.0,999.0,999.0,0.0,0.0,0.0,0.0,0.0,0.0,unclassified,6.82711,81.33308
6.6,343.08,294.95,999.0,999.0,999.0,999.0,999.0,999.0,999.0,999.0,0.0,0.0,0.0,0.0,0.0,0.0,unclassified,6.82874,81.33171
2.68,335.68,297.76,999.0,999.0,999.0,999.0,999.0,999.0,999.0,999.0,0.0,0.0,0.0,0.0,0.0,0.0,unclassified,6.83144,81.47736
8.05,336.95,299.85,999.0,999.0,999.0,999.0,999.0,999.0,999.0,999.0,0.0,0.0,0.0,0.0,0.0,0.0,unclassified,6.90904,81.66004
9.27,342.62,295.51,999.0,999.0,999.0,999.0,999.0,999.0,999.0,999.0,0.0,0.0,0.0,0.0,0.0,0.0,unclassified,6.97485,81.5989
6.32,333.96,299.99,999.0,999.0,999.0,999.0,999.0,999.0,999.0,999.0,0.0,0.0,0.0,0.0,0.0,0.0,unclassified,7.20339,81.01457
5.23,334.07,300.21,999.0,999.0,999.0,999.0,999.0,999.0,999.0,999.0,0.0,0.0,0.0,0.0,0.0,0.0,unclassified,7.30575,81.13636
7.25,344.12,301.41,999.0,999.0,999.0,999.0,999.0,999.0,999.0,999.0,0.0,0.0,0.0,0.0,0.0,0.0,unclassified,7.3628,81.3008
6.37,340.27,300.73,999.0,999.0,999.0,999.0,999.0,999.0,999.0,999.0,0.0,0.0,0.0,0.0,0.0,0.0,unclassified,7.36553,81.29984
2.9,333.64,294.39,999.0,999.0,999.0,999.0,999.0,999.0,999.0,999.0,0.0,0.0,0.0,0.0,0.0,0.0,unclassified,7.38462,79.87064
2.35,332.09,299.24,999.0,999.0,999.0,999.0,999.0,999.0,999.0,999.0,0.0,0.0,0.0,0.0,0.0,0.0,unclassified,7.38789,81.28361
5.15,331.69,299.87,999.0,999.0,999.0,999.0,999.0,999.0,999.0,999.0,0.0,0.0,0.0,0.0,0.0,0.0,unclassified,7.38853,81.28822
5.24,336.26,301.27,999.0,999.0,999.0,999.0,999.0,999.0,999.0,999.0,0.0,0.0,0.0,0.0,0.0,0.0,unclassified,7.39238,81.28298
5.67,330.06,298.42,999.0,999.0,999.0,999.0,999.0,999.0,999.0,999.0,0.0,0.0,0.0,0.0,0.0,0.0,unclassified,7.39301,81.28756
10.35,339.51,299.69,999.0,999.0,999.0,999.0,999.0,999.0,999.0,999.0,0.0,0.0,0.0,0.0,0.0,0.0,unclassified,7.44182,81.24464
11.29,339.75,300.47,999.0,999.0,999.0,999.0,999.0,999.0,999.0,999.0,0.0,0.0,0.0,0.0,0.0,0.0,unclassified,7.4431,81.25359
7.04,342.28,298.32,999.0,999.0,999.0,999.0,999.0,999.0,999.0,999.0,0.0,0.0,0.0,0.0,0.0,0.0,unclassified,7.44566,81.23956
10.35,349.63,299.79,999.0,999.0,999.0,999.0,999.0,999.0,999.0,999.0,0.0,0.0,0.0,0.0,0.0,0.0,unclassified,7.44629,81.24397
13.33,336.58,307.4,999.0,999.0,999.0,999.0,999.0,999.0,999.0,999.0,0.0,0.0,0.0,0.0,0.0,0.0,unclassified,7.51962,81.10014
3.4,332.6,297.87,999.0,999.0,999.0,999.0,999.0,999.0,999.0,999.0,0.0,0.0,0.0,0.0,0.0,0.0,unclassified,7.61087,80.83186
1.91,331.97,293.6,999.0,999.0,999.0,999.0,999.0,999.0,999.0,999.0,0.0,0.0,0.0,0.0,0.0,0.0,unclassified,7.65727,80.49637
4.3,330.12,294.01,999.0,999.0,999.0,999.0,999.0,999.0,999.0,999.0,0.0,0.0,0.0,0.0,0.0,0.0,unclassified,7.66027,79.91571
5.45,343.92,297.8,999.0,999.0,999.0,999.0,999.0,999.0,999.0,999.0,0.0,0.0,0.0,0.0,0.0,0.0,unclassified,7.69514,80.13086
3.6,340.21,296.07,999.0,999.0,999.0,999.0,999.0,999.0,999.0,999.0,0.0,0.0,0.0,0.0,0.0,0.0,unclassified,7.71052,79.86343
1.78,332.62,295.79,999.0,999.0,999.0,999.0,999.0,999.0,999.0,999.0,0.0,0.0,0.0,0.0,0.0,0.0,unclassified,7.81016,79.9166
3.19,342.74,295.29,999.0,999.0,999.0,999.0,999.0,999.0,999.0,999.0,0.0,0.0,0.0,0.0,0.0,0.0,unclassified,7.81069,79.92027
6.83,345.57,296.55,999.0,999.0,999.0,999.0,999.0,999.0,999.0,999.0,0.0,0.0,0.0,0.0,0.0,0.0,unclassified,7.81293,79.91923
2.72,335.54,295.96,999.0,999.0,999.0,999.0,999.0,999.0,999.0,999.0,0.0,0.0,0.0,0.0,0.0,0.0,unclassified,7.87883,79.93985
3.08,338.52,295.46,999.0,999.0,999.0,999.0,999.0,999.0,999.0,999.0,0.0,0.0,0.0,0.0,0.0,0.0,unclassified,7.87908,80.031
7.07,335.04,297.49,999.0,999.0,999.0,999.0,999.0,999.0,999.0,999.0,0.0,0.0,0.0,0.0,0.0,0.0,unclassified,7.91133,80.55552
7.48,342.84,297.71,999.0,999.0,999.0,999.0,999.0,999.0,999.0,999.0,0.0,0.0,0.0,0.0,0.0,0.0,unclassified,7.91191,80.55957
8.63,342.53,298.03,999.0,999.0,999.0,999.0,999.0,999.0,999.0,999.0,0.0,0.0,0.0,0.0,0.0,0.0,unclassified,7.91323,80.55524
10.66,342.55,297.88,999.0,999.0,999.0,999.0,999.0,999.0,999.0,999.0,0.0,0.0,0.0,0.0,0.0,0.0,unclassified,7.91379,80.5593
5.19,338.53,297.3,999.0,999.0,999.0,999.0,999.0,999.0,999.0,999.0,0.0,0.0,0.0,0.0,0.0,0.0,unclassified,7.94364,80.12633
7.55,341.27,298.15,999.0,999.0,999.0,999.0,999.0,999.0,999.0,999.0,0.0,0.0,0.0,0.0,0.0,0.0,unclassified,7.94419,80.13013
3.01,332.78,295.73,999.0,999.0,999.0,999.0,999.0,999.0,999.0,999.0,0.0,0.0,0.0,0.0,0.0,0.0,unclassified,7.94493,80.62585
4.21,338.79,297.75,999.0,999.0,999.0,999.0,999.0,999.0,999.0,999.0,0.0,0.0,0.0,0.0,0.0,0.0,unclassified,7.94517,80.04884
2.16,331.12,297.29,999.0,999.0,999.0,999.0,999.0,999.0,999.0,999.0,0.0,0.0,0.0,0.0,0.0,0.0,unclassified,7.94696,80.04915
5.19,342.94,297.71,999.0,999.0,999.0,999.0,999.0,999.0,999.0,999.0,0.0,0.0,0.0,0.0,0.0,0.0,unclassified,7.94782,80.12575
7.55,345.31,297.84,999.0,999.0,999.0,999.0,999.0,999.0,999.0,999.0,0.0,0.0,0.0,0.0,0.0,0.0,unclassified,7.94837,80.12955
3.96,339.74,294.86,999.0,999.0,999.0,999.0,999.0,999.0,999.0,999.0,0.0,0.0,0.0,0.0,0.0,0.0,unclassified,7.9495,79.85543
8.43,344.81,299.96,999.0,999.0,999.0,999.0,999.0,999.0,999.0,999.0,0.0,0.0,0.0,0.0,0.0,0.0,unclassified,7.96289,81.33191
6.58,330.55,296.14,999.0,999.0,999.0,999.0,999.0,999.0,999.0,999.0,0.0,0.0,0.0,0.0,0.0,0.0,unclassified,7.99274,80.41392
3.91,334.52,296.86,999.0,999.0,999.0,999.0,999.0,999.0,999.0,999.0,0.0,0.0,0.0,0.0,0.0,0.0,unclassified,7.9936,80.4128
5.83,337.55,298.29,999.0,999.0,999.0,999.0,999.0,999.0,999.0,999.0,0.0,0.0,0.0,0.0,0.0,0.0,unclassified,7.99599,81.46941
1.61,330.09,294.71,999.0,999.0,999.0,999.0,999.0,999.0,999.0,999.0,0.0,0.0,0.0,0.0,0.0,0.0,unclassified,8.00805,80.60468
2.8,330.07,296.47,999.0,999.0,999.0,999.0,999.0,999.0,999.0,999.0,0.0,0.0,0.0,0.0,0.0,0.0,unclassified,8.01845,80.61577
3.0,335.51,297.65,999.0,999.0,999.0,999.0,999.0,999.0,999.0,999.0,0.0,0.0,0.0,0.0,0.0,0.0,unclassified,8.02105,80.30539
9.3,343.11,298.45,999.0,999.0,999.0,999.0,999.0,999.0,999.0,999.0,0.0,0.0,0.0,0.0,0.0,0.0,unclassified,8.02395,80.62332
6.82,342.88,298.2,999.0,999.0,999.0,999.0,999.0,999.0,999.0,999.0,0.0,0.0,0.0,0.0,0.0,0.0,unclassified,8.02528,80.62028
2.21,334.82,297.08,999.0,999.0,999.0,999.0,999.0,999.0,999.0,999.0,0.0,0.0,0.0,0.0,0.0,0.0,unclassified,8.05665,80.10335
6.02,334.58,295.56,999.0,999.0,999.0,999.0,999.0,999.0,999.0,999.0,0.0,0.0,0.0,0.0,0.0,0.0,unclassified,8.12243,80.51514
2.4,331.23,290.64,999.0,999.0,999.0,999.0,999.0,999.0,999.0,999.0,0.0,0.0,0.0,0.0,0.0,0.0,unclassified,8.14543,80.06309
14.58,351.92,300.89,999.0,999.0,999.0,999.0,999.0,999.0,999.0,999.0,0.0,0.0,0.0,0.0,0.0,0.0,unclassified,8.17443,81.31121
4.09,330.26,298.38,999.0,999.0,999.0,999.0,999.0,999.0,999.0,999.0,0.0,0.0,0.0,0.0,0.0,0.0,unclassified,8.20822,80.68834
5.88,336.55,298.69,999.0,999.0,999.0,999.0,999.0,999.0,999.0,999.0,0.0,0.0,0.0,0.0,0.0,0.0,unclassified,8.22253,81.08371
2.94,331.67,298.18,999.0,999.0,999.0,999.0,999.0,999.0,999.0,999.0,0.0,0.0,0.0,0.0,0.0,0.0,unclassified,8.23714,80.64191
7.04,339.6,298.6,999.0,999.0,999.0,999.0,999.0,999.0,999.0,999.0,0.0,0.0,0.0,0.0,0.0,0.0,unclassified,8.23842,80.64211
6.02,337.12,298.69,999.0,999.0,999.0,999.0,999.0,999.0,999.0,999.0,0.0,0.0,0.0,0.0,0.0,0.0,unclassified,8.24209,80.64552
1.97,330.25,297.73,999.0,999.0,999.0,999.0,999.0,999.0,999.0,999.0,0.0,0.0,0.0,0.0,0.0,0.0,unclassified,8.2431,80.11183
5.12,338.93,298.25,999.0,999.0,999.0,999.0,999.0,999.0,999.0,999.0,0.0,0.0,0.0,0.0,0.0,0.0,unclassified,8.25259,80.78128
6.36,331.85,297.88,999.0,999.0,999.0,999.0,999.0,999.0,999.0,999.0,0.0,0.0,0.0,0.0,0.0,0.0,unclassified,8.25285,80.78179
4.31,343.26,297.74,999.0,999.0,999.0,999.0,999.0,999.0,999.0,999.0,0.0,0.0,0.0,0.0,0.0,0.0,unclassified,8.25512,80.10616
3.03,332.14,298.82,999.0,999.0,999.0,999.0,999.0,999.0,999.0,999.0,0.0,0.0,0.0,0.0,0.0,0.0,unclassified,8.27044,80.33495
5.69,332.09,295.22,999.0,999.0,999.0,999.0,999.0,999.0,999.0,999.0,0.0,0.0,0.0,0.0,0.0,0.0,unclassified,8.31202,80.59825
8.9,342.47,298.99,999.0,999.0,999.0,999.0,999.0,999.0,999.0,999.0,0.0,0.0,0.0,0.0,0.0,0.0,unclassified,8.31947,80.29152
7.54,345.94,300.71,999.0,999.0,999.0,999.0,999.0,999.0,999.0,999.0,0.0,0.0,0.0,0.0,0.0,0.0,unclassified,8.324,80.23045
1.65,333.02,294.04,999.0,999.0,999.0,999.0,999.0,999.0,999.0,999.0,0.0,0.0,0.0,0.0,0.0,0.0,unclassified,8.33193,80.77122
14.51,336.8,298.0,999.0,999.0,999.0,999.0,999.0,999.0,999.0,999.0,0.0,0.0,0.0,0.0,0.0,0.0,unclassified,8.35027,80.74276
19.72,343.16,298.9,999.0,999.0,999.0,999.0,999.0,999.0,999.0,999.0,0.0,0.0,0.0,0.0,0.0,0.0,unclassified,8.35087,80.747
7.01,340.73,297.7,999.0,999.0,999.0,999.0,999.0,999.0,999.0,999.0,0.0,0.0,0.0,0.0,0.0,0.0,unclassified,8.35448,80.74238
8.59,336.97,297.85,999.0,999.0,999.0,999.0,999.0,999.0,999.0,999.0,0.0,0.0,0.0,0.0,0.0,0.0,unclassified,8.35466,80.74216
5.61,333.87,295.91,999.0,999.0,999.0,999.0,999.0,999.0,999.0,999.0,0.0,0.0,0.0,0.0,0.0,0.0,unclassified,8.35526,80.7464
2.31,330.45,299.96,999.0,999.0,999.0,999.0,999.0,999.0,999.0,999.0,0.0,0.0,0.0,0.0,0.0,0.0,unclassified,8.38549,80.29862
6.16,330.12,297.13,999.0,999.0,999.0,999.0,999.0,999.0,999.0,999.0,0.0,0.0,0.0,0.0,0.0,0.0,unclassified,8.38778,80.78993
8.74,341.59,298.29,999.0,999.0,999.0,999.0,999.0,999.0,999.0,999.0,0.0,0.0,0.0,0.0,0.0,0.0,unclassified,8.40374,81.05544
4.67,341.87,298.07,999.0,999.0,999.0,999.0,999.0,999.0,999.0,999.0,0.0,0.0,0.0,0.0,0.0,0.0,unclassified,8.40438,81.05991
1.64,332.62,294.1,999.0,999.0,999.0,999.0,999.0,999.0,999.0,999.0,0.0,0.0,0.0,0.0,0.0,0.0,unclassified,8.40441,80.68349
9.69,342.53,298.34,999.0,999.0,999.0,999.0,999.0,999.0,999.0,999.0,0.0,0.0,0.0,0.0,0.0,0.0,unclassified,8.40566,81.0557
8.49,334.05,298.29,999.0,999.0,999.0,999.0,999.0,999.0,999.0,999.0,0.0,0.0,0.0,0.0,0.0,0.0,unclassified,8.40626,81.06018
2.86,331.74,294.71,999.0,999.0,999.0,999.0,999.0,999.0,999.0,999.0,0.0,0.0,0.0,0.0,0.0,0.0,unclassified,8.41519,80.446
4.37,330.78,299.34,999.0,999.0,999.0,999.0,999.0,999.0,999.0,999.0,0.0,0.0,0.0,0.0,0.0,0.0,unclassified,8.41545,80.41713
6.04,341.31,297.13,999.0,999.0,999.0,999.0,999.0,999.0,999.0,999.0,0.0,0.0,0.0,0.0,0.0,0.0,unclassified,8.42824,80.5067
22.75,350.84,299.74,999.0,999.0,999.0,999.0,999.0,999.0,999.0,999.0,0.0,0.0,0.0,0.0,0.0,0.0,unclassified,8.43036,80.50778
5.74,335.17,297.18,999.0,999.0,999.0,999.0,999.0,999.0,999.0,999.0,0.0,0.0,0.0,0.0,0.0,0.0,unclassified,8.43084,80.35042
6.04,336.22,297.86,999.0,999.0,999.0,999.0,999.0,999.0,999.0,999.0,0.0,0.0,0.0,0.0,0.0,0.0,unclassified,8.43256,80.50612
6.04,342.96,297.55,999.0,999.0,999.0,999.0,999.0,999.0,999.0,999.0,0.0,0.0,0.0,0.0,0.0,0.0,unclassified,8.43315,80.51025
2.9,339.02,295.82,999.0,999.0,999.0,999.0,999.0,999.0,999.0,999.0,0.0,0.0,0.0,0.0,0.0,0.0,unclassified,8.4458,80.23885
5.03,333.83,298.89,999.0,999.0,999.0,999.0,999.0,999.0,999.0,999.0,0.0,0.0,0.0,0.0,0.0,0.0,unclassified,8.45281,81.09965
5.47,333.89,297.53,999.0,999.0,999.0,999.0,999.0,999.0,999.0,999.0,0.0,0.0,0.0,0.0,0.0,0.0,unclassified,8.45517,80.40042
2.89,331.6,295.46,999.0,999.0,999.0,999.0,999.0,999.0,999.0,999.0,0.0,0.0,0.0,0.0,0.0,0.0,unclassified,8.46493,80.50307
6.49,355.15,296.9,999.0,999.0,999.0,999.0,999.0,999.0,999.0,999.0,0.0,0.0,0.0,0.0,0.0,0.0,unclassified,8.47596,80.45562
10.21,346.93,299.07,999.0,999.0,999.0,999.0,999.0,999.0,999.0,999.0,0.0,0.0,0.0,0.0,0.0,0.0,unclassified,8.48686,80.47081
3.23,332.7,298.56,999.0,999.0,999.0,999.0,999.0,999.0,999.0,999.0,0.0,0.0,0.0,0.0,0.0,0.0,unclassified,8.51423,80.24119
3.64,333.29,299.19,999.0,999.0,999.0,999.0,999.0,999.0,999.0,999.0,0.0,0.0,0.0,0.0,0.0,0.0,unclassified,8.52532,80.4322
6.58,345.61,300.25,999.0,999.0,999.0,999.0,999.0,999.0,999.0,999.0,0.0,0.0,0.0,0.0,0.0,0.0,unclassified,8.52704,80.43185
3.64,335.64,298.69,999.0,999.0,999.0,999.0,999.0,999.0,999.0,999.0,0.0,0.0,0.0,0.0,0.0,0.0,unclassified,8.52962,80.43159
6.79,345.24,299.8,999.0,999.0,999.0,999.0,999.0,999.0,999.0,999.0,0.0,0.0,0.0,0.0,0.0,0.0,unclassified,8.53881,80.8772
4.39,338.51,299.65,999.0,999.0,999.0,999.0,999.0,999.0,999.0,999.0,0.0,0.0,0.0,0.0,0.0,0.0,unclassified,8.55367,80.37032
4.01,343.54,298.06,999.0,999.0,999.0,999.0,999.0,999.0,999.0,999.0,0.0,0.0,0.0,0.0,0.0,0.0,unclassified,8.55657,80.87483
4.82,337.52,297.09,999.0,999.0,999.0,999.0,999.0,999.0,999.0,999.0,0.0,0.0,0.0,0.0,0.0,0.0,unclassified,8.56465,80.90033
10.76,343.07,299.04,999.0,999.0,999.0,999.0,999.0,999.0,999.0,999.0,0.0,0.0,0.0,0.0,0.0,0.0,unclassified,8.56527,80.90474
6.06,330.59,298.57,999.0,999.0,999.0,999.0,999.0,999.0,999.0,999.0,0.0,0.0,0.0,0.0,0.0,0.0,unclassified,8.56614,80.39735
6.06,342.2,298.67,999.0,999.0,999.0,999.0,999.0,999.0,999.0,999.0,0.0,0.0,0.0,0.0,0.0,0.0,unclassified,8.56671,80.40142
4.34,330.04,296.85,999.0,999.0,999.0,999.0,999.0,999.0,999.0,999.0,0.0,0.0,0.0,0.0,0.0,0.0,unclassified,8.57884,80.78347
3.29,342.96,299.73,999.0,999.0,999.0,999.0,999.0,999.0,999.0,999.0,0.0,0.0,0.0,0.0,0.0,0.0,unclassified,8.61746,77.98914
7.09,342.6,298.6,999.0,999.0,999.0,999.0,999.0,999.0,999.0,999.0,0.0,0.0,0.0,0.0,0.0,0.0,unclassified,8.62053,80.69478
6.37,337.09,299.92,999.0,999.0,999.0,999.0,999.0,999.0,999.0,999.0,0.0,0.0,0.0,0.0,0.0,0.0,unclassified,8.62115,80.41457
4.39,336.9,297.95,999.0,999.0,999.0,999.0,999.0,999.0,999.0,999.0,0.0,0.0,0.0,0.0,0.0,0.0,unclassified,8.62399,80.37293
4.93,332.59,298.89,999.0,999.0,999.0,999.0,999.0,999.0,999.0,999.0,0.0,0.0,0.0,0.0,0.0,0.0,unclassified,8.62594,80.79905
2.77,330.42,298.39,999.0,999.0,999.0,999.0,999.0,999.0,999.0,999.0,0.0,0.0,0.0,0.0,0.0,0.0,unclassified,8.62652,80.37279
2.87,330.56,300.01,999.0,999.0,999.0,999.0,999.0,999.0,999.0,999.0,0.0,0.0,0.0,0.0,0.0,0.0,unclassified,8.63034,80.41752
2.23,330.62,298.18,999.0,999.0,999.0,999.0,999.0,999.0,999.0,999.0,0.0,0.0,0.0,0.0,0.0,0.0,unclassified,8.63077,80.51368
5.65,333.42,297.24,999.0,999.0,999.0,999.0,999.0,999.0,999.0,999.0,0.0,0.0,0.0,0.0,0.0,0.0,unclassified,8.63132,81.00479
5.65,332.22,297.39,999.0,999.0,999.0,999.0,999.0,999.0,999.0,999.0,0.0,0.0,0.0,0.0,0.0,0.0,unclassified,8.63193,81.00928
5.65,349.95,297.53,999.0,999.0,999.0,999.0,999.0,999.0,999.0,999.0,0.0,0.0,0.0,0.0,0.0,0.0,unclassified,8.63581,81.0042
5.52,335.44,298.03,999.0,999.0,999.0,999.0,999.0,999.0,999.0,999.0,0.0,0.0,0.0,0.0,0.0,0.0,unclassified,8.64029,81.00357
5.52,344.56,298.64,999.0,999.0,999.0,999.0,999.0,999.0,999.0,999.0,0.0,0.0,0.0,0.0,0.0,0.0,unclassified,8.6409,81.00806
5.52,330.4,298.22,999.0,999.0,999.0,999.0,999.0,999.0,999.0,999.0,0.0,0.0,0.0,0.0,0.0,0.0,unclassified,8.64538,81.00743
10.8,339.9,296.36,999.0,999.0,999.0,999.0,999.0,999.0,999.0,999.0,0.0,0.0,0.0,0.0,0.0,0.0,unclassified,8.66234,80.83396
6.07,332.62,304.58,999.0,999.0,999.0,999.0,999.0,999.0,999.0,999.0,0.0,0.0,0.0,0.0,0.0,0.0,unclassified,8.66597,77.40293
4.23,332.11,299.3,999.0,999.0,999.0,999.0,999.0,999.0,999.0,999.0,0.0,0.0,0.0,0.0,0.0,0.0,unclassified,8.66727,80.25673
4.7,337.9,299.88,999.0,999.0,999.0,999.0,999.0,999.0,999.0,999.0,0.0,0.0,0.0,0.0,0.0,0.0,unclassified,8.69263,80.37619
7.55,338.31,299.35,999.0,999.0,999.0,999.0,999.0,999.0,999.0,999.0,0.0,0.0,0.0,0.0,0.0,0.0,unclassified,8.69724,80.86597
7.89,342.87,300.12,999.0,999.0,999.0,999.0,999.0,999.0,999.0,999.0,0.0,0.0,0.0,0.0,0.0,0.0,unclassified,8.69836,80.86498
4.75,330.69,297.64,999.0,999.0,999.0,999.0,999.0,999.0,999.0,999.0,0.0,0.0,0.0,0.0,0.0,0.0,unclassified,8.72472,80.76887
16.91,347.6,304.0,999.0,999.0,999.0,999.0,999.0,999.0,999.0,999.0,0.0,0.0,0.0,0.0,0.0,0.0,unclassified,8.73204,77.86298
4.67,334.21,298.07,999.0,999.0,999.0,999.0,999.0,999.0,999.0,999.0,0.0,0.0,0.0,0.0,0.0,0.0,unclassified,8.75154,80.99869
4.95,334.56,299.39,999.0,999.0,999.0,999.0,999.0,999.0,999.0,999.0,0.0,0.0,0.0,0.0,0.0,0.0,unclassified,8.78943,80.33366
4.95,330.83,298.4,999.0,999.0,999.0,999.0,999.0,999.0,999.0,999.0,0.0,0.0,0.0,0.0,0.0,0.0,unclassified,8.78999,80.3377
5.05,331.67,297.94,999.0,999.0,999.0,999.0,999.0,999.0,999.0,999.0,0.0,0.0,0.0,0.0,0.0,0.0,unclassified,8.79438,80.59402
4.76,336.59,298.35,999.0,999.0,999.0,999.0,999.0,999.0,999.0,999.0,0.0,0.0,0.0,0.0,0.0,0.0,unclassified,8.80461,80.57121
4.76,343.08,298.49,999.0,999.0,999.0,999.0,999.0,999.0,999.0,999.0,0.0,0.0,0.0,0.0,0.0,0.0,unclassified,8.80897,80.57063
11.75,342.22,304.59,999.0,999.0,999.0,999.0,999.0,999.0,999.0,999.0,0.0,0.0,0.0,0.0,0.0,0.0,unclassified,8.81464,77.83777
22.48,345.51,310.41,999.0,999.0,999.0,999.0,999.0,999.0,999.0,999.0,0.0,0.0,0.0,0.0,0.0,0.0,unclassified,8.84638,77.70205
5.49,339.72,306.78,999.0,999.0,999.0,999.0,999.0,999.0,999.0,999.0,0.0,0.0,0.0,0.0,0.0,0.0,unclassified,8.88569,77.40527
6.77,349.29,298.2,999.0,999.0,999.0,999.0,999.0,999.0,999.0,999.0,0.0,0.0,0.0,0.0,0.0,0.0,unclassified,8.92698,80.77954
2.97,336.21,305.16,999.0,999.0,999.0,999.0,999.0,999.0,999.0,999.0,0.0,0.0,0.0,0.0,0.0,0.0,unclassified,8.92773,77.46704
7.77,339.25,301.79,999.0,999.0,999.0,999.0,999.0,999.0,999.0,999.0,0.0,0.0,0.0,0.0,0.0,0.0,unclassified,8.93915,77.83005
4.33,342.29,295.02,999.0,999.0,999.0,999.0,999.0,999.0,999.0,999.0,0.0,0.0,0.0,0.0,0.0,0.0,unclassified,8.9637,80.59013
3.75,336.94,299.16,999.0,999.0,999.0,999.0,999.0,999.0,999.0,999.0,0.0,0.0,0.0,0.0,0.0,0.0,unclassified,8.96668,80.38145
7.85,331.35,297.98,999.0,999.0,999.0,999.0,999.0,999.0,999.0,999.0,0.0,0.0,0.0,0.0,0.0,0.0,unclassified,8.97304,80.59312
12.24,347.79,296.95,999.0,999.0,999.0,999.0,999.0,999.0,999.0,999.0,0.0,0.0,0.0,0.0,0.0,0.0,unclassified,8.97735,80.59259
9.41,346.17,297.32,999.0,999.0,999.0,999.0,999.0,999.0,999.0,999.0,0.0,0.0,0.0,0.0,0.0,0.0,unclassified,8.97742,80.59255
7.59,337.07,297.96,999.0,999.0,999.0,999.0,999.0,999.0,999.0,999.0,0.0,0.0,0.0,0.0,0.0,0.0,unclassified,8.97923,80.83057
4.21,340.3,296.66,999.0,999.0,999.0,999.0,999.0,999.0,999.0,999.0,0.0,0.0,0.0,0.0,0.0,0.0,unclassified,8.98429,80.83439
4.45,331.95,296.92,999.0,999.0,999.0,999.0,999.0,999.0,999.0,999.0,0.0,0.0,0.0,0.0,0.0,0.0,unclassified,9.10274,80.49466
10.26,337.95,304.11,999.0,999.0,999.0,999.0,999.0,999.0,999.0,999.0,0.0,0.0,0.0,0.0,0.0,0.0,unclassified,9.17593,78.22559
10.26,341.55,304.13,999.0,999.0,999.0,999.0,999.0,999.0,999.0,999.0,0.0,0.0,0.0,0.0,0.0,0.0,unclassified,9.1797,78.22505
19.15,345.47,309.68,999.0,999.0,999.0,999.0,999.0,999.0,999.0,999.0,0.0,0.0,0.0,0.0,0.0,0.0,unclassified,9.20293,77.64448
2.25,330.65,297.42,999.0,999.0,999.0,999.0,999.0,999.0,999.0,999.0,0.0,0.0,0.0,0.0,0.0,0.0,unclassified,9.20664,80.63229
2.02,331.72,299.27,999.0,999.0,999.0,999.0,999.0,3.557,999.0,999.0,0.0,0.0,0.0,0.0,0.0,0.0,unclassified,9.33688,76.59934
5.48,332.52,294.65,999.0,999.0,999.0,999.0,999.0,999.0,999.0,999.0,0.0,0.0,0.0,0.0,0.0,0.0,unclassified,9.39517,80.44724
4.86,338.41,295.04,999.0,999.0,999.0,999.0,999.0,999.0,999.0,999.0,0.0,0.0,0.0,0.0,0.0,0.0,unclassified,9.39581,80.44839
2.71,330.15,294.94,999.0,999.0,999.0,999.0,999.0,999.0,999.0,999.0,0.0,0.0,0.0,0.0,0.0,0.0,unclassified,9.414,80.58482
3.4,335.1,295.97,999.0,999.0,999.0,999.0,999.0,999.0,999.0,999.0,0.0,0.0,0.0,0.0,0.0,0.0,unclassified,9.41437,80.58335
9.87,348.6,296.5,999.0,999.0,999.0,999.0,999.0,999.0,999.0,999.0,0.0,0.0,0.0,0.0,0.0,0.0,unclassified,9.45137,80.49699
3.36,336.28,295.38,999.0,999.0,999.0,999.0,999.0,999.0,999.0,999.0,0.0,0.0,0.0,0.0,0.0,0.0,unclassified,9.4578,80.47879
10.24,340.95,306.67,999.0,999.0,999.0,999.0,999.0,999.0,999.0,999.0,0.0,0.0,0.0,0.0,0.0,0.0,unclassified,9.62262,78.11741
2.64,336.23,298.7,999.0,999.0,999.0,999.0,999.0,999.0,999.0,999.0,0.0,0.0,0.0,0.0,0.0,0.0,unclassified,9.95692,79.105
2.39,342.39,298.57,999.0,999.0,999.0,999.0,999.0,999.0,999.0,999.0,0.0,0.0,0.0,0.0,0.0,0.0,unclassified,9.95849,79.1076
8.56,331.56,300.74,999.0,999.0,999.0,999.0,999.0,999.0,999.0,999.0,0.0,0.0,0.0,0.0,0.0,0.0,unclassified,10.16672,78.79148
6.42,335.48,300.33,999.0,999.0,999.0,999.0,999.0,999.0,999.0,999.0,0.0,0.0,0.0,0.0,0.0,0.0,unclassified,10.16814,78.80172
2.52,334.67,298.75,999.0,999.0,999.0,999.0,999.0,999.0,999.0,999.0,0.0,0.0,0.0,0.0,0.0,0.0,unclassified,10.28257,78.88253
2.09,330.68,296.16,999.0,999.0,999.0,999.0,999.0,999.0,999.0,999.0,0.0,0.0,0.0,0.0,0.0,0.0,unclassified,10.31339,79.34061
4.2,333.87,298.13,999.0,999.0,999.0,999.0,999.0,20.379,999.0,999.0,0.0,0.0,0.0,0.0,0.0,0.0,unclassified,12.0522,78.36801
3.52,332.58,298.05,999.0,2.142,2.142,999.0,999.0,20.566,16.685,2.554,0.0,1.0,1.0,0.0,1.0,0.0,unclassified,12.80993,77.7602
1.75,335.38,301.05,999.0,23.995,23.995,999.0,999.0,999.0,999.0,12.173,0.0,0.0,0.0,0.0,0.0,0.0,unclassified,13.90749,78.06878
5.9,344.3,300.15,999.0,25.313,25.313,999.0,999.0,999.0,999.0,14.392,0.0,0.0,0.0,0.0,0.0,0.0,unclassified,13.93385,78.31989
5.51,342.27,300.78,999.0,25.214,25.214,999.0,999.0,999.0,999.0,14.405,0.0,0.0,0.0,0.0,0.0,0.0,unclassified,13.93448,78.31924
2.5,330.23,293.53,999.0,14.848,14.848,999.0,999.0,999.0,999.0,6.944,0.0,0.0,0.0,0.0,0.0,0.0,unclassified,14.5526,77.48568
2.59,334.21,296.21,999.0,999.0,999.0,999.0,999.0,999.0,999.0,999.0,0.0,0.0,0.0,0.0,0.0,0.0,unclassified,14.9584,75.91736
5.16,335.25,297.04,999.0,12.745,12.745,999.0,17.088,25.274,28.195,22.33,0.0,0.0,0.0,0.0,0.0,0.0,unclassified,15.17642,76.65735
3.59,333.96,295.73,999.0,13.962,13.962,999.0,15.442,23.732,26.604,999.0,0.0,0.0,0.0,0.0,0.0,0.0,unclassified,15.18196,76.64268
3.12,332.48,297.41,999.0,0.266,0.266,999.0,5.96,999.0,999.0,5.634,0.0,0.0,1.0,1.0,3.0,0.0,industrial_fire,15.52757,73.99412
4.48,330.76,288.86,999.0,5.915,5.915,999.0,999.0,23.063,999.0,12.512,0.0,0.0,0.0,0.0,0.0,0.0,unclassified,17.6268,82.57391
7.03,332.85,295.09,999.0,1.335,1.335,1.441,999.0,999.0,3.905,2.098,0.0,1.0,1.0,1.0,3.0,0.0,industrial_fire,21.10135,72.63466
7.03,334.26,293.93,999.0,1.041,1.041,1.833,999.0,999.0,3.864,1.965,0.0,1.0,1.0,1.0,3.0,0.0,industrial_fire,21.10191,72.63843
8.1,344.24,299.55,999.0,0.427,0.427,2.682,999.0,999.0,3.534,1.16,0.0,1.0,1.0,1.0,3.0,0.0,industrial_fire,21.10636,72.64542
5.64,333.49,301.9,999.0,0.075,0.075,999.0,999.0,999.0,999.0,4.182,0.0,1.0,1.0,1.0,3.0,0.0,industrial_fire,22.41645,69.03945
5.54,338.61,306.81,999.0,0.994,0.994,999.0,999.0,999.0,999.0,19.643,0.0,0.0,1.0,1.0,3.0,0.0,industrial_fire,22.92779,70.1069
3.12,334.99,304.23,999.0,4.892,4.892,999.0,999.0,999.0,999.0,0.616,0.0,1.0,1.0,0.0,1.0,0.0,unclassified,22.93431,69.69743
1.4,330.15,300.13,999.0,16.858,16.858,999.0,999.0,999.0,999.0,6.793,0.0,0.0,0.0,0.0,0.0,0.0,unclassified,24.0682,72.24971
5.6,340.25,290.2,999.0,999.0,999.0,999.0,999.0,999.0,999.0,999.0,0.0,0.0,0.0,0.0,0.0,0.0,unclassified,25.9841,73.41638
1.99,335.03,305.47,999.0,999.0,999.0,999.0,999.0,999.0,999.0,999.0,0.0,0.0,0.0,0.0,0.0,0.0,unclassified,27.14095,72.44164
3.82,335.37,306.54,999.0,999.0,999.0,999.0,999.0,999.0,999.0,999.0,0.0,0.0,0.0,0.0,0.0,0.0,unclassified,28.42405,69.7006
24.53,334.81,303.04,999.0,999.0,999.0,999.0,999.0,999.0,999.0,999.0,0.0,0.0,0.0,0.0,0.0,0.0,unclassified,28.45174,68.14686
3.84,344.38,311.99,999.0,999.0,999.0,999.0,999.0,999.0,999.0,999.0,0.0,0.0,0.0,0.0,0.0,0.0,unclassified,29.33473,69.01346
5.51,338.2,310.75,999.0,999.0,999.0,999.0,999.0,999.0,999.0,999.0,0.0,0.0,0.0,0.0,0.0,0.0,unclassified,29.33534,69.01741
4.92,337.49,299.65,999.0,999.0,999.0,999.0,999.0,999.0,999.0,999.0,0.0,0.0,0.0,0.0,0.0,0.0,unclassified,29.80486,72.78429
5.47,341.22,299.43,0.798,3.956,3.956,999.0,999.0,999.0,999.0,2.019,1.0,1.0,1.0,0.0,1.0,2.0,unclassified,29.911,74.95192
3.81,337.32,306.64,999.0,999.0,999.0,999.0,999.0,999.0,999.0,999.0,0.0,0.0,0.0,0.0,0.0,0.0,unclassified,29.94049,69.95213
3.21,331.0,304.84,999.0,999.0,999.0,999.0,999.0,999.0,999.0,999.0,0.0,0.0,0.0,0.0,0.0,0.0,unclassified,30.47343,71.74202
3.46,335.37,300.09,999.0,999.0,999.0,999.0,999.0,999.0,999.0,999.0,0.0,0.0,0.0,0.0,0.0,0.0,unclassified,31.31773,72.16481
5.83,337.86,297.62,999.0,999.0,999.0,999.0,999.0,999.0,999.0,999.0,0.0,0.0,0.0,0.0,0.0,0.0,unclassified,31.5778,72.37859
4.36,336.61,295.47,999.0,999.0,999.0,999.0,999.0,999.0,999.0,999.0,0.0,0.0,0.0,0.0,0.0,0.0,unclassified,31.68232,72.20583
3.62,332.01,295.3,999.0,999.0,999.0,999.0,999.0,999.0,999.0,999.0,0.0,0.0,0.0,0.0,0.0,0.0,unclassified,32.24791,73.92658
6.24,345.57,297.08,999.0,999.0,999.0,999.0,999.0,999.0,999.0,999.0,0.0,0.0,0.0,0.0,0.0,0.0,unclassified,32.43256,71.36949
25.64,335.28,301.8,999.0,999.0,999.0,999.0,999.0,999.0,999.0,999.0,0.0,0.0,0.0,0.0,0.0,0.0,unclassified,6.28931,80.85971
6.83,334.92,303.97,999.0,999.0,999.0,999.0,999.0,999.0,999.0,999.0,0.0,0.0,0.0,0.0,0.0,0.0,unclassified,6.44533,81.13709
3.72,330.6,304.91,999.0,999.0,999.0,999.0,999.0,999.0,999.0,999.0,0.0,0.0,0.0,0.0,0.0,0.0,unclassified,6.44963,81.09364
3.74,336.48,304.86,999.0,999.0,999.0,999.0,999.0,999.0,999.0,999.0,0.0,0.0,0.0,0.0,0.0,0.0,unclassified,6.47147,81.10743
39.92,336.36,304.48,999.0,999.0,999.0,999.0,999.0,999.0,999.0,999.0,0.0,0.0,0.0,0.0,0.0,0.0,unclassified,6.55078,80.97083
9.57,331.29,303.08,999.0,999.0,999.0,999.0,999.0,999.0,999.0,999.0,0.0,0.0,0.0,0.0,0.0,0.0,unclassified,6.59258,80.92933
235.55,367.0,335.64,999.0,999.0,999.0,999.0,999.0,999.0,999.0,999.0,0.0,0.0,0.0,0.0,0.0,0.0,unclassified,6.67177,81.24264
2.97,331.33,300.63,999.0,999.0,999.0,999.0,999.0,999.0,999.0,999.0,0.0,0.0,0.0,0.0,0.0,0.0,unclassified,6.69492,81.00688
9.05,339.97,308.57,999.0,999.0,999.0,999.0,999.0,999.0,999.0,999.0,0.0,0.0,0.0,0.0,0.0,0.0,unclassified,6.71509,81.40263
12.4,344.88,308.53,999.0,999.0,999.0,999.0,999.0,999.0,999.0,999.0,0.0,0.0,0.0,0.0,0.0,0.0,unclassified,6.73093,81.59668
11.43,340.11,309.52,999.0,999.0,999.0,999.0,999.0,999.0,999.0,999.0,0.0,0.0,0.0,0.0,0.0,0.0,unclassified,6.75518,81.5201
4.51,335.43,308.0,999.0,999.0,999.0,999.0,999.0,999.0,999.0,999.0,0.0,0.0,0.0,0.0,0.0,0.0,unclassified,6.85859,81.46371
10.87,340.17,306.96,999.0,999.0,999.0,999.0,999.0,999.0,999.0,999.0,0.0,0.0,0.0,0.0,0.0,0.0,unclassified,6.97171,81.60432
17.16,345.28,305.89,999.0,999.0,999.0,999.0,999.0,999.0,999.0,999.0,0.0,0.0,0.0,0.0,0.0,0.0,unclassified,6.97522,81.60376
4.55,332.88,302.31,999.0,999.0,999.0,999.0,999.0,999.0,999.0,999.0,0.0,0.0,0.0,0.0,0.0,0.0,unclassified,6.99511,81.43445
7.18,331.21,305.88,999.0,999.0,999.0,999.0,999.0,999.0,999.0,999.0,0.0,0.0,0.0,0.0,0.0,0.0,unclassified,7.01214,81.60999
6.89,343.23,303.15,999.0,999.0,999.0,999.0,999.0,999.0,999.0,999.0,0.0,0.0,0.0,0.0,0.0,0.0,unclassified,7.03934,81.50867
5.83,334.45,300.7,999.0,999.0,999.0,999.0,999.0,999.0,999.0,999.0,0.0,0.0,0.0,0.0,0.0,0.0,unclassified,7.06373,81.34168
3.58,335.47,301.21,999.0,999.0,999.0,999.0,999.0,999.0,999.0,999.0,0.0,0.0,0.0,0.0,0.0,0.0,unclassified,7.06687,81.49669
7.01,332.64,305.68,999.0,999.0,999.0,999.0,999.0,999.0,999.0,999.0,0.0,0.0,0.0,0.0,0.0,0.0,unclassified,7.19846,81.01058
3.08,330.8,304.54,999.0,999.0,999.0,999.0,999.0,999.0,999.0,999.0,0.0,0.0,0.0,0.0,0.0,0.0,unclassified,7.26735,81.71343
1.87,334.39,305.28,999.0,999.0,999.0,999.0,999.0,999.0,999.0,999.0,0.0,0.0,0.0,0.0,0.0,0.0,unclassified,7.27136,81.78403
2.68,338.01,305.0,999.0,999.0,999.0,999.0,999.0,999.0,999.0,999.0,0.0,0.0,0.0,0.0,0.0,0.0,unclassified,7.27857,81.7394
6.66,342.36,311.24,999.0,999.0,999.0,999.0,999.0,999.0,999.0,999.0,0.0,0.0,0.0,0.0,0.0,0.0,unclassified,7.32026,81.10555
10.57,337.72,309.94,999.0,999.0,999.0,999.0,999.0,999.0,999.0,999.0,0.0,0.0,0.0,0.0,0.0,0.0,unclassified,7.32855,81.14262
8.59,339.0,305.66,999.0,999.0,999.0,999.0,999.0,999.0,999.0,999.0,0.0,0.0,0.0,0.0,0.0,0.0,unclassified,7.33251,80.93956
11.81,343.32,312.67,999.0,999.0,999.0,999.0,999.0,999.0,999.0,999.0,0.0,0.0,0.0,0.0,0.0,0.0,unclassified,7.34071,81.19511
2.45,336.4,304.88,999.0,999.0,999.0,999.0,999.0,999.0,999.0,999.0,0.0,0.0,0.0,0.0,0.0,0.0,unclassified,7.34471,81.71753
5.97,343.41,309.24,999.0,999.0,999.0,999.0,999.0,999.0,999.0,999.0,0.0,0.0,0.0,0.0,0.0,0.0,unclassified,7.34688,81.21069
14.8,339.35,309.75,999.0,999.0,999.0,999.0,999.0,999.0,999.0,999.0,0.0,0.0,0.0,0.0,0.0,0.0,unclassified,7.35702,81.29594
7.21,347.27,304.63,999.0,999.0,999.0,999.0,999.0,999.0,999.0,999.0,0.0,0.0,0.0,0.0,0.0,0.0,unclassified,7.35732,81.84159
4.07,343.15,305.99,999.0,999.0,999.0,999.0,999.0,999.0,999.0,999.0,0.0,0.0,0.0,0.0,0.0,0.0,unclassified,7.36965,81.71751
3.74,336.8,307.51,999.0,999.0,999.0,999.0,999.0,999.0,999.0,999.0,0.0,0.0,0.0,0.0,0.0,0.0,unclassified,7.37502,81.22704
5.52,342.73,308.25,999.0,999.0,999.0,999.0,999.0,999.0,999.0,999.0,0.0,0.0,0.0,0.0,0.0,0.0,unclassified,7.37671,81.00835
7.02,334.26,303.57,999.0,999.0,999.0,999.0,999.0,999.0,999.0,999.0,0.0,0.0,0.0,0.0,0.0,0.0,unclassified,7.38808,81.55547
3.3,330.9,303.65,999.0,999.0,999.0,999.0,999.0,999.0,999.0,999.0,0.0,0.0,0.0,0.0,0.0,0.0,unclassified,7.39,81.64273
4.04,337.33,304.55,999.0,999.0,999.0,999.0,999.0,999.0,999.0,999.0,0.0,0.0,0.0,0.0,0.0,0.0,unclassified,7.39067,81.73791
9.08,341.46,312.62,999.0,999.0,999.0,999.0,999.0,999.0,999.0,999.0,0.0,0.0,0.0,0.0,0.0,0.0,unclassified,7.39341,81.1824
8.42,340.44,312.57,999.0,999.0,999.0,999.0,999.0,999.0,999.0,999.0,0.0,0.0,0.0,0.0,0.0,0.0,unclassified,7.40896,81.14233
4.99,338.66,307.53,999.0,999.0,999.0,999.0,999.0,999.0,999.0,999.0,0.0,0.0,0.0,0.0,0.0,0.0,unclassified,7.4366,81.74654
7.72,346.83,306.98,999.0,999.0,999.0,999.0,999.0,999.0,999.0,999.0,0.0,0.0,0.0,0.0,0.0,0.0,unclassified,7.47624,80.90385
40.62,367.0,311.02,999.0,999.0,999.0,999.0,999.0,999.0,999.0,999.0,0.0,0.0,0.0,0.0,0.0,0.0,unclassified,7.48413,81.20615
8.77,337.9,307.68,999.0,999.0,999.0,999.0,999.0,999.0,999.0,999.0,0.0,0.0,0.0,0.0,0.0,0.0,unclassified,7.62752,80.83766
2.92,330.04,298.95,999.0,999.0,999.0,999.0,999.0,999.0,999.0,999.0,0.0,0.0,0.0,0.0,0.0,0.0,unclassified,7.68484,79.81175
10.47,350.8,310.15,999.0,999.0,999.0,999.0,999.0,999.0,999.0,999.0,0.0,0.0,0.0,0.0,0.0,0.0,unclassified,7.74461,81.15666
4.63,333.39,306.1,999.0,999.0,999.0,999.0,999.0,999.0,999.0,999.0,0.0,0.0,0.0,0.0,0.0,0.0,unclassified,7.78327,81.56092
4.47,332.88,299.06,999.0,999.0,999.0,999.0,999.0,999.0,999.0,999.0,0.0,0.0,0.0,0.0,0.0,0.0,unclassified,7.78796,80.06335
4.65,336.6,298.84,999.0,999.0,999.0,999.0,999.0,999.0,999.0,999.0,0.0,0.0,0.0,0.0,0.0,0.0,unclassified,7.80048,80.11751
4.73,336.19,300.74,999.0,999.0,999.0,999.0,999.0,999.0,999.0,999.0,0.0,0.0,0.0,0.0,0.0,0.0,unclassified,7.8957,80.64471
28.55,340.81,304.44,999.0,999.0,999.0,999.0,999.0,999.0,999.0,999.0,0.0,0.0,0.0,0.0,0.0,0.0,unclassified,7.92456,80.65868
6.37,340.28,310.99,999.0,999.0,999.0,999.0,999.0,999.0,999.0,999.0,0.0,0.0,0.0,0.0,0.0,0.0,unclassified,7.93985,81.29096
28.57,336.94,308.5,999.0,999.0,999.0,999.0,999.0,999.0,999.0,999.0,0.0,0.0,0.0,0.0,0.0,0.0,unclassified,7.94013,81.31534
6.37,342.25,311.33,999.0,999.0,999.0,999.0,999.0,999.0,999.0,999.0,0.0,0.0,0.0,0.0,0.0,0.0,unclassified,7.94048,81.29494
38.88,345.85,312.95,999.0,999.0,999.0,999.0,999.0,999.0,999.0,999.0,0.0,0.0,0.0,0.0,0.0,0.0,unclassified,7.94302,81.31081
6.37,336.53,308.5,999.0,999.0,999.0,999.0,999.0,999.0,999.0,999.0,0.0,0.0,0.0,0.0,0.0,0.0,unclassified,7.944,81.29437
24.02,347.99,307.15,999.0,999.0,999.0,999.0,999.0,999.0,999.0,999.0,0.0,0.0,0.0,0.0,0.0,0.0,unclassified,8.07892,80.59462
3.69,338.08,302.92,999.0,999.0,999.0,999.0,999.0,999.0,999.0,999.0,0.0,0.0,0.0,0.0,0.0,0.0,unclassified,8.13972,80.86044
6.55,330.67,302.17,999.0,999.0,999.0,999.0,999.0,999.0,999.0,999.0,0.0,0.0,0.0,0.0,0.0,0.0,unclassified,8.34095,80.68102
11.41,338.58,306.57,999.0,999.0,999.0,999.0,999.0,999.0,999.0,999.0,0.0,0.0,0.0,0.0,0.0,0.0,unclassified,8.3426,81.02217
10.59,334.46,301.62,999.0,999.0,999.0,999.0,999.0,999.0,999.0,999.0,0.0,0.0,0.0,0.0,0.0,0.0,unclassified,8.34524,80.68464
7.53,334.87,305.66,999.0,999.0,999.0,999.0,999.0,999.0,999.0,999.0,0.0,0.0,0.0,0.0,0.0,0.0,unclassified,8.35098,81.02911
3.91,338.3,303.39,999.0,999.0,999.0,999.0,999.0,999.0,999.0,999.0,0.0,0.0,0.0,0.0,0.0,0.0,unclassified,8.36901,81.05103
7.57,333.58,301.54,999.0,999.0,999.0,999.0,999.0,999.0,999.0,999.0,0.0,0.0,0.0,0.0,0.0,0.0,unclassified,8.4097,80.83187
8.38,338.9,304.71,999.0,999.0,999.0,999.0,999.0,999.0,999.0,999.0,0.0,0.0,0.0,0.0,0.0,0.0,unclassified,8.41087,80.79353
2.72,340.78,301.51,999.0,999.0,999.0,999.0,999.0,999.0,999.0,999.0,0.0,0.0,0.0,0.0,0.0,0.0,unclassified,8.43632,80.81481
10.96,331.31,303.17,999.0,999.0,999.0,999.0,999.0,999.0,999.0,999.0,0.0,0.0,0.0,0.0,0.0,0.0,unclassified,8.44888,80.7319
6.34,344.56,300.99,999.0,999.0,999.0,999.0,999.0,999.0,999.0,999.0,0.0,0.0,0.0,0.0,0.0,0.0,unclassified,8.47726,80.82609
10.9,336.93,302.03,999.0,999.0,999.0,999.0,999.0,999.0,999.0,999.0,0.0,0.0,0.0,0.0,0.0,0.0,unclassified,8.47857,80.76656
3.83,333.29,300.05,999.0,999.0,999.0,999.0,999.0,999.0,999.0,999.0,0.0,0.0,0.0,0.0,0.0,0.0,unclassified,8.50252,80.31813
11.02,346.57,303.32,999.0,999.0,999.0,999.0,999.0,999.0,999.0,999.0,0.0,0.0,0.0,0.0,0.0,0.0,unclassified,8.52054,80.84437
3.25,331.82,302.03,999.0,999.0,999.0,999.0,999.0,999.0,999.0,999.0,0.0,0.0,0.0,0.0,0.0,0.0,unclassified,8.52261,80.67409
38.29,336.74,303.15,999.0,999.0,999.0,999.0,999.0,999.0,999.0,999.0,0.0,0.0,0.0,0.0,0.0,0.0,unclassified,8.53829,80.79509
3.7,331.64,303.7,999.0,999.0,999.0,999.0,999.0,999.0,999.0,999.0,0.0,0.0,0.0,0.0,0.0,0.0,unclassified,8.54006,80.71404
24.27,354.07,305.71,999.0,999.0,999.0,999.0,999.0,999.0,999.0,999.0,0.0,0.0,0.0,0.0,0.0,0.0,unclassified,8.55528,80.63876
3.16,335.83,301.85,999.0,999.0,999.0,999.0,999.0,999.0,999.0,999.0,0.0,0.0,0.0,0.0,0.0,0.0,unclassified,8.56824,80.84503
7.7,342.31,301.23,999.0,999.0,999.0,999.0,999.0,999.0,999.0,999.0,0.0,0.0,0.0,0.0,0.0,0.0,unclassified,8.57435,80.41315
11.49,340.22,304.82,999.0,999.0,999.0,999.0,999.0,999.0,999.0,999.0,0.0,0.0,0.0,0.0,0.0,0.0,unclassified,8.57827,80.64365
9.46,342.62,301.46,999.0,999.0,999.0,999.0,999.0,999.0,999.0,999.0,0.0,0.0,0.0,0.0,0.0,0.0,unclassified,8.59139,80.76956
5.95,332.8,302.76,999.0,999.0,999.0,999.0,999.0,999.0,999.0,999.0,0.0,0.0,0.0,0.0,0.0,0.0,unclassified,8.60975,80.51718
9.67,339.17,304.72,999.0,999.0,999.0,999.0,999.0,999.0,999.0,999.0,0.0,0.0,0.0,0.0,0.0,0.0,unclassified,8.62666,80.80608
3.3,331.77,299.69,999.0,999.0,999.0,999.0,999.0,999.0,999.0,999.0,0.0,0.0,0.0,0.0,0.0,0.0,unclassified,8.62844,80.65692
4.17,331.27,299.58,999.0,999.0,999.0,999.0,999.0,999.0,999.0,999.0,0.0,0.0,0.0,0.0,0.0,0.0,unclassified,8.63537,80.49111
2.1,340.2,301.18,999.0,999.0,999.0,999.0,999.0,999.0,999.0,999.0,0.0,0.0,0.0,0.0,0.0,0.0,unclassified,8.68932,78.05498
2.58,331.78,297.84,999.0,999.0,999.0,999.0,999.0,999.0,999.0,999.0,0.0,0.0,0.0,0.0,0.0,0.0,unclassified,8.73495,80.96078
10.38,342.49,303.88,999.0,999.0,999.0,999.0,999.0,999.0,999.0,999.0,0.0,0.0,0.0,0.0,0.0,0.0,unclassified,8.7351,80.78097
6.34,337.16,301.93,999.0,999.0,999.0,999.0,999.0,999.0,999.0,999.0,0.0,0.0,0.0,0.0,0.0,0.0,unclassified,8.76801,80.8721
3.42,333.26,303.09,999.0,999.0,999.0,999.0,999.0,999.0,999.0,999.0,0.0,0.0,0.0,0.0,0.0,0.0,unclassified,8.83889,77.73864
5.21,348.39,303.39,999.0,999.0,999.0,999.0,999.0,999.0,999.0,999.0,0.0,0.0,0.0,0.0,0.0,0.0,unclassified,8.89923,78.11224
4.76,334.01,300.86,999.0,999.0,999.0,999.0,999.0,999.0,999.0,999.0,0.0,0.0,0.0,0.0,0.0,0.0,unclassified,9.04794,80.18987
3.23,331.72,295.09,999.0,999.0,999.0,999.0,999.0,5.083,999.0,999.0,0.0,0.0,0.0,0.0,0.0,0.0,unclassified,9.06309,76.54379
3.75,331.58,294.83,999.0,999.0,999.0,999.0,999.0,4.832,999.0,999.0,0.0,0.0,0.0,0.0,0.0,0.0,unclassified,9.06449,76.54559
4.68,342.43,303.93,999.0,999.0,999.0,999.0,999.0,999.0,999.0,999.0,0.0,0.0,0.0,0.0,0.0,0.0,unclassified,9.12443,78.19585
7.28,344.99,304.8,999.0,999.0,999.0,999.0,999.0,999.0,999.0,999.0,0.0,0.0,0.0,0.0,0.0,0.0,unclassified,9.12683,78.19602
10.53,346.35,299.08,999.0,999.0,999.0,999.0,999.0,999.0,999.0,999.0,0.0,0.0,0.0,0.0,0.0,0.0,unclassified,9.18971,80.67551
12.3,346.91,305.91,999.0,999.0,999.0,999.0,999.0,999.0,999.0,999.0,0.0,0.0,0.0,0.0,0.0,0.0,unclassified,9.28854,77.59671
10.24,351.2,302.83,999.0,999.0,999.0,999.0,999.0,999.0,999.0,999.0,0.0,0.0,0.0,0.0,0.0,0.0,unclassified,9.41712,80.38377
5.75,333.83,302.92,999.0,999.0,999.0,999.0,999.0,999.0,999.0,999.0,0.0,0.0,0.0,0.0,0.0,0.0,unclassified,9.43381,80.37231
19.35,342.56,306.29,999.0,999.0,999.0,999.0,999.0,999.0,999.0,999.0,0.0,0.0,0.0,0.0,0.0,0.0,unclassified,9.44911,77.67039
4.47,333.91,296.6,999.0,999.0,999.0,999.0,999.0,999.0,999.0,999.0,0.0,0.0,0.0,0.0,0.0,0.0,unclassified,9.56955,77.54256
5.37,338.92,302.83,999.0,999.0,999.0,999.0,999.0,999.0,999.0,999.0,0.0,0.0,0.0,0.0,0.0,0.0,unclassified,9.78422,77.80275
4.68,332.31,301.02,999.0,999.0,999.0,999.0,999.0,999.0,999.0,999.0,0.0,0.0,0.0,0.0,0.0,0.0,unclassified,9.81357,78.67178
2.01,335.11,298.32,999.0,999.0,999.0,999.0,999.0,999.0,999.0,999.0,0.0,0.0,0.0,0.0,0.0,0.0,unclassified,9.81627,78.26504
3.08,334.38,303.16,999.0,999.0,999.0,999.0,999.0,999.0,999.0,999.0,0.0,0.0,0.0,0.0,0.0,0.0,unclassified,9.83309,78.53201
13.21,351.24,304.93,999.0,999.0,999.0,999.0,999.0,999.0,999.0,999.0,0.0,0.0,0.0,0.0,0.0,0.0,unclassified,9.98763,77.44791
1.47,333.35,297.52,999.0,999.0,999.0,999.0,999.0,999.0,999.0,999.0,0.0,0.0,0.0,0.0,0.0,0.0,unclassified,9.99262,79.18792
6.15,343.63,302.08,999.0,999.0,999.0,999.0,999.0,999.0,999.0,999.0,0.0,0.0,0.0,0.0,0.0,0.0,unclassified,10.42062,77.4873
2.76,332.79,297.0,999.0,999.0,999.0,999.0,999.0,999.0,999.0,999.0,0.0,0.0,0.0,0.0,0.0,0.0,unclassified,10.51527,78.92046
2.42,335.41,300.19,999.0,999.0,999.0,999.0,999.0,999.0,999.0,999.0,0.0,0.0,0.0,0.0,0.0,0.0,unclassified,10.85615,77.46578
9.43,341.44,304.23,999.0,999.0,999.0,999.0,999.0,999.0,999.0,999.0,0.0,0.0,0.0,0.0,0.0,0.0,unclassified,10.86017,77.56201
9.3,342.21,304.49,999.0,999.0,999.0,999.0,999.0,999.0,999.0,999.0,0.0,0.0,0.0,0.0,0.0,0.0,unclassified,10.86362,77.56113
3.76,334.45,298.44,999.0,999.0,999.0,999.0,999.0,999.0,999.0,999.0,0.0,0.0,0.0,0.0,0.0,0.0,unclassified,11.11218,77.13387
12.59,342.38,297.55,999.0,999.0,999.0,999.0,999.0,999.0,999.0,999.0,0.0,0.0,0.0,0.0,0.0,0.0,unclassified,11.12016,76.91273
12.06,356.46,299.53,999.0,999.0,999.0,999.0,999.0,999.0,999.0,999.0,0.0,0.0,0.0,0.0,0.0,0.0,unclassified,11.14817,78.0351
5.23,335.07,298.64,999.0,999.0,999.0,999.0,999.0,19.156,999.0,999.0,0.0,0.0,0.0,0.0,0.0,0.0,unclassified,12.00362,76.78979
2.39,331.52,293.45,999.0,999.0,999.0,999.0,999.0,999.0,21.99,999.0,0.0,0.0,0.0,0.0,0.0,0.0,unclassified,12.09333,76.95873
4.05,336.76,300.42,999.0,999.0,999.0,999.0,999.0,999.0,999.0,999.0,0.0,0.0,0.0,0.0,0.0,0.0,unclassified,12.17468,79.01917
2.58,335.76,297.46,999.0,999.0,999.0,999.0,999.0,999.0,999.0,999.0,0.0,0.0,0.0,0.0,0.0,0.0,unclassified,12.19443,78.03655
9.7,334.62,298.09,999.0,999.0,999.0,999.0,999.0,999.0,999.0,999.0,0.0,0.0,0.0,0.0,0.0,0.0,unclassified,12.42062,78.77126
4.37,330.87,295.71,999.0,24.175,24.175,999.0,999.0,999.0,999.0,12.474,0.0,0.0,0.0,0.0,0.0,0.0,unclassified,14.29297,77.98297
5.17,336.23,298.83,999.0,17.583,17.583,999.0,999.0,999.0,999.0,9.614,0.0,0.0,0.0,0.0,0.0,0.0,unclassified,14.80575,77.70475
2.0,334.23,298.04,999.0,17.407,17.407,999.0,999.0,999.0,999.0,9.892,0.0,0.0,0.0,0.0,0.0,0.0,unclassified,14.8058,77.7021
4.69,334.72,296.11,999.0,12.836,12.836,999.0,17.073,25.345,28.256,22.408,0.0,0.0,0.0,0.0,0.0,0.0,unclassified,15.17519,76.65701
5.19,337.29,296.2,999.0,11.502,11.502,999.0,18.115,25.7,999.0,21.1,0.0,0.0,0.0,0.0,0.0,0.0,unclassified,15.18141,76.66771
4.33,333.48,286.97,999.0,14.696,14.696,999.0,999.0,999.0,999.0,22.169,0.0,0.0,0.0,0.0,0.0,0.0,unclassified,15.9894,78.40038
6.07,333.84,288.69,999.0,11.614,11.614,999.0,999.0,999.0,999.0,999.0,0.0,0.0,0.0,0.0,0.0,0.0,unclassified,16.01212,78.38377
8.35,338.02,288.89,999.0,11.459,11.459,999.0,999.0,999.0,999.0,999.0,0.0,0.0,0.0,0.0,0.0,0.0,unclassified,16.01283,78.38216
2.59,330.49,293.24,999.0,999.0,999.0,999.0,999.0,999.0,999.0,999.0,0.0,0.0,0.0,0.0,0.0,0.0,unclassified,17.47544,76.39265
7.62,341.2,295.72,999.0,999.0,999.0,999.0,999.0,999.0,999.0,999.0,0.0,0.0,0.0,0.0,0.0,0.0,unclassified,17.67695,75.30758
5.2,335.19,296.47,999.0,999.0,999.0,999.0,999.0,999.0,999.0,999.0,0.0,0.0,0.0,0.0,0.0,0.0,unclassified,25.84687,68.94135
5.6,334.79,301.21,999.0,999.0,999.0,999.0,999.0,999.0,999.0,999.0,0.0,0.0,0.0,0.0,0.0,0.0,unclassified,26.25158,73.33974
2.38,333.41,303.63,999.0,999.0,999.0,999.0,999.0,999.0,999.0,999.0,0.0,0.0,0.0,0.0,0.0,0.0,unclassified,27.4374,70.85754
9.37,352.55,304.5,999.0,999.0,999.0,999.0,999.0,999.0,999.0,999.0,0.0,0.0,0.0,0.0,0.0,0.0,unclassified,27.45672,70.78687
9.55,345.02,304.69,999.0,999.0,999.0,999.0,999.0,999.0,999.0,999.0,0.0,0.0,0.0,0.0,0.0,0.0,unclassified,27.4573,70.78467
7.78,332.55,296.98,999.0,999.0,999.0,999.0,999.0,999.0,999.0,999.0,0.0,0.0,0.0,0.0,0.0,0.0,unclassified,27.49127,68.25554
8.69,346.92,297.55,999.0,999.0,999.0,999.0,999.0,999.0,999.0,999.0,0.0,0.0,0.0,0.0,0.0,0.0,unclassified,27.49222,68.25951
4.9,340.94,297.37,999.0,999.0,999.0,999.0,999.0,999.0,999.0,999.0,0.0,0.0,0.0,0.0,0.0,0.0,unclassified,30.20646,72.49904
3.39,337.71,298.35,999.0,999.0,999.0,999.0,999.0,999.0,999.0,999.0,0.0,0.0,0.0,0.0,0.0,0.0,unclassified,31.37824,72.49757
3.06,330.44,298.15,999.0,999.0,999.0,999.0,999.0,999.0,999.0,999.0,0.0,0.0,0.0,0.0,0.0,0.0,unclassified,31.44563,72.22283
6.45,341.47,299.89,999.0,999.0,999.0,999.0,999.0,999.0,999.0,999.0,0.0,0.0,0.0,0.0,0.0,0.0,unclassified,31.74076,72.19408
2.41,304.81,277.26,999.0,999.0,999.0,999.0,999.0,999.0,999.0,999.0,0.0,0.0,0.0,0.0,0.0,0.0,unclassified,35.7101,73.65376
2.51,314.17,278.12,999.0,999.0,999.0,999.0,999.0,999.0,999.0,999.0,0.0,0.0,0.0,0.0,0.0,0.0,unclassified,35.71066,73.64983
1.17,304.47,281.21,999.0,999.0,999.0,999.0,999.0,999.0,999.0,999.0,0.0,0.0,0.0,0.0,0.0,0.0,unclassified,29.26282,91.92296
1.37,306.64,288.61,999.0,10.147,10.147,999.0,999.0,19.214,16.453,14.418,0.0,0.0,0.0,0.0,0.0,0.0,unclassified,30.21693,76.76219
2.4,309.81,292.91,999.0,999.0,999.0,999.0,999.0,999.0,999.0,999.0,0.0,0.0,0.0,0.0,0.0,0.0,unclassified,32.57579,72.56024
2.2,308.04,293.19,999.0,999.0,999.0,999.0,999.0,999.0,999.0,999.0,0.0,0.0,0.0,0.0,0.0,0.0,unclassified,32.89006,71.61448
2.71,307.66,293.12,999.0,999.0,999.0,999.0,999.0,999.0,999.0,999.0,0.0,0.0,0.0,0.0,0.0,0.0,unclassified,32.89154,71.61494
1.55,303.25,289.76,999.0,999.0,999.0,999.0,999.0,999.0,999.0,999.0,0.0,0.0,0.0,0.0,0.0,0.0,unclassified,33.68822,72.71001
0.6,299.22,281.06,999.0,0.304,0.304,999.0,999.0,999.0,999.0,0.185,0.0,1.0,1.0,1.0,3.0,0.0,unclassified,20.83645,70.69326
1.03,299.83,277.34,999.0,999.0,999.0,999.0,999.0,20.995,999.0,999.0,0.0,0.0,0.0,0.0,0.0,0.0,unclassified,20.94764,86.04403
0.75,311.4,282.08,999.0,999.0,999.0,999.0,999.0,21.235,999.0,999.0,0.0,0.0,0.0,0.0,0.0,0.0,unclassified,20.95095,86.04876
0.75,300.84,279.72,999.0,999.0,999.0,999.0,999.0,20.841,999.0,999.0,0.0,0.0,0.0,0.0,0.0,0.0,unclassified,20.95171,86.04486
5.46,307.52,290.68,999.0,0.658,0.658,2.934,999.0,999.0,3.705,0.924,0.0,1.0,1.0,1.0,3.0,0.0,industrial_fire,21.10572,72.64827
5.46,338.93,291.19,999.0,0.402,0.402,2.443,999.0,999.0,3.464,1.405,0.0,1.0,1.0,1.0,3.0,0.0,industrial_fire,21.10632,72.64294
0.47,303.22,290.83,999.0,2.442,2.442,999.0,999.0,999.0,999.0,14.444,0.0,0.0,1.0,0.0,1.0,0.0,unclassified,23.33018,70.21295
2.48,309.46,288.44,999.0,999.0,999.0,999.0,5.697,9.108,999.0,999.0,0.0,0.0,0.0,0.0,0.0,0.0,unclassified,23.67866,86.39913
1.02,295.04,280.45,999.0,999.0,999.0,999.0,5.922,8.425,999.0,999.0,0.0,0.0,0.0,0.0,0.0,0.0,unclassified,23.67937,86.09851
1.58,309.72,288.63,999.0,999.0,999.0,999.0,6.013,9.204,999.0,999.0,0.0,0.0,0.0,0.0,0.0,0.0,unclassified,23.67938,86.39541
1.58,306.7,288.16,999.0,999.0,999.0,999.0,6.333,9.315,999.0,999.0,0.0,0.0,0.0,0.0,0.0,0.0,unclassified,23.68009,86.39173
1.58,295.21,281.17,999.0,999.0,999.0,999.0,5.707,8.31,999.0,999.0,0.0,0.0,0.0,0.0,0.0,0.0,unclassified,23.68032,86.09521
1.58,310.63,288.78,999.0,999.0,999.0,999.0,5.777,8.775,999.0,999.0,0.0,0.0,0.0,0.0,0.0,0.0,unclassified,23.68334,86.39626
1.58,319.58,288.78,999.0,999.0,999.0,999.0,6.109,8.891,999.0,999.0,0.0,0.0,0.0,0.0,0.0,0.0,unclassified,23.68404,86.39259
1.84,309.56,288.21,999.0,999.0,999.0,999.0,5.911,8.469,999.0,999.0,0.0,0.0,0.0,0.0,0.0,0.0,unclassified,23.688,86.39345
2.16,304.81,288.67,999.0,999.0,999.0,999.0,6.257,8.605,999.0,999.0,0.0,0.0,0.0,0.0,0.0,0.0,unclassified,23.6887,86.3898
1.8,303.17,283.9,999.0,999.0,999.0,999.0,5.79,6.809,999.0,999.0,0.0,0.0,0.0,0.0,0.0,0.0,unclassified,23.69609,86.07645
2.29,306.11,288.67,999.0,999.0,999.0,999.0,8.238,4.142,999.0,999.0,0.0,0.0,0.0,0.0,0.0,0.0,unclassified,23.75564,86.39656
2.32,315.88,288.62,999.0,999.0,999.0,999.0,7.937,3.346,999.0,999.0,0.0,0.0,0.0,0.0,0.0,0.0,unclassified,23.75816,86.40479
2.32,316.14,289.04,999.0,999.0,999.0,999.0,8.224,3.729,999.0,999.0,0.0,0.0,0.0,0.0,0.0,0.0,unclassified,23.75887,86.4011
1.76,303.0,288.27,999.0,999.0,999.0,999.0,8.252,3.369,999.0,999.0,0.0,0.0,0.0,0.0,0.0,0.0,unclassified,23.76211,86.40564
1.76,325.48,289.28,999.0,999.0,999.0,999.0,8.526,3.748,999.0,999.0,0.0,0.0,0.0,0.0,0.0,0.0,unclassified,23.76282,86.40197
1.45,306.61,288.49,999.0,999.0,999.0,999.0,8.811,4.131,999.0,999.0,0.0,0.0,0.0,0.0,0.0,0.0,unclassified,23.76354,86.39828
1.45,305.18,288.97,999.0,999.0,999.0,999.0,9.102,4.513,999.0,999.0,0.0,0.0,0.0,0.0,0.0,0.0,unclassified,23.76425,86.39459
2.05,302.84,288.14,999.0,999.0,999.0,999.0,9.403,4.899,999.0,999.0,0.0,0.0,0.0,0.0,0.0,0.0,unclassified,23.76498,86.39088
1.76,312.11,288.95,999.0,999.0,999.0,999.0,8.839,3.818,999.0,999.0,0.0,0.0,0.0,0.0,0.0,0.0,unclassified,23.76676,86.40286
3.5,303.04,288.91,999.0,999.0,999.0,999.0,10.739,11.167,999.0,999.0,0.0,0.0,0.0,0.0,0.0,0.0,unclassified,23.77299,86.20249
1.97,305.7,288.5,999.0,999.0,999.0,999.0,11.874,7.627,999.0,999.0,0.0,0.0,0.0,0.0,0.0,0.0,unclassified,23.77394,86.36584
4.58,311.24,288.97,999.0,999.0,999.0,999.0,10.231,10.643,999.0,999.0,0.0,0.0,0.0,0.0,0.0,0.0,unclassified,23.77406,86.19703
2.38,316.43,288.7,999.0,999.0,999.0,999.0,12.199,8.006,999.0,999.0,0.0,0.0,0.0,0.0,0.0,0.0,unclassified,23.77466,86.36218
3.74,307.93,289.18,999.0,999.0,999.0,999.0,11.431,10.995,999.0,999.0,0.0,0.0,0.0,0.0,0.0,0.0,unclassified,23.77585,86.20872
2.34,306.42,289.01,999.0,999.0,999.0,999.0,10.579,5.55,999.0,999.0,0.0,0.0,0.0,0.0,0.0,0.0,unclassified,23.77753,86.38976
2.32,304.61,289.01,999.0,999.0,999.0,999.0,10.867,5.92,999.0,999.0,0.0,0.0,0.0,0.0,0.0,0.0,unclassified,23.77825,86.38604
3.74,321.04,289.08,999.0,999.0,999.0,999.0,11.629,10.553,999.0,999.0,0.0,0.0,0.0,0.0,0.0,0.0,unclassified,23.77976,86.20955
1.38,303.51,288.48,999.0,999.0,999.0,999.0,12.061,7.4,999.0,999.0,0.0,0.0,0.0,0.0,0.0,0.0,unclassified,23.7811,86.37132
1.74,307.3,288.51,999.0,999.0,999.0,999.0,10.891,5.707,999.0,999.0,0.0,0.0,0.0,0.0,0.0,0.0,unclassified,23.78148,86.39063
1.44,299.05,279.41,999.0,999.0,999.0,999.0,999.0,999.0,999.0,999.0,0.0,0.0,0.0,0.0,0.0,0.0,unclassified,24.6637,74.63227
0.78,303.49,290.19,999.0,999.0,999.0,999.0,999.0,999.0,999.0,999.0,0.0,0.0,0.0,0.0,0.0,0.0,unclassified,24.71521,75.95151
1.36,304.69,280.16,999.0,999.0,999.0,999.0,999.0,999.0,999.0,999.0,0.0,0.0,0.0,0.0,0.0,0.0,unclassified,24.76503,74.60659
1.31,302.43,280.72,999.0,999.0,999.0,999.0,999.0,999.0,999.0,999.0,0.0,0.0,0.0,0.0,0.0,0.0,unclassified,24.76607,74.60828
1.53,310.49,292.83,999.0,999.0,999.0,999.0,999.0,999.0,999.0,999.0,0.0,0.0,0.0,0.0,0.0,0.0,unclassified,25.39161,68.57956
1.79,319.53,289.84,999.0,6.638,6.638,999.0,999.0,999.0,999.0,14.95,0.0,0.0,0.0,0.0,0.0,0.0,unclassified,12.59921,77.88294
8.05,340.95,289.95,999.0,1.647,1.647,999.0,999.0,9.883,999.0,5.445,0.0,0.0,1.0,1.0,3.0,0.0,industrial_fire,12.8508,79.90537
0.54,302.76,288.41,999.0,0.711,0.711,999.0,999.0,5.155,9.579,10.533,0.0,0.0,1.0,1.0,3.0,0.0,unclassified,12.97479,77.43371
0.19,300.09,285.94,999.0,0.694,0.694,999.0,999.0,7.254,9.189,5.901,0.0,0.0,1.0,1.0,3.0,0.0,unclassified,13.14871,77.53867
2.78,320.68,289.13,1.371,0.678,0.678,999.0,24.308,8.767,16.657,0.657,1.0,1.0,1.0,1.0,3.0,2.0,industrial_fire,13.16177,80.28377
1.28,307.0,285.9,999.0,0.26,0.26,999.0,999.0,18.919,999.0,1.396,0.0,1.0,1.0,1.0,3.0,0.0,unclassified,13.39351,80.07467
1.13,300.92,286.08,999.0,25.516,25.516,999.0,999.0,15.624,999.0,22.755,0.0,0.0,0.0,0.0,0.0,0.0,unclassified,13.89774,76.56654
0.52,299.16,283.74,999.0,999.0,999.0,999.0,13.211,21.908,20.727,999.0,0.0,0.0,0.0,0.0,0.0,0.0,unclassified,15.16989,76.38091
1.19,309.9,287.59,999.0,9.55,9.55,999.0,20.967,999.0,999.0,18.807,0.0,0.0,0.0,0.0,0.0,0.0,unclassified,15.17381,76.69349
1.08,308.11,288.96,999.0,0.063,0.063,999.0,999.0,17.164,999.0,10.464,0.0,0.0,1.0,1.0,3.0,0.0,unclassified,15.17427,76.7852
2.78,319.62,289.15,999.0,12.751,12.751,999.0,17.139,25.367,28.284,22.324,0.0,0.0,0.0,0.0,0.0,0.0,unclassified,15.17558,76.6577
2.39,312.81,288.41,999.0,13.103,13.103,999.0,16.715,25.025,27.925,22.701,0.0,0.0,0.0,0.0,0.0,0.0,unclassified,15.17616,76.65379
1.49,312.62,286.62,999.0,10.917,10.917,999.0,18.846,26.329,999.0,20.461,0.0,0.0,0.0,0.0,0.0,0.0,unclassified,15.18017,76.67442
1.93,323.6,287.62,999.0,11.614,11.614,999.0,17.998,25.617,999.0,21.215,0.0,0.0,0.0,0.0,0.0,0.0,unclassified,15.18134,76.6666
1.49,304.17,288.26,999.0,10.694,10.694,999.0,18.863,26.12,999.0,20.284,0.0,0.0,0.0,0.0,0.0,0.0,unclassified,15.18363,76.67496
1.93,307.15,287.73,999.0,11.048,11.048,999.0,18.438,25.76,999.0,20.664,0.0,0.0,0.0,0.0,0.0,0.0,unclassified,15.18421,76.67104
1.0,304.11,287.53,999.0,10.482,10.482,999.0,18.886,25.916,999.0,20.113,0.0,0.0,0.0,0.0,0.0,0.0,unclassified,15.18708,76.67549
1.29,311.27,288.07,999.0,10.841,10.841,999.0,18.464,25.555,999.0,20.495,0.0,0.0,0.0,0.0,0.0,0.0,unclassified,15.18766,76.67159
1.05,307.79,274.67,999.0,999.0,999.0,999.0,8.733,20.438,19.269,999.0,0.0,0.0,0.0,0.0,0.0,0.0,unclassified,15.33635,76.27782
1.03,304.58,286.09,999.0,0.06,0.06,999.0,999.0,21.123,23.079,4.902,0.0,1.0,1.0,1.0,3.0,0.0,unclassified,16.87073,80.02078
6.97,339.65,293.35,999.0,999.0,999.0,999.0,999.0,999.0,999.0,999.0,0.0,0.0,0.0,0.0,0.0,0.0,unclassified,6.61014,81.25643
1.7,304.26,288.85,999.0,999.0,999.0,999.0,999.0,999.0,999.0,999.0,0.0,0.0,0.0,0.0,0.0,0.0,unclassified,6.76897,81.00152
1.7,313.38,289.92,999.0,999.0,999.0,999.0,999.0,999.0,999.0,999.0,0.0,0.0,0.0,0.0,0.0,0.0,unclassified,6.77281,81.00163
1.72,309.23,294.42,999.0,999.0,999.0,999.0,999.0,999.0,999.0,999.0,0.0,0.0,0.0,0.0,0.0,0.0,unclassified,7.38751,81.18162
2.67,310.91,295.98,999.0,999.0,999.0,999.0,999.0,999.0,999.0,999.0,0.0,0.0,0.0,0.0,0.0,0.0,unclassified,7.48117,81.08661
2.83,322.67,290.12,999.0,999.0,999.0,999.0,999.0,999.0,999.0,999.0,0.0,0.0,0.0,0.0,0.0,0.0,unclassified,7.55779,81.30125
1.4,306.16,292.64,999.0,999.0,999.0,999.0,999.0,999.0,999.0,999.0,0.0,0.0,0.0,0.0,0.0,0.0,unclassified,7.76223,80.32127
0.72,304.17,292.08,999.0,999.0,999.0,999.0,999.0,999.0,999.0,999.0,0.0,0.0,0.0,0.0,0.0,0.0,unclassified,7.96767,81.29025
1.43,314.64,294.13,999.0,999.0,999.0,999.0,999.0,999.0,999.0,999.0,0.0,0.0,0.0,0.0,0.0,0.0,unclassified,8.08287,80.78834
3.58,329.64,294.38,999.0,999.0,999.0,999.0,999.0,999.0,999.0,999.0,0.0,0.0,0.0,0.0,0.0,0.0,unclassified,8.08652,80.78899
1.52,315.45,287.14,999.0,999.0,999.0,999.0,999.0,999.0,999.0,999.0,0.0,0.0,0.0,0.0,0.0,0.0,unclassified,9.55316,77.52426
1.52,321.43,286.47,999.0,999.0,999.0,999.0,999.0,999.0,999.0,999.0,0.0,0.0,0.0,0.0,0.0,0.0,unclassified,9.55372,77.52083
2.42,324.17,285.49,999.0,999.0,999.0,999.0,999.0,999.0,999.0,999.0,0.0,0.0,0.0,0.0,0.0,0.0,unclassified,9.55482,77.5139
1.76,309.54,284.56,999.0,999.0,999.0,999.0,999.0,999.0,999.0,999.0,0.0,0.0,0.0,0.0,0.0,0.0,unclassified,9.55811,77.51443
1.76,328.06,285.83,999.0,999.0,999.0,999.0,999.0,999.0,999.0,999.0,0.0,0.0,0.0,0.0,0.0,0.0,unclassified,9.56086,77.51841
0.91,316.03,285.93,999.0,999.0,999.0,999.0,999.0,999.0,999.0,999.0,0.0,0.0,0.0,0.0,0.0,0.0,unclassified,9.5614,77.53619
1.62,309.24,286.62,999.0,999.0,999.0,999.0,999.0,999.0,999.0,999.0,0.0,0.0,0.0,0.0,0.0,0.0,unclassified,9.56195,77.53275
1.41,324.02,285.03,999.0,999.0,999.0,999.0,999.0,999.0,999.0,999.0,0.0,0.0,0.0,0.0,0.0,0.0,unclassified,9.56415,77.51893
0.91,311.02,285.37,999.0,999.0,999.0,999.0,999.0,999.0,999.0,999.0,0.0,0.0,0.0,0.0,0.0,0.0,unclassified,9.5647,77.53674
1.61,312.26,284.65,999.0,999.0,999.0,999.0,999.0,999.0,999.0,999.0,0.0,0.0,0.0,0.0,0.0,0.0,unclassified,9.5669,77.52291
1.41,308.43,283.59,999.0,999.0,999.0,999.0,999.0,999.0,999.0,999.0,0.0,0.0,0.0,0.0,0.0,0.0,unclassified,9.56744,77.51945
0.44,297.35,272.69,999.0,999.0,999.0,999.0,999.0,999.0,999.0,999.0,0.0,0.0,0.0,0.0,0.0,0.0,unclassified,11.59177,77.26229
3.05,332.16,274.37,999.0,999.0,999.0,999.0,999.0,999.0,999.0,999.0,0.0,0.0,0.0,0.0,0.0,0.0,unclassified,11.59508,77.26291
1.04,299.39,272.09,999.0,999.0,999.0,999.0,999.0,999.0,999.0,999.0,0.0,0.0,0.0,0.0,0.0,0.0,unclassified,11.81183,77.92081
1.16,302.56,273.32,999.0,999.0,999.0,999.0,999.0,999.0,999.0,999.0,0.0,0.0,0.0,0.0,0.0,0.0,unclassified,11.81568,77.91785
0.68,296.31,274.71,999.0,999.0,999.0,999.0,999.0,999.0,27.906,999.0,0.0,0.0,0.0,0.0,0.0,0.0,unclassified,12.08651,77.05036
0.48,304.58,290.04,999.0,999.0,999.0,999.0,999.0,999.0,999.0,999.0,0.0,0.0,0.0,0.0,0.0,0.0,unclassified,33.29502,71.18554
0.34,302.35,290.26,999.0,999.0,999.0,999.0,999.0,999.0,999.0,999.0,0.0,0.0,0.0,0.0,0.0,0.0,unclassified,33.29527,71.18355
1.92,315.05,293.04,999.0,999.0,999.0,999.0,999.0,999.0,999.0,999.0,0.0,0.0,0.0,0.0,0.0,0.0,unclassified,25.38761,68.58076
12.97,352.86,294.52,999.0,999.0,999.0,999.0,999.0,999.0,999.0,999.0,0.0,0.0,0.0,0.0,0.0,0.0,unclassified,6.21886,80.84835
12.37,367.0,293.02,999.0,999.0,999.0,999.0,999.0,999.0,999.0,999.0,0.0,0.0,0.0,0.0,0.0,0.0,unclassified,6.21936,80.85124
6.89,332.67,295.69,999.0,999.0,999.0,999.0,999.0,999.0,999.0,999.0,0.0,0.0,0.0,0.0,0.0,0.0,unclassified,6.26443,81.08537
4.65,340.14,300.63,999.0,999.0,999.0,999.0,999.0,999.0,999.0,999.0,0.0,0.0,0.0,0.0,0.0,0.0,unclassified,6.8227,81.4789
4.03,337.9,299.54,999.0,999.0,999.0,999.0,999.0,999.0,999.0,999.0,0.0,0.0,0.0,0.0,0.0,0.0,unclassified,6.8228,81.47654
3.2,334.14,297.15,999.0,999.0,999.0,999.0,999.0,999.0,999.0,999.0,0.0,0.0,0.0,0.0,0.0,0.0,unclassified,6.92909,81.49213
5.26,334.15,294.88,999.0,999.0,999.0,999.0,999.0,999.0,999.0,999.0,0.0,0.0,0.0,0.0,0.0,0.0,unclassified,6.93327,81.49461
7.65,331.99,299.83,999.0,999.0,999.0,999.0,999.0,999.0,999.0,999.0,0.0,0.0,0.0,0.0,0.0,0.0,unclassified,7.0019,81.49043
6.88,338.99,296.24,999.0,999.0,999.0,999.0,999.0,999.0,999.0,999.0,0.0,0.0,0.0,0.0,0.0,0.0,unclassified,7.09881,81.30836
7.09,338.65,294.59,999.0,999.0,999.0,999.0,999.0,999.0,999.0,999.0,0.0,0.0,0.0,0.0,0.0,0.0,unclassified,7.13218,80.92467
13.75,344.79,296.2,999.0,999.0,999.0,999.0,999.0,999.0,999.0,999.0,0.0,0.0,0.0,0.0,0.0,0.0,unclassified,7.13368,80.92213
8.33,332.22,293.77,999.0,999.0,999.0,999.0,999.0,999.0,999.0,999.0,0.0,0.0,0.0,0.0,0.0,0.0,unclassified,7.13717,80.92435
3.38,331.83,300.45,999.0,999.0,999.0,999.0,999.0,999.0,999.0,999.0,0.0,0.0,0.0,0.0,0.0,0.0,unclassified,7.14319,81.56036
3.23,341.64,298.25,999.0,999.0,999.0,999.0,999.0,999.0,999.0,999.0,0.0,0.0,0.0,0.0,0.0,0.0,unclassified,7.21505,81.83522
3.47,330.92,300.1,999.0,999.0,999.0,999.0,999.0,999.0,999.0,999.0,0.0,0.0,0.0,0.0,0.0,0.0,unclassified,7.30715,81.8511
4.9,330.62,299.5,999.0,999.0,999.0,999.0,999.0,999.0,999.0,999.0,0.0,0.0,0.0,0.0,0.0,0.0,unclassified,7.30812,81.85378
6.1,330.09,292.77,999.0,999.0,999.0,999.0,999.0,999.0,999.0,999.0,0.0,0.0,0.0,0.0,0.0,0.0,unclassified,7.36392,81.54081
7.86,331.17,302.27,999.0,999.0,999.0,999.0,999.0,999.0,999.0,999.0,0.0,0.0,0.0,0.0,0.0,0.0,unclassified,7.36477,81.10838
7.58,337.55,292.88,999.0,999.0,999.0,999.0,999.0,999.0,999.0,999.0,0.0,0.0,0.0,0.0,0.0,0.0,unclassified,7.36666,81.54342
7.97,337.78,297.77,999.0,999.0,999.0,999.0,999.0,999.0,999.0,999.0,0.0,0.0,0.0,0.0,0.0,0.0,unclassified,7.37235,81.60337
6.02,337.83,297.07,999.0,999.0,999.0,999.0,999.0,999.0,999.0,999.0,0.0,0.0,0.0,0.0,0.0,0.0,unclassified,7.37384,81.60008
4.29,335.02,298.19,999.0,999.0,999.0,999.0,999.0,999.0,999.0,999.0,0.0,0.0,0.0,0.0,0.0,0.0,unclassified,7.38198,81.81867
3.69,337.1,297.23,999.0,999.0,999.0,999.0,999.0,999.0,999.0,999.0,0.0,0.0,0.0,0.0,0.0,0.0,unclassified,7.40801,81.64283
10.29,340.72,295.36,999.0,999.0,999.0,999.0,999.0,999.0,999.0,999.0,0.0,0.0,0.0,0.0,0.0,0.0,unclassified,7.44196,81.56097
10.37,331.01,295.67,999.0,999.0,999.0,999.0,999.0,999.0,999.0,999.0,0.0,0.0,0.0,0.0,0.0,0.0,unclassified,7.4489,81.31174
9.76,337.83,297.09,999.0,999.0,999.0,999.0,999.0,999.0,999.0,999.0,0.0,0.0,0.0,0.0,0.0,0.0,unclassified,7.44981,81.31694
7.11,334.62,296.14,999.0,999.0,999.0,999.0,999.0,999.0,999.0,999.0,0.0,0.0,0.0,0.0,0.0,0.0,unclassified,7.45927,81.3151
5.54,331.29,297.01,999.0,999.0,999.0,999.0,999.0,999.0,999.0,999.0,0.0,0.0,0.0,0.0,0.0,0.0,unclassified,7.46132,81.61855
17.96,332.6,304.6,999.0,999.0,999.0,999.0,999.0,999.0,999.0,999.0,0.0,0.0,0.0,0.0,0.0,0.0,unclassified,7.52379,81.09198
5.41,331.63,301.33,999.0,999.0,999.0,999.0,999.0,999.0,999.0,999.0,0.0,0.0,0.0,0.0,0.0,0.0,unclassified,7.55572,81.30218
5.49,331.9,295.1,999.0,999.0,999.0,999.0,999.0,999.0,999.0,999.0,0.0,0.0,0.0,0.0,0.0,0.0,unclassified,7.62007,80.96745
4.17,337.95,299.27,999.0,999.0,999.0,999.0,999.0,999.0,999.0,999.0,0.0,0.0,0.0,0.0,0.0,0.0,unclassified,7.68068,81.63508
4.12,333.59,293.96,999.0,999.0,999.0,999.0,999.0,999.0,999.0,999.0,0.0,0.0,0.0,0.0,0.0,0.0,unclassified,7.6815,80.17891
8.03,333.06,297.9,999.0,999.0,999.0,999.0,999.0,999.0,999.0,999.0,0.0,0.0,0.0,0.0,0.0,0.0,unclassified,7.73792,81.0778
4.49,331.07,294.29,999.0,999.0,999.0,999.0,999.0,999.0,999.0,999.0,0.0,0.0,0.0,0.0,0.0,0.0,unclassified,7.88585,80.66019
2.68,333.06,291.73,999.0,999.0,999.0,999.0,999.0,999.0,999.0,999.0,0.0,0.0,0.0,0.0,0.0,0.0,unclassified,7.96085,79.96597
9.87,335.97,296.4,999.0,999.0,999.0,999.0,999.0,999.0,999.0,999.0,0.0,0.0,0.0,0.0,0.0,0.0,unclassified,8.10204,80.72932
8.29,337.22,296.45,999.0,999.0,999.0,999.0,999.0,999.0,999.0,999.0,0.0,0.0,0.0,0.0,0.0,0.0,unclassified,8.10524,80.73309
15.8,341.79,296.96,999.0,999.0,999.0,999.0,999.0,999.0,999.0,999.0,0.0,0.0,0.0,0.0,0.0,0.0,unclassified,8.19926,81.06908
6.75,348.24,295.76,999.0,999.0,999.0,999.0,999.0,999.0,999.0,999.0,0.0,0.0,0.0,0.0,0.0,0.0,unclassified,8.24832,80.14695
6.57,342.57,294.66,999.0,999.0,999.0,999.0,999.0,999.0,999.0,999.0,0.0,0.0,0.0,0.0,0.0,0.0,unclassified,8.26462,80.15033
3.29,336.6,294.11,999.0,999.0,999.0,999.0,999.0,999.0,999.0,999.0,0.0,0.0,0.0,0.0,0.0,0.0,unclassified,8.28586,80.21172
6.62,339.21,295.97,999.0,999.0,999.0,999.0,999.0,999.0,999.0,999.0,0.0,0.0,0.0,0.0,0.0,0.0,unclassified,8.30271,80.59719
2.36,332.88,295.86,999.0,999.0,999.0,999.0,999.0,999.0,999.0,999.0,0.0,0.0,0.0,0.0,0.0,0.0,unclassified,8.30449,80.19914
10.77,353.3,298.04,999.0,999.0,999.0,999.0,999.0,999.0,999.0,999.0,0.0,0.0,0.0,0.0,0.0,0.0,unclassified,8.33746,81.01548
10.25,332.21,297.17,999.0,999.0,999.0,999.0,999.0,999.0,999.0,999.0,0.0,0.0,0.0,0.0,0.0,0.0,unclassified,8.36755,81.04775
3.59,341.54,296.34,999.0,999.0,999.0,999.0,999.0,999.0,999.0,999.0,0.0,0.0,0.0,0.0,0.0,0.0,unclassified,8.44509,81.09625
10.95,350.25,297.31,999.0,999.0,999.0,999.0,999.0,999.0,999.0,999.0,0.0,0.0,0.0,0.0,0.0,0.0,unclassified,8.34383,80.22264
10.95,342.36,295.88,999.0,999.0,999.0,999.0,999.0,999.0,999.0,999.0,0.0,0.0,0.0,0.0,0.0,0.0,unclassified,8.34437,80.22562
2.35,335.5,294.26,999.0,999.0,999.0,999.0,999.0,999.0,999.0,999.0,0.0,0.0,0.0,0.0,0.0,0.0,unclassified,8.35971,80.2533
8.63,367.0,295.38,999.0,999.0,999.0,999.0,999.0,999.0,999.0,999.0,0.0,0.0,0.0,0.0,0.0,0.0,unclassified,8.41501,80.3905
3.73,333.5,295.22,999.0,999.0,999.0,999.0,999.0,999.0,999.0,999.0,0.0,0.0,0.0,0.0,0.0,0.0,unclassified,8.46256,80.36608
3.34,330.46,294.43,999.0,999.0,999.0,999.0,999.0,999.0,999.0,999.0,0.0,0.0,0.0,0.0,0.0,0.0,unclassified,8.49436,77.96617
3.29,331.08,295.65,999.0,999.0,999.0,999.0,999.0,999.0,999.0,999.0,0.0,0.0,0.0,0.0,0.0,0.0,unclassified,8.51105,80.40782
5.39,335.62,296.99,999.0,999.0,999.0,999.0,999.0,999.0,999.0,999.0,0.0,0.0,0.0,0.0,0.0,0.0,unclassified,8.52967,80.84583
9.06,336.45,293.62,999.0,999.0,999.0,999.0,999.0,999.0,999.0,999.0,0.0,0.0,0.0,0.0,0.0,0.0,unclassified,8.53348,80.84363
6.13,334.19,296.24,999.0,999.0,999.0,999.0,999.0,999.0,999.0,999.0,0.0,0.0,0.0,0.0,0.0,0.0,unclassified,8.58942,80.82306
2.74,333.51,296.55,999.0,999.0,999.0,999.0,999.0,999.0,999.0,999.0,0.0,0.0,0.0,0.0,0.0,0.0,unclassified,8.6308,80.4159
15.27,344.74,296.91,999.0,999.0,999.0,999.0,999.0,999.0,999.0,999.0,0.0,0.0,0.0,0.0,0.0,0.0,unclassified,8.72508,80.47949
12.78,343.66,297.73,999.0,999.0,999.0,999.0,999.0,999.0,999.0,999.0,0.0,0.0,0.0,0.0,0.0,0.0,unclassified,8.79795,80.4024
8.46,331.81,294.91,999.0,999.0,999.0,999.0,999.0,999.0,999.0,999.0,0.0,0.0,0.0,0.0,0.0,0.0,unclassified,8.79975,80.40611
2.28,338.14,294.83,999.0,999.0,999.0,999.0,999.0,999.0,999.0,999.0,0.0,0.0,0.0,0.0,0.0,0.0,unclassified,8.86345,78.08493
6.05,339.55,293.47,999.0,999.0,999.0,999.0,999.0,999.0,999.0,999.0,0.0,0.0,0.0,0.0,0.0,0.0,unclassified,8.9091,80.35435
4.58,333.54,294.69,999.0,999.0,999.0,999.0,999.0,999.0,999.0,999.0,0.0,0.0,0.0,0.0,0.0,0.0,unclassified,8.94823,80.79115
3.27,341.06,295.85,999.0,999.0,999.0,999.0,999.0,999.0,999.0,999.0,0.0,0.0,0.0,0.0,0.0,0.0,unclassified,8.995,78.11643
4.0,340.2,293.4,999.0,999.0,999.0,999.0,999.0,999.0,999.0,999.0,0.0,0.0,0.0,0.0,0.0,0.0,unclassified,9.13227,80.27708
6.78,338.21,293.49,999.0,999.0,999.0,999.0,999.0,999.0,999.0,999.0,0.0,0.0,0.0,0.0,0.0,0.0,unclassified,9.20978,80.65526
8.65,335.77,294.27,999.0,999.0,999.0,999.0,999.0,999.0,999.0,999.0,0.0,0.0,0.0,0.0,0.0,0.0,unclassified,9.22214,80.69701
7.92,344.59,294.97,999.0,999.0,999.0,999.0,999.0,999.0,999.0,999.0,0.0,0.0,0.0,0.0,0.0,0.0,unclassified,9.40467,80.27582
11.41,342.51,294.9,999.0,999.0,999.0,999.0,999.0,999.0,999.0,999.0,0.0,0.0,0.0,0.0,0.0,0.0,unclassified,9.40643,80.27791
8.78,337.9,297.06,999.0,999.0,999.0,999.0,999.0,999.0,999.0,999.0,0.0,0.0,0.0,0.0,0.0,0.0,unclassified,9.40674,80.45943
8.81,332.15,296.59,999.0,999.0,999.0,999.0,999.0,999.0,999.0,999.0,0.0,0.0,0.0,0.0,0.0,0.0,unclassified,9.42708,80.41814
8.46,343.61,296.41,999.0,999.0,999.0,999.0,999.0,999.0,999.0,999.0,0.0,0.0,0.0,0.0,0.0,0.0,unclassified,9.43313,80.38053
3.98,342.04,296.09,999.0,999.0,999.0,999.0,999.0,999.0,999.0,999.0,0.0,0.0,0.0,0.0,0.0,0.0,unclassified,9.43566,80.38232
8.3,344.57,295.11,999.0,999.0,999.0,999.0,999.0,999.0,999.0,999.0,0.0,0.0,0.0,0.0,0.0,0.0,unclassified,9.45518,80.50696
5.33,331.23,295.35,999.0,999.0,999.0,999.0,999.0,999.0,999.0,999.0,0.0,0.0,0.0,0.0,0.0,0.0,unclassified,9.4573,80.46156
5.67,343.52,295.22,999.0,999.0,999.0,999.0,999.0,999.0,999.0,999.0,0.0,0.0,0.0,0.0,0.0,0.0,unclassified,9.65053,78.06663
6.03,335.92,294.43,999.0,999.0,999.0,999.0,999.0,999.0,999.0,999.0,0.0,0.0,0.0,0.0,0.0,0.0,unclassified,9.65259,78.06654
9.94,342.77,297.86,999.0,999.0,999.0,999.0,999.0,999.0,999.0,999.0,0.0,0.0,0.0,0.0,0.0,0.0,unclassified,9.7496,78.01988
10.6,343.09,297.06,999.0,999.0,999.0,999.0,999.0,999.0,999.0,999.0,0.0,0.0,0.0,0.0,0.0,0.0,unclassified,9.75129,78.01684
3.94,343.03,298.62,999.0,999.0,999.0,999.0,999.0,999.0,999.0,999.0,0.0,0.0,0.0,0.0,0.0,0.0,unclassified,10.49617,79.46641
3.06,338.77,293.75,999.0,999.0,999.0,999.0,999.0,25.059,999.0,999.0,0.0,0.0,0.0,0.0,0.0,0.0,unclassified,12.44623,79.14983
4.03,335.06,292.08,999.0,3.171,3.171,999.0,999.0,24.675,999.0,999.0,0.0,0.0,1.0,0.0,1.0,0.0,unclassified,12.74508,78.65624
3.39,330.93,285.44,999.0,1.007,1.007,999.0,999.0,999.0,999.0,18.092,0.0,0.0,1.0,1.0,3.0,0.0,industrial_fire,14.10816,77.59407
9.08,334.62,288.64,999.0,0.919,0.919,2.875,999.0,999.0,4.004,1.102,0.0,1.0,1.0,1.0,3.0,0.0,industrial_fire,21.10291,72.64852
5.44,338.1,287.54,999.0,0.651,0.651,9.001,999.0,999.0,4.862,0.818,0.0,1.0,1.0,1.0,3.0,0.0,industrial_fire,21.16354,72.67133
9.64,343.37,298.96,999.0,999.0,999.0,999.0,999.0,9.823,5.395,999.0,0.0,0.0,0.0,0.0,0.0,0.0,agricultural_burn,22.36557,87.30296
3.12,330.63,292.84,999.0,999.0,999.0,999.0,999.0,999.0,999.0,999.0,0.0,0.0,0.0,0.0,0.0,0.0,unclassified,23.66255,87.15377
4.56,340.16,296.49,999.0,999.0,999.0,999.0,12.021,7.788,999.0,999.0,0.0,0.0,0.0,0.0,0.0,0.0,unclassified,23.77443,86.36435
5.61,333.93,296.63,999.0,999.0,999.0,999.0,10.556,5.452,999.0,999.0,0.0,0.0,0.0,0.0,0.0,0.0,forest_natural_fire,23.77833,86.3914
2.83,332.14,294.27,999.0,999.0,999.0,999.0,999.0,5.63,999.0,999.0,0.0,0.0,0.0,0.0,0.0,0.0,unclassified,23.78466,85.55476
2.83,332.27,293.58,999.0,999.0,999.0,999.0,999.0,5.451,999.0,999.0,0.0,0.0,0.0,0.0,0.0,0.0,unclassified,23.78796,85.55418
7.85,348.14,289.43,999.0,999.0,999.0,999.0,999.0,999.0,999.0,999.0,0.0,0.0,0.0,0.0,0.0,0.0,unclassified,27.9844,95.93944
11.08,367.0,298.39,999.0,999.0,999.0,999.0,999.0,999.0,999.0,999.0,0.0,0.0,0.0,0.0,0.0,0.0,unclassified,28.80634,71.15429
2.92,335.7,294.28,999.0,999.0,999.0,999.0,999.0,999.0,999.0,999.0,0.0,0.0,0.0,0.0,0.0,0.0,unclassified,29.90034,70.05103
2.41,330.66,295.8,999.0,999.0,999.0,999.0,999.0,999.0,999.0,999.0,0.0,0.0,0.0,0.0,0.0,0.0,unclassified,31.36748,72.16143
3.05,337.52,296.96,999.0,999.0,999.0,999.0,999.0,999.0,999.0,999.0,0.0,0.0,0.0,0.0,0.0,0.0,unclassified,31.98055,72.40473
2.79,331.06,296.49,999.0,999.0,999.0,999.0,999.0,999.0,999.0,999.0,0.0,0.0,0.0,0.0,0.0,0.0,unclassified,31.98557,72.40307
8.0,339.6,297.67,999.0,999.0,999.0,999.0,999.0,999.0,999.0,999.0,0.0,0.0,0.0,0.0,0.0,0.0,unclassified,35.70685,73.66389
6.29,341.15,289.0,999.0,0.762,0.762,9.031,999.0,999.0,4.987,0.658,0.0,1.0,1.0,1.0,3.0,0.0,industrial_fire,21.16206,72.674
1.58,330.2,297.74,999.0,999.0,999.0,999.0,999.0,999.0,999.0,999.0,0.0,0.0,0.0,0.0,0.0,0.0,unclassified,25.38581,68.58442
1.64,330.05,298.81,999.0,999.0,999.0,999.0,999.0,999.0,999.0,999.0,0.0,0.0,0.0,0.0,0.0,0.0,unclassified,25.67347,68.72453
1.11,308.13,290.15,999.0,999.0,999.0,999.0,999.0,6.321,999.0,999.0,0.0,0.0,0.0,0.0,0.0,0.0,unclassified,23.58009,86.72656
1.11,310.78,290.67,999.0,999.0,999.0,999.0,999.0,5.999,999.0,999.0,0.0,0.0,0.0,0.0,0.0,0.0,unclassified,23.5834,86.7272
0.81,309.37,289.81,999.0,999.0,999.0,999.0,999.0,17.398,999.0,999.0,0.0,0.0,0.0,0.0,0.0,0.0,unclassified,23.60976,85.67492
1.37,311.92,290.77,999.0,999.0,999.0,999.0,999.0,2.824,999.0,999.0,0.0,0.0,0.0,0.0,0.0,0.0,unclassified,23.6138,86.7917
1.32,309.85,290.27,999.0,999.0,999.0,999.0,999.0,2.439,999.0,999.0,0.0,0.0,0.0,0.0,0.0,0.0,unclassified,23.61443,86.78787
2.11,323.37,287.38,999.0,999.0,999.0,999.0,999.0,18.568,999.0,999.0,0.0,0.0,0.0,0.0,0.0,0.0,unclassified,23.64655,85.43964
1.38,312.95,287.65,999.0,999.0,999.0,999.0,999.0,18.643,999.0,999.0,0.0,0.0,0.0,0.0,0.0,0.0,unclassified,23.64714,85.43591
1.64,320.82,287.97,999.0,999.0,999.0,999.0,999.0,18.28,999.0,999.0,0.0,0.0,0.0,0.0,0.0,0.0,unclassified,23.65043,85.43652
0.98,310.37,287.69,999.0,999.0,999.0,999.0,999.0,15.582,999.0,999.0,0.0,0.0,0.0,0.0,0.0,0.0,unclassified,23.65641,85.50684
3.1,323.26,289.29,999.0,999.0,999.0,999.0,999.0,999.0,999.0,999.0,0.0,0.0,0.0,0.0,0.0,0.0,unclassified,23.66284,87.15459
0.92,306.55,287.33,999.0,999.0,999.0,999.0,999.0,10.515,999.0,999.0,0.0,0.0,0.0,0.0,0.0,0.0,unclassified,23.66344,84.99948
1.07,306.56,289.42,999.0,999.0,999.0,999.0,999.0,16.088,999.0,999.0,0.0,0.0,0.0,0.0,0.0,0.0,unclassified,23.66433,86.91784
0.9,308.6,288.27,999.0,999.0,999.0,999.0,999.0,999.0,999.0,999.0,0.0,0.0,0.0,0.0,0.0,0.0,unclassified,23.66554,87.1591
0.9,304.39,287.89,999.0,999.0,999.0,999.0,999.0,999.0,999.0,999.0,0.0,0.0,0.0,0.0,0.0,0.0,unclassified,23.66618,87.15525
0.92,303.53,287.06,999.0,999.0,999.0,999.0,999.0,10.52,999.0,999.0,0.0,0.0,0.0,0.0,0.0,0.0,unclassified,23.66732,84.99632
1.25,303.78,288.76,999.0,999.0,999.0,999.0,5.933,9.552,999.0,999.0,0.0,0.0,0.0,0.0,0.0,0.0,unclassified,23.67437,86.3989
1.25,312.42,287.22,999.0,999.0,999.0,999.0,5.708,9.192,999.0,999.0,0.0,0.0,0.0,0.0,0.0,0.0,unclassified,23.67766,86.39953
0.87,306.12,284.6,999.0,999.0,999.0,999.0,6.027,9.297,999.0,999.0,0.0,0.0,0.0,0.0,0.0,0.0,unclassified,23.67827,86.39577
0.87,304.49,286.75,999.0,999.0,999.0,999.0,6.355,9.419,999.0,999.0,0.0,0.0,0.0,0.0,0.0,0.0,unclassified,23.67887,86.39201
1.98,310.17,289.84,999.0,999.0,999.0,999.0,999.0,999.0,999.0,999.0,0.0,0.0,0.0,0.0,0.0,0.0,unclassified,23.68316,87.13036
4.04,327.45,290.2,999.0,999.0,999.0,999.0,5.998,8.719,999.0,999.0,0.0,0.0,0.0,0.0,0.0,0.0,unclassified,23.68547,86.39327
2.12,306.72,288.99,999.0,999.0,999.0,999.0,6.349,8.864,999.0,999.0,0.0,0.0,0.0,0.0,0.0,0.0,unclassified,23.68607,86.38953
3.08,317.5,288.92,999.0,999.0,999.0,999.0,999.0,999.0,999.0,999.0,0.0,0.0,0.0,0.0,0.0,0.0,unclassified,23.68842,87.11951
1.63,306.55,288.71,999.0,999.0,999.0,999.0,999.0,999.0,999.0,999.0,0.0,0.0,0.0,0.0,0.0,0.0,unclassified,23.69164,87.1003
1.08,305.18,288.61,999.0,999.0,999.0,999.0,999.0,999.0,999.0,999.0,0.0,0.0,0.0,0.0,0.0,0.0,unclassified,23.69175,87.12016
1.93,305.7,288.48,999.0,999.0,999.0,999.0,999.0,999.0,999.0,999.0,0.0,0.0,0.0,0.0,0.0,0.0,unclassified,23.6924,87.11631
1.14,306.35,288.75,999.0,999.0,999.0,999.0,999.0,999.0,999.0,999.0,0.0,0.0,0.0,0.0,0.0,0.0,unclassified,23.69433,87.10479
1.11,311.67,289.11,999.0,999.0,999.0,999.0,999.0,18.05,999.0,999.0,0.0,0.0,0.0,0.0,0.0,0.0,unclassified,23.69442,85.37145
1.08,308.89,288.97,999.0,999.0,999.0,999.0,999.0,999.0,999.0,999.0,0.0,0.0,0.0,0.0,0.0,0.0,unclassified,23.69444,87.12463
1.08,310.26,289.5,999.0,999.0,999.0,999.0,999.0,999.0,999.0,999.0,0.0,0.0,0.0,0.0,0.0,0.0,unclassified,23.69508,87.1208
0.53,302.86,280.9,999.0,999.0,999.0,999.0,5.827,6.835,999.0,999.0,0.0,0.0,0.0,0.0,0.0,0.0,unclassified,23.6953,86.07877
1.31,312.84,288.89,999.0,999.0,999.0,999.0,999.0,999.0,999.0,999.0,0.0,0.0,0.0,0.0,0.0,0.0,unclassified,23.69626,87.09328
0.87,307.13,287.56,999.0,999.0,999.0,999.0,999.0,999.0,999.0,999.0,0.0,0.0,0.0,0.0,0.0,0.0,unclassified,23.69672,85.29093
0.59,304.52,288.92,999.0,999.0,999.0,999.0,999.0,19.049,999.0,999.0,0.0,0.0,0.0,0.0,0.0,0.0,unclassified,23.69674,85.35646
0.87,306.02,287.62,999.0,999.0,999.0,999.0,999.0,999.0,999.0,999.0,0.0,0.0,0.0,0.0,0.0,0.0,unclassified,23.6973,85.28718
1.14,306.8,288.38,999.0,999.0,999.0,999.0,999.0,999.0,999.0,999.0,0.0,0.0,0.0,0.0,0.0,0.0,unclassified,23.69766,87.10545
1.17,310.07,288.84,999.0,999.0,999.0,999.0,999.0,18.007,999.0,999.0,0.0,0.0,0.0,0.0,0.0,0.0,unclassified,23.69829,85.36831
0.45,303.85,288.25,999.0,999.0,999.0,999.0,999.0,12.926,999.0,999.0,0.0,0.0,0.0,0.0,0.0,0.0,unclassified,23.70932,85.42812
1.04,306.45,290.01,999.0,999.0,999.0,999.0,1.141,4.938,999.0,999.0,0.0,0.0,0.0,0.0,0.0,0.0,unclassified,23.71023,86.45091
0.48,302.26,286.67,999.0,999.0,999.0,999.0,999.0,999.0,999.0,999.0,0.0,0.0,0.0,0.0,0.0,0.0,unclassified,23.71049,85.2896
2.49,322.03,290.78,999.0,999.0,999.0,999.0,1.24,4.777,999.0,999.0,0.0,0.0,0.0,0.0,0.0,0.0,mining_activity,23.71084,86.44715
1.27,305.78,289.23,999.0,999.0,999.0,999.0,2.926,4.815,999.0,999.0,0.0,0.0,0.0,0.0,0.0,0.0,unclassified,23.71121,86.424
2.89,330.73,291.4,999.0,999.0,999.0,999.0,1.513,4.607,999.0,999.0,0.0,0.0,0.0,0.0,0.0,0.0,mining_activity,23.71353,86.45154
1.27,306.05,289.26,999.0,999.0,999.0,999.0,3.409,4.508,999.0,999.0,0.0,0.0,0.0,0.0,0.0,0.0,unclassified,23.71511,86.42087
1.67,305.64,289.83,999.0,999.0,999.0,999.0,3.551,4.143,999.0,999.0,0.0,0.0,0.0,0.0,0.0,0.0,unclassified,23.71841,86.4215
1.28,314.11,289.64,999.0,999.0,999.0,999.0,2.272,3.817,999.0,999.0,0.0,0.0,0.0,0.0,0.0,0.0,unclassified,23.71866,86.4409
0.69,304.95,285.67,999.0,999.0,999.0,999.0,999.0,7.366,999.0,999.0,0.0,0.0,0.0,0.0,0.0,0.0,unclassified,23.71965,85.0089
2.16,308.92,289.46,999.0,999.0,999.0,999.0,2.801,3.363,999.0,999.0,0.0,0.0,0.0,0.0,0.0,0.0,unclassified,23.72257,86.43778
1.75,313.03,290.96,999.0,999.0,999.0,999.0,3.927,3.421,999.0,999.0,0.0,0.0,0.0,0.0,0.0,0.0,unclassified,23.725,86.42276
0.25,301.47,284.53,999.0,999.0,999.0,999.0,999.0,8.862,999.0,999.0,0.0,0.0,0.0,0.0,0.0,0.0,unclassified,23.7255,85.52321
3.28,341.06,292.07,999.0,999.0,999.0,999.0,4.469,1.817,999.0,999.0,0.0,0.0,0.0,0.0,0.0,0.0,unclassified,23.73697,86.43278
1.41,312.53,289.72,999.0,999.0,999.0,999.0,4.693,1.885,999.0,999.0,0.0,0.0,0.0,0.0,0.0,0.0,unclassified,23.73758,86.42902
2.7,317.46,289.71,999.0,999.0,999.0,999.0,999.0,5.288,999.0,999.0,0.0,0.0,0.0,0.0,0.0,0.0,unclassified,23.74007,85.00873
3.28,309.02,290.24,999.0,999.0,999.0,999.0,4.786,1.445,999.0,999.0,0.0,0.0,0.0,0.0,0.0,0.0,unclassified,23.74027,86.43341
0.59,301.96,283.79,999.0,999.0,999.0,999.0,999.0,6.407,999.0,999.0,0.0,0.0,0.0,0.0,0.0,0.0,unclassified,23.74545,85.50378
1.06,307.79,288.53,999.0,999.0,999.0,999.0,6.828,2.1,999.0,999.0,0.0,0.0,0.0,0.0,0.0,0.0,unclassified,23.7532,86.41651
0.89,309.18,286.4,999.0,999.0,999.0,999.0,22.98,15.857,999.0,999.0,0.0,0.0,0.0,0.0,0.0,0.0,unclassified,23.75456,85.85532
0.89,308.36,286.21,999.0,999.0,999.0,999.0,23.342,16.053,999.0,999.0,0.0,0.0,0.0,0.0,0.0,0.0,unclassified,23.75515,85.85158
0.89,305.14,286.38,999.0,999.0,999.0,999.0,23.113,15.537,999.0,999.0,0.0,0.0,0.0,0.0,0.0,0.0,unclassified,23.75785,85.85593
0.89,310.78,286.15,999.0,999.0,999.0,999.0,23.473,15.737,999.0,999.0,0.0,0.0,0.0,0.0,0.0,0.0,unclassified,23.75844,85.8522
0.96,302.01,284.55,999.0,999.0,999.0,999.0,8.167,3.628,999.0,999.0,0.0,0.0,0.0,0.0,0.0,0.0,unclassified,23.75893,86.40212
1.1,308.28,285.25,999.0,999.0,999.0,999.0,8.425,3.652,999.0,999.0,0.0,0.0,0.0,0.0,0.0,0.0,unclassified,23.76222,86.40276
1.1,312.99,286.42,999.0,999.0,999.0,999.0,8.694,3.714,999.0,999.0,0.0,0.0,0.0,0.0,0.0,0.0,unclassified,23.76552,86.40339
0.93,303.73,286.4,999.0,999.0,999.0,999.0,8.97,3.812,999.0,999.0,0.0,0.0,0.0,0.0,0.0,0.0,unclassified,23.76881,86.40401
0.99,304.78,286.55,999.0,999.0,999.0,999.0,10.42,10.857,999.0,999.0,0.0,0.0,0.0,0.0,0.0,0.0,unclassified,23.77119,86.19974
1.67,308.84,286.19,999.0,999.0,999.0,999.0,10.066,10.493,999.0,999.0,0.0,0.0,0.0,0.0,0.0,0.0,unclassified,23.77179,86.196
0.87,301.78,279.86,999.0,999.0,999.0,999.0,12.221,7.981,999.0,999.0,0.0,0.0,0.0,0.0,0.0,0.0,unclassified,23.77548,86.36273
1.05,303.92,286.71,999.0,999.0,999.0,999.0,10.578,5.524,999.0,999.0,0.0,0.0,0.0,0.0,0.0,0.0,unclassified,23.77783,86.39025
2.21,318.46,288.61,999.0,999.0,999.0,999.0,11.587,10.555,999.0,999.0,0.0,0.0,0.0,0.0,0.0,0.0,unclassified,23.77986,86.20908
1.05,309.56,287.67,999.0,999.0,999.0,999.0,10.844,5.664,999.0,999.0,0.0,0.0,0.0,0.0,0.0,0.0,unclassified,23.78113,86.39088
1.39,304.27,284.23,999.0,999.0,999.0,999.0,999.0,4.844,999.0,999.0,0.0,0.0,0.0,0.0,0.0,0.0,unclassified,23.78161,85.57585
0.94,308.22,282.57,999.0,999.0,999.0,999.0,999.0,5.485,999.0,999.0,0.0,0.0,0.0,0.0,0.0,0.0,unclassified,23.78512,85.55343
1.41,308.98,283.02,999.0,999.0,999.0,999.0,999.0,5.422,999.0,999.0,0.0,0.0,0.0,0.0,0.0,0.0,unclassified,23.78841,85.55404
1.82,314.18,286.72,999.0,999.0,999.0,999.0,14.78,10.041,999.0,999.0,0.0,0.0,0.0,0.0,0.0,0.0,unclassified,23.79767,86.3515
2.12,305.52,285.86,999.0,999.0,999.0,999.0,16.689,12.183,999.0,999.0,0.0,0.0,0.0,0.0,0.0,0.0,unclassified,23.80129,86.32899
2.12,328.48,287.27,999.0,999.0,999.0,999.0,16.893,12.002,999.0,999.0,0.0,0.0,0.0,0.0,0.0,0.0,unclassified,23.80459,86.32961
0.58,309.89,288.82,999.0,999.0,999.0,999.0,18.386,7.745,999.0,999.0,0.0,0.0,0.0,0.0,0.0,0.0,unclassified,23.81538,86.57941
0.92,302.51,284.53,999.0,999.0,999.0,999.0,999.0,2.376,999.0,999.0,0.0,0.0,0.0,0.0,0.0,0.0,unclassified,23.82409,85.49904
0.92,302.86,285.02,999.0,999.0,999.0,999.0,999.0,2.533,999.0,999.0,0.0,0.0,0.0,0.0,0.0,0.0,unclassified,23.82467,85.49529
0.5,303.94,288.67,999.0,999.0,999.0,999.0,999.0,6.716,999.0,999.0,0.0,0.0,0.0,0.0,0.0,0.0,unclassified,23.82555,84.93825
0.55,303.34,288.05,999.0,999.0,999.0,999.0,999.0,7.481,999.0,999.0,0.0,0.0,0.0,0.0,0.0,0.0,unclassified,23.84097,84.94881
0.52,303.98,287.52,999.0,999.0,999.0,999.0,16.623,4.843,999.0,999.0,0.0,0.0,0.0,0.0,0.0,0.0,unclassified,23.84145,86.50287
0.5,309.39,285.49,999.0,999.0,999.0,999.0,21.099,10.156,999.0,999.0,0.0,0.0,0.0,0.0,0.0,0.0,unclassified,23.85833,86.33572
1.12,316.11,288.72,999.0,999.0,999.0,999.0,999.0,999.0,999.0,999.0,0.0,0.0,0.0,0.0,0.0,0.0,unclassified,24.11708,86.85863
1.25,311.02,288.39,999.0,999.0,999.0,999.0,999.0,999.0,999.0,999.0,0.0,0.0,0.0,0.0,0.0,0.0,unclassified,24.11976,86.86308
2.0,305.68,288.86,999.0,999.0,999.0,999.0,999.0,999.0,999.0,999.0,0.0,0.0,0.0,0.0,0.0,0.0,unclassified,25.94085,72.18671
5.79,328.03,288.83,0.397,19.794,19.794,999.0,999.0,999.0,999.0,17.969,1.0,0.0,0.0,0.0,0.0,2.0,gas_flare,26.52291,90.5325
3.62,308.37,290.5,999.0,15.861,15.861,999.0,999.0,999.0,999.0,999.0,0.0,0.0,0.0,0.0,0.0,0.0,unclassified,26.7609,83.19978
1.13,299.98,274.6,999.0,2.081,2.081,999.0,999.0,15.435,18.427,3.586,0.0,1.0,1.0,0.0,1.0,0.0,unclassified,28.71685,76.8332
2.1,296.37,279.34,999.0,3.843,3.843,999.0,999.0,14.522,15.756,3.284,0.0,1.0,1.0,0.0,1.0,0.0,unclassified,28.74499,76.92669
5.44,309.14,288.99,2.089,0.952,0.952,999.0,999.0,999.0,999.0,1.954,1.0,1.0,1.0,1.0,3.0,2.0,industrial_fire,29.47446,76.85703
8.36,367.0,288.75,2.465,1.191,1.191,999.0,999.0,999.0,999.0,2.205,1.0,1.0,1.0,1.0,3.0,2.0,industrial_fire,29.47475,76.85314
6.79,310.55,289.14,2.119,1.22,1.22,999.0,999.0,999.0,999.0,2.046,1.0,1.0,1.0,1.0,3.0,2.0,industrial_fire,29.47725,76.85763
9.46,367.0,288.83,2.487,1.409,1.409,999.0,999.0,999.0,999.0,2.391,1.0,1.0,1.0,1.0,3.0,2.0,industrial_fire,29.47757,76.85374
0.73,305.02,288.34,2.59,1.659,1.659,999.0,999.0,999.0,999.0,2.537,1.0,1.0,1.0,1.0,3.0,2.0,unclassified,29.48014,76.85374
1.02,304.52,290.73,1.305,4.712,4.712,999.0,999.0,999.0,999.0,2.645,1.0,1.0,1.0,0.0,1.0,2.0,gas_flare,29.91007,74.94244
0.8,306.14,290.62,1.163,4.575,4.575,999.0,999.0,999.0,999.0,2.5,1.0,1.0,1.0,0.0,1.0,2.0,gas_flare,29.91132,74.94312
2.28,306.16,289.8,999.0,0.066,0.066,999.0,999.0,21.154,23.069,4.934,0.0,1.0,1.0,1.0,3.0,0.0,unclassified,16.87099,80.02061
1.05,303.69,284.78,999.0,3.711,3.711,999.0,999.0,999.0,999.0,18.464,0.0,0.0,1.0,0.0,1.0,0.0,unclassified,17.35811,76.87943
1.29,307.48,292.02,12.076,1.615,1.615,999.0,999.0,6.063,18.411,0.127,0.0,1.0,1.0,1.0,3.0,0.0,unclassified,17.59818,83.19147
1.9,309.65,292.61,11.124,0.527,0.527,999.0,999.0,6.511,17.713,0.45,0.0,1.0,1.0,1.0,3.0,0.0,unclassified,17.60372,83.19993
2.31,314.98,292.67,10.765,0.366,0.366,999.0,999.0,6.406,17.34,0.563,0.0,1.0,1.0,1.0,3.0,0.0,industrial_fire,17.60705,83.20048
2.31,326.65,293.72,10.295,0.371,0.371,999.0,999.0,6.709,17.006,1.106,0.0,1.0,1.0,1.0,3.0,0.0,industrial_fire,17.60983,83.20471
1.77,318.58,292.24,0.266,1.443,1.443,999.0,999.0,6.275,8.584,0.409,1.0,1.0,1.0,1.0,3.0,2.0,industrial_fire,17.69188,83.24426
1.55,306.04,290.97,999.0,0.684,0.684,999.0,999.0,11.418,22.965,6.974,0.0,0.0,1.0,1.0,3.0,0.0,unclassified,17.96308,83.15963
3.0,328.06,290.34,999.0,999.0,999.0,999.0,999.0,999.0,999.0,999.0,0.0,0.0,0.0,0.0,0.0,0.0,unclassified,9.54893,77.52233
2.15,315.78,289.25,999.0,999.0,999.0,999.0,999.0,999.0,999.0,999.0,0.0,0.0,0.0,0.0,0.0,0.0,unclassified,9.54934,77.51951
0.19,300.32,286.95,999.0,999.0,999.0,999.0,999.0,999.0,999.0,999.0,0.0,0.0,0.0,0.0,0.0,0.0,unclassified,9.55857,77.51196
1.08,310.68,291.78,999.0,999.0,999.0,999.0,999.0,999.0,999.0,999.0,0.0,0.0,0.0,0.0,0.0,0.0,unclassified,9.73645,77.55113
0.77,308.73,291.53,999.0,999.0,999.0,999.0,999.0,999.0,999.0,999.0,0.0,0.0,0.0,0.0,0.0,0.0,unclassified,10.61815,77.42112
0.88,308.03,292.77,999.0,999.0,999.0,999.0,999.0,19.787,999.0,999.0,0.0,0.0,0.0,0.0,0.0,0.0,unclassified,11.17709,79.08981
0.43,303.36,288.87,999.0,999.0,999.0,999.0,999.0,999.0,999.0,12.438,0.0,0.0,0.0,0.0,0.0,0.0,unclassified,13.412,78.25958
1.15,299.92,279.86,999.0,0.461,0.461,999.0,999.0,999.0,999.0,1.232,0.0,1.0,1.0,1.0,3.0,0.0,unclassified,15.02147,78.0108
1.15,308.47,282.53,999.0,0.635,0.635,999.0,999.0,999.0,999.0,0.871,0.0,1.0,1.0,1.0,3.0,0.0,unclassified,15.02509,78.01545
1.13,298.07,280.71,999.0,0.432,0.432,999.0,999.0,8.854,999.0,15.358,0.0,0.0,1.0,1.0,3.0,0.0,unclassified,15.06992,76.86325
0.62,303.86,287.7,999.0,8.329,8.329,999.0,999.0,999.0,999.0,19.604,0.0,0.0,0.0,0.0,0.0,0.0,unclassified,15.13724,76.70645
1.27,303.2,288.63,999.0,0.089,0.089,999.0,999.0,17.257,999.0,10.604,0.0,0.0,1.0,1.0,3.0,0.0,unclassified,15.17367,76.78399
3.54,312.3,284.12,999.0,12.718,12.718,999.0,17.157,25.363,28.283,22.294,0.0,0.0,0.0,0.0,0.0,0.0,unclassified,15.17583,76.65791
2.15,311.26,279.38,999.0,13.158,13.158,999.0,16.637,24.951,27.848,22.762,0.0,0.0,0.0,0.0,0.0,0.0,unclassified,15.17644,76.6531
0.93,300.53,273.71,999.0,0.66,0.66,999.0,999.0,19.47,999.0,2.605,0.0,1.0,1.0,1.0,3.0,0.0,unclassified,15.17711,77.10126
2.6,306.64,286.46,999.0,10.427,10.427,999.0,19.23,26.471,999.0,19.983,0.0,0.0,0.0,0.0,0.0,0.0,unclassified,15.18254,76.67829
3.3,309.9,286.21,999.0,10.859,10.859,999.0,18.711,26.036,999.0,20.45,0.0,0.0,0.0,0.0,0.0,0.0,unclassified,15.18315,76.67349
3.3,317.37,285.48,999.0,11.298,11.298,999.0,18.192,25.604,999.0,20.92,0.0,0.0,0.0,0.0,0.0,0.0,unclassified,15.18376,76.66869
4.2,316.88,282.7,999.0,11.744,11.744,999.0,17.672,25.175,999.0,21.392,0.0,0.0,0.0,0.0,0.0,0.0,unclassified,15.18437,76.66389
1.9,308.39,288.75,999.0,0.583,0.583,999.0,999.0,22.242,999.0,10.36,0.0,0.0,1.0,1.0,3.0,0.0,unclassified,15.22415,76.75953
1.69,318.43,288.89,999.0,0.645,0.645,999.0,999.0,22.471,999.0,10.219,0.0,0.0,1.0,1.0,3.0,0.0,industrial_fire,15.2287,76.76014
0.8,316.81,291.98,999.0,999.0,999.0,999.0,999.0,999.0,999.0,999.0,0.0,0.0,0.0,0.0,0.0,0.0,unclassified,6.81165,81.62
0.8,305.42,291.81,999.0,999.0,999.0,999.0,999.0,999.0,999.0,999.0,0.0,0.0,0.0,0.0,0.0,0.0,unclassified,6.81495,81.62053
1.05,309.32,291.96,999.0,999.0,999.0,999.0,999.0,999.0,999.0,999.0,0.0,0.0,0.0,0.0,0.0,0.0,unclassified,6.81549,81.61707
2.22,322.19,291.47,999.0,999.0,999.0,999.0,999.0,999.0,999.0,999.0,0.0,0.0,0.0,0.0,0.0,0.0,unclassified,6.82885,81.33916
0.89,310.17,290.64,999.0,999.0,999.0,999.0,999.0,999.0,999.0,999.0,0.0,0.0,0.0,0.0,0.0,0.0,unclassified,6.8327,81.33623
0.95,302.19,290.07,999.0,999.0,999.0,999.0,999.0,999.0,999.0,999.0,0.0,0.0,0.0,0.0,0.0,0.0,unclassified,7.38341,80.83238
2.41,315.75,292.56,999.0,999.0,999.0,999.0,999.0,999.0,999.0,999.0,0.0,0.0,0.0,0.0,0.0,0.0,unclassified,8.26514,80.19796
2.07,324.56,292.67,999.0,999.0,999.0,999.0,999.0,999.0,999.0,999.0,0.0,0.0,0.0,0.0,0.0,0.0,unclassified,8.26856,80.19849
0.73,306.92,293.59,999.0,999.0,999.0,999.0,999.0,999.0,999.0,999.0,0.0,0.0,0.0,0.0,0.0,0.0,unclassified,8.29983,81.0357
1.53,308.8,293.07,999.0,999.0,999.0,999.0,999.0,999.0,999.0,999.0,0.0,0.0,0.0,0.0,0.0,0.0,unclassified,8.57341,80.40363
1.72,306.31,293.07,999.0,999.0,999.0,999.0,999.0,999.0,999.0,999.0,0.0,0.0,0.0,0.0,0.0,0.0,unclassified,8.62789,80.36659
1.08,313.55,293.68,999.0,999.0,999.0,999.0,999.0,999.0,999.0,999.0,0.0,0.0,0.0,0.0,0.0,0.0,unclassified,8.75604,80.98608
1.06,305.0,291.71,999.0,999.0,999.0,999.0,999.0,999.0,999.0,999.0,0.0,0.0,0.0,0.0,0.0,0.0,unclassified,32.64611,72.97604
0.9,303.06,290.92,999.0,999.0,999.0,999.0,999.0,999.0,999.0,999.0,0.0,0.0,0.0,0.0,0.0,0.0,unclassified,32.72236,72.92319
3.17,307.21,292.08,999.0,999.0,999.0,999.0,999.0,999.0,999.0,999.0,0.0,0.0,0.0,0.0,0.0,0.0,unclassified,32.88735,71.617
1.0,308.47,290.62,999.0,999.0,999.0,999.0,999.0,999.0,999.0,999.0,0.0,0.0,0.0,0.0,0.0,0.0,unclassified,33.29866,71.1848
1.66,315.55,292.06,999.0,999.0,999.0,999.0,999.0,999.0,999.0,999.0,0.0,0.0,0.0,0.0,0.0,0.0,unclassified,25.94266,72.1937
1.92,310.82,292.21,999.0,999.0,999.0,999.0,999.0,999.0,999.0,999.0,0.0,0.0,0.0,0.0,0.0,0.0,unclassified,25.94423,72.19559
1.58,308.89,295.49,999.0,999.0,999.0,999.0,999.0,999.0,999.0,999.0,0.0,0.0,0.0,0.0,0.0,0.0,unclassified,28.42469,69.70127
3.16,313.99,287.4,1.664,0.575,0.575,999.0,999.0,999.0,999.0,1.492,1.0,1.0,1.0,1.0,3.0,2.0,industrial_fire,29.47193,76.86103
3.16,316.52,287.5,2.318,1.022,1.022,999.0,999.0,999.0,999.0,2.063,1.0,1.0,1.0,1.0,3.0,2.0,industrial_fire,29.47375,76.85448
5.4,334.66,288.13,2.134,1.232,1.232,999.0,999.0,999.0,999.0,2.062,1.0,1.0,1.0,1.0,3.0,2.0,industrial_fire,29.47733,76.8575
0.96,304.42,290.39,1.152,4.339,4.339,999.0,999.0,999.0,999.0,2.409,1.0,1.0,1.0,0.0,1.0,2.0,gas_flare,29.90804,74.94972
1.27,300.96,283.78,999.0,1.007,1.007,999.0,999.0,999.0,17.633,10.762,0.0,0.0,1.0,1.0,3.0,0.0,unclassified,20.36032,72.94863
1.48,303.05,287.14,999.0,1.069,1.069,3.349,999.0,999.0,3.968,0.649,0.0,1.0,1.0,1.0,3.0,0.0,unclassified,21.10505,72.65266
1.48,303.47,287.36,999.0,0.533,0.533,2.855,999.0,999.0,3.6,0.988,0.0,1.0,1.0,1.0,3.0,0.0,unclassified,21.10634,72.64722
1.64,303.32,287.57,999.0,0.445,0.445,3.044,999.0,999.0,3.347,0.83,0.0,1.0,1.0,1.0,3.0,0.0,unclassified,21.1091,72.64794
1.64,302.58,286.94,999.0,0.14,0.14,2.627,999.0,999.0,3.013,1.04,0.0,1.0,1.0,1.0,3.0,0.0,unclassified,21.11042,72.64252
2.07,320.12,287.33,999.0,0.637,0.637,8.883,999.0,999.0,4.677,0.723,0.0,1.0,1.0,1.0,3.0,0.0,industrial_fire,21.16396,72.66865
2.07,302.88,287.41,999.0,0.387,0.387,9.562,999.0,999.0,5.28,0.992,0.0,1.0,1.0,1.0,3.0,0.0,unclassified,21.1702,72.67035
1.13,305.16,292.28,999.0,0.215,0.215,999.0,999.0,999.0,999.0,0.243,0.0,1.0,1.0,1.0,3.0,0.0,unclassified,23.49735,68.57843
2.93,341.49,286.42,999.0,999.0,999.0,999.0,999.0,999.0,999.0,999.0,0.0,0.0,0.0,0.0,0.0,0.0,unclassified,6.82668,81.33308
0.98,333.12,286.83,999.0,999.0,999.0,999.0,999.0,999.0,999.0,999.0,0.0,0.0,0.0,0.0,0.0,0.0,unclassified,6.82742,81.33201
15.69,333.26,292.05,999.0,999.0,999.0,999.0,999.0,999.0,999.0,999.0,0.0,0.0,0.0,0.0,0.0,0.0,unclassified,6.89503,81.66534
9.7,332.33,290.92,999.0,999.0,999.0,999.0,999.0,999.0,999.0,999.0,0.0,0.0,0.0,0.0,0.0,0.0,unclassified,6.896,81.67058
5.04,334.7,291.93,999.0,999.0,999.0,999.0,999.0,999.0,999.0,999.0,0.0,0.0,0.0,0.0,0.0,0.0,unclassified,7.16258,81.81094
7.34,333.31,287.45,999.0,999.0,999.0,999.0,999.0,999.0,999.0,999.0,0.0,0.0,0.0,0.0,0.0,0.0,unclassified,7.29266,81.13496
5.6,344.67,292.85,999.0,999.0,999.0,999.0,999.0,999.0,999.0,999.0,0.0,0.0,0.0,0.0,0.0,0.0,unclassified,7.29266,81.82796
6.07,329.71,291.99,999.0,999.0,999.0,999.0,999.0,999.0,999.0,999.0,0.0,0.0,0.0,0.0,0.0,0.0,unclassified,7.43091,81.71309
6.1,333.44,292.03,999.0,999.0,999.0,999.0,999.0,999.0,999.0,999.0,0.0,0.0,0.0,0.0,0.0,0.0,unclassified,7.43366,81.71141
3.69,333.01,289.91,999.0,999.0,999.0,999.0,999.0,999.0,999.0,999.0,0.0,0.0,0.0,0.0,0.0,0.0,unclassified,7.4607,81.24904
3.05,332.32,291.19,999.0,999.0,999.0,999.0,999.0,999.0,999.0,999.0,0.0,0.0,0.0,0.0,0.0,0.0,unclassified,7.49698,81.7366
4.47,334.77,289.09,999.0,999.0,999.0,999.0,999.0,999.0,999.0,999.0,0.0,0.0,0.0,0.0,0.0,0.0,unclassified,7.707,81.09916
3.81,330.64,290.08,999.0,999.0,999.0,999.0,999.0,999.0,999.0,999.0,0.0,0.0,0.0,0.0,0.0,0.0,unclassified,7.70815,81.10244
8.57,338.06,291.8,999.0,999.0,999.0,999.0,999.0,999.0,999.0,999.0,0.0,0.0,0.0,0.0,0.0,0.0,unclassified,8.01449,81.27029
10.19,343.82,292.64,999.0,999.0,999.0,999.0,999.0,999.0,999.0,999.0,0.0,0.0,0.0,0.0,0.0,0.0,unclassified,8.20375,81.32036
16.61,340.42,292.37,999.0,999.0,999.0,999.0,999.0,999.0,999.0,999.0,0.0,0.0,0.0,0.0,0.0,0.0,unclassified,8.20534,81.31903
8.45,331.14,289.84,999.0,999.0,999.0,999.0,999.0,999.0,999.0,999.0,0.0,0.0,0.0,0.0,0.0,0.0,unclassified,8.39582,81.08801
7.44,334.76,290.03,999.0,999.0,999.0,999.0,999.0,999.0,999.0,999.0,0.0,0.0,0.0,0.0,0.0,0.0,unclassified,8.40456,81.06378
7.11,337.36,289.44,999.0,999.0,999.0,999.0,999.0,999.0,999.0,999.0,0.0,0.0,0.0,0.0,0.0,0.0,unclassified,8.40722,80.73176
4.67,337.36,285.99,999.0,999.0,999.0,999.0,999.0,999.0,999.0,999.0,0.0,0.0,0.0,0.0,0.0,0.0,unclassified,8.54235,80.3744
6.86,347.07,288.58,999.0,999.0,999.0,999.0,999.0,999.0,999.0,999.0,0.0,0.0,0.0,0.0,0.0,0.0,unclassified,8.54459,80.37231
7.65,330.25,286.27,999.0,999.0,999.0,999.0,999.0,999.0,999.0,999.0,0.0,0.0,0.0,0.0,0.0,0.0,unclassified,8.54552,80.85181
4.0,336.49,292.41,999.0,6.924,6.924,999.0,999.0,13.803,999.0,6.897,0.0,0.0,0.0,0.0,0.0,0.0,unclassified,17.60935,82.68137
2.35,329.15,289.91,999.0,999.0,999.0,999.0,999.0,20.75,999.0,999.0,0.0,0.0,0.0,0.0,0.0,0.0,unclassified,20.88834,84.98114
7.19,333.02,290.19,999.0,0.766,0.766,26.012,999.0,15.473,999.0,6.675,0.0,0.0,1.0,1.0,3.0,0.0,industrial_fire,21.74705,83.8432
5.66,331.45,296.84,999.0,999.0,999.0,999.0,999.0,999.0,999.0,999.0,0.0,0.0,0.0,0.0,0.0,0.0,unclassified,23.69273,87.12243
6.0,334.05,295.19,999.0,999.0,999.0,999.0,1.417,4.774,999.0,999.0,0.0,0.0,0.0,0.0,0.0,0.0,forest_natural_fire,23.71243,86.45306
2.81,337.89,292.42,999.0,14.565,14.565,999.0,999.0,18.945,999.0,999.0,0.0,0.0,0.0,0.0,0.0,0.0,unclassified,26.99477,87.50374
8.57,336.55,290.25,999.0,999.0,999.0,999.0,999.0,999.0,999.0,999.0,0.0,0.0,0.0,0.0,0.0,0.0,unclassified,6.79195,81.54296
8.68,340.2,291.05,999.0,999.0,999.0,999.0,999.0,999.0,999.0,999.0,0.0,0.0,0.0,0.0,0.0,0.0,unclassified,6.79202,81.54022
39.68,367.0,290.17,999.0,999.0,999.0,999.0,999.0,999.0,999.0,999.0,0.0,0.0,0.0,0.0,0.0,0.0,unclassified,7.44237,81.24368
8.43,330.59,290.42,999.0,999.0,999.0,999.0,999.0,999.0,999.0,999.0,0.0,0.0,0.0,0.0,0.0,0.0,unclassified,7.70602,81.09903
3.61,330.47,289.36,999.0,999.0,999.0,999.0,999.0,999.0,999.0,999.0,0.0,0.0,0.0,0.0,0.0,0.0,unclassified,7.70872,79.86331
3.33,331.96,289.18,999.0,999.0,999.0,999.0,999.0,999.0,999.0,999.0,0.0,0.0,0.0,0.0,0.0,0.0,unclassified,7.71155,79.86526
14.95,348.28,288.83,999.0,999.0,999.0,999.0,999.0,999.0,999.0,999.0,0.0,0.0,0.0,0.0,0.0,0.0,unclassified,7.90929,80.56167
13.66,353.42,288.99,999.0,999.0,999.0,999.0,999.0,999.0,999.0,999.0,0.0,0.0,0.0,0.0,0.0,0.0,unclassified,7.91409,80.55795
7.86,344.58,288.6,999.0,999.0,999.0,999.0,999.0,999.0,999.0,999.0,0.0,0.0,0.0,0.0,0.0,0.0,unclassified,8.2301,80.60484
3.61,334.29,288.06,999.0,999.0,999.0,999.0,999.0,999.0,999.0,999.0,0.0,0.0,0.0,0.0,0.0,0.0,unclassified,8.23217,80.60614
3.6,342.48,292.17,999.0,999.0,999.0,999.0,999.0,999.0,999.0,999.0,0.0,0.0,0.0,0.0,0.0,0.0,unclassified,8.42327,77.67912
8.06,335.1,290.47,999.0,999.0,999.0,999.0,999.0,999.0,999.0,999.0,0.0,0.0,0.0,0.0,0.0,0.0,unclassified,8.42943,80.50793
8.06,335.6,287.16,999.0,999.0,999.0,999.0,999.0,999.0,999.0,999.0,0.0,0.0,0.0,0.0,0.0,0.0,unclassified,8.43013,80.51373
11.13,344.77,290.2,999.0,999.0,999.0,999.0,999.0,999.0,999.0,999.0,0.0,0.0,0.0,0.0,0.0,0.0,unclassified,8.4311,80.50901
5.15,339.01,295.86,999.0,999.0,999.0,999.0,999.0,999.0,999.0,999.0,0.0,0.0,0.0,0.0,0.0,0.0,unclassified,8.53678,77.81892
5.15,367.0,296.22,999.0,999.0,999.0,999.0,999.0,999.0,999.0,999.0,0.0,0.0,0.0,0.0,0.0,0.0,unclassified,8.53726,77.82267
11.72,348.62,290.02,999.0,999.0,999.0,999.0,999.0,999.0,999.0,999.0,0.0,0.0,0.0,0.0,0.0,0.0,unclassified,8.55636,80.87636
6.46,336.02,289.67,999.0,999.0,999.0,999.0,999.0,999.0,999.0,999.0,0.0,0.0,0.0,0.0,0.0,0.0,unclassified,8.56839,80.39928
7.3,335.13,289.98,999.0,999.0,999.0,999.0,999.0,999.0,999.0,999.0,0.0,0.0,0.0,0.0,0.0,0.0,unclassified,8.69493,80.86718
11.01,339.0,290.71,999.0,999.0,999.0,999.0,999.0,999.0,999.0,999.0,0.0,0.0,0.0,0.0,0.0,0.0,unclassified,8.69732,80.86606
1.87,336.58,294.95,999.0,999.0,999.0,999.0,999.0,999.0,999.0,999.0,0.0,0.0,0.0,0.0,0.0,0.0,unclassified,8.73432,77.86235
2.09,330.84,295.53,999.0,999.0,999.0,999.0,999.0,999.0,999.0,999.0,0.0,0.0,0.0,0.0,0.0,0.0,unclassified,8.83588,77.99625
8.48,352.84,300.24,999.0,999.0,999.0,999.0,999.0,999.0,999.0,999.0,0.0,0.0,0.0,0.0,0.0,0.0,unclassified,8.84148,77.70094
10.59,350.85,299.87,999.0,999.0,999.0,999.0,999.0,999.0,999.0,999.0,0.0,0.0,0.0,0.0,0.0,0.0,unclassified,8.84704,77.70026
5.08,333.23,295.71,999.0,999.0,999.0,999.0,999.0,999.0,999.0,999.0,0.0,0.0,0.0,0.0,0.0,0.0,unclassified,9.227,77.50995
2.23,344.38,296.84,999.0,999.0,999.0,999.0,999.0,999.0,999.0,999.0,0.0,0.0,0.0,0.0,0.0,0.0,unclassified,9.32813,77.77109
5.73,340.05,288.59,999.0,999.0,999.0,999.0,999.0,999.0,999.0,999.0,0.0,0.0,0.0,0.0,0.0,0.0,unclassified,9.40713,80.29379
4.9,331.41,281.02,999.0,999.0,999.0,999.0,999.0,999.0,999.0,999.0,0.0,0.0,0.0,0.0,0.0,0.0,unclassified,9.45251,80.50063
2.27,330.17,295.5,999.0,999.0,999.0,999.0,999.0,999.0,999.0,999.0,0.0,0.0,0.0,0.0,0.0,0.0,unclassified,9.84708,78.08351
2.74,330.71,292.87,999.0,24.315,24.315,999.0,999.0,999.0,999.0,11.735,0.0,0.0,0.0,0.0,0.0,0.0,unclassified,13.90252,78.07291
6.03,330.89,303.22,999.0,0.753,0.753,999.0,999.0,999.0,999.0,19.878,0.0,0.0,1.0,1.0,3.0,0.0,industrial_fire,22.92564,70.10651
9.54,336.7,299.01,999.0,18.99,18.99,999.0,999.0,999.0,999.0,18.73,0.0,0.0,0.0,0.0,0.0,0.0,unclassified,23.32104,68.85722
2.73,332.04,297.77,999.0,999.0,999.0,999.0,999.0,999.0,999.0,17.928,0.0,0.0,0.0,0.0,0.0,0.0,unclassified,24.46648,68.4707
5.99,334.98,300.64,999.0,999.0,999.0,999.0,999.0,999.0,999.0,999.0,0.0,0.0,0.0,0.0,0.0,0.0,unclassified,25.60187,68.655
9.16,346.32,304.52,999.0,999.0,999.0,999.0,999.0,999.0,999.0,999.0,0.0,0.0,0.0,0.0,0.0,0.0,unclassified,25.69429,68.37287
3.59,333.21,299.16,999.0,999.0,999.0,999.0,999.0,999.0,999.0,999.0,0.0,0.0,0.0,0.0,0.0,0.0,unclassified,25.80458,72.25359
2.74,332.06,299.27,999.0,999.0,999.0,999.0,999.0,999.0,999.0,999.0,0.0,0.0,0.0,0.0,0.0,0.0,unclassified,25.80554,72.25489
7.33,347.03,302.44,999.0,999.0,999.0,999.0,999.0,999.0,999.0,999.0,0.0,0.0,0.0,0.0,0.0,0.0,unclassified,26.22089,68.72581
6.71,344.71,301.56,999.0,999.0,999.0,999.0,999.0,999.0,999.0,999.0,0.0,0.0,0.0,0.0,0.0,0.0,unclassified,26.26703,68.71362
7.33,334.78,302.85,999.0,999.0,999.0,999.0,999.0,999.0,999.0,999.0,0.0,0.0,0.0,0.0,0.0,0.0,unclassified,28.45206,68.1468
7.33,338.37,304.2,999.0,999.0,999.0,999.0,999.0,999.0,999.0,999.0,0.0,0.0,0.0,0.0,0.0,0.0,unclassified,28.45271,68.15234
4.74,350.1,308.66,999.0,999.0,999.0,999.0,999.0,999.0,999.0,999.0,0.0,0.0,0.0,0.0,0.0,0.0,unclassified,29.33545,69.01601
3.63,334.59,293.52,1.166,4.088,4.088,999.0,999.0,999.0,999.0,2.272,1.0,1.0,1.0,0.0,1.0,2.0,unclassified,29.90779,74.95393
7.83,340.84,293.38,999.0,999.0,999.0,999.0,999.0,999.0,999.0,999.0,0.0,0.0,0.0,0.0,0.0,0.0,unclassified,32.43343,71.37107
4.95,338.7,293.88,999.0,999.0,999.0,999.0,999.0,999.0,999.0,999.0,0.0,0.0,0.0,0.0,0.0,0.0,unclassified,32.4346,71.36937
